{
"type": "FeatureCollection",
"name": "Detroit",
"crs": { "type": "name", "properties": { "name": "urn:ogc:def:crs:OGC:1.3:CRS84" } },
"xy_coordinate_resolution": 1e-15,
"features": [
{ "type": "Feature", "properties": { "ZCTA5CE20": "43420", "GEOID20": "43420", "GEOIDFQ20": "860Z200US43420", "CLASSFP20": "B5", "MTFCC20": "G6350", "FUNCSTAT20": "S", "ALAND20": 353067443, "AWATER20": 10381821, "INTPTLAT20": "+41.3579268", "INTPTLON20": "-083.1102365", "Sheet1_Pri": 16, "Sheet1_P_1": "Detroit" }, "geometry": { "type": "MultiPolygon", "coordinates": [ [ [ [ -85.557094, 41.759315 ], [ -85.563756, 41.759242 ], [ -85.564828, 41.759253 ], [ -85.571212, 41.759269 ], [ -85.576343, 41.75926 ], [ -85.581474, 41.759252 ], [ -85.581706, 41.759252 ], [ -85.581937, 41.759252 ], [ -85.582923, 41.759251 ], [ -85.584198, 41.75924 ], [ -85.586313, 41.759233 ], [ -85.597365, 41.759181 ], [ -85.607121, 41.759117 ], [ -85.607775, 41.759113 ], [ -85.607921, 41.759114 ], [ -85.608149, 41.759112 ], [ -85.608167, 41.759118 ], [ -85.608205, 41.759131 ], [ -85.622091, 41.759079 ], [ -85.622247, 41.759078 ], [ -85.622386, 41.759078 ], [ -85.622487, 41.759095 ], [ -85.623412, 41.759101 ], [ -85.62494, 41.759099 ], [ -85.629409, 41.759094 ], [ -85.632716, 41.759081 ], [ -85.638712, 41.759096 ], [ -85.639004, 41.759097 ], [ -85.639311, 41.759098 ], [ -85.639689, 41.7591 ], [ -85.640423, 41.759103 ], [ -85.64629, 41.759115 ], [ -85.647699, 41.75918 ], [ -85.647776, 41.759163 ], [ -85.64791, 41.75913 ], [ -85.648247, 41.759103 ], [ -85.649896, 41.759101 ], [ -85.650721, 41.759095 ], [ -85.65975, 41.759068 ], [ -85.659983, 41.759067 ], [ -85.660502, 41.759068 ], [ -85.662641, 41.75903 ], [ -85.662675, 41.75903 ], [ -85.670488, 41.759057 ], [ -85.677146, 41.759043 ], [ -85.677241, 41.759043 ], [ -85.679423, 41.759038 ], [ -85.681311, 41.759041 ], [ -85.681593, 41.759042 ], [ -85.682571, 41.759044 ], [ -85.690448, 41.759048 ], [ -85.69069, 41.759048 ], [ -85.691419, 41.759048 ], [ -85.691662, 41.759048 ], [ -85.694324, 41.759049 ], [ -85.699197, 41.759052 ], [ -85.701724, 41.759067 ], [ -85.70231, 41.759066 ], [ -85.704973, 41.759064 ], [ -85.705464, 41.759063 ], [ -85.706893, 41.759062 ], [ -85.706939, 41.759061 ], [ -85.707431, 41.759061 ], [ -85.707449, 41.759061 ], [ -85.7075, 41.759056 ], [ -85.707522, 41.759061 ], [ -85.707679, 41.75906 ], [ -85.711252, 41.759036 ], [ -85.718545, 41.759049 ], [ -85.719165, 41.759042 ], [ -85.721413, 41.759043 ], [ -85.724646, 41.75904 ], [ -85.728153, 41.758946 ], [ -85.737923, 41.759032 ], [ -85.738035, 41.759033 ], [ -85.745439, 41.759041 ], [ -85.745512, 41.759042 ], [ -85.748223, 41.759001 ], [ -85.750291, 41.758969 ], [ -85.759795, 41.759054 ], [ -85.760256, 41.759058 ], [ -85.760454, 41.759058 ], [ -85.766904, 41.759074 ], [ -85.767094, 41.759074 ], [ -85.773, 41.759087 ], [ -85.773072, 41.759088 ], [ -85.774033, 41.75909 ], [ -85.775083, 41.759093 ], [ -85.77983, 41.759115 ], [ -85.784545, 41.759092 ], [ -85.785843, 41.75909 ], [ -85.786218, 41.759089 ], [ -85.786735, 41.759087 ], [ -85.789284, 41.759082 ], [ -85.789412, 41.759081 ], [ -85.790305, 41.75908 ], [ -85.790368, 41.75908 ], [ -85.790511, 41.759079 ], [ -85.790943, 41.759078 ], [ -85.791129, 41.759078 ], [ -85.791335, 41.759078 ], [ -85.791668, 41.759075 ], [ -85.791982, 41.759073 ], [ -85.792622, 41.759068 ], [ -85.795923, 41.759131 ], [ -85.800657, 41.759064 ], [ -85.81081, 41.759111 ], [ -85.810843, 41.759112 ], [ -85.81126, 41.759113 ], [ -85.815316, 41.759131 ], [ -85.819082, 41.759148 ], [ -85.827466, 41.759248 ], [ -85.829126, 41.759174 ], [ -85.829675, 41.759177 ], [ -85.829778, 41.759177 ], [ -85.831142, 41.75918 ], [ -85.833163, 41.759186 ], [ -85.835236, 41.759191 ], [ -85.836601, 41.759195 ], [ -85.836756, 41.759195 ], [ -85.837355, 41.759197 ], [ -85.847863, 41.759235 ], [ -85.847912, 41.759236 ], [ -85.857772, 41.759255 ], [ -85.861143, 41.759278 ], [ -85.861189, 41.759278 ], [ -85.861237, 41.759278 ], [ -85.868016, 41.759321 ], [ -85.87178, 41.759248 ], [ -85.874175, 41.759278 ], [ -85.874296, 41.759279 ], [ -85.875083, 41.759295 ], [ -85.876052, 41.759306 ], [ -85.87628, 41.759312 ], [ -85.877645, 41.759327 ], [ -85.878016, 41.759329 ], [ -85.878063, 41.759329 ], [ -85.878233, 41.75933 ], [ -85.879711, 41.759347 ], [ -85.879929, 41.759354 ], [ -85.881242, 41.759365 ], [ -85.881628, 41.759374 ], [ -85.882468, 41.759377 ], [ -85.882632, 41.759381 ], [ -85.882791, 41.75938 ], [ -85.883937, 41.759396 ], [ -85.884086, 41.759397 ], [ -85.884551, 41.759397 ], [ -85.884673, 41.759399 ], [ -85.885309, 41.759411 ], [ -85.888427, 41.759449 ], [ -85.888769, 41.759443 ], [ -85.890173, 41.759466 ], [ -85.890519, 41.759472 ], [ -85.89206, 41.759498 ], [ -85.89359, 41.759522 ], [ -85.895521, 41.759508 ], [ -85.897441, 41.759492 ], [ -85.90032, 41.759539 ], [ -85.90709, 41.759652 ], [ -85.916693, 41.759762 ], [ -85.926003, 41.759746 ], [ -85.926132, 41.759747 ], [ -85.936042, 41.759869 ], [ -85.940253, 41.759813 ], [ -85.94234, 41.759848 ], [ -85.94357, 41.759872 ], [ -85.947136, 41.759943 ], [ -85.947706, 41.759954 ], [ -85.949236, 41.759985 ], [ -85.949248, 41.759986 ], [ -85.950477, 41.760011 ], [ -85.955532, 41.75991 ], [ -85.96271, 41.75994 ], [ -85.962724, 41.759941 ], [ -85.965092, 41.759956 ], [ -85.967915, 41.759974 ], [ -85.973193, 41.760006 ], [ -85.974537, 41.760014 ], [ -85.974836, 41.760009 ], [ -85.97497, 41.760017 ], [ -85.99129, 41.760069 ], [ -85.991378, 41.760074 ], [ -85.995803, 41.760178 ], [ -85.995946, 41.760179 ], [ -85.996082, 41.76018 ], [ -85.996257, 41.760181 ], [ -85.999021, 41.760201 ], [ -85.999229, 41.760203 ], [ -85.999629, 41.760206 ], [ -85.999676, 41.760207 ], [ -85.999721, 41.760207 ], [ -85.999857, 41.760207 ], [ -85.999903, 41.760208 ], [ -86.000152, 41.76021 ], [ -86.001185, 41.760178 ], [ -86.003669, 41.760236 ], [ -86.004557, 41.760242 ], [ -86.008476, 41.760271 ], [ -86.010806, 41.760288 ], [ -86.020392, 41.760342 ], [ -86.02043, 41.760343 ], [ -86.024897, 41.760371 ], [ -86.030166, 41.760404 ], [ -86.041081, 41.76045 ], [ -86.049707, 41.760411 ], [ -86.051389, 41.760425 ], [ -86.051867, 41.760429 ], [ -86.053676, 41.760445 ], [ -86.053695, 41.760445 ], [ -86.055707, 41.760461 ], [ -86.055763, 41.760462 ], [ -86.062575, 41.760513 ], [ -86.062932, 41.760514 ], [ -86.063761, 41.760524 ], [ -86.065498, 41.760536 ], [ -86.066368, 41.76053 ], [ -86.066511, 41.760537 ], [ -86.066813, 41.760541 ], [ -86.06734, 41.760541 ], [ -86.067527, 41.760533 ], [ -86.069199, 41.760574 ], [ -86.088406, 41.760638 ], [ -86.088435, 41.760638 ], [ -86.088465, 41.760638 ], [ -86.108465, 41.760697 ], [ -86.110386, 41.760676 ], [ -86.115915, 41.760649 ], [ -86.125312, 41.760602 ], [ -86.125493, 41.760581 ], [ -86.125515, 41.76059 ], [ -86.125538, 41.760598 ], [ -86.125625, 41.760606 ], [ -86.126163, 41.760606 ], [ -86.127691, 41.760598 ], [ -86.127723, 41.760605 ], [ -86.128828, 41.760613 ], [ -86.137787, 41.760549 ], [ -86.145344, 41.760541 ], [ -86.1522, 41.760534 ], [ -86.157224, 41.760522 ], [ -86.166823, 41.760461 ], [ -86.171812, 41.760469 ], [ -86.17694, 41.760474 ], [ -86.178675, 41.760466 ], [ -86.182509, 41.760475 ], [ -86.186343, 41.760484 ], [ -86.187712, 41.760482 ], [ -86.18908, 41.76048 ], [ -86.202471, 41.760462 ], [ -86.205948, 41.760457 ], [ -86.209854, 41.760455 ], [ -86.211753, 41.760453 ], [ -86.213523, 41.760452 ], [ -86.214749, 41.760452 ], [ -86.216204, 41.760451 ], [ -86.217541, 41.76043 ], [ -86.218538, 41.760426 ], [ -86.220491, 41.760438 ], [ -86.22244, 41.760429 ], [ -86.223368, 41.760423 ], [ -86.224824, 41.760413 ], [ -86.225227, 41.760413 ], [ -86.225562, 41.76041 ], [ -86.226095, 41.760406 ], [ -86.226695, 41.760402 ], [ -86.227703, 41.760396 ], [ -86.228415, 41.760396 ], [ -86.229675, 41.760391 ], [ -86.230844, 41.76039 ], [ -86.231815, 41.760392 ], [ -86.232014, 41.760393 ], [ -86.232198, 41.760397 ], [ -86.232285, 41.760397 ], [ -86.233146, 41.760402 ], [ -86.234017, 41.760407 ], [ -86.234564, 41.760404 ], [ -86.236021, 41.760412 ], [ -86.236818, 41.760412 ], [ -86.237239, 41.760409 ], [ -86.237731, 41.760416 ], [ -86.238471, 41.760407 ], [ -86.23892, 41.760408 ], [ -86.239905, 41.760403 ], [ -86.240572, 41.760404 ], [ -86.24105, 41.760405 ], [ -86.241126, 41.760418 ], [ -86.241229, 41.760459 ], [ -86.241345, 41.760493 ], [ -86.241469, 41.760506 ], [ -86.241631, 41.760509 ], [ -86.241846, 41.760513 ], [ -86.243874, 41.760511 ], [ -86.245346, 41.760513 ], [ -86.245508, 41.760514 ], [ -86.246184, 41.760514 ], [ -86.246387, 41.760517 ], [ -86.246427, 41.760518 ], [ -86.249351, 41.760528 ], [ -86.249909, 41.760528 ], [ -86.250707, 41.760532 ], [ -86.250937, 41.760539 ], [ -86.251622, 41.760537 ], [ -86.25174, 41.760537 ], [ -86.252369, 41.760536 ], [ -86.252992, 41.760537 ], [ -86.253065, 41.760537 ], [ -86.253158, 41.760538 ], [ -86.253276, 41.760538 ], [ -86.25421, 41.76054 ], [ -86.254374, 41.760543 ], [ -86.254843, 41.760551 ], [ -86.254965, 41.76055 ], [ -86.255156, 41.760473 ], [ -86.25527, 41.760457 ], [ -86.255425, 41.760446 ], [ -86.256723, 41.760445 ], [ -86.257073, 41.760451 ], [ -86.258446, 41.760459 ], [ -86.260693, 41.760476 ], [ -86.263795, 41.760488 ], [ -86.264939, 41.760501 ], [ -86.265253, 41.760496 ], [ -86.265403, 41.760484 ], [ -86.265511, 41.760458 ], [ -86.272158, 41.760404 ], [ -86.272495, 41.760402 ], [ -86.273093, 41.760398 ], [ -86.273324, 41.760397 ], [ -86.273597, 41.760395 ], [ -86.274215, 41.760425 ], [ -86.274814, 41.760454 ], [ -86.275525, 41.760513 ], [ -86.284422, 41.76052 ], [ -86.293792, 41.760474 ], [ -86.294823, 41.760469 ], [ -86.303827, 41.760398 ], [ -86.31304, 41.76028 ], [ -86.323291, 41.760254 ], [ -86.32344, 41.760254 ], [ -86.3312, 41.760206 ], [ -86.331326, 41.760203 ], [ -86.331436, 41.760202 ], [ -86.331655, 41.760199 ], [ -86.331674, 41.760199 ], [ -86.331816, 41.760201 ], [ -86.33192, 41.760199 ], [ -86.333115, 41.760193 ], [ -86.339886, 41.760134 ], [ -86.341034, 41.760048 ], [ -86.350786, 41.760013 ], [ -86.360854, 41.759859 ], [ -86.362549, 41.759876 ], [ -86.364899, 41.759896 ], [ -86.365424, 41.759892 ], [ -86.36595, 41.759889 ], [ -86.36738, 41.75988 ], [ -86.36881, 41.75987 ], [ -86.370549, 41.759858 ], [ -86.373917, 41.759868 ], [ -86.374037, 41.759868 ], [ -86.374165, 41.759869 ], [ -86.374426, 41.75987 ], [ -86.374439, 41.75987 ], [ -86.374506, 41.75987 ], [ -86.375926, 41.759872 ], [ -86.378913, 41.759875 ], [ -86.391663, 41.759788 ], [ -86.392629, 41.759825 ], [ -86.394541, 41.759885 ], [ -86.394719, 41.759894 ], [ -86.396712, 41.759892 ], [ -86.398484, 41.759873 ], [ -86.40974, 41.759756 ], [ -86.414578, 41.759717 ], [ -86.416584, 41.759632 ], [ -86.426179, 41.75965 ], [ -86.429324, 41.759636 ], [ -86.435876, 41.759618 ], [ -86.443566, 41.759553 ], [ -86.443534, 41.75977 ], [ -86.44347, 41.759979 ], [ -86.442795, 41.761759 ], [ -86.441351, 41.765351 ], [ -86.441068, 41.766074 ], [ -86.43978, 41.769028 ], [ -86.438873, 41.771178 ], [ -86.438242, 41.772661 ], [ -86.4374, 41.774482 ], [ -86.436661, 41.775949 ], [ -86.436527, 41.776117 ], [ -86.436437, 41.776221 ], [ -86.43621, 41.776245 ], [ -86.436063, 41.776242 ], [ -86.435786, 41.776247 ], [ -86.426206, 41.776237 ], [ -86.426226, 41.77975 ], [ -86.426231, 41.783363 ], [ -86.426243, 41.783429 ], [ -86.426283, 41.783507 ], [ -86.426328, 41.783526 ], [ -86.426419, 41.783543 ], [ -86.431186, 41.783511 ], [ -86.434799, 41.783532 ], [ -86.436074, 41.783515 ], [ -86.436189, 41.783517 ], [ -86.436476, 41.784176 ], [ -86.437162, 41.786265 ], [ -86.437255, 41.786482 ], [ -86.437725, 41.787159 ], [ -86.438916, 41.788728 ], [ -86.439449, 41.789451 ], [ -86.440304, 41.790487 ], [ -86.440533, 41.790742 ], [ -86.440655, 41.790945 ], [ -86.440767, 41.791157 ], [ -86.440831, 41.791345 ], [ -86.440914, 41.792222 ], [ -86.440965, 41.792565 ], [ -86.441025, 41.792915 ], [ -86.441066, 41.793247 ], [ -86.439993, 41.793245 ], [ -86.439152, 41.793232 ], [ -86.439188, 41.795412 ], [ -86.439283, 41.795376 ], [ -86.439539, 41.795194 ], [ -86.439788, 41.795057 ], [ -86.440125, 41.794979 ], [ -86.440294, 41.794952 ], [ -86.44055, 41.794952 ], [ -86.441086, 41.79505 ], [ -86.441511, 41.795303 ], [ -86.44187, 41.795396 ], [ -86.441995, 41.795468 ], [ -86.442053, 41.795539 ], [ -86.442142, 41.795853 ], [ -86.442149, 41.796012 ], [ -86.442139, 41.796132 ], [ -86.441878, 41.79648 ], [ -86.441754, 41.796436 ], [ -86.441534, 41.796298 ], [ -86.44149, 41.79621 ], [ -86.441314, 41.796117 ], [ -86.441072, 41.796095 ], [ -86.440654, 41.796172 ], [ -86.440236, 41.796189 ], [ -86.439782, 41.796255 ], [ -86.439187, 41.796265 ], [ -86.439115, 41.796267 ], [ -86.438932, 41.796195 ], [ -86.438441, 41.796163 ], [ -86.438307, 41.796129 ], [ -86.438284, 41.796122 ], [ -86.438177, 41.796069 ], [ -86.437986, 41.795937 ], [ -86.437847, 41.7958 ], [ -86.437708, 41.795778 ], [ -86.437466, 41.7958 ], [ -86.437064, 41.795765 ], [ -86.436777, 41.79574 ], [ -86.436615, 41.795757 ], [ -86.436381, 41.795817 ], [ -86.436036, 41.795992 ], [ -86.436015, 41.796081 ], [ -86.43592, 41.796147 ], [ -86.43578, 41.796395 ], [ -86.435766, 41.796571 ], [ -86.435781, 41.796631 ], [ -86.435964, 41.796818 ], [ -86.436033, 41.796938 ], [ -86.436177, 41.797038 ], [ -86.436228, 41.797236 ], [ -86.436031, 41.797609 ], [ -86.435928, 41.797693 ], [ -86.435811, 41.797852 ], [ -86.435494, 41.798055 ], [ -86.43546, 41.798281 ], [ -86.435474, 41.798358 ], [ -86.435548, 41.79849 ], [ -86.435768, 41.79854 ], [ -86.436178, 41.798545 ], [ -86.436618, 41.798501 ], [ -86.43694, 41.7985 ], [ -86.436794, 41.798594 ], [ -86.436259, 41.798715 ], [ -86.435908, 41.798828 ], [ -86.435951, 41.798976 ], [ -86.43735, 41.798574 ], [ -86.437944, 41.798401 ], [ -86.439278, 41.798103 ], [ -86.440532, 41.797838 ], [ -86.440795, 41.797783 ], [ -86.441018, 41.797753 ], [ -86.440826, 41.798067 ], [ -86.440711, 41.798188 ], [ -86.440569, 41.798275 ], [ -86.440382, 41.798335 ], [ -86.440182, 41.798369 ], [ -86.439994, 41.79839 ], [ -86.43911, 41.798466 ], [ -86.439113, 41.798692 ], [ -86.439082, 41.79908 ], [ -86.439077, 41.801206 ], [ -86.439102, 41.801341 ], [ -86.439148, 41.801457 ], [ -86.439218, 41.801524 ], [ -86.439344, 41.801587 ], [ -86.439577, 41.801619 ], [ -86.440865, 41.801606 ], [ -86.445706, 41.801618 ], [ -86.450545, 41.801666 ], [ -86.454852, 41.801688 ], [ -86.45505, 41.801708 ], [ -86.455155, 41.801724 ], [ -86.455183, 41.801728 ], [ -86.455289, 41.801771 ], [ -86.455335, 41.801856 ], [ -86.455404, 41.803539 ], [ -86.455384, 41.805286 ], [ -86.455369, 41.806043 ], [ -86.455401, 41.808907 ], [ -86.455422, 41.812623 ], [ -86.455393, 41.815383 ], [ -86.455358, 41.82705 ], [ -86.458665, 41.827033 ], [ -86.460257, 41.827025 ], [ -86.460265, 41.828985 ], [ -86.460269, 41.830097 ], [ -86.460285, 41.8343 ], [ -86.462461, 41.834286 ], [ -86.465254, 41.834268 ], [ -86.465229, 41.832441 ], [ -86.468474, 41.83243 ], [ -86.468551, 41.837976 ], [ -86.462647, 41.83797 ], [ -86.462697, 41.840414 ], [ -86.462237, 41.840466 ], [ -86.461768, 41.840563 ], [ -86.461258, 41.840722 ], [ -86.460812, 41.840895 ], [ -86.46052, 41.841053 ], [ -86.459741, 41.841293 ], [ -86.459413, 41.841386 ], [ -86.459177, 41.841439 ], [ -86.458291, 41.841548 ], [ -86.45714, 41.841545 ], [ -86.455427, 41.841542 ], [ -86.455423, 41.847244 ], [ -86.455443, 41.850268 ], [ -86.45545, 41.852377 ], [ -86.474873, 41.852501 ], [ -86.474841, 41.855859 ], [ -86.474977, 41.863394 ], [ -86.475031, 41.866965 ], [ -86.475051, 41.868876 ], [ -86.475058, 41.870857 ], [ -86.475056, 41.873082 ], [ -86.475452, 41.873054 ], [ -86.477832, 41.87268 ], [ -86.478272, 41.87241 ], [ -86.478609, 41.871931 ], [ -86.478733, 41.871793 ], [ -86.478939, 41.871634 ], [ -86.479166, 41.871507 ], [ -86.480009, 41.871116 ], [ -86.480486, 41.870813 ], [ -86.482882, 41.868831 ], [ -86.483519, 41.868259 ], [ -86.48382, 41.868082 ], [ -86.484055, 41.868022 ], [ -86.484627, 41.868026 ], [ -86.485141, 41.868064 ], [ -86.485522, 41.868169 ], [ -86.485809, 41.868267 ], [ -86.486925, 41.868734 ], [ -86.487953, 41.869101 ], [ -86.488299, 41.869152 ], [ -86.488287, 41.863402 ], [ -86.489393, 41.863392 ], [ -86.491774, 41.863392 ], [ -86.494154, 41.863393 ], [ -86.495241, 41.863398 ], [ -86.498916, 41.863398 ], [ -86.513378, 41.863471 ], [ -86.513403, 41.863255 ], [ -86.51341, 41.8629 ], [ -86.51339, 41.859763 ], [ -86.51338, 41.859657 ], [ -86.513361, 41.859545 ], [ -86.513348, 41.859396 ], [ -86.513355, 41.856094 ], [ -86.52504, 41.856227 ], [ -86.532937, 41.856307 ], [ -86.532907, 41.859326 ], [ -86.532872, 41.863578 ], [ -86.532868, 41.864648 ], [ -86.53286, 41.867346 ], [ -86.534215, 41.867519 ], [ -86.53496, 41.867554 ], [ -86.534907, 41.867935 ], [ -86.535339, 41.868296 ], [ -86.535942, 41.868713 ], [ -86.537101, 41.869864 ], [ -86.537959, 41.870843 ], [ -86.53866, 41.871716 ], [ -86.538704, 41.871726 ], [ -86.53868, 41.87187 ], [ -86.53853, 41.871999 ], [ -86.538292, 41.871938 ], [ -86.537188, 41.872758 ], [ -86.537088, 41.873063 ], [ -86.536805, 41.87319 ], [ -86.536696, 41.873439 ], [ -86.536656, 41.873341 ], [ -86.536181, 41.873433 ], [ -86.536021, 41.8737 ], [ -86.536037, 41.873948 ], [ -86.536109, 41.874315 ], [ -86.536216, 41.874651 ], [ -86.536286, 41.874835 ], [ -86.536058, 41.875071 ], [ -86.535038, 41.875317 ], [ -86.534723, 41.875214 ], [ -86.532823, 41.875699 ], [ -86.532796, 41.875835 ], [ -86.532805, 41.876273 ], [ -86.532796, 41.876716 ], [ -86.532646, 41.876829 ], [ -86.532474, 41.876937 ], [ -86.53239, 41.877296 ], [ -86.53229, 41.877573 ], [ -86.532212, 41.877652 ], [ -86.532255, 41.877843 ], [ -86.532021, 41.878107 ], [ -86.531938, 41.878246 ], [ -86.531265, 41.881528 ], [ -86.531164, 41.881788 ], [ -86.531162, 41.881948 ], [ -86.531106, 41.882219 ], [ -86.530992, 41.882342 ], [ -86.530922, 41.882662 ], [ -86.530904, 41.882982 ], [ -86.530775, 41.883276 ], [ -86.530561, 41.884117 ], [ -86.530446, 41.884405 ], [ -86.530459, 41.884559 ], [ -86.530371, 41.884775 ], [ -86.530375, 41.884896 ], [ -86.530318, 41.885173 ], [ -86.530167, 41.885484 ], [ -86.529991, 41.885691 ], [ -86.52979, 41.885849 ], [ -86.529695, 41.885862 ], [ -86.528899, 41.886251 ], [ -86.528316, 41.886631 ], [ -86.528105, 41.886889 ], [ -86.527862, 41.887119 ], [ -86.527545, 41.887301 ], [ -86.52742, 41.887502 ], [ -86.527256, 41.887665 ], [ -86.526916, 41.887836 ], [ -86.526645, 41.888078 ], [ -86.526335, 41.888271 ], [ -86.526305, 41.888459 ], [ -86.526336, 41.888519 ], [ -86.523133, 41.890155 ], [ -86.52303, 41.892474 ], [ -86.513638, 41.892484 ], [ -86.51371, 41.89604 ], [ -86.513832, 41.899309 ], [ -86.513707, 41.899308 ], [ -86.504208, 41.899287 ], [ -86.503267, 41.899311 ], [ -86.49919, 41.899278 ], [ -86.494404, 41.8993 ], [ -86.48913, 41.899313 ], [ -86.489181, 41.900511 ], [ -86.48944, 41.906615 ], [ -86.484922, 41.906531 ], [ -86.484874, 41.904131 ], [ -86.479903, 41.904186 ], [ -86.476702, 41.904222 ], [ -86.47667, 41.90489 ], [ -86.475242, 41.905803 ], [ -86.475244, 41.906031 ], [ -86.475285, 41.910343 ], [ -86.475296, 41.912068 ], [ -86.470531, 41.912121 ], [ -86.470531, 41.913827 ], [ -86.470311, 41.913828 ], [ -86.465425, 41.913849 ], [ -86.46544, 41.915404 ], [ -86.464262, 41.915402 ], [ -86.462656, 41.9154 ], [ -86.462646, 41.914454 ], [ -86.459314, 41.914428 ], [ -86.457178, 41.914442 ], [ -86.457201, 41.913909 ], [ -86.457025, 41.913903 ], [ -86.455711, 41.913888 ], [ -86.455711, 41.920413 ], [ -86.455704, 41.922118 ], [ -86.455703, 41.922459 ], [ -86.455703, 41.923398 ], [ -86.455704, 41.924282 ], [ -86.455704, 41.925914 ], [ -86.455708, 41.926838 ], [ -86.454227, 41.926799 ], [ -86.453293, 41.926762 ], [ -86.451316, 41.926625 ], [ -86.448933, 41.926442 ], [ -86.44804, 41.926386 ], [ -86.447405, 41.926361 ], [ -86.446895, 41.926305 ], [ -86.446526, 41.926243 ], [ -86.446105, 41.926151 ], [ -86.445703, 41.926031 ], [ -86.44447, 41.925606 ], [ -86.442438, 41.924897 ], [ -86.440899, 41.924385 ], [ -86.440879, 41.924374 ], [ -86.436766, 41.923065 ], [ -86.434345, 41.922248 ], [ -86.434367, 41.924591 ], [ -86.434376, 41.925212 ], [ -86.434426, 41.928575 ], [ -86.431986, 41.928587 ], [ -86.432015, 41.93041 ], [ -86.428323, 41.93045 ], [ -86.42835, 41.932286 ], [ -86.432046, 41.932266 ], [ -86.432111, 41.936117 ], [ -86.432117, 41.936819 ], [ -86.432158, 41.941235 ], [ -86.433757, 41.941231 ], [ -86.436972, 41.941224 ], [ -86.437076, 41.943044 ], [ -86.437007, 41.943609 ], [ -86.437057, 41.946649 ], [ -86.437109, 41.950265 ], [ -86.437111, 41.9504 ], [ -86.437616, 41.950362 ], [ -86.438102, 41.95021 ], [ -86.446872, 41.95014 ], [ -86.44685, 41.948315 ], [ -86.452496, 41.94827 ], [ -86.453034, 41.948266 ], [ -86.453057, 41.94879 ], [ -86.453145, 41.948791 ], [ -86.454351, 41.949057 ], [ -86.454645, 41.949085 ], [ -86.454903, 41.949019 ], [ -86.455331, 41.948782 ], [ -86.455367, 41.948761 ], [ -86.455669, 41.948663 ], [ -86.455811, 41.948663 ], [ -86.45581, 41.950764 ], [ -86.45581, 41.951278 ], [ -86.455811, 41.953969 ], [ -86.455809, 41.953979 ], [ -86.455787, 41.954283 ], [ -86.455804, 41.957343 ], [ -86.455822, 41.959174 ], [ -86.455837, 41.961024 ], [ -86.455835, 41.962302 ], [ -86.455863, 41.964645 ], [ -86.455861, 41.969623 ], [ -86.455872, 41.971887 ], [ -86.455922, 41.975439 ], [ -86.455943, 41.985612 ], [ -86.457256, 41.985611 ], [ -86.457218, 41.987409 ], [ -86.46079, 41.987408 ], [ -86.460797, 41.988993 ], [ -86.460772, 41.996461 ], [ -86.46077, 41.997366 ], [ -86.460683, 41.997366 ], [ -86.458519, 41.997368 ], [ -86.458506, 41.998272 ], [ -86.457115, 41.998273 ], [ -86.45711, 41.9992 ], [ -86.457109, 41.999359 ], [ -86.456247, 41.999357 ], [ -86.456004, 41.999357 ], [ -86.455935, 41.999358 ], [ -86.455882, 41.999424 ], [ -86.45588, 42.000065 ], [ -86.455846, 42.007278 ], [ -86.45585, 42.008313 ], [ -86.454208, 42.009682 ], [ -86.453543, 42.010512 ], [ -86.453336, 42.010891 ], [ -86.453108, 42.011088 ], [ -86.452489, 42.011582 ], [ -86.452282, 42.011703 ], [ -86.451897, 42.012637 ], [ -86.45166, 42.013401 ], [ -86.451424, 42.013791 ], [ -86.450988, 42.014625 ], [ -86.454087, 42.014624 ], [ -86.455849, 42.014576 ], [ -86.460721, 42.014549 ], [ -86.465268, 42.014533 ], [ -86.465622, 42.014533 ], [ -86.469284, 42.01454 ], [ -86.470752, 42.014543 ], [ -86.475286, 42.014537 ], [ -86.476433, 42.014529 ], [ -86.480184, 42.014504 ], [ -86.485072, 42.014464 ], [ -86.489173, 42.014446 ], [ -86.489845, 42.015123 ], [ -86.49005, 42.015476 ], [ -86.490374, 42.015729 ], [ -86.490504, 42.01712 ], [ -86.490628, 42.017412 ], [ -86.49076, 42.017885 ], [ -86.490788, 42.018435 ], [ -86.490769, 42.018584 ], [ -86.490684, 42.019226 ], [ -86.490551, 42.019556 ], [ -86.490337, 42.019726 ], [ -86.490057, 42.019864 ], [ -86.48974, 42.020072 ], [ -86.489696, 42.020171 ], [ -86.489328, 42.020396 ], [ -86.489327, 42.020594 ], [ -86.489467, 42.020765 ], [ -86.489857, 42.020886 ], [ -86.489959, 42.021106 ], [ -86.489966, 42.021238 ], [ -86.490194, 42.021326 ], [ -86.490393, 42.021305 ], [ -86.490555, 42.021321 ], [ -86.490636, 42.021448 ], [ -86.490466, 42.021827 ], [ -86.490466, 42.021976 ], [ -86.490583, 42.022212 ], [ -86.490539, 42.022355 ], [ -86.490575, 42.02246 ], [ -86.490575, 42.022603 ], [ -86.490531, 42.022723 ], [ -86.490523, 42.022828 ], [ -86.490452, 42.022903 ], [ -86.490309, 42.023053 ], [ -86.48997, 42.023581 ], [ -86.489785, 42.023701 ], [ -86.489292, 42.023838 ], [ -86.489166, 42.024019 ], [ -86.48921, 42.024547 ], [ -86.48918, 42.024674 ], [ -86.488996, 42.024849 ], [ -86.488973, 42.024998 ], [ -86.489186, 42.025411 ], [ -86.489208, 42.025548 ], [ -86.489346, 42.026681 ], [ -86.489345, 42.027055 ], [ -86.489293, 42.02722 ], [ -86.489278, 42.027396 ], [ -86.489329, 42.02755 ], [ -86.490073, 42.027793 ], [ -86.490242, 42.02793 ], [ -86.49055, 42.02825 ], [ -86.490582, 42.028266 ], [ -86.490721, 42.028335 ], [ -86.490859, 42.028404 ], [ -86.491153, 42.028635 ], [ -86.491455, 42.02874 ], [ -86.491653, 42.028994 ], [ -86.49487, 42.028901 ], [ -86.494846, 42.031238 ], [ -86.494847, 42.032015 ], [ -86.494865, 42.032751 ], [ -86.494864, 42.033048 ], [ -86.49486, 42.035717 ], [ -86.494819, 42.036555 ], [ -86.494827, 42.036983 ], [ -86.494839, 42.037557 ], [ -86.494828, 42.038071 ], [ -86.49484, 42.038818 ], [ -86.494848, 42.039775 ], [ -86.494828, 42.043384 ], [ -86.494832, 42.045939 ], [ -86.497681, 42.043391 ], [ -86.498071, 42.043393 ], [ -86.500027, 42.043369 ], [ -86.502838, 42.043381 ], [ -86.502828, 42.043538 ], [ -86.502914, 42.043934 ], [ -86.503005, 42.044214 ], [ -86.50316, 42.044693 ], [ -86.503582, 42.045645 ], [ -86.503795, 42.045827 ], [ -86.504037, 42.04596 ], [ -86.50463, 42.04649 ], [ -86.504959, 42.046837 ], [ -86.505472, 42.047256 ], [ -86.505561, 42.048521 ], [ -86.505662, 42.048933 ], [ -86.505782, 42.049973 ], [ -86.505462, 42.050659 ], [ -86.507051, 42.050658 ], [ -86.509248, 42.050664 ], [ -86.509914, 42.043395 ], [ -86.511236, 42.043397 ], [ -86.512377, 42.043397 ], [ -86.514155, 42.043419 ], [ -86.515199, 42.043422 ], [ -86.515217, 42.04429 ], [ -86.515595, 42.044287 ], [ -86.515597, 42.044392 ], [ -86.515971, 42.04439 ], [ -86.515979, 42.045054 ], [ -86.515981, 42.045242 ], [ -86.516329, 42.045284 ], [ -86.521897, 42.045264 ], [ -86.522796, 42.045261 ], [ -86.522833, 42.046929 ], [ -86.525397, 42.046943 ], [ -86.525218, 42.047172 ], [ -86.524774, 42.047781 ], [ -86.52447, 42.048275 ], [ -86.524402, 42.048599 ], [ -86.524431, 42.048753 ], [ -86.524394, 42.04894 ], [ -86.524319, 42.049077 ], [ -86.524282, 42.04928 ], [ -86.524075, 42.049461 ], [ -86.524012, 42.049548 ], [ -86.523936, 42.049656 ], [ -86.523438, 42.050355 ], [ -86.52341, 42.050397 ], [ -86.523188, 42.050732 ], [ -86.529567, 42.050734 ], [ -86.521022, 42.062345 ], [ -86.520701, 42.062864 ], [ -86.518443, 42.06867 ], [ -86.509202, 42.075564 ], [ -86.51045, 42.084848 ], [ -86.509631, 42.085013 ], [ -86.508878, 42.085133 ], [ -86.508184, 42.08521 ], [ -86.508125, 42.085212 ], [ -86.507546, 42.085258 ], [ -86.506965, 42.085282 ], [ -86.506432, 42.085287 ], [ -86.505945, 42.085282 ], [ -86.505886, 42.085279 ], [ -86.505508, 42.085259 ], [ -86.505106, 42.085229 ], [ -86.504745, 42.085195 ], [ -86.504416, 42.085157 ], [ -86.504116, 42.085116 ], [ -86.503848, 42.085079 ], [ -86.503604, 42.08504 ], [ -86.503385, 42.085003 ], [ -86.503183, 42.084969 ], [ -86.503006, 42.084935 ], [ -86.502848, 42.0849 ], [ -86.502699, 42.084871 ], [ -86.502565, 42.084841 ], [ -86.502444, 42.084815 ], [ -86.502336, 42.08479 ], [ -86.502239, 42.084768 ], [ -86.502151, 42.084752 ], [ -86.502073, 42.084731 ], [ -86.502003, 42.084713 ], [ -86.501939, 42.084696 ], [ -86.501882, 42.084681 ], [ -86.501831, 42.084668 ], [ -86.501785, 42.084656 ], [ -86.501744, 42.084646 ], [ -86.501707, 42.084637 ], [ -86.501674, 42.084629 ], [ -86.501644, 42.084622 ], [ -86.501617, 42.084615 ], [ -86.501593, 42.084609 ], [ -86.501572, 42.084604 ], [ -86.501552, 42.084598 ], [ -86.501534, 42.084593 ], [ -86.501518, 42.084589 ], [ -86.499646, 42.115719 ], [ -86.498131, 42.117372 ], [ -86.493221, 42.120175 ], [ -86.481747, 42.126782 ], [ -86.481394, 42.127123 ], [ -86.475323, 42.132985 ], [ -86.450115, 42.15739 ], [ -86.449904, 42.157596 ], [ -86.423247, 42.183644 ], [ -86.422893, 42.183641 ], [ -86.419576, 42.186737 ], [ -86.408244, 42.19731 ], [ -86.387847, 42.220369 ], [ -86.380304, 42.228889 ], [ -86.369672, 42.243051 ], [ -86.368774, 42.243067 ], [ -86.357193, 42.261043 ], [ -86.348879, 42.274875 ], [ -86.344406, 42.282269 ], [ -86.334252, 42.30033 ], [ -86.326386, 42.316529 ], [ -86.317081, 42.331449 ], [ -86.303969, 42.357298 ], [ -86.302459, 42.360905 ], [ -86.302308, 42.362616 ], [ -86.301326, 42.365237 ], [ -86.299514, 42.369849 ], [ -86.298584, 42.372147 ], [ -86.297097, 42.378365 ], [ -86.296241, 42.380374 ], [ -86.294454, 42.383033 ], [ -86.293283, 42.384287 ], [ -86.28938, 42.392766 ], [ -86.288701, 42.396392 ], [ -86.28843, 42.397607 ], [ -86.290072, 42.400598 ], [ -86.290791, 42.402323 ], [ -86.289054, 42.40449 ], [ -86.284741, 42.409488 ], [ -86.282585, 42.414883 ], [ -86.280545, 42.419345 ], [ -86.275426, 42.419295 ], [ -86.273893, 42.41928 ], [ -86.27372, 42.419586 ], [ -86.273586, 42.41987 ], [ -86.273551, 42.419932 ], [ -86.27334, 42.42057 ], [ -86.27258, 42.421958 ], [ -86.272124, 42.422842 ], [ -86.271827, 42.423418 ], [ -86.271237, 42.425044 ], [ -86.2705, 42.426307 ], [ -86.26954, 42.427662 ], [ -86.268877, 42.429051 ], [ -86.268312, 42.430163 ], [ -86.268079, 42.430621 ], [ -86.267302, 42.432291 ], [ -86.266347, 42.433976 ], [ -86.26556, 42.435071 ], [ -86.265429, 42.435348 ], [ -86.264916, 42.436754 ], [ -86.264606, 42.437523 ], [ -86.264361, 42.438452 ], [ -86.263541, 42.439967 ], [ -86.263053, 42.440713 ], [ -86.262266, 42.441761 ], [ -86.261666, 42.443568 ], [ -86.26125, 42.444552 ], [ -86.261238, 42.445085 ], [ -86.260832, 42.445848 ], [ -86.260511, 42.446568 ], [ -86.26022, 42.447221 ], [ -86.259941, 42.447918 ], [ -86.259858, 42.448194 ], [ -86.259688, 42.448853 ], [ -86.259245, 42.449457 ], [ -86.259002, 42.450177 ], [ -86.258018, 42.452714 ], [ -86.257357, 42.454682 ], [ -86.256912, 42.456523 ], [ -86.256599, 42.457595 ], [ -86.255299, 42.461562 ], [ -86.254593, 42.464432 ], [ -86.254045, 42.466168 ], [ -86.253462, 42.467723 ], [ -86.252977, 42.468904 ], [ -86.252524, 42.47085 ], [ -86.251955, 42.472338 ], [ -86.251722, 42.473636 ], [ -86.251078, 42.475268 ], [ -86.250866, 42.476062 ], [ -86.250007, 42.479269 ], [ -86.249986, 42.479321 ], [ -86.249921, 42.479484 ], [ -86.249856, 42.479946 ], [ -86.249749, 42.48037 ], [ -86.249483, 42.481421 ], [ -86.249259, 42.482454 ], [ -86.249224, 42.482581 ], [ -86.249092, 42.483051 ], [ -86.248682, 42.484522 ], [ -86.248588, 42.485072 ], [ -86.248193, 42.486398 ], [ -86.247982, 42.487306 ], [ -86.247722, 42.488983 ], [ -86.247355, 42.489896 ], [ -86.24725, 42.490304 ], [ -86.247166, 42.490624 ], [ -86.247078, 42.490969 ], [ -86.247022, 42.491728 ], [ -86.246931, 42.492254 ], [ -86.246893, 42.492529 ], [ -86.24685, 42.493179 ], [ -86.246916, 42.494933 ], [ -86.246826, 42.49623 ], [ -86.246733, 42.497072 ], [ -86.246404, 42.498183 ], [ -86.246433, 42.498563 ], [ -86.246451, 42.498799 ], [ -86.246461, 42.499436 ], [ -86.246349, 42.499886 ], [ -86.24627, 42.50014 ], [ -86.246126, 42.501166 ], [ -86.245868, 42.501973 ], [ -86.245496, 42.503304 ], [ -86.245612, 42.504968 ], [ -86.245454, 42.505454 ], [ -86.245406, 42.505942 ], [ -86.245394, 42.506215 ], [ -86.245392, 42.506524 ], [ -86.245155, 42.507247 ], [ -86.245029, 42.507954 ], [ -86.244772, 42.50886 ], [ -86.244839, 42.50951 ], [ -86.244827, 42.509577 ], [ -86.244758, 42.509959 ], [ -86.244734, 42.510095 ], [ -86.24465, 42.510851 ], [ -86.244546, 42.511794 ], [ -86.244661, 42.512769 ], [ -86.244869, 42.513975 ], [ -86.244763, 42.514477 ], [ -86.244554, 42.515035 ], [ -86.244325, 42.515825 ], [ -86.244395, 42.516767 ], [ -86.244644, 42.517714 ], [ -86.244006, 42.519341 ], [ -86.243914, 42.519576 ], [ -86.243659, 42.520686 ], [ -86.243185, 42.522172 ], [ -86.242793, 42.52363 ], [ -86.242582, 42.524728 ], [ -86.242145, 42.528115 ], [ -86.241808, 42.529849 ], [ -86.241244, 42.533832 ], [ -86.241165, 42.53431 ], [ -86.241129, 42.534697 ], [ -86.241126, 42.534904 ], [ -86.241156, 42.535053 ], [ -86.241069, 42.536733 ], [ -86.240457, 42.538956 ], [ -86.240388, 42.53971 ], [ -86.240398, 42.540179 ], [ -86.240037, 42.541806 ], [ -86.239914, 42.542388 ], [ -86.239704, 42.543643 ], [ -86.239388, 42.544638 ], [ -86.239132, 42.545698 ], [ -86.238796, 42.547513 ], [ -86.23809, 42.549607 ], [ -86.237749, 42.550987 ], [ -86.237613, 42.552107 ], [ -86.237375, 42.553448 ], [ -86.237352, 42.55366 ], [ -86.237025, 42.556708 ], [ -86.23684, 42.557487 ], [ -86.236239, 42.559602 ], [ -86.23586, 42.561644 ], [ -86.235458, 42.563344 ], [ -86.2354, 42.563619 ], [ -86.235245, 42.565115 ], [ -86.235014, 42.56575 ], [ -86.234708, 42.566403 ], [ -86.23447, 42.567055 ], [ -86.234468, 42.56749 ], [ -86.234511, 42.568003 ], [ -86.234436, 42.568327 ], [ -86.234404, 42.568466 ], [ -86.234279, 42.568634 ], [ -86.234206, 42.568732 ], [ -86.233817, 42.569176 ], [ -86.233488, 42.569767 ], [ -86.232885, 42.571756 ], [ -86.232378, 42.572982 ], [ -86.232055, 42.573653 ], [ -86.231348, 42.575119 ], [ -86.231328, 42.575159 ], [ -86.229968, 42.577881 ], [ -86.229744, 42.578472 ], [ -86.229429, 42.578976 ], [ -86.229175, 42.579551 ], [ -86.228141, 42.582991 ], [ -86.227505, 42.585415 ], [ -86.227304, 42.586038 ], [ -86.227225, 42.586282 ], [ -86.226803, 42.587883 ], [ -86.226507, 42.589334 ], [ -86.2265, 42.589368 ], [ -86.226108, 42.590942 ], [ -86.226098, 42.591215 ], [ -86.226027, 42.593082 ], [ -86.22601, 42.593522 ], [ -86.225969, 42.593893 ], [ -86.22593, 42.594242 ], [ -86.225817, 42.59526 ], [ -86.225777, 42.595629 ], [ -86.225672, 42.596573 ], [ -86.225712, 42.5988 ], [ -86.225757, 42.599576 ], [ -86.225787, 42.600084 ], [ -86.225838, 42.6005 ], [ -86.225926, 42.601219 ], [ -86.22595, 42.601963 ], [ -86.226116, 42.60345 ], [ -86.226821, 42.606451 ], [ -86.226937, 42.607332 ], [ -86.22718, 42.608593 ], [ -86.227264, 42.61066 ], [ -86.227508, 42.611789 ], [ -86.227787, 42.612763 ], [ -86.227685, 42.613662 ], [ -86.227907, 42.614616 ], [ -86.227991, 42.614978 ], [ -86.228162, 42.616895 ], [ -86.228213, 42.618064 ], [ -86.228223, 42.619624 ], [ -86.22803, 42.621687 ], [ -86.228032, 42.623109 ], [ -86.22814, 42.623428 ], [ -86.228077, 42.623848 ], [ -86.22809, 42.624272 ], [ -86.228421, 42.625007 ], [ -86.22834, 42.625294 ], [ -86.228318, 42.625855 ], [ -86.22849, 42.626738 ], [ -86.22855, 42.627337 ], [ -86.228539, 42.628019 ], [ -86.228575, 42.628552 ], [ -86.228665, 42.629128 ], [ -86.228732, 42.629991 ], [ -86.228861, 42.630632 ], [ -86.229043, 42.631042 ], [ -86.229129, 42.631497 ], [ -86.229127, 42.63224 ], [ -86.229214, 42.634246 ], [ -86.229121, 42.635076 ], [ -86.229135, 42.6358 ], [ -86.228887, 42.636753 ], [ -86.228818, 42.637689 ], [ -86.22869, 42.638634 ], [ -86.228301, 42.639743 ], [ -86.228313, 42.640205 ], [ -86.22781, 42.641995 ], [ -86.227467, 42.642792 ], [ -86.227077, 42.643507 ], [ -86.226898, 42.644065 ], [ -86.22666, 42.644608 ], [ -86.225973, 42.645906 ], [ -86.225829, 42.646381 ], [ -86.22571, 42.646927 ], [ -86.225329, 42.647444 ], [ -86.224994, 42.647994 ], [ -86.224685, 42.648659 ], [ -86.22431, 42.649368 ], [ -86.223691, 42.650404 ], [ -86.223498, 42.650728 ], [ -86.223335, 42.651061 ], [ -86.223054, 42.651378 ], [ -86.222459, 42.652223 ], [ -86.222226, 42.652694 ], [ -86.221605, 42.653688 ], [ -86.221303, 42.654056 ], [ -86.220788, 42.654856 ], [ -86.220032, 42.655808 ], [ -86.219794, 42.656345 ], [ -86.219489, 42.656916 ], [ -86.217882, 42.659437 ], [ -86.217372, 42.660699 ], [ -86.21686, 42.662137 ], [ -86.216398, 42.662941 ], [ -86.216114, 42.663759 ], [ -86.215867, 42.664774 ], [ -86.215827, 42.66493 ], [ -86.215785, 42.665095 ], [ -86.215792, 42.665376 ], [ -86.215543, 42.666056 ], [ -86.215089, 42.667542 ], [ -86.214563, 42.669266 ], [ -86.214319, 42.669869 ], [ -86.214093, 42.670621 ], [ -86.213836, 42.67129 ], [ -86.21373, 42.672078 ], [ -86.213576, 42.672438 ], [ -86.213625, 42.672894 ], [ -86.213709, 42.673277 ], [ -86.213722, 42.673761 ], [ -86.213623, 42.674236 ], [ -86.213634, 42.674632 ], [ -86.213522, 42.675469 ], [ -86.213661, 42.675908 ], [ -86.213738, 42.676351 ], [ -86.213713, 42.676712 ], [ -86.213695, 42.676968 ], [ -86.213688, 42.677265 ], [ -86.213628, 42.67753 ], [ -86.213473, 42.677868 ], [ -86.213282, 42.678217 ], [ -86.212384, 42.679457 ], [ -86.211687, 42.680969 ], [ -86.211468, 42.6814 ], [ -86.21133, 42.681676 ], [ -86.210932, 42.68323 ], [ -86.210403, 42.684323 ], [ -86.210199, 42.68493 ], [ -86.210236, 42.685485 ], [ -86.209933, 42.686133 ], [ -86.209676, 42.68683 ], [ -86.209527, 42.687365 ], [ -86.20945, 42.68785 ], [ -86.209483, 42.689115 ], [ -86.209325, 42.68954 ], [ -86.209115, 42.690105 ], [ -86.208969, 42.690498 ], [ -86.208908, 42.690717 ], [ -86.208858, 42.690894 ], [ -86.208507, 42.69216 ], [ -86.208452, 42.692578 ], [ -86.208395, 42.693007 ], [ -86.20829, 42.693821 ], [ -86.208098, 42.69529 ], [ -86.208088, 42.696038 ], [ -86.20791, 42.696651 ], [ -86.207981, 42.697376 ], [ -86.207903, 42.69834 ], [ -86.207779, 42.699029 ], [ -86.20745, 42.700195 ], [ -86.207161, 42.701546 ], [ -86.207179, 42.702892 ], [ -86.207157, 42.70344 ], [ -86.207092, 42.70405 ], [ -86.207158, 42.704863 ], [ -86.207119, 42.705892 ], [ -86.207071, 42.706366 ], [ -86.206686, 42.708396 ], [ -86.206596, 42.709536 ], [ -86.206664, 42.710123 ], [ -86.20667, 42.71064 ], [ -86.206797, 42.711485 ], [ -86.206785, 42.711909 ], [ -86.206616, 42.712841 ], [ -86.206656, 42.71375 ], [ -86.206677, 42.714226 ], [ -86.206707, 42.71487 ], [ -86.206802, 42.715384 ], [ -86.206791, 42.716083 ], [ -86.20678, 42.716152 ], [ -86.206689, 42.71675 ], [ -86.206716, 42.717767 ], [ -86.206647, 42.718252 ], [ -86.206596, 42.718605 ], [ -86.206609, 42.719836 ], [ -86.206617, 42.720447 ], [ -86.206668, 42.721035 ], [ -86.206638, 42.721379 ], [ -86.206605, 42.721767 ], [ -86.206712, 42.722723 ], [ -86.206706, 42.723916 ], [ -86.206704, 42.724076 ], [ -86.206703, 42.724131 ], [ -86.206696, 42.724829 ], [ -86.206694, 42.725053 ], [ -86.20686, 42.726243 ], [ -86.207075, 42.727728 ], [ -86.207092, 42.728379 ], [ -86.207119, 42.729436 ], [ -86.207193, 42.730811 ], [ -86.207147, 42.731351 ], [ -86.207217, 42.732307 ], [ -86.207202, 42.733477 ], [ -86.207121, 42.734591 ], [ -86.207123, 42.736546 ], [ -86.207051, 42.738711 ], [ -86.20726, 42.739022 ], [ -86.207395, 42.741319 ], [ -86.207177, 42.742653 ], [ -86.207136, 42.746055 ], [ -86.207098, 42.746789 ], [ -86.207079, 42.747153 ], [ -86.207121, 42.747272 ], [ -86.207232, 42.74758 ], [ -86.207479, 42.747906 ], [ -86.207493, 42.748439 ], [ -86.207597, 42.748713 ], [ -86.207688, 42.749123 ], [ -86.207654, 42.749459 ], [ -86.207718, 42.749739 ], [ -86.207939, 42.750014 ], [ -86.207951, 42.75041 ], [ -86.20825, 42.751242 ], [ -86.208272, 42.751303 ], [ -86.208387, 42.751815 ], [ -86.208116, 42.753244 ], [ -86.208186, 42.753805 ], [ -86.20841, 42.754648 ], [ -86.208459, 42.755105 ], [ -86.208089, 42.756708 ], [ -86.208121, 42.757237 ], [ -86.208096, 42.757516 ], [ -86.208047, 42.758062 ], [ -86.208018, 42.759134 ], [ -86.208068, 42.760311 ], [ -86.208034, 42.760861 ], [ -86.208066, 42.761592 ], [ -86.207995, 42.762092 ], [ -86.208015, 42.762461 ], [ -86.208116, 42.762874 ], [ -86.208248, 42.763128 ], [ -86.2083, 42.76386 ], [ -86.208298, 42.763924 ], [ -86.208284, 42.764294 ], [ -86.208314, 42.764361 ], [ -86.208589, 42.764974 ], [ -86.20865, 42.76511 ], [ -86.208694, 42.765172 ], [ -86.208827, 42.765359 ], [ -86.208875, 42.765504 ], [ -86.208954, 42.76574 ], [ -86.208925, 42.766124 ], [ -86.208966, 42.766283 ], [ -86.209063, 42.766659 ], [ -86.209075, 42.766972 ], [ -86.209217, 42.767536 ], [ -86.209684, 42.76923 ], [ -86.209652, 42.769855 ], [ -86.209787, 42.770336 ], [ -86.209991, 42.770961 ], [ -86.210248, 42.771329 ], [ -86.210488, 42.771659 ], [ -86.211032, 42.772148 ], [ -86.211139, 42.772215 ], [ -86.211576, 42.772488 ], [ -86.211882, 42.772741 ], [ -86.212245, 42.772966 ], [ -86.227724, 42.772321 ], [ -86.2278, 42.772651 ], [ -86.228396, 42.774005 ], [ -86.228098, 42.777108 ], [ -86.229118, 42.80329 ], [ -86.229186, 42.804363 ], [ -86.229204, 42.85637 ], [ -86.229177, 42.85775 ], [ -86.229177, 42.858739 ], [ -86.231188, 42.89917 ], [ -86.231304, 42.901472 ], [ -86.234, 42.942635 ], [ -86.237436, 42.96263 ], [ -86.242797, 42.994239 ], [ -86.247347, 43.000018 ], [ -86.247463, 43.000518 ], [ -86.250036, 43.011586 ], [ -86.260162, 43.033554 ], [ -86.265317, 43.044721 ], [ -86.270145, 43.054683 ], [ -86.27391, 43.062449 ], [ -86.275398, 43.072384 ], [ -86.281911, 43.086592 ], [ -86.282056, 43.086901 ], [ -86.296904, 43.118399 ], [ -86.324122, 43.16595 ], [ -86.332091, 43.177934 ], [ -86.348204, 43.202205 ], [ -86.348992, 43.203387 ], [ -86.350256, 43.205283 ], [ -86.366589, 43.229788 ], [ -86.366619, 43.234234 ], [ -86.347538, 43.234296 ], [ -86.343509, 43.235072 ], [ -86.3437, 43.235757 ], [ -86.342103, 43.235732 ], [ -86.341227, 43.235717 ], [ -86.340899, 43.235712 ], [ -86.330574, 43.235607 ], [ -86.329544, 43.235597 ], [ -86.329237, 43.235593 ], [ -86.328396, 43.235585 ], [ -86.327506, 43.235565 ], [ -86.327315, 43.235574 ], [ -86.326393, 43.235564 ], [ -86.326242, 43.235563 ], [ -86.322833, 43.235563 ], [ -86.316653, 43.235565 ], [ -86.31342, 43.235566 ], [ -86.30481, 43.23559 ], [ -86.303117, 43.235595 ], [ -86.301729, 43.235598 ], [ -86.301026, 43.2356 ], [ -86.300974, 43.235592 ], [ -86.296767, 43.235601 ], [ -86.291844, 43.235612 ], [ -86.291142, 43.235614 ], [ -86.283499, 43.235633 ], [ -86.283438, 43.235635 ], [ -86.276394, 43.235834 ], [ -86.264731, 43.241577 ], [ -86.255719, 43.247958 ], [ -86.254562, 43.248776 ], [ -86.254551, 43.248796 ], [ -86.254028, 43.249166 ], [ -86.253549, 43.249159 ], [ -86.249391, 43.249166 ], [ -86.245126, 43.249173 ], [ -86.244687, 43.249317 ], [ -86.24421, 43.249473 ], [ -86.243914, 43.24959 ], [ -86.242818, 43.250024 ], [ -86.241451, 43.25142 ], [ -86.240756, 43.252159 ], [ -86.240666, 43.252315 ], [ -86.240186, 43.252879 ], [ -86.240052, 43.253109 ], [ -86.24, 43.253161 ], [ -86.239564, 43.253597 ], [ -86.238436, 43.253883 ], [ -86.237454, 43.254132 ], [ -86.236534, 43.254258 ], [ -86.236496, 43.254266 ], [ -86.236165, 43.25434 ], [ -86.235839, 43.254369 ], [ -86.235157, 43.254322 ], [ -86.234952, 43.254309 ], [ -86.234457, 43.254275 ], [ -86.234169, 43.254293 ], [ -86.23388, 43.254568 ], [ -86.233571, 43.255007 ], [ -86.233051, 43.2554 ], [ -86.232425, 43.255398 ], [ -86.231831, 43.255189 ], [ -86.231798, 43.254745 ], [ -86.23149, 43.254464 ], [ -86.2309, 43.254392 ], [ -86.230667, 43.254538 ], [ -86.230497, 43.254645 ], [ -86.230346, 43.25474 ], [ -86.230072, 43.255093 ], [ -86.22986, 43.255347 ], [ -86.228663, 43.255602 ], [ -86.228208, 43.255801 ], [ -86.227905, 43.255801 ], [ -86.227648, 43.25569 ], [ -86.227511, 43.255524 ], [ -86.227314, 43.255314 ], [ -86.226951, 43.255192 ], [ -86.226026, 43.25517 ], [ -86.225057, 43.25527 ], [ -86.224526, 43.255248 ], [ -86.224359, 43.255187 ], [ -86.22395, 43.255037 ], [ -86.223843, 43.25504 ], [ -86.223694, 43.255045 ], [ -86.223208, 43.25506 ], [ -86.222732, 43.255182 ], [ -86.22239, 43.25527 ], [ -86.22189, 43.255369 ], [ -86.221132, 43.25538 ], [ -86.220571, 43.255491 ], [ -86.218676, 43.256472 ], [ -86.217901, 43.256786 ], [ -86.217502, 43.257001 ], [ -86.217035, 43.257253 ], [ -86.216746, 43.257597 ], [ -86.215525, 43.257993 ], [ -86.215316, 43.258207 ], [ -86.215284, 43.258629 ], [ -86.213855, 43.259029 ], [ -86.21323, 43.259584 ], [ -86.21287, 43.260023 ], [ -86.212331, 43.260681 ], [ -86.211738, 43.261026 ], [ -86.210796, 43.261425 ], [ -86.210503, 43.261625 ], [ -86.210448, 43.261662 ], [ -86.209852, 43.262069 ], [ -86.209483, 43.262259 ], [ -86.209037, 43.26249 ], [ -86.206959, 43.262632 ], [ -86.205684, 43.262688 ], [ -86.20437, 43.262745 ], [ -86.203511, 43.262861 ], [ -86.202757, 43.262962 ], [ -86.199376, 43.263256 ], [ -86.197732, 43.263319 ], [ -86.196295, 43.263307 ], [ -86.192662, 43.262714 ], [ -86.18985, 43.262387 ], [ -86.186461, 43.262137 ], [ -86.18596, 43.262127 ], [ -86.185291, 43.262305 ], [ -86.184683, 43.262439 ], [ -86.183952, 43.262219 ], [ -86.183657, 43.262057 ], [ -86.183643, 43.26205 ], [ -86.183403, 43.261953 ], [ -86.182836, 43.261851 ], [ -86.182823, 43.261851 ], [ -86.182715, 43.26185 ], [ -86.182673, 43.26185 ], [ -86.18266, 43.26185 ], [ -86.182259, 43.261892 ], [ -86.181415, 43.26226 ], [ -86.180619, 43.262762 ], [ -86.179701, 43.263187 ], [ -86.179009, 43.263633 ], [ -86.177811, 43.265014 ], [ -86.176025, 43.266319 ], [ -86.175588, 43.266677 ], [ -86.175304, 43.267223 ], [ -86.175111, 43.267579 ], [ -86.174614, 43.267636 ], [ -86.174218, 43.267595 ], [ -86.172378, 43.267404 ], [ -86.167789, 43.268583 ], [ -86.165366, 43.269034 ], [ -86.163625, 43.269177 ], [ -86.163452, 43.269204 ], [ -86.162368, 43.269374 ], [ -86.161717, 43.269463 ], [ -86.161368, 43.269518 ], [ -86.159613, 43.269421 ], [ -86.158526, 43.269612 ], [ -86.158205, 43.269725 ], [ -86.155364, 43.270725 ], [ -86.153693, 43.271313 ], [ -86.15217, 43.271343 ], [ -86.151744, 43.270933 ], [ -86.151328, 43.269854 ], [ -86.151085, 43.269677 ], [ -86.150698, 43.269395 ], [ -86.150473, 43.269453 ], [ -86.150081, 43.269554 ], [ -86.149787, 43.269462 ], [ -86.149736, 43.269474 ], [ -86.148918, 43.269451 ], [ -86.148468, 43.269479 ], [ -86.148258, 43.269533 ], [ -86.147672, 43.269615 ], [ -86.147192, 43.269642 ], [ -86.146223, 43.269779 ], [ -86.145202, 43.270047 ], [ -86.144001, 43.270183 ], [ -86.144046, 43.268862 ], [ -86.144058, 43.267798 ], [ -86.144005, 43.267828 ], [ -86.143772, 43.268003 ], [ -86.143582, 43.268193 ], [ -86.143511, 43.268281 ], [ -86.143487, 43.268291 ], [ -86.143466, 43.2683 ], [ -86.143193, 43.268448 ], [ -86.14287, 43.268447 ], [ -86.141565, 43.268337 ], [ -86.141159, 43.268331 ], [ -86.140814, 43.268391 ], [ -86.140611, 43.268506 ], [ -86.14016, 43.268857 ], [ -86.139972, 43.268939 ], [ -86.139462, 43.26906 ], [ -86.139282, 43.269169 ], [ -86.139101, 43.269351 ], [ -86.138875, 43.26979 ], [ -86.138687, 43.269998 ], [ -86.138454, 43.270135 ], [ -86.138259, 43.270212 ], [ -86.137899, 43.270294 ], [ -86.137568, 43.270349 ], [ -86.136923, 43.270414 ], [ -86.136803, 43.270469 ], [ -86.13651, 43.270688 ], [ -86.136374, 43.270875 ], [ -86.136016, 43.271231 ], [ -86.135855, 43.271391 ], [ -86.135623, 43.27144 ], [ -86.134235, 43.271016 ], [ -86.133582, 43.270746 ], [ -86.13296, 43.270367 ], [ -86.13221, 43.269998 ], [ -86.131519, 43.26991 ], [ -86.131122, 43.26997 ], [ -86.130724, 43.269986 ], [ -86.130431, 43.269947 ], [ -86.130198, 43.269947 ], [ -86.129921, 43.269985 ], [ -86.129695, 43.270078 ], [ -86.128997, 43.270534 ], [ -86.128636, 43.270731 ], [ -86.128207, 43.271082 ], [ -86.127764, 43.271395 ], [ -86.127561, 43.271592 ], [ -86.127568, 43.271713 ], [ -86.127643, 43.271807 ], [ -86.127635, 43.271999 ], [ -86.127427, 43.272406 ], [ -86.127094, 43.272685 ], [ -86.126996, 43.272888 ], [ -86.126788, 43.273128 ], [ -86.126417, 43.273453 ], [ -86.126214, 43.273584 ], [ -86.126064, 43.273716 ], [ -86.126011, 43.273941 ], [ -86.126003, 43.274133 ], [ -86.126197, 43.274853 ], [ -86.126196, 43.275161 ], [ -86.126091, 43.27549 ], [ -86.125947, 43.275759 ], [ -86.125714, 43.276022 ], [ -86.125346, 43.276384 ], [ -86.125053, 43.276543 ], [ -86.124781, 43.276862 ], [ -86.124884, 43.277016 ], [ -86.124925, 43.277119 ], [ -86.124982, 43.277192 ], [ -86.125013, 43.277354 ], [ -86.125089, 43.277476 ], [ -86.125173, 43.277537 ], [ -86.125314, 43.277661 ], [ -86.125424, 43.277736 ], [ -86.125721, 43.27785 ], [ -86.126019, 43.27784 ], [ -86.125819, 43.278027 ], [ -86.12562, 43.278213 ], [ -86.125613, 43.278103 ], [ -86.125478, 43.277999 ], [ -86.125081, 43.277861 ], [ -86.124979, 43.27758 ], [ -86.124701, 43.277152 ], [ -86.124613, 43.277039 ], [ -86.124543, 43.276949 ], [ -86.12443, 43.276851 ], [ -86.124273, 43.276807 ], [ -86.1241, 43.276917 ], [ -86.123965, 43.277131 ], [ -86.123785, 43.277236 ], [ -86.12371, 43.277307 ], [ -86.123771, 43.277351 ], [ -86.123853, 43.277362 ], [ -86.124123, 43.277318 ], [ -86.124146, 43.277373 ], [ -86.124071, 43.277428 ], [ -86.123951, 43.27745 ], [ -86.123778, 43.277565 ], [ -86.123569, 43.277769 ], [ -86.123284, 43.277978 ], [ -86.122826, 43.278236 ], [ -86.122211, 43.278358 ], [ -86.121896, 43.278391 ], [ -86.121739, 43.278435 ], [ -86.121619, 43.278589 ], [ -86.121319, 43.279105 ], [ -86.121154, 43.279237 ], [ -86.121043, 43.279256 ], [ -86.120554, 43.279342 ], [ -86.120592, 43.279666 ], [ -86.120488, 43.279919 ], [ -86.120345, 43.280078 ], [ -86.120358, 43.280224 ], [ -86.120097, 43.28057 ], [ -86.119677, 43.28068 ], [ -86.119122, 43.280943 ], [ -86.118987, 43.28113 ], [ -86.119009, 43.281497 ], [ -86.11911, 43.281508 ], [ -86.118953, 43.28155 ], [ -86.118835, 43.281497 ], [ -86.118696, 43.281497 ], [ -86.118344, 43.281602 ], [ -86.117849, 43.28197 ], [ -86.117369, 43.282185 ], [ -86.116889, 43.282169 ], [ -86.116566, 43.282197 ], [ -86.116318, 43.282268 ], [ -86.116213, 43.282417 ], [ -86.116034, 43.282532 ], [ -86.115666, 43.282582 ], [ -86.115238, 43.282692 ], [ -86.114998, 43.282693 ], [ -86.114698, 43.282616 ], [ -86.11442, 43.28254 ], [ -86.114082, 43.282392 ], [ -86.113812, 43.282365 ], [ -86.113474, 43.282436 ], [ -86.113272, 43.282502 ], [ -86.113099, 43.282645 ], [ -86.112994, 43.282794 ], [ -86.112477, 43.28336 ], [ -86.112312, 43.283366 ], [ -86.112199, 43.283327 ], [ -86.111982, 43.283119 ], [ -86.111809, 43.283075 ], [ -86.111434, 43.283075 ], [ -86.111051, 43.28295 ], [ -86.11078, 43.282955 ], [ -86.110691, 43.283049 ], [ -86.110593, 43.283302 ], [ -86.110466, 43.283362 ], [ -86.110203, 43.283412 ], [ -86.109963, 43.283571 ], [ -86.109768, 43.283604 ], [ -86.109588, 43.283676 ], [ -86.109649, 43.284077 ], [ -86.109657, 43.284565 ], [ -86.109582, 43.284708 ], [ -86.109485, 43.284818 ], [ -86.109049, 43.284972 ], [ -86.108787, 43.285099 ], [ -86.108577, 43.285247 ], [ -86.108435, 43.285511 ], [ -86.10821, 43.285649 ], [ -86.1077, 43.285748 ], [ -86.107452, 43.285737 ], [ -86.107009, 43.28565 ], [ -86.106701, 43.285562 ], [ -86.106431, 43.285453 ], [ -86.106138, 43.285212 ], [ -86.105927, 43.284976 ], [ -86.105657, 43.285003 ], [ -86.105454, 43.284987 ], [ -86.105162, 43.284889 ], [ -86.104966, 43.284752 ], [ -86.104929, 43.284664 ], [ -86.104883, 43.284636 ], [ -86.104373, 43.284697 ], [ -86.104178, 43.284675 ], [ -86.103983, 43.284599 ], [ -86.103652, 43.284396 ], [ -86.103224, 43.284413 ], [ -86.103067, 43.284369 ], [ -86.102714, 43.284089 ], [ -86.102481, 43.284112 ], [ -86.102204, 43.284392 ], [ -86.102054, 43.28448 ], [ -86.101814, 43.284546 ], [ -86.101656, 43.284502 ], [ -86.10135, 43.284045 ], [ -86.101318, 43.283997 ], [ -86.10119, 43.283893 ], [ -86.100912, 43.283861 ], [ -86.099989, 43.283856 ], [ -86.099824, 43.283807 ], [ -86.099681, 43.283587 ], [ -86.099531, 43.283445 ], [ -86.099245, 43.283439 ], [ -86.099065, 43.283484 ], [ -86.09863, 43.283868 ], [ -86.098435, 43.283934 ], [ -86.098225, 43.283946 ], [ -86.098022, 43.283814 ], [ -86.097797, 43.283781 ], [ -86.097527, 43.283842 ], [ -86.097325, 43.283941 ], [ -86.097077, 43.284342 ], [ -86.096867, 43.284441 ], [ -86.096725, 43.284309 ], [ -86.096634, 43.283936 ], [ -86.096536, 43.283761 ], [ -86.096536, 43.283585 ], [ -86.096461, 43.283546 ], [ -86.096183, 43.283563 ], [ -86.095516, 43.283663 ], [ -86.09523, 43.283416 ], [ -86.095162, 43.283295 ], [ -86.095087, 43.283043 ], [ -86.094944, 43.282933 ], [ -86.094532, 43.282994 ], [ -86.094374, 43.282983 ], [ -86.094021, 43.282835 ], [ -86.093878, 43.282725 ], [ -86.093751, 43.282544 ], [ -86.093728, 43.28227 ], [ -86.093765, 43.282154 ], [ -86.093855, 43.282039 ], [ -86.093892, 43.281885 ], [ -86.093787, 43.281682 ], [ -86.093622, 43.281649 ], [ -86.092782, 43.28204 ], [ -86.092617, 43.282051 ], [ -86.092226, 43.281865 ], [ -86.091939, 43.28185 ], [ -86.091911, 43.281849 ], [ -86.091701, 43.28192 ], [ -86.091701, 43.282035 ], [ -86.091656, 43.282156 ], [ -86.091559, 43.28225 ], [ -86.091409, 43.282305 ], [ -86.090486, 43.28241 ], [ -86.090343, 43.282476 ], [ -86.089818, 43.282806 ], [ -86.089998, 43.283102 ], [ -86.089988, 43.283143 ], [ -86.089679, 43.283155 ], [ -86.089424, 43.283083 ], [ -86.089129, 43.282888 ], [ -86.08856, 43.282668 ], [ -86.08772, 43.282517 ], [ -86.086468, 43.282374 ], [ -86.08491, 43.281937 ], [ -86.083575, 43.281507 ], [ -86.08277, 43.281106 ], [ -86.082516, 43.280714 ], [ -86.08204, 43.280353 ], [ -86.081763, 43.280194 ], [ -86.08129, 43.280018 ], [ -86.080652, 43.28003 ], [ -86.080231, 43.280118 ], [ -86.080081, 43.27997 ], [ -86.079938, 43.279718 ], [ -86.079818, 43.27958 ], [ -86.07906, 43.2794 ], [ -86.07873, 43.279356 ], [ -86.07846, 43.27929 ], [ -86.078279, 43.279153 ], [ -86.077453, 43.278764 ], [ -86.076725, 43.278567 ], [ -86.076096, 43.278493 ], [ -86.075382, 43.278409 ], [ -86.075074, 43.278338 ], [ -86.074676, 43.278305 ], [ -86.074204, 43.278349 ], [ -86.073866, 43.278437 ], [ -86.073798, 43.278462 ], [ -86.073356, 43.278625 ], [ -86.0725, 43.278784 ], [ -86.07163, 43.279241 ], [ -86.071023, 43.279675 ], [ -86.070738, 43.279845 ], [ -86.070197, 43.280022 ], [ -86.070093, 43.280499 ], [ -86.069935, 43.280659 ], [ -86.069718, 43.280818 ], [ -86.06929, 43.281076 ], [ -86.06881, 43.281335 ], [ -86.06869, 43.281428 ], [ -86.068532, 43.281725 ], [ -86.068427, 43.281813 ], [ -86.068157, 43.281895 ], [ -86.067917, 43.282022 ], [ -86.067797, 43.282126 ], [ -86.067565, 43.28217 ], [ -86.067386, 43.282182 ], [ -86.067524, 43.279131 ], [ -86.067523, 43.278445 ], [ -86.067528, 43.277938 ], [ -86.067596, 43.271668 ], [ -86.067595, 43.267206 ], [ -86.067591, 43.266982 ], [ -86.048608, 43.266912 ], [ -86.047783, 43.266902 ], [ -86.047385, 43.266699 ], [ -86.045006, 43.265174 ], [ -86.044571, 43.264833 ], [ -86.044233, 43.264652 ], [ -86.043858, 43.264559 ], [ -86.04286, 43.264439 ], [ -86.042425, 43.264417 ], [ -86.041209, 43.26422 ], [ -86.040758, 43.263944 ], [ -86.038856, 43.262782 ], [ -86.037978, 43.262272 ], [ -86.036895, 43.263338 ], [ -86.036685, 43.263387 ], [ -86.032266, 43.263439 ], [ -86.030803, 43.263423 ], [ -86.02997, 43.263473 ], [ -86.029752, 43.263549 ], [ -86.029595, 43.263654 ], [ -86.029422, 43.263885 ], [ -86.029371, 43.264005 ], [ -86.029263, 43.264262 ], [ -86.027625, 43.264268 ], [ -86.027616, 43.264813 ], [ -86.027814, 43.289213 ], [ -86.027819, 43.289417 ], [ -86.027854, 43.290652 ], [ -86.02792, 43.293277 ], [ -86.027934, 43.293478 ], [ -86.020074, 43.29344 ], [ -86.020118, 43.300126 ], [ -86.020147, 43.30302 ], [ -86.020149, 43.303191 ], [ -86.02018, 43.307752 ], [ -86.036023, 43.307551 ], [ -86.038998, 43.307526 ], [ -86.038998, 43.30803 ], [ -86.038985, 43.311553 ], [ -86.038985, 43.311681 ], [ -86.038992, 43.317565 ], [ -86.038995, 43.317957 ], [ -86.038995, 43.318113 ], [ -86.039, 43.318335 ], [ -86.039006, 43.318564 ], [ -86.039003, 43.320162 ], [ -86.039003, 43.320338 ], [ -86.03902, 43.322467 ], [ -86.039024, 43.322642 ], [ -86.038535, 43.322888 ], [ -86.03828, 43.322953 ], [ -86.038062, 43.323266 ], [ -86.038174, 43.323431 ], [ -86.038406, 43.323579 ], [ -86.038481, 43.323739 ], [ -86.037834, 43.32409 ], [ -86.037751, 43.32437 ], [ -86.037788, 43.324589 ], [ -86.037659, 43.325062 ], [ -86.037673, 43.325265 ], [ -86.037575, 43.325479 ], [ -86.037342, 43.325578 ], [ -86.037049, 43.325594 ], [ -86.036794, 43.325731 ], [ -86.036718, 43.32595 ], [ -86.036763, 43.326005 ], [ -86.036868, 43.326038 ], [ -86.037244, 43.325984 ], [ -86.037424, 43.326017 ], [ -86.037603, 43.326177 ], [ -86.037618, 43.326297 ], [ -86.037498, 43.326369 ], [ -86.037317, 43.326429 ], [ -86.037212, 43.3265 ], [ -86.037212, 43.326561 ], [ -86.037452, 43.326715 ], [ -86.037586, 43.326934 ], [ -86.038021, 43.327319 ], [ -86.038193, 43.327528 ], [ -86.038267, 43.327737 ], [ -86.038222, 43.327803 ], [ -86.038124, 43.327814 ], [ -86.038019, 43.327759 ], [ -86.03796, 43.327643 ], [ -86.037802, 43.32755 ], [ -86.0376, 43.327572 ], [ -86.037119, 43.327813 ], [ -86.036766, 43.327917 ], [ -86.036683, 43.328054 ], [ -86.036697, 43.328153 ], [ -86.036915, 43.328329 ], [ -86.036974, 43.328439 ], [ -86.037109, 43.328488 ], [ -86.037297, 43.328478 ], [ -86.03768, 43.328335 ], [ -86.037965, 43.328336 ], [ -86.03807, 43.328424 ], [ -86.038152, 43.32855 ], [ -86.038197, 43.328709 ], [ -86.038083, 43.329445 ], [ -86.037925, 43.329489 ], [ -86.03782, 43.329467 ], [ -86.0374, 43.329159 ], [ -86.037003, 43.328988 ], [ -86.0368, 43.328993 ], [ -86.03656, 43.329053 ], [ -86.036289, 43.329256 ], [ -86.036191, 43.32947 ], [ -86.035958, 43.329618 ], [ -86.035942, 43.329805 ], [ -86.036032, 43.329981 ], [ -86.036002, 43.330041 ], [ -86.035836, 43.330091 ], [ -86.035484, 43.330046 ], [ -86.034845, 43.330106 ], [ -86.034733, 43.330205 ], [ -86.034356, 43.330693 ], [ -86.034191, 43.330775 ], [ -86.033853, 43.330857 ], [ -86.033747, 43.330929 ], [ -86.033672, 43.331038 ], [ -86.033491, 43.331192 ], [ -86.033221, 43.331203 ], [ -86.033056, 43.331054 ], [ -86.032952, 43.330911 ], [ -86.032937, 43.330785 ], [ -86.032855, 43.330631 ], [ -86.032727, 43.330653 ], [ -86.032652, 43.330718 ], [ -86.032629, 43.3309 ], [ -86.032523, 43.331235 ], [ -86.032568, 43.33135 ], [ -86.032695, 43.331438 ], [ -86.03259, 43.331515 ], [ -86.032364, 43.331504 ], [ -86.032087, 43.33141 ], [ -86.031675, 43.331212 ], [ -86.031562, 43.331184 ], [ -86.031517, 43.331228 ], [ -86.031554, 43.331541 ], [ -86.031448, 43.331563 ], [ -86.031013, 43.331562 ], [ -86.030756, 43.332111 ], [ -86.030538, 43.332243 ], [ -86.030208, 43.332347 ], [ -86.030132, 43.332583 ], [ -86.030093, 43.333209 ], [ -86.030055, 43.33339 ], [ -86.029769, 43.333516 ], [ -86.029544, 43.33345 ], [ -86.029477, 43.333302 ], [ -86.029462, 43.333115 ], [ -86.029501, 43.332846 ], [ -86.029621, 43.332637 ], [ -86.029471, 43.332604 ], [ -86.029223, 43.332653 ], [ -86.028832, 43.332861 ], [ -86.028795, 43.332999 ], [ -86.029124, 43.333296 ], [ -86.029078, 43.333455 ], [ -86.028936, 43.333466 ], [ -86.028756, 43.333372 ], [ -86.028561, 43.333202 ], [ -86.028449, 43.333141 ], [ -86.028291, 43.333146 ], [ -86.028193, 43.333212 ], [ -86.028118, 43.333366 ], [ -86.028087, 43.333811 ], [ -86.028101, 43.334069 ], [ -86.02795, 43.334151 ], [ -86.02771, 43.334239 ], [ -86.027574, 43.334442 ], [ -86.027611, 43.334793 ], [ -86.02773, 43.335052 ], [ -86.027662, 43.335304 ], [ -86.027684, 43.335485 ], [ -86.027781, 43.335491 ], [ -86.028067, 43.335414 ], [ -86.028217, 43.33547 ], [ -86.028247, 43.335585 ], [ -86.028216, 43.335898 ], [ -86.02829, 43.336096 ], [ -86.028447, 43.336288 ], [ -86.028717, 43.33647 ], [ -86.028979, 43.336701 ], [ -86.028934, 43.336844 ], [ -86.028761, 43.336981 ], [ -86.028453, 43.337107 ], [ -86.028437, 43.337337 ], [ -86.028744, 43.337733 ], [ -86.028668, 43.33781 ], [ -86.028383, 43.337793 ], [ -86.028158, 43.337721 ], [ -86.027918, 43.337677 ], [ -86.027738, 43.337721 ], [ -86.02776, 43.337858 ], [ -86.027954, 43.338199 ], [ -86.027968, 43.338638 ], [ -86.02793, 43.338754 ], [ -86.027817, 43.338836 ], [ -86.027742, 43.338841 ], [ -86.027502, 43.338759 ], [ -86.02739, 43.338671 ], [ -86.027299, 43.338709 ], [ -86.027299, 43.338835 ], [ -86.027433, 43.339116 ], [ -86.027418, 43.339324 ], [ -86.027485, 43.339418 ], [ -86.027972, 43.339564 ], [ -86.028242, 43.339913 ], [ -86.027813, 43.340171 ], [ -86.027768, 43.34027 ], [ -86.02779, 43.340594 ], [ -86.027691, 43.340758 ], [ -86.027706, 43.340846 ], [ -86.028126, 43.341039 ], [ -86.028163, 43.34116 ], [ -86.028268, 43.34122 ], [ -86.028426, 43.341226 ], [ -86.028643, 43.341309 ], [ -86.028666, 43.341364 ], [ -86.028538, 43.341534 ], [ -86.028371, 43.341874 ], [ -86.028266, 43.341951 ], [ -86.028071, 43.341995 ], [ -86.027868, 43.342099 ], [ -86.0278, 43.34228 ], [ -86.027753, 43.342703 ], [ -86.027828, 43.34289 ], [ -86.02803, 43.343208 ], [ -86.027984, 43.343637 ], [ -86.027938, 43.343791 ], [ -86.02778, 43.343944 ], [ -86.027299, 43.344075 ], [ -86.027134, 43.344169 ], [ -86.026998, 43.344372 ], [ -86.02696, 43.344487 ], [ -86.026877, 43.344509 ], [ -86.026509, 43.344519 ], [ -86.026322, 43.344568 ], [ -86.026254, 43.344689 ], [ -86.026336, 43.344887 ], [ -86.026665, 43.345206 ], [ -86.026732, 43.345338 ], [ -86.026755, 43.345426 ], [ -86.026694, 43.345607 ], [ -86.026619, 43.345684 ], [ -86.026468, 43.345717 ], [ -86.025823, 43.345782 ], [ -86.02568, 43.345902 ], [ -86.025686, 43.346122 ], [ -86.025649, 43.346232 ], [ -86.0251, 43.346495 ], [ -86.024927, 43.346654 ], [ -86.024873, 43.347005 ], [ -86.024805, 43.347132 ], [ -86.02434, 43.347114 ], [ -86.024332, 43.347246 ], [ -86.024399, 43.347323 ], [ -86.024766, 43.347587 ], [ -86.024833, 43.347708 ], [ -86.02475, 43.347878 ], [ -86.024622, 43.348049 ], [ -86.024441, 43.348224 ], [ -86.024291, 43.348262 ], [ -86.023908, 43.348273 ], [ -86.02351, 43.348217 ], [ -86.023097, 43.348244 ], [ -86.022774, 43.348315 ], [ -86.022616, 43.348496 ], [ -86.02245, 43.348765 ], [ -86.022329, 43.349073 ], [ -86.022291, 43.34927 ], [ -86.021943, 43.349956 ], [ -86.021792, 43.350357 ], [ -86.021649, 43.350621 ], [ -86.021603, 43.350654 ], [ -86.02146, 43.350785 ], [ -86.021378, 43.350824 ], [ -86.02128, 43.350829 ], [ -86.021108, 43.350741 ], [ -86.020921, 43.350515 ], [ -86.020861, 43.350372 ], [ -86.020831, 43.350202 ], [ -86.020847, 43.350048 ], [ -86.020787, 43.349955 ], [ -86.020675, 43.349916 ], [ -86.020472, 43.350009 ], [ -86.020433, 43.350224 ], [ -86.020463, 43.35046 ], [ -86.020425, 43.35057 ], [ -86.020297, 43.350668 ], [ -86.019929, 43.350657 ], [ -86.019847, 43.350602 ], [ -86.019802, 43.35047 ], [ -86.019817, 43.350316 ], [ -86.01969, 43.35019 ], [ -86.01948, 43.350173 ], [ -86.019172, 43.350112 ], [ -86.01885, 43.349854 ], [ -86.018513, 43.349672 ], [ -86.018392, 43.349792 ], [ -86.018392, 43.350012 ], [ -86.018436, 43.350133 ], [ -86.018436, 43.350303 ], [ -86.018368, 43.350441 ], [ -86.01812, 43.350523 ], [ -86.017985, 43.350413 ], [ -86.017985, 43.350303 ], [ -86.018061, 43.34999 ], [ -86.017784, 43.349797 ], [ -86.017544, 43.349791 ], [ -86.017138, 43.349895 ], [ -86.01698, 43.349895 ], [ -86.016478, 43.349576 ], [ -86.016343, 43.349597 ], [ -86.016184, 43.349866 ], [ -86.015823, 43.350113 ], [ -86.015785, 43.350234 ], [ -86.016105, 43.35136 ], [ -86.016029, 43.351503 ], [ -86.015722, 43.351398 ], [ -86.015391, 43.351436 ], [ -86.014993, 43.351534 ], [ -86.014813, 43.351523 ], [ -86.014595, 43.351402 ], [ -86.0144, 43.351248 ], [ -86.014304, 43.351034 ], [ -86.014153, 43.35099 ], [ -86.014078, 43.351094 ], [ -86.014063, 43.35127 ], [ -86.014099, 43.351671 ], [ -86.014068, 43.351808 ], [ -86.014049, 43.351957 ], [ -86.013467, 43.352038 ], [ -86.013136, 43.352158 ], [ -86.012873, 43.352268 ], [ -86.01267, 43.352427 ], [ -86.012362, 43.352541 ], [ -86.012189, 43.352547 ], [ -86.012024, 43.352519 ], [ -86.011918, 43.352612 ], [ -86.011922, 43.352722 ], [ -86.012119, 43.353189 ], [ -86.012471, 43.353453 ], [ -86.012838, 43.353849 ], [ -86.01301, 43.353981 ], [ -86.013198, 43.354064 ], [ -86.013513, 43.354158 ], [ -86.013558, 43.354251 ], [ -86.01355, 43.354411 ], [ -86.013466, 43.354625 ], [ -86.013165, 43.355025 ], [ -86.012962, 43.355074 ], [ -86.012737, 43.354926 ], [ -86.012775, 43.354717 ], [ -86.012956, 43.354459 ], [ -86.012987, 43.354349 ], [ -86.012904, 43.354278 ], [ -86.012807, 43.35425 ], [ -86.012702, 43.354256 ], [ -86.012596, 43.354283 ], [ -86.012431, 43.354382 ], [ -86.012054, 43.354782 ], [ -86.011947, 43.355446 ], [ -86.011842, 43.355512 ], [ -86.011714, 43.355479 ], [ -86.011512, 43.35527 ], [ -86.010979, 43.355138 ], [ -86.01086, 43.354995 ], [ -86.010747, 43.35495 ], [ -86.010687, 43.354961 ], [ -86.010566, 43.355093 ], [ -86.010263, 43.355905 ], [ -86.010113, 43.355982 ], [ -86.009903, 43.355927 ], [ -86.009821, 43.355833 ], [ -86.009859, 43.355537 ], [ -86.009814, 43.355443 ], [ -86.009747, 43.355394 ], [ -86.009544, 43.355333 ], [ -86.009454, 43.355366 ], [ -86.009379, 43.355432 ], [ -86.009115, 43.355854 ], [ -86.008851, 43.356096 ], [ -86.008671, 43.356139 ], [ -86.007672, 43.356231 ], [ -86.00695, 43.356439 ], [ -86.006882, 43.356538 ], [ -86.006859, 43.356675 ], [ -86.006956, 43.356911 ], [ -86.006926, 43.357027 ], [ -86.00682, 43.357076 ], [ -86.006708, 43.357081 ], [ -86.006498, 43.35701 ], [ -86.0064, 43.357009 ], [ -86.006339, 43.357125 ], [ -86.006414, 43.357207 ], [ -86.006737, 43.357394 ], [ -86.006759, 43.357488 ], [ -86.006699, 43.357559 ], [ -86.006194, 43.35785 ], [ -86.006134, 43.357943 ], [ -86.006149, 43.358069 ], [ -86.006306, 43.358234 ], [ -86.006628, 43.358498 ], [ -86.007145, 43.358807 ], [ -86.00713, 43.358922 ], [ -86.006979, 43.358977 ], [ -86.006746, 43.359004 ], [ -86.006536, 43.358998 ], [ -86.006318, 43.359031 ], [ -86.00625, 43.359157 ], [ -86.006438, 43.359261 ], [ -86.006603, 43.359262 ], [ -86.006746, 43.359306 ], [ -86.006685, 43.359399 ], [ -86.006527, 43.359487 ], [ -86.006121, 43.359607 ], [ -86.00598, 43.359633 ], [ -86.005798, 43.359667 ], [ -86.0057, 43.359766 ], [ -86.005685, 43.359837 ], [ -86.00573, 43.359952 ], [ -86.006224, 43.360382 ], [ -86.006359, 43.36053 ], [ -86.006358, 43.360618 ], [ -86.006215, 43.360662 ], [ -86.005653, 43.360463 ], [ -86.005525, 43.360458 ], [ -86.005202, 43.360638 ], [ -86.005276, 43.360732 ], [ -86.005464, 43.360727 ], [ -86.005892, 43.36076 ], [ -86.00611, 43.360821 ], [ -86.006342, 43.360964 ], [ -86.006402, 43.361079 ], [ -86.006409, 43.361266 ], [ -86.006242, 43.361799 ], [ -86.006053, 43.362216 ], [ -86.005993, 43.362276 ], [ -86.00585, 43.362293 ], [ -86.005084, 43.362066 ], [ -86.004919, 43.362066 ], [ -86.004709, 43.36211 ], [ -86.004461, 43.362214 ], [ -86.00428, 43.362323 ], [ -86.004144, 43.362466 ], [ -86.003977, 43.363202 ], [ -86.003826, 43.36341 ], [ -86.003638, 43.363547 ], [ -86.003374, 43.36364 ], [ -86.003179, 43.363667 ], [ -86.003021, 43.363634 ], [ -86.002902, 43.363568 ], [ -86.002774, 43.363573 ], [ -86.002698, 43.363645 ], [ -86.002562, 43.363963 ], [ -86.002419, 43.364034 ], [ -86.002345, 43.363858 ], [ -86.002233, 43.363737 ], [ -86.002045, 43.3636 ], [ -86.001655, 43.363555 ], [ -86.00131, 43.363472 ], [ -86.00107, 43.363378 ], [ -86.000822, 43.363356 ], [ -86.000641, 43.363433 ], [ -86.000641, 43.363647 ], [ -86.000851, 43.363746 ], [ -86.001414, 43.363818 ], [ -86.001541, 43.363879 ], [ -86.00163, 43.364341 ], [ -86.001577, 43.364511 ], [ -86.001351, 43.364483 ], [ -86.001186, 43.364367 ], [ -86.001036, 43.364301 ], [ -86.000788, 43.364394 ], [ -86.00048, 43.364569 ], [ -86.000081, 43.364734 ], [ -85.99984, 43.364751 ], [ -85.999774, 43.364801 ], [ -85.999429, 43.364854 ], [ -85.999361, 43.364882 ], [ -85.999385, 43.364953 ], [ -85.999826, 43.365273 ], [ -85.999822, 43.365548 ], [ -85.999771, 43.365669 ], [ -85.99969, 43.365769 ], [ -85.99951, 43.365792 ], [ -85.999179, 43.365768 ], [ -85.998862, 43.36571 ], [ -85.998622, 43.365706 ], [ -85.998427, 43.36573 ], [ -85.998345, 43.365791 ], [ -85.998384, 43.365873 ], [ -85.998475, 43.365949 ], [ -85.998611, 43.365987 ], [ -85.999078, 43.366021 ], [ -85.999161, 43.366048 ], [ -85.99911, 43.366158 ], [ -85.998421, 43.366367 ], [ -85.998176, 43.36654 ], [ -85.997854, 43.36663 ], [ -85.997666, 43.366621 ], [ -85.997471, 43.36665 ], [ -85.997313, 43.36669 ], [ -85.997142, 43.366796 ], [ -85.997113, 43.366856 ], [ -85.997138, 43.367043 ], [ -85.997261, 43.367229 ], [ -85.997422, 43.367398 ], [ -85.99771, 43.367582 ], [ -85.997923, 43.367745 ], [ -85.997946, 43.367789 ], [ -85.997895, 43.367894 ], [ -85.997626, 43.368028 ], [ -85.997614, 43.368171 ], [ -85.997532, 43.368248 ], [ -85.997398, 43.36831 ], [ -85.997164, 43.36829 ], [ -85.997007, 43.368313 ], [ -85.996986, 43.368407 ], [ -85.997046, 43.368445 ], [ -85.997144, 43.36846 ], [ -85.997483, 43.368469 ], [ -85.997589, 43.368517 ], [ -85.99762, 43.368577 ], [ -85.997606, 43.368649 ], [ -85.997532, 43.368748 ], [ -85.99742, 43.368837 ], [ -85.997437, 43.368936 ], [ -85.997677, 43.369401 ], [ -85.997957, 43.369531 ], [ -85.998064, 43.369634 ], [ -85.99805, 43.369695 ], [ -85.99796, 43.369756 ], [ -85.997766, 43.369818 ], [ -85.997685, 43.369934 ], [ -85.997679, 43.370066 ], [ -85.997758, 43.370312 ], [ -85.997776, 43.370483 ], [ -85.997591, 43.371171 ], [ -85.997542, 43.371474 ], [ -85.997785, 43.371592 ], [ -85.997877, 43.371702 ], [ -85.997833, 43.371779 ], [ -85.997841, 43.37185 ], [ -85.998137, 43.372035 ], [ -85.998244, 43.372144 ], [ -85.998283, 43.372237 ], [ -85.998225, 43.372341 ], [ -85.998089, 43.372343 ], [ -85.997809, 43.372197 ], [ -85.997719, 43.372186 ], [ -85.997607, 43.372281 ], [ -85.997536, 43.372534 ], [ -85.99756, 43.372644 ], [ -85.99766, 43.372824 ], [ -85.997875, 43.37307 ], [ -85.997861, 43.373147 ], [ -85.997669, 43.373417 ], [ -85.997671, 43.373538 ], [ -85.997466, 43.373881 ], [ -85.99743, 43.374024 ], [ -85.997447, 43.374178 ], [ -85.997617, 43.374462 ], [ -85.997604, 43.374583 ], [ -85.997508, 43.374683 ], [ -85.997391, 43.37474 ], [ -85.996957, 43.375191 ], [ -85.996818, 43.375297 ], [ -85.996821, 43.375357 ], [ -85.996971, 43.375473 ], [ -85.997061, 43.375743 ], [ -85.996917, 43.37588 ], [ -85.996525, 43.375868 ], [ -85.996292, 43.375895 ], [ -85.996027, 43.376147 ], [ -85.996132, 43.376318 ], [ -85.996448, 43.376412 ], [ -85.996516, 43.376495 ], [ -85.996237, 43.376566 ], [ -85.996131, 43.376665 ], [ -85.996032, 43.376813 ], [ -85.995715, 43.376961 ], [ -85.995496, 43.377125 ], [ -85.995502, 43.377455 ], [ -85.99569, 43.377791 ], [ -85.995508, 43.377945 ], [ -85.995214, 43.378092 ], [ -85.995228, 43.378268 ], [ -85.995379, 43.378252 ], [ -85.99565, 43.378396 ], [ -85.995338, 43.379165 ], [ -85.995405, 43.37949 ], [ -85.995381, 43.379963 ], [ -85.995213, 43.380353 ], [ -85.999107, 43.380328 ], [ -85.999946, 43.380323 ], [ -86.008708, 43.380529 ], [ -86.009416, 43.380527 ], [ -86.011135, 43.380539 ], [ -86.018485, 43.380591 ], [ -86.018448, 43.381339 ], [ -86.019191, 43.388087 ], [ -86.02018, 43.388045 ], [ -86.028591, 43.387911 ], [ -86.031122, 43.387885 ], [ -86.031415, 43.395294 ], [ -86.026645, 43.395346 ], [ -86.019287, 43.395355 ], [ -86.019155, 43.401567 ], [ -86.019193, 43.403064 ], [ -86.019168, 43.403671 ], [ -86.019047, 43.408189 ], [ -86.019027, 43.409443 ], [ -86.019037, 43.409717 ], [ -86.015469, 43.409702 ], [ -86.009253, 43.409655 ], [ -86.00924, 43.410127 ], [ -86.009189, 43.413268 ], [ -86.009044, 43.420505 ], [ -86.011232, 43.420523 ], [ -86.016111, 43.420534 ], [ -86.019009, 43.42054 ], [ -86.032035, 43.420494 ], [ -86.032331, 43.42049 ], [ -86.039241, 43.420428 ], [ -86.039233, 43.423664 ], [ -86.039232, 43.423964 ], [ -86.039232, 43.424056 ], [ -86.039233, 43.424298 ], [ -86.039236, 43.424657 ], [ -86.039241, 43.425205 ], [ -86.03924, 43.4257 ], [ -86.039236, 43.427361 ], [ -86.039263, 43.427854 ], [ -86.039259, 43.427935 ], [ -86.039272, 43.433373 ], [ -86.039275, 43.433542 ], [ -86.039283, 43.434463 ], [ -86.039305, 43.438498 ], [ -86.039698, 43.438499 ], [ -86.043408, 43.438532 ], [ -86.043481, 43.445053 ], [ -86.043877, 43.445032 ], [ -86.049286, 43.444979 ], [ -86.049228, 43.45304 ], [ -86.049106, 43.455126 ], [ -86.048813, 43.466946 ], [ -86.04879, 43.467559 ], [ -86.048015, 43.46755 ], [ -86.04724, 43.467541 ], [ -86.044924, 43.467502 ], [ -86.042608, 43.467463 ], [ -86.042708, 43.467531 ], [ -86.042897, 43.467581 ], [ -86.043183, 43.467537 ], [ -86.043536, 43.467542 ], [ -86.044221, 43.467779 ], [ -86.044785, 43.467823 ], [ -86.045417, 43.467949 ], [ -86.04583, 43.468114 ], [ -86.045972, 43.468322 ], [ -86.046055, 43.468444 ], [ -86.046241, 43.469267 ], [ -86.046285, 43.469997 ], [ -86.046689, 43.470849 ], [ -86.046613, 43.47109 ], [ -86.046243, 43.471782 ], [ -86.045994, 43.4721 ], [ -86.045834, 43.472589 ], [ -86.045848, 43.473149 ], [ -86.045876, 43.473299 ], [ -86.045915, 43.473505 ], [ -86.046051, 43.473755 ], [ -86.04608, 43.473807 ], [ -86.046294, 43.474133 ], [ -86.046417, 43.474452 ], [ -86.046287, 43.474681 ], [ -86.046204, 43.474772 ], [ -86.046038, 43.474822 ], [ -86.045986, 43.474663 ], [ -86.045835, 43.474629 ], [ -86.045526, 43.474712 ], [ -86.045467, 43.474613 ], [ -86.045339, 43.474552 ], [ -86.045151, 43.474574 ], [ -86.044835, 43.474376 ], [ -86.04421, 43.47448 ], [ -86.04397, 43.474222 ], [ -86.043805, 43.47409 ], [ -86.043512, 43.474062 ], [ -86.043413, 43.474144 ], [ -86.043233, 43.474089 ], [ -86.043082, 43.47415 ], [ -86.043067, 43.474254 ], [ -86.042758, 43.474254 ], [ -86.042601, 43.474204 ], [ -86.042307, 43.474237 ], [ -86.041892, 43.474207 ], [ -86.041579, 43.474167 ], [ -86.041517, 43.474159 ], [ -86.041131, 43.473965 ], [ -86.041044, 43.473971 ], [ -86.040867, 43.474005 ], [ -86.040614, 43.474054 ], [ -86.040351, 43.474025 ], [ -86.04017, 43.474212 ], [ -86.040057, 43.474448 ], [ -86.039906, 43.47458 ], [ -86.039748, 43.474629 ], [ -86.039572, 43.474652 ], [ -86.039575, 43.475433 ], [ -86.039632, 43.481519 ], [ -86.039631, 43.481883 ], [ -86.039668, 43.484638 ], [ -86.044287, 43.484638 ], [ -86.044287, 43.48863 ], [ -86.046008, 43.48863 ], [ -86.046956, 43.488855 ], [ -86.04737, 43.488889 ], [ -86.047799, 43.488856 ], [ -86.048168, 43.488878 ], [ -86.048333, 43.489076 ], [ -86.048353, 43.489118 ], [ -86.048437, 43.48929 ], [ -86.048797, 43.489504 ], [ -86.048894, 43.489851 ], [ -86.049179, 43.490087 ], [ -86.049247, 43.490186 ], [ -86.049744, 43.490093 ], [ -86.050112, 43.49011 ], [ -86.050413, 43.490188 ], [ -86.050969, 43.490606 ], [ -86.05142, 43.490832 ], [ -86.051562, 43.491057 ], [ -86.051712, 43.491228 ], [ -86.051998, 43.491415 ], [ -86.052509, 43.491635 ], [ -86.052771, 43.491866 ], [ -86.053199, 43.492328 ], [ -86.053462, 43.492713 ], [ -86.053634, 43.492795 ], [ -86.053762, 43.492949 ], [ -86.053912, 43.49324 ], [ -86.054107, 43.49335 ], [ -86.054957, 43.493714 ], [ -86.055804, 43.49424 ], [ -86.056016, 43.494269 ], [ -86.056422, 43.494599 ], [ -86.056579, 43.494802 ], [ -86.056549, 43.495022 ], [ -86.056496, 43.495176 ], [ -86.056084, 43.495672 ], [ -86.055797, 43.495863 ], [ -86.055661, 43.496006 ], [ -86.055989, 43.496371 ], [ -86.059256, 43.496351 ], [ -86.059248, 43.497818 ], [ -86.059245, 43.498312 ], [ -86.059245, 43.498708 ], [ -86.059372, 43.498989 ], [ -86.059393, 43.499036 ], [ -86.059375, 43.499629 ], [ -86.059366, 43.499938 ], [ -86.059417, 43.501881 ], [ -86.059429, 43.50285 ], [ -86.059515, 43.506934 ], [ -86.059433, 43.507374 ], [ -86.059423, 43.508555 ], [ -86.059598, 43.510502 ], [ -86.059574, 43.510842 ], [ -86.059541, 43.512574 ], [ -86.059682, 43.513013 ], [ -86.059741, 43.51337 ], [ -86.059932, 43.514019 ], [ -86.059832, 43.514157 ], [ -86.059702, 43.514351 ], [ -86.059583, 43.514599 ], [ -86.059555, 43.514732 ], [ -86.059555, 43.516178 ], [ -86.059522, 43.518217 ], [ -86.059524, 43.519178 ], [ -86.059686, 43.520268 ], [ -86.059569, 43.520247 ], [ -86.059346, 43.520272 ], [ -86.059241, 43.520239 ], [ -86.059128, 43.520168 ], [ -86.058895, 43.520102 ], [ -86.058805, 43.520053 ], [ -86.05885, 43.519701 ], [ -86.058775, 43.519603 ], [ -86.058602, 43.519553 ], [ -86.058421, 43.519543 ], [ -86.058263, 43.519488 ], [ -86.058218, 43.519356 ], [ -86.058195, 43.519119 ], [ -86.058067, 43.518965 ], [ -86.057886, 43.518629 ], [ -86.057494, 43.518359 ], [ -86.057117, 43.518221 ], [ -86.057026, 43.518155 ], [ -86.056702, 43.518094 ], [ -86.056423, 43.51789 ], [ -86.056333, 43.517796 ], [ -86.056293, 43.517746 ], [ -86.05625, 43.517692 ], [ -86.056189, 43.517543 ], [ -86.056159, 43.517389 ], [ -86.056167, 43.517082 ], [ -86.05625, 43.516967 ], [ -86.056431, 43.516807 ], [ -86.056446, 43.516571 ], [ -86.056385, 43.516374 ], [ -86.056302, 43.516237 ], [ -86.056189, 43.516122 ], [ -86.055956, 43.515952 ], [ -86.055835, 43.515694 ], [ -86.055503, 43.515464 ], [ -86.05545, 43.515371 ], [ -86.05545, 43.515256 ], [ -86.055382, 43.515075 ], [ -86.055224, 43.514828 ], [ -86.054915, 43.514433 ], [ -86.054847, 43.514471 ], [ -86.054545, 43.514493 ], [ -86.054492, 43.514439 ], [ -86.054583, 43.514291 ], [ -86.054462, 43.51416 ], [ -86.054422, 43.514072 ], [ -86.054004, 43.514452 ], [ -86.053999, 43.514197 ], [ -86.0501, 43.514297 ], [ -86.050095, 43.514324 ], [ -86.049964, 43.514321 ], [ -86.04949, 43.51437 ], [ -86.049354, 43.516311 ], [ -86.049354, 43.516434 ], [ -86.049353, 43.516445 ], [ -86.049354, 43.516557 ], [ -86.049354, 43.516974 ], [ -86.049321, 43.518399 ], [ -86.049269, 43.520866 ], [ -86.049435, 43.522845 ], [ -86.049392, 43.525307 ], [ -86.044241, 43.5253 ], [ -86.039658, 43.525302 ], [ -86.035682, 43.525276 ], [ -86.029787, 43.525283 ], [ -86.029612, 43.528918 ], [ -86.029603, 43.53185 ], [ -86.029589, 43.536198 ], [ -86.02954, 43.539252 ], [ -86.029541, 43.539281 ], [ -86.029545, 43.539428 ], [ -86.029529, 43.539601 ], [ -86.029076, 43.539599 ], [ -86.020256, 43.53967 ], [ -86.020343, 43.539695 ], [ -86.020368, 43.53973 ], [ -86.020344, 43.539796 ], [ -86.020178, 43.539923 ], [ -86.019874, 43.540102 ], [ -86.019735, 43.540178 ], [ -86.019622, 43.540143 ], [ -86.01955, 43.540112 ], [ -86.019654, 43.544095 ], [ -86.019655, 43.552481 ], [ -86.019706, 43.552826 ], [ -86.019704, 43.553276 ], [ -86.017925, 43.553224 ], [ -86.017925, 43.554136 ], [ -86.015084, 43.554131 ], [ -86.009952, 43.554096 ], [ -86.00852, 43.554086 ], [ -86.004621, 43.55406 ], [ -86.003634, 43.554085 ], [ -85.999731, 43.554102 ], [ -85.996528, 43.554116 ], [ -85.994993, 43.554154 ], [ -85.99314, 43.554105 ], [ -85.989821, 43.554114 ], [ -85.989827, 43.561869 ], [ -85.989699, 43.561861 ], [ -85.989559, 43.560983 ], [ -85.98012, 43.561083 ], [ -85.979945, 43.561085 ], [ -85.979789, 43.55755 ], [ -85.975182, 43.557541 ], [ -85.974978, 43.55754 ], [ -85.969919, 43.557517 ], [ -85.969918, 43.557435 ], [ -85.969901, 43.556078 ], [ -85.969876, 43.554072 ], [ -85.964716, 43.554075 ], [ -85.964876, 43.55743 ], [ -85.959998, 43.557498 ], [ -85.955336, 43.557562 ], [ -85.954966, 43.557613 ], [ -85.954982, 43.557985 ], [ -85.954982, 43.558522 ], [ -85.954982, 43.563344 ], [ -85.954902, 43.563376 ], [ -85.954723, 43.563515 ], [ -85.954736, 43.564722 ], [ -85.953916, 43.564864 ], [ -85.953893, 43.565974 ], [ -85.953875, 43.56684 ], [ -85.953861, 43.567524 ], [ -85.953839, 43.568563 ], [ -85.953328, 43.568567 ], [ -85.950015, 43.568554 ], [ -85.949994, 43.570631 ], [ -85.949982, 43.574434 ], [ -85.950018, 43.576262 ], [ -85.950073, 43.577487 ], [ -85.950082, 43.578052 ], [ -85.950044, 43.578557 ], [ -85.949997, 43.579851 ], [ -85.949999, 43.583164 ], [ -85.947012, 43.583169 ], [ -85.944964, 43.583135 ], [ -85.944804, 43.586495 ], [ -85.940643, 43.586453 ], [ -85.940242, 43.586434 ], [ -85.940234, 43.587479 ], [ -85.940219, 43.589251 ], [ -85.940201, 43.59156 ], [ -85.940195, 43.592376 ], [ -85.940194, 43.592509 ], [ -85.940192, 43.592669 ], [ -85.940198, 43.59278 ], [ -85.940259, 43.593832 ], [ -85.94026, 43.593851 ], [ -85.94023, 43.59416 ], [ -85.940192, 43.594476 ], [ -85.940208, 43.595485 ], [ -85.940222, 43.595866 ], [ -85.940305, 43.597282 ], [ -85.940309, 43.599012 ], [ -85.940283, 43.600112 ], [ -85.940333, 43.600939 ], [ -85.940343, 43.601108 ], [ -85.940369, 43.601649 ], [ -85.94034, 43.603151 ], [ -85.940323, 43.603549 ], [ -85.940355, 43.60431 ], [ -85.940404, 43.604633 ], [ -85.940403, 43.605015 ], [ -85.940397, 43.605055 ], [ -85.940336, 43.605441 ], [ -85.940325, 43.605743 ], [ -85.940307, 43.606315 ], [ -85.940324, 43.607532 ], [ -85.940332, 43.608106 ], [ -85.940338, 43.608545 ], [ -85.940343, 43.608875 ], [ -85.940351, 43.609433 ], [ -85.940367, 43.610533 ], [ -85.940367, 43.611262 ], [ -85.940367, 43.611447 ], [ -85.940367, 43.611745 ], [ -85.940367, 43.612747 ], [ -85.940367, 43.613838 ], [ -85.940366, 43.618661 ], [ -85.940331, 43.619982 ], [ -85.940342, 43.62155 ], [ -85.940298, 43.622875 ], [ -85.94032, 43.625742 ], [ -85.940336, 43.626018 ], [ -85.940361, 43.626135 ], [ -85.940381, 43.627519 ], [ -85.94039, 43.627732 ], [ -85.940426, 43.632055 ], [ -85.940395, 43.6331 ], [ -85.940353, 43.633257 ], [ -85.940173, 43.633354 ], [ -85.937271, 43.633328 ], [ -85.936671, 43.633323 ], [ -85.936286, 43.63332 ], [ -85.935561, 43.633269 ], [ -85.933716, 43.633313 ], [ -85.929679, 43.633275 ], [ -85.927577, 43.633321 ], [ -85.924465, 43.633341 ], [ -85.924544, 43.633816 ], [ -85.924325, 43.634003 ], [ -85.924084, 43.63402 ], [ -85.923533, 43.634467 ], [ -85.923134, 43.634995 ], [ -85.922388, 43.635679 ], [ -85.922419, 43.635778 ], [ -85.922586, 43.636008 ], [ -85.922465, 43.63614 ], [ -85.922149, 43.636422 ], [ -85.921975, 43.636526 ], [ -85.921824, 43.636483 ], [ -85.92165, 43.636527 ], [ -85.920911, 43.637089 ], [ -85.920943, 43.639652 ], [ -85.92095, 43.640219 ], [ -85.920847, 43.640218 ], [ -85.920743, 43.640218 ], [ -85.920238, 43.640215 ], [ -85.91978, 43.640212 ], [ -85.91885, 43.640207 ], [ -85.917619, 43.6402 ], [ -85.900392, 43.640229 ], [ -85.900464, 43.641556 ], [ -85.900489, 43.642023 ], [ -85.900496, 43.642659 ], [ -85.900518, 43.643076 ], [ -85.900386, 43.643492 ], [ -85.900183, 43.643686 ], [ -85.89978, 43.643916 ], [ -85.89918, 43.644176 ], [ -85.899043, 43.644337 ], [ -85.898762, 43.644706 ], [ -85.896547, 43.648326 ], [ -85.896466, 43.648459 ], [ -85.895977, 43.649206 ], [ -85.895806, 43.64943 ], [ -85.895715, 43.649719 ], [ -85.895339, 43.650912 ], [ -85.895249, 43.651214 ], [ -85.895137, 43.651716 ], [ -85.895239, 43.652264 ], [ -85.895397, 43.652801 ], [ -85.895524, 43.653102 ], [ -85.895866, 43.653712 ], [ -85.897976, 43.656444 ], [ -85.899594, 43.658731 ], [ -85.900532, 43.65992 ], [ -85.90086, 43.660471 ], [ -85.900891, 43.661524 ], [ -85.900832, 43.665668 ], [ -85.900822, 43.669428 ], [ -85.900796, 43.674516 ], [ -85.900769, 43.675345 ], [ -85.900767, 43.67632 ], [ -85.900767, 43.676474 ], [ -85.900907, 43.676984 ], [ -85.900448, 43.676919 ], [ -85.900175, 43.67698 ], [ -85.899964, 43.677239 ], [ -85.899647, 43.677377 ], [ -85.899474, 43.677608 ], [ -85.899383, 43.677796 ], [ -85.899255, 43.677873 ], [ -85.898975, 43.677895 ], [ -85.89781, 43.677732 ], [ -85.897492, 43.677744 ], [ -85.897371, 43.677887 ], [ -85.897115, 43.678019 ], [ -85.896698, 43.67802 ], [ -85.896668, 43.677996 ], [ -85.896486, 43.67785 ], [ -85.896659, 43.677377 ], [ -85.895985, 43.677229 ], [ -85.895319, 43.676939 ], [ -85.895061, 43.67678 ], [ -85.894909, 43.676604 ], [ -85.894817, 43.676274 ], [ -85.894598, 43.676187 ], [ -85.894334, 43.676385 ], [ -85.894137, 43.67644 ], [ -85.893675, 43.676144 ], [ -85.893589, 43.676147 ], [ -85.893297, 43.676156 ], [ -85.892646, 43.676305 ], [ -85.892359, 43.676306 ], [ -85.891996, 43.676246 ], [ -85.891134, 43.676396 ], [ -85.890992, 43.67716 ], [ -85.890841, 43.677265 ], [ -85.890773, 43.677397 ], [ -85.890766, 43.677645 ], [ -85.890668, 43.677689 ], [ -85.890661, 43.677909 ], [ -85.890752, 43.678024 ], [ -85.891063, 43.678177 ], [ -85.891154, 43.678309 ], [ -85.891064, 43.678474 ], [ -85.89092, 43.678585 ], [ -85.890951, 43.678738 ], [ -85.890936, 43.678925 ], [ -85.890755, 43.679036 ], [ -85.890695, 43.679168 ], [ -85.890688, 43.679465 ], [ -85.890537, 43.679679 ], [ -85.890546, 43.680158 ], [ -85.890244, 43.680422 ], [ -85.889957, 43.680434 ], [ -85.889632, 43.680544 ], [ -85.889315, 43.680693 ], [ -85.889135, 43.680736 ], [ -85.888763, 43.680826 ], [ -85.888529, 43.680969 ], [ -85.888408, 43.681305 ], [ -85.888422, 43.681496 ], [ -85.888424, 43.68153 ], [ -85.888379, 43.681695 ], [ -85.888168, 43.681844 ], [ -85.887994, 43.681927 ], [ -85.887241, 43.683105 ], [ -85.886999, 43.683221 ], [ -85.886583, 43.68337 ], [ -85.886637, 43.683617 ], [ -85.886728, 43.683727 ], [ -85.886713, 43.683985 ], [ -85.886616, 43.684255 ], [ -85.886707, 43.684414 ], [ -85.886851, 43.684552 ], [ -85.887033, 43.684837 ], [ -85.887156, 43.685238 ], [ -85.887262, 43.685409 ], [ -85.887497, 43.685562 ], [ -85.887709, 43.685749 ], [ -85.887717, 43.685941 ], [ -85.887468, 43.686101 ], [ -85.887196, 43.686355 ], [ -85.887008, 43.6868 ], [ -85.886791, 43.687471 ], [ -85.886874, 43.687653 ], [ -85.886909, 43.687865 ], [ -85.886936, 43.688027 ], [ -85.88705, 43.688246 ], [ -85.887482, 43.68862 ], [ -85.887498, 43.688894 ], [ -85.887355, 43.68923 ], [ -85.887266, 43.689582 ], [ -85.887433, 43.689785 ], [ -85.887591, 43.689692 ], [ -85.887954, 43.689658 ], [ -85.888259, 43.690339 ], [ -85.888259, 43.690565 ], [ -85.888101, 43.690615 ], [ -85.887942, 43.690868 ], [ -85.888133, 43.691285 ], [ -85.888088, 43.691423 ], [ -85.888144, 43.691468 ], [ -85.888217, 43.691527 ], [ -85.888383, 43.691549 ], [ -85.888448, 43.691608 ], [ -85.888649, 43.69179 ], [ -85.888687, 43.691983 ], [ -85.888498, 43.692115 ], [ -85.888628, 43.692533 ], [ -85.888507, 43.692626 ], [ -85.888495, 43.692703 ], [ -85.888455, 43.692962 ], [ -85.888536, 43.693039 ], [ -85.888622, 43.693121 ], [ -85.888721, 43.693407 ], [ -85.888729, 43.693632 ], [ -85.88879, 43.693676 ], [ -85.888934, 43.693621 ], [ -85.889123, 43.693736 ], [ -85.889176, 43.693742 ], [ -85.889335, 43.693642 ], [ -85.889547, 43.693747 ], [ -85.889683, 43.693856 ], [ -85.889925, 43.693861 ], [ -85.889963, 43.693933 ], [ -85.889828, 43.694021 ], [ -85.889753, 43.694302 ], [ -85.89026, 43.694581 ], [ -85.89057, 43.694399 ], [ -85.890805, 43.69447 ], [ -85.890851, 43.694778 ], [ -85.89101, 43.694915 ], [ -85.891223, 43.694992 ], [ -85.891473, 43.695124 ], [ -85.891556, 43.695311 ], [ -85.891413, 43.695509 ], [ -85.891307, 43.69552 ], [ -85.89127, 43.695734 ], [ -85.891445, 43.695932 ], [ -85.891468, 43.696075 ], [ -85.89134, 43.696323 ], [ -85.891423, 43.696498 ], [ -85.891552, 43.696564 ], [ -85.89159, 43.696757 ], [ -85.89169, 43.697262 ], [ -85.891683, 43.697433 ], [ -85.891403, 43.697472 ], [ -85.891356, 43.697605 ], [ -85.883235, 43.697713 ], [ -85.882666, 43.69771 ], [ -85.881295, 43.697697 ], [ -85.87981, 43.697699 ], [ -85.878812, 43.6977 ], [ -85.866915, 43.697713 ], [ -85.864978, 43.697715 ], [ -85.86436, 43.697716 ], [ -85.862702, 43.697718 ], [ -85.861907, 43.697718 ], [ -85.859622, 43.697721 ], [ -85.858823, 43.697722 ], [ -85.858373, 43.697723 ], [ -85.857675, 43.697724 ], [ -85.851622, 43.697731 ], [ -85.850357, 43.697732 ], [ -85.848943, 43.697734 ], [ -85.848296, 43.697734 ], [ -85.84765, 43.697735 ], [ -85.847116, 43.697727 ], [ -85.846751, 43.697721 ], [ -85.831574, 43.697492 ], [ -85.831389, 43.697491 ], [ -85.827785, 43.697467 ], [ -85.822649, 43.697539 ], [ -85.822517, 43.697541 ], [ -85.822027, 43.697548 ], [ -85.820521, 43.697569 ], [ -85.819343, 43.697586 ], [ -85.819351, 43.69768 ], [ -85.819773, 43.702355 ], [ -85.820008, 43.70496 ], [ -85.820061, 43.705549 ], [ -85.820095, 43.705926 ], [ -85.817416, 43.70592 ], [ -85.8171, 43.70595 ], [ -85.817757, 43.707413 ], [ -85.817828, 43.707591 ], [ -85.817884, 43.707762 ], [ -85.817929, 43.707956 ], [ -85.817959, 43.708154 ], [ -85.817991, 43.708538 ], [ -85.817968, 43.711282 ], [ -85.817952, 43.71323 ], [ -85.817948, 43.715733 ], [ -85.817906, 43.718733 ], [ -85.816309, 43.719758 ], [ -85.815177, 43.720418 ], [ -85.814395, 43.720713 ], [ -85.813758, 43.720834 ], [ -85.813583, 43.720845 ], [ -85.813301, 43.720836 ], [ -85.812618, 43.720799 ], [ -85.810278, 43.720635 ], [ -85.810067, 43.720622 ], [ -85.809098, 43.72056 ], [ -85.809076, 43.72056 ], [ -85.806875, 43.720577 ], [ -85.806488, 43.72058 ], [ -85.801553, 43.720616 ], [ -85.800297, 43.720614 ], [ -85.795074, 43.720652 ], [ -85.791338, 43.720679 ], [ -85.790103, 43.720688 ], [ -85.787934, 43.720716 ], [ -85.782064, 43.720792 ], [ -85.78187, 43.720794 ], [ -85.780942, 43.720807 ], [ -85.776153, 43.720853 ], [ -85.765013, 43.721029 ], [ -85.761147, 43.721088 ], [ -85.761029, 43.72136 ], [ -85.761016, 43.728105 ], [ -85.760313, 43.72808 ], [ -85.753442, 43.728134 ], [ -85.746733, 43.728167 ], [ -85.745594, 43.728168 ], [ -85.741444, 43.728195 ], [ -85.7412, 43.728165 ], [ -85.741133, 43.728204 ], [ -85.741001, 43.72863 ], [ -85.74096, 43.731612 ], [ -85.74113, 43.733025 ], [ -85.741164, 43.735155 ], [ -85.740753, 43.739973 ], [ -85.742388, 43.741692 ], [ -85.742721, 43.741978 ], [ -85.74302, 43.742078 ], [ -85.743571, 43.742169 ], [ -85.743893, 43.742201 ], [ -85.743928, 43.7423 ], [ -85.741482, 43.742405 ], [ -85.7414, 43.74241 ], [ -85.73873, 43.742555 ], [ -85.73653, 43.742602 ], [ -85.732841, 43.74268 ], [ -85.732628, 43.742428 ], [ -85.732359, 43.7423 ], [ -85.732253, 43.74215 ], [ -85.732238, 43.742014 ], [ -85.732058, 43.741854 ], [ -85.731565, 43.7417 ], [ -85.731429, 43.741506 ], [ -85.731524, 43.741241 ], [ -85.731448, 43.741112 ], [ -85.731032, 43.741109 ], [ -85.730772, 43.741247 ], [ -85.730593, 43.741161 ], [ -85.730318, 43.741325 ], [ -85.730219, 43.741023 ], [ -85.73027, 43.740849 ], [ -85.73026, 43.740607 ], [ -85.73017, 43.740521 ], [ -85.729606, 43.740605 ], [ -85.729501, 43.740536 ], [ -85.729614, 43.740475 ], [ -85.729735, 43.7402 ], [ -85.729431, 43.739816 ], [ -85.729438, 43.739645 ], [ -85.729203, 43.739508 ], [ -85.728839, 43.739382 ], [ -85.72868, 43.739476 ], [ -85.72846, 43.739564 ], [ -85.728134, 43.739377 ], [ -85.728028, 43.739356 ], [ -85.727907, 43.739229 ], [ -85.727997, 43.739125 ], [ -85.727838, 43.738993 ], [ -85.727845, 43.738812 ], [ -85.727595, 43.738608 ], [ -85.727617, 43.738389 ], [ -85.727457, 43.738103 ], [ -85.727441, 43.737867 ], [ -85.727357, 43.737559 ], [ -85.72691, 43.737521 ], [ -85.726539, 43.737417 ], [ -85.726364, 43.737329 ], [ -85.726016, 43.737373 ], [ -85.725864, 43.737313 ], [ -85.725773, 43.73717 ], [ -85.725629, 43.737132 ], [ -85.725318, 43.736863 ], [ -85.725007, 43.736929 ], [ -85.724833, 43.73688 ], [ -85.724621, 43.736968 ], [ -85.724341, 43.737029 ], [ -85.724227, 43.736957 ], [ -85.724083, 43.736804 ], [ -85.724022, 43.736468 ], [ -85.723756, 43.736414 ], [ -85.723537, 43.736408 ], [ -85.723423, 43.736304 ], [ -85.723339, 43.736172 ], [ -85.722975, 43.73592 ], [ -85.72268, 43.735986 ], [ -85.722566, 43.736036 ], [ -85.722415, 43.73619 ], [ -85.722219, 43.736333 ], [ -85.722082, 43.736289 ], [ -85.722067, 43.736113 ], [ -85.722021, 43.735992 ], [ -85.721832, 43.73597 ], [ -85.721521, 43.735762 ], [ -85.720899, 43.735746 ], [ -85.720748, 43.735696 ], [ -85.720778, 43.73551 ], [ -85.720528, 43.735482 ], [ -85.720331, 43.735532 ], [ -85.720111, 43.735499 ], [ -85.719899, 43.735582 ], [ -85.719809, 43.735714 ], [ -85.71943, 43.73556 ], [ -85.719127, 43.735544 ], [ -85.719127, 43.735802 ], [ -85.718832, 43.735737 ], [ -85.718605, 43.735797 ], [ -85.718613, 43.736056 ], [ -85.718553, 43.736309 ], [ -85.718061, 43.736364 ], [ -85.717939, 43.736315 ], [ -85.717924, 43.736166 ], [ -85.717719, 43.736123 ], [ -85.71756, 43.735963 ], [ -85.717181, 43.735821 ], [ -85.716795, 43.735821 ], [ -85.715779, 43.73563 ], [ -85.715537, 43.735679 ], [ -85.715371, 43.7358 ], [ -85.715159, 43.735757 ], [ -85.715, 43.735889 ], [ -85.715084, 43.736207 ], [ -85.715032, 43.736548 ], [ -85.714911, 43.736697 ], [ -85.714729, 43.736603 ], [ -85.714517, 43.736824 ], [ -85.714374, 43.737044 ], [ -85.714071, 43.737093 ], [ -85.713844, 43.737099 ], [ -85.713757, 43.737159 ], [ -85.7137, 43.737198 ], [ -85.71383, 43.737572 ], [ -85.713989, 43.737742 ], [ -85.714315, 43.737852 ], [ -85.714172, 43.738011 ], [ -85.714005, 43.738022 ], [ -85.713952, 43.738149 ], [ -85.713786, 43.738286 ], [ -85.713688, 43.738462 ], [ -85.713628, 43.73871 ], [ -85.713492, 43.738919 ], [ -85.71347, 43.739215 ], [ -85.71313, 43.739606 ], [ -85.71307, 43.739952 ], [ -85.713093, 43.740134 ], [ -85.712587, 43.740585 ], [ -85.712474, 43.740871 ], [ -85.71224, 43.741041 ], [ -85.712111, 43.741212 ], [ -85.711907, 43.741207 ], [ -85.711687, 43.741344 ], [ -85.711627, 43.741542 ], [ -85.711514, 43.741587 ], [ -85.711408, 43.74163 ], [ -85.711143, 43.741916 ], [ -85.711083, 43.742142 ], [ -85.710992, 43.742175 ], [ -85.710841, 43.742164 ], [ -85.710598, 43.742098 ], [ -85.710372, 43.742335 ], [ -85.710274, 43.7425 ], [ -85.710214, 43.742875 ], [ -85.70142, 43.742755 ], [ -85.7015, 43.750014 ], [ -85.701428, 43.750194 ], [ -85.701469, 43.75317 ], [ -85.701607, 43.757234 ], [ -85.701618, 43.757895 ], [ -85.701655, 43.760004 ], [ -85.701655, 43.760088 ], [ -85.701648, 43.761555 ], [ -85.70172, 43.769064 ], [ -85.701806, 43.769792 ], [ -85.701819, 43.770714 ], [ -85.701761, 43.771624 ], [ -85.701814, 43.77178 ], [ -85.701905, 43.771988 ], [ -85.701958, 43.772345 ], [ -85.701973, 43.772631 ], [ -85.701905, 43.772851 ], [ -85.701776, 43.773071 ], [ -85.70167, 43.773224 ], [ -85.701647, 43.773472 ], [ -85.70175, 43.773887 ], [ -85.701821, 43.77423 ], [ -85.701942, 43.774697 ], [ -85.701927, 43.775043 ], [ -85.701929, 43.775294 ], [ -85.70179, 43.775521 ], [ -85.70173, 43.775677 ], [ -85.701621, 43.775904 ], [ -85.701405, 43.776067 ], [ -85.701257, 43.776202 ], [ -85.700932, 43.776443 ], [ -85.700234, 43.776832 ], [ -85.699438, 43.776957 ], [ -85.698514, 43.776532 ], [ -85.696573, 43.776279 ], [ -85.69476, 43.777218 ], [ -85.694282, 43.77786 ], [ -85.693326, 43.778613 ], [ -85.692681, 43.779189 ], [ -85.691983, 43.779645 ], [ -85.690876, 43.77966 ], [ -85.687062, 43.779239 ], [ -85.68672, 43.779392 ], [ -85.686493, 43.779634 ], [ -85.686348, 43.779935 ], [ -85.686143, 43.780189 ], [ -85.685658, 43.780287 ], [ -85.685271, 43.780403 ], [ -85.685026, 43.780725 ], [ -85.684793, 43.780898 ], [ -85.684487, 43.781141 ], [ -85.684103, 43.781284 ], [ -85.683799, 43.781225 ], [ -85.683359, 43.781155 ], [ -85.682648, 43.781025 ], [ -85.681766, 43.780893 ], [ -85.681737, 43.786237 ], [ -85.688536, 43.786268 ], [ -85.701514, 43.786356 ], [ -85.707712, 43.786264 ], [ -85.71414, 43.786228 ], [ -85.714025, 43.786963 ], [ -85.713706, 43.787336 ], [ -85.713523, 43.787759 ], [ -85.713689, 43.788034 ], [ -85.71388, 43.788685 ], [ -85.713742, 43.788882 ], [ -85.713639, 43.789166 ], [ -85.713524, 43.789312 ], [ -85.71346, 43.789578 ], [ -85.713459, 43.789734 ], [ -85.713521, 43.789891 ], [ -85.713673, 43.789983 ], [ -85.713799, 43.790066 ], [ -85.713829, 43.790705 ], [ -85.713884, 43.790928 ], [ -85.714073, 43.79114 ], [ -85.714315, 43.791342 ], [ -85.714514, 43.791508 ], [ -85.714779, 43.791711 ], [ -85.715234, 43.792024 ], [ -85.715752, 43.792264 ], [ -85.716099, 43.792302 ], [ -85.716251, 43.792365 ], [ -85.716753, 43.792393 ], [ -85.717623, 43.792686 ], [ -85.717905, 43.792874 ], [ -85.718328, 43.793268 ], [ -85.718585, 43.793593 ], [ -85.719079, 43.793936 ], [ -85.719549, 43.794193 ], [ -85.719878, 43.794467 ], [ -85.720033, 43.795192 ], [ -85.720108, 43.795379 ], [ -85.720584, 43.796351 ], [ -85.720584, 43.796642 ], [ -85.720363, 43.796999 ], [ -85.720249, 43.797422 ], [ -85.720134, 43.798065 ], [ -85.720445, 43.798373 ], [ -85.720672, 43.798726 ], [ -85.720823, 43.799054 ], [ -85.721513, 43.798989 ], [ -85.722226, 43.798984 ], [ -85.722901, 43.798853 ], [ -85.723288, 43.798864 ], [ -85.724168, 43.799282 ], [ -85.725101, 43.799866 ], [ -85.725205, 43.800062 ], [ -85.725171, 43.800452 ], [ -85.727113, 43.8003 ], [ -85.727976, 43.800233 ], [ -85.73039, 43.800044 ], [ -85.739468, 43.79937 ], [ -85.741099, 43.799492 ], [ -85.74205, 43.79954 ], [ -85.744975, 43.799737 ], [ -85.749438, 43.800035 ], [ -85.750167, 43.8001 ], [ -85.750168, 43.800198 ], [ -85.750478, 43.805353 ], [ -85.75056, 43.806542 ], [ -85.750645, 43.808634 ], [ -85.750659, 43.8094 ], [ -85.750683, 43.810012 ], [ -85.751064, 43.812039 ], [ -85.751232, 43.814687 ], [ -85.751104, 43.814693 ], [ -85.750727, 43.814713 ], [ -85.750595, 43.814713 ], [ -85.750467, 43.814713 ], [ -85.750427, 43.814713 ], [ -85.750086, 43.814721 ], [ -85.749959, 43.814724 ], [ -85.749859, 43.814726 ], [ -85.749562, 43.814733 ], [ -85.749512, 43.814735 ], [ -85.749463, 43.814738 ], [ -85.745462, 43.814952 ], [ -85.741231, 43.814961 ], [ -85.738471, 43.814973 ], [ -85.737914, 43.814976 ], [ -85.737516, 43.814968 ], [ -85.737383, 43.814969 ], [ -85.737234, 43.81497 ], [ -85.727644, 43.814993 ], [ -85.726844, 43.815006 ], [ -85.726018, 43.815022 ], [ -85.719965, 43.815285 ], [ -85.714031, 43.815549 ], [ -85.713924, 43.815552 ], [ -85.713679, 43.815562 ], [ -85.713499, 43.815572 ], [ -85.713051, 43.815573 ], [ -85.711567, 43.815569 ], [ -85.709848, 43.815564 ], [ -85.70965, 43.815563 ], [ -85.709461, 43.815563 ], [ -85.706766, 43.81553 ], [ -85.698681, 43.815431 ], [ -85.695986, 43.815399 ], [ -85.69594, 43.815399 ], [ -85.695852, 43.815401 ], [ -85.695802, 43.8154 ], [ -85.695756, 43.8154 ], [ -85.695319, 43.815393 ], [ -85.694765, 43.815393 ], [ -85.693998, 43.815406 ], [ -85.692907, 43.815408 ], [ -85.692742, 43.815409 ], [ -85.691652, 43.815432 ], [ -85.690651, 43.815437 ], [ -85.68985, 43.815461 ], [ -85.688745, 43.815462 ], [ -85.687783, 43.815481 ], [ -85.687087, 43.815485 ], [ -85.686634, 43.815503 ], [ -85.686026, 43.815513 ], [ -85.685673, 43.815508 ], [ -85.684979, 43.815518 ], [ -85.684364, 43.815533 ], [ -85.684334, 43.815534 ], [ -85.683226, 43.815533 ], [ -85.682651, 43.815542 ], [ -85.681666, 43.815534 ], [ -85.681516, 43.81553 ], [ -85.681526, 43.817819 ], [ -85.681527, 43.8179 ], [ -85.681521, 43.818546 ], [ -85.681492, 43.819017 ], [ -85.681483, 43.819655 ], [ -85.681537, 43.821826 ], [ -85.681569, 43.824685 ], [ -85.681595, 43.826975 ], [ -85.681606, 43.827153 ], [ -85.681609, 43.82748 ], [ -85.681649, 43.82801 ], [ -85.681651, 43.828277 ], [ -85.681621, 43.828555 ], [ -85.681617, 43.828569 ], [ -85.681569, 43.82879 ], [ -85.681541, 43.829105 ], [ -85.681548, 43.829533 ], [ -85.681579, 43.829847 ], [ -85.681589, 43.83015 ], [ -85.681609, 43.830454 ], [ -85.681587, 43.831225 ], [ -85.681598, 43.831684 ], [ -85.681637, 43.83207 ], [ -85.681648, 43.832283 ], [ -85.681621, 43.833008 ], [ -85.681625, 43.833062 ], [ -85.681617, 43.83329 ], [ -85.681617, 43.833351 ], [ -85.681631, 43.834273 ], [ -85.681625, 43.834949 ], [ -85.681624, 43.835061 ], [ -85.681644, 43.835386 ], [ -85.681702, 43.835873 ], [ -85.681698, 43.836052 ], [ -85.681658, 43.836505 ], [ -85.681653, 43.836697 ], [ -85.681646, 43.837028 ], [ -85.681637, 43.837136 ], [ -85.68153, 43.837128 ], [ -85.681442, 43.837122 ], [ -85.681212, 43.837117 ], [ -85.681106, 43.837116 ], [ -85.680628, 43.837107 ], [ -85.680277, 43.837107 ], [ -85.679321, 43.837117 ], [ -85.678685, 43.837124 ], [ -85.678529, 43.837121 ], [ -85.678161, 43.837104 ], [ -85.676549, 43.837104 ], [ -85.676346, 43.837111 ], [ -85.675984, 43.837146 ], [ -85.675851, 43.837152 ], [ -85.675671, 43.837147 ], [ -85.674456, 43.83714 ], [ -85.674063, 43.83712 ], [ -85.673971, 43.83712 ], [ -85.673879, 43.83712 ], [ -85.673694, 43.837126 ], [ -85.673594, 43.837124 ], [ -85.673338, 43.837126 ], [ -85.672486, 43.837122 ], [ -85.672187, 43.837129 ], [ -85.672038, 43.837133 ], [ -85.671029, 43.837127 ], [ -85.670341, 43.837123 ], [ -85.669157, 43.837135 ], [ -85.667557, 43.837114 ], [ -85.667429, 43.837113 ], [ -85.6664, 43.837115 ], [ -85.665671, 43.837116 ], [ -85.665468, 43.837103 ], [ -85.665394, 43.837086 ], [ -85.665256, 43.837037 ], [ -85.665082, 43.836941 ], [ -85.664953, 43.836857 ], [ -85.663583, 43.835792 ], [ -85.663193, 43.835504 ], [ -85.662765, 43.835188 ], [ -85.662432, 43.834968 ], [ -85.662435, 43.835807 ], [ -85.662447, 43.836324 ], [ -85.662467, 43.836841 ], [ -85.662492, 43.837244 ], [ -85.662498, 43.837397 ], [ -85.662509, 43.837648 ], [ -85.662475, 43.838448 ], [ -85.662486, 43.839009 ], [ -85.662485, 43.839207 ], [ -85.662434, 43.84076 ], [ -85.662436, 43.841497 ], [ -85.662417, 43.842624 ], [ -85.662392, 43.843434 ], [ -85.662367, 43.843744 ], [ -85.662338, 43.843936 ], [ -85.662299, 43.844127 ], [ -85.662234, 43.844344 ], [ -85.662155, 43.844558 ], [ -85.662116, 43.844648 ], [ -85.66208, 43.844735 ], [ -85.661994, 43.84491 ], [ -85.661862, 43.845134 ], [ -85.661614, 43.845503 ], [ -85.661291, 43.845945 ], [ -85.661155, 43.84612 ], [ -85.661097, 43.84621 ], [ -85.661055, 43.846295 ], [ -85.661024, 43.846383 ], [ -85.661003, 43.846504 ], [ -85.661007, 43.846565 ], [ -85.661016, 43.846598 ], [ -85.661061, 43.846698 ], [ -85.661083, 43.846737 ], [ -85.661109, 43.846781 ], [ -85.661158, 43.846851 ], [ -85.661204, 43.846903 ], [ -85.66122, 43.846921 ], [ -85.661242, 43.84694 ], [ -85.661295, 43.846985 ], [ -85.661306, 43.846995 ], [ -85.661404, 43.847062 ], [ -85.66147, 43.847101 ], [ -85.661508, 43.847124 ], [ -85.661532, 43.847136 ], [ -85.661658, 43.8472 ], [ -85.661676, 43.847209 ], [ -85.661857, 43.847278 ], [ -85.661935, 43.847296 ], [ -85.662066, 43.847319 ], [ -85.662097, 43.847325 ], [ -85.662166, 43.847355 ], [ -85.662194, 43.847377 ], [ -85.662218, 43.847396 ], [ -85.662249, 43.847429 ], [ -85.662274, 43.847475 ], [ -85.662283, 43.847502 ], [ -85.661274, 43.847581 ], [ -85.657831, 43.847541 ], [ -85.652454, 43.847922 ], [ -85.642412, 43.847969 ], [ -85.64241, 43.851594 ], [ -85.622383, 43.851613 ], [ -85.622415, 43.858924 ], [ -85.622414, 43.860583 ], [ -85.622413, 43.86556 ], [ -85.622413, 43.86722 ], [ -85.622412, 43.868452 ], [ -85.622412, 43.870083 ], [ -85.622412, 43.870385 ], [ -85.622442, 43.871582 ], [ -85.622443, 43.872149 ], [ -85.622445, 43.872973 ], [ -85.622437, 43.873382 ], [ -85.621295, 43.873389 ], [ -85.620002, 43.873399 ], [ -85.619972, 43.873399 ], [ -85.61787, 43.873385 ], [ -85.616729, 43.873378 ], [ -85.616667, 43.873274 ], [ -85.616615, 43.873044 ], [ -85.616588, 43.873005 ], [ -85.616535, 43.873005 ], [ -85.616452, 43.872944 ], [ -85.6163, 43.872862 ], [ -85.616202, 43.872725 ], [ -85.616164, 43.872681 ], [ -85.616111, 43.872566 ], [ -85.616157, 43.872467 ], [ -85.616233, 43.872335 ], [ -85.616294, 43.872204 ], [ -85.616287, 43.872116 ], [ -85.616264, 43.872066 ], [ -85.616097, 43.872044 ], [ -85.615984, 43.872072 ], [ -85.615703, 43.872154 ], [ -85.615521, 43.872148 ], [ -85.61543, 43.87211 ], [ -85.615362, 43.87195 ], [ -85.615459, 43.871795 ], [ -85.61548, 43.871764 ], [ -85.615556, 43.87166 ], [ -85.615511, 43.871566 ], [ -85.615481, 43.87133 ], [ -85.615352, 43.871292 ], [ -85.615231, 43.871245 ], [ -85.615155, 43.871179 ], [ -85.615019, 43.871036 ], [ -85.614989, 43.870817 ], [ -85.615088, 43.870713 ], [ -85.615209, 43.870652 ], [ -85.615323, 43.870606 ], [ -85.615335, 43.870502 ], [ -85.615032, 43.870246 ], [ -85.614881, 43.870076 ], [ -85.614926, 43.869911 ], [ -85.614919, 43.869884 ], [ -85.614851, 43.869873 ], [ -85.614782, 43.86984 ], [ -85.614684, 43.869884 ], [ -85.614585, 43.869949 ], [ -85.614403, 43.86996 ], [ -85.614274, 43.869933 ], [ -85.614175, 43.869878 ], [ -85.614168, 43.869806 ], [ -85.614138, 43.86974 ], [ -85.614055, 43.869608 ], [ -85.614086, 43.869521 ], [ -85.614214, 43.869472 ], [ -85.614359, 43.869444 ], [ -85.614393, 43.869302 ], [ -85.614409, 43.869197 ], [ -85.614515, 43.869027 ], [ -85.614516, 43.868874 ], [ -85.614485, 43.868742 ], [ -85.614501, 43.868561 ], [ -85.61444, 43.868451 ], [ -85.61438, 43.868364 ], [ -85.614373, 43.868287 ], [ -85.614589, 43.868128 ], [ -85.61465, 43.868089 ], [ -85.614665, 43.868062 ], [ -85.614612, 43.868002 ], [ -85.614453, 43.867952 ], [ -85.61437, 43.867886 ], [ -85.614332, 43.867804 ], [ -85.614304, 43.867757 ], [ -85.614287, 43.867743 ], [ -85.614218, 43.867727 ], [ -85.614143, 43.867644 ], [ -85.614067, 43.867688 ], [ -85.613946, 43.867732 ], [ -85.613755, 43.86783 ], [ -85.613627, 43.86777 ], [ -85.613301, 43.86758 ], [ -85.613225, 43.867481 ], [ -85.613195, 43.867344 ], [ -85.613142, 43.867256 ], [ -85.61293, 43.867108 ], [ -85.612862, 43.866982 ], [ -85.612677, 43.866921 ], [ -85.612601, 43.86685 ], [ -85.61251, 43.866817 ], [ -85.61249, 43.86679 ], [ -85.612465, 43.866756 ], [ -85.612457, 43.866718 ], [ -85.612344, 43.866635 ], [ -85.612169, 43.866635 ], [ -85.612124, 43.86663 ], [ -85.612033, 43.866651 ], [ -85.611934, 43.866668 ], [ -85.61182, 43.866643 ], [ -85.611752, 43.866566 ], [ -85.611669, 43.866511 ], [ -85.611548, 43.866506 ], [ -85.611381, 43.866549 ], [ -85.611275, 43.866593 ], [ -85.611077, 43.866615 ], [ -85.610979, 43.866587 ], [ -85.610873, 43.866521 ], [ -85.610797, 43.866455 ], [ -85.610759, 43.86645 ], [ -85.610448, 43.866488 ], [ -85.610213, 43.866523 ], [ -85.610137, 43.866611 ], [ -85.610061, 43.866688 ], [ -85.609939, 43.86677 ], [ -85.60981, 43.866824 ], [ -85.609651, 43.86684 ], [ -85.609522, 43.866819 ], [ -85.609363, 43.866719 ], [ -85.609196, 43.866719 ], [ -85.60906, 43.866708 ], [ -85.608984, 43.866686 ], [ -85.608772, 43.866636 ], [ -85.608703, 43.866593 ], [ -85.608605, 43.866598 ], [ -85.608461, 43.866737 ], [ -85.608341, 43.86678 ], [ -85.608248, 43.866864 ], [ -85.608187, 43.866935 ], [ -85.6081, 43.866979 ], [ -85.607811, 43.866984 ], [ -85.607694, 43.866934 ], [ -85.607618, 43.866874 ], [ -85.607565, 43.866802 ], [ -85.60749, 43.866769 ], [ -85.607269, 43.866818 ], [ -85.607148, 43.86678 ], [ -85.607035, 43.866725 ], [ -85.606914, 43.866621 ], [ -85.606792, 43.866585 ], [ -85.606398, 43.866601 ], [ -85.606269, 43.866546 ], [ -85.606163, 43.866441 ], [ -85.605883, 43.866271 ], [ -85.605717, 43.866111 ], [ -85.605671, 43.866034 ], [ -85.605626, 43.866024 ], [ -85.605588, 43.866034 ], [ -85.605542, 43.866056 ], [ -85.605155, 43.866179 ], [ -85.604965, 43.866228 ], [ -85.604836, 43.866272 ], [ -85.604738, 43.866294 ], [ -85.604692, 43.866354 ], [ -85.604624, 43.866382 ], [ -85.604313, 43.86642 ], [ -85.604199, 43.866458 ], [ -85.604039, 43.866551 ], [ -85.603963, 43.866551 ], [ -85.603888, 43.866573 ], [ -85.603842, 43.866671 ], [ -85.603781, 43.86671 ], [ -85.603758, 43.866726 ], [ -85.603675, 43.866754 ], [ -85.603553, 43.866753 ], [ -85.60347, 43.866783 ], [ -85.603379, 43.866838 ], [ -85.603257, 43.866871 ], [ -85.603181, 43.866937 ], [ -85.603109, 43.867068 ], [ -85.603033, 43.867134 ], [ -85.602896, 43.867172 ], [ -85.602798, 43.867227 ], [ -85.602668, 43.867293 ], [ -85.602463, 43.867435 ], [ -85.602335, 43.867446 ], [ -85.602297, 43.867447 ], [ -85.602283, 43.868219 ], [ -85.602265, 43.869314 ], [ -85.602257, 43.870538 ], [ -85.602252, 43.871312 ], [ -85.602249, 43.871707 ], [ -85.602241, 43.872895 ], [ -85.602239, 43.873291 ], [ -85.602219, 43.874253 ], [ -85.602198, 43.875306 ], [ -85.602204, 43.87714 ], [ -85.602208, 43.878103 ], [ -85.602211, 43.879036 ], [ -85.602222, 43.881836 ], [ -85.602226, 43.88277 ], [ -85.602219, 43.88296 ], [ -85.6022, 43.883533 ], [ -85.602195, 43.883724 ], [ -85.602207, 43.884543 ], [ -85.602246, 43.887 ], [ -85.60226, 43.887819 ], [ -85.598246, 43.887798 ], [ -85.586207, 43.887735 ], [ -85.582194, 43.887714 ], [ -85.58217, 43.888851 ], [ -85.582162, 43.89055 ], [ -85.582124, 43.899061 ], [ -85.582112, 43.901898 ], [ -85.582149, 43.904783 ], [ -85.582263, 43.913439 ], [ -85.582264, 43.913496 ], [ -85.582331, 43.916324 ], [ -85.584406, 43.916311 ], [ -85.586324, 43.916315 ], [ -85.587991, 43.916319 ], [ -85.588287, 43.916306 ], [ -85.589455, 43.916278 ], [ -85.594766, 43.916265 ], [ -85.594898, 43.916272 ], [ -85.595527, 43.916259 ], [ -85.595841, 43.916259 ], [ -85.596528, 43.916275 ], [ -85.596825, 43.916274 ], [ -85.597277, 43.916274 ], [ -85.597874, 43.916291 ], [ -85.598302, 43.916292 ], [ -85.598732, 43.916294 ], [ -85.599085, 43.916279 ], [ -85.599533, 43.91625 ], [ -85.599832, 43.916242 ], [ -85.599891, 43.91768 ], [ -85.599956, 43.91964 ], [ -85.600079, 43.923376 ], [ -85.602326, 43.923363 ], [ -85.602351, 43.930499 ], [ -85.602369, 43.932075 ], [ -85.602478, 43.941352 ], [ -85.603463, 43.94136 ], [ -85.603577, 43.944958 ], [ -85.642429, 43.945104 ], [ -85.64174, 43.945872 ], [ -85.64146, 43.946237 ], [ -85.640243, 43.947218 ], [ -85.639683, 43.947788 ], [ -85.638905, 43.948449 ], [ -85.638374, 43.948906 ], [ -85.638219, 43.949066 ], [ -85.638169, 43.950161 ], [ -85.638048, 43.950458 ], [ -85.637861, 43.950663 ], [ -85.637453, 43.950845 ], [ -85.636673, 43.951484 ], [ -85.636446, 43.951884 ], [ -85.636271, 43.952191 ], [ -85.635209, 43.952943 ], [ -85.632803, 43.954309 ], [ -85.632709, 43.954356 ], [ -85.632104, 43.954797 ], [ -85.631118, 43.955519 ], [ -85.630617, 43.955792 ], [ -85.630023, 43.956248 ], [ -85.629838, 43.956544 ], [ -85.629667, 43.957983 ], [ -85.629657, 43.958015 ], [ -85.629424, 43.958736 ], [ -85.629146, 43.959215 ], [ -85.628891, 43.959672 ], [ -85.633578, 43.959573 ], [ -85.647639, 43.95928 ], [ -85.652327, 43.959183 ], [ -85.652329, 43.959259 ], [ -85.652337, 43.959488 ], [ -85.65234, 43.959565 ], [ -85.652371, 43.961453 ], [ -85.652372, 43.961902 ], [ -85.652374, 43.962522 ], [ -85.652366, 43.963131 ], [ -85.652384, 43.964149 ], [ -85.652381, 43.965711 ], [ -85.652365, 43.966317 ], [ -85.652375, 43.967069 ], [ -85.652364, 43.967396 ], [ -85.652424, 43.968158 ], [ -85.652414, 43.968339 ], [ -85.652399, 43.968433 ], [ -85.652295, 43.968727 ], [ -85.652225, 43.968876 ], [ -85.652061, 43.969229 ], [ -85.651435, 43.970481 ], [ -85.651294, 43.970835 ], [ -85.651211, 43.970981 ], [ -85.651205, 43.971089 ], [ -85.651144, 43.971558 ], [ -85.65115, 43.971581 ], [ -85.651186, 43.971702 ], [ -85.651249, 43.971975 ], [ -85.651306, 43.972129 ], [ -85.651508, 43.972561 ], [ -85.651588, 43.972697 ], [ -85.651943, 43.973159 ], [ -85.651961, 43.97318 ], [ -85.65211, 43.973353 ], [ -85.652313, 43.973557 ], [ -85.652357, 43.973636 ], [ -85.652416, 43.973978 ], [ -85.65244, 43.97441 ], [ -85.652417, 43.975864 ], [ -85.65242, 43.976301 ], [ -85.652461, 43.980998 ], [ -85.65245, 43.984316 ], [ -85.652442, 43.986988 ], [ -85.652441, 43.987212 ], [ -85.652438, 43.987885 ], [ -85.652438, 43.98811 ], [ -85.647577, 43.98811 ], [ -85.632996, 43.988112 ], [ -85.630855, 43.988113 ], [ -85.62912, 43.988134 ], [ -85.628686, 43.988139 ], [ -85.628136, 43.988146 ], [ -85.622991, 43.988204 ], [ -85.607557, 43.98838 ], [ -85.602413, 43.988439 ], [ -85.600034, 43.988444 ], [ -85.599604, 43.98844 ], [ -85.592736, 43.988378 ], [ -85.591179, 43.988363 ], [ -85.588371, 43.988338 ], [ -85.58816, 43.988335 ], [ -85.587529, 43.988328 ], [ -85.587396, 43.988327 ], [ -85.587319, 43.988326 ], [ -85.577316, 43.988336 ], [ -85.576447, 43.988351 ], [ -85.576357, 43.988353 ], [ -85.574939, 43.988377 ], [ -85.574907, 43.988375 ], [ -85.574811, 43.988372 ], [ -85.574779, 43.988371 ], [ -85.574328, 43.988354 ], [ -85.573473, 43.988338 ], [ -85.573105, 43.988329 ], [ -85.572947, 43.988325 ], [ -85.572695, 43.98833 ], [ -85.572684, 43.991914 ], [ -85.572711, 43.995534 ], [ -85.570463, 43.995535 ], [ -85.567681, 43.995536 ], [ -85.567709, 43.999153 ], [ -85.5765, 43.99915 ], [ -85.576482, 44.002851 ], [ -85.576738, 44.002843 ], [ -85.577334, 44.002839 ], [ -85.578189, 44.002809 ], [ -85.578638, 44.002805 ], [ -85.578919, 44.002803 ], [ -85.5794, 44.002789 ], [ -85.579995, 44.002764 ], [ -85.580771, 44.002758 ], [ -85.581213, 44.002743 ], [ -85.581773, 44.002715 ], [ -85.582338, 44.002701 ], [ -85.582417, 44.002707 ], [ -85.582507, 44.002729 ], [ -85.582577, 44.002769 ], [ -85.582636, 44.002834 ], [ -85.582685, 44.002969 ], [ -85.582701, 44.003557 ], [ -85.582688, 44.003794 ], [ -85.582642, 44.004299 ], [ -85.582675, 44.004541 ], [ -85.582706, 44.005191 ], [ -85.582706, 44.0056 ], [ -85.582707, 44.006296 ], [ -85.572805, 44.006282 ], [ -85.572885, 44.013519 ], [ -85.567456, 44.013572 ], [ -85.567503, 44.017188 ], [ -85.567385, 44.024477 ], [ -85.573038, 44.02434 ], [ -85.57807, 44.024306 ], [ -85.578176, 44.031091 ], [ -85.578971, 44.031091 ], [ -85.57907, 44.031764 ], [ -85.5798, 44.03176 ], [ -85.581468, 44.031769 ], [ -85.582039, 44.031769 ], [ -85.582839, 44.03176 ], [ -85.583042, 44.031754 ], [ -85.583028, 44.032742 ], [ -85.583026, 44.033199 ], [ -85.583025, 44.033441 ], [ -85.578321, 44.033439 ], [ -85.578306, 44.035345 ], [ -85.568144, 44.035282 ], [ -85.568166, 44.038902 ], [ -85.568188, 44.04252 ], [ -85.573222, 44.042519 ], [ -85.578254, 44.042519 ], [ -85.578272, 44.046199 ], [ -85.578226, 44.049695 ], [ -85.568155, 44.049653 ], [ -85.568125, 44.051541 ], [ -85.564326, 44.051504 ], [ -85.564296, 44.053234 ], [ -85.563778, 44.053229 ], [ -85.563678, 44.053225 ], [ -85.563554, 44.053211 ], [ -85.563435, 44.053182 ], [ -85.563362, 44.053149 ], [ -85.563234, 44.053145 ], [ -85.563233, 44.053247 ], [ -85.563223, 44.053722 ], [ -85.563182, 44.056135 ], [ -85.563175, 44.056533 ], [ -85.563166, 44.057048 ], [ -85.563144, 44.058312 ], [ -85.563274, 44.058308 ], [ -85.563464, 44.058327 ], [ -85.563578, 44.058328 ], [ -85.563587, 44.058284 ], [ -85.563609, 44.058191 ], [ -85.563663, 44.058103 ], [ -85.563762, 44.05807 ], [ -85.563914, 44.058087 ], [ -85.564013, 44.058169 ], [ -85.564119, 44.05829 ], [ -85.564271, 44.058334 ], [ -85.5644, 44.058285 ], [ -85.564454, 44.058164 ], [ -85.564485, 44.058044 ], [ -85.564584, 44.057989 ], [ -85.564612, 44.05799 ], [ -85.564728, 44.057995 ], [ -85.564987, 44.058023 ], [ -85.565071, 44.057962 ], [ -85.565147, 44.057899 ], [ -85.565216, 44.057872 ], [ -85.565353, 44.057845 ], [ -85.56549, 44.057873 ], [ -85.565634, 44.05795 ], [ -85.56574, 44.05806 ], [ -85.565846, 44.05823 ], [ -85.566006, 44.058269 ], [ -85.566287, 44.058313 ], [ -85.566462, 44.058302 ], [ -85.566607, 44.058226 ], [ -85.566645, 44.058067 ], [ -85.566577, 44.057946 ], [ -85.566441, 44.057852 ], [ -85.566426, 44.057781 ], [ -85.56651, 44.057655 ], [ -85.566666, 44.057589 ], [ -85.566875, 44.057664 ], [ -85.56708, 44.057817 ], [ -85.567133, 44.057911 ], [ -85.56711, 44.058059 ], [ -85.567048, 44.058224 ], [ -85.566979, 44.058432 ], [ -85.566971, 44.058569 ], [ -85.567032, 44.058641 ], [ -85.567131, 44.058679 ], [ -85.567222, 44.058679 ], [ -85.567427, 44.058647 ], [ -85.567648, 44.058603 ], [ -85.567762, 44.058537 ], [ -85.567869, 44.058422 ], [ -85.567968, 44.058357 ], [ -85.568159, 44.058258 ], [ -85.568249, 44.058241 ], [ -85.568395, 44.058215 ], [ -85.568615, 44.058218 ], [ -85.568844, 44.05824 ], [ -85.568943, 44.058218 ], [ -85.569087, 44.058147 ], [ -85.569217, 44.058076 ], [ -85.569324, 44.05806 ], [ -85.569506, 44.05806 ], [ -85.569567, 44.058093 ], [ -85.569627, 44.058181 ], [ -85.569665, 44.058326 ], [ -85.569741, 44.058497 ], [ -85.569892, 44.058727 ], [ -85.570048, 44.058859 ], [ -85.57039, 44.059043 ], [ -85.570519, 44.059132 ], [ -85.570663, 44.059263 ], [ -85.570762, 44.05934 ], [ -85.570899, 44.059341 ], [ -85.57128, 44.059198 ], [ -85.571401, 44.059188 ], [ -85.571507, 44.059232 ], [ -85.571583, 44.059397 ], [ -85.571544, 44.059572 ], [ -85.57156, 44.059698 ], [ -85.57162, 44.059858 ], [ -85.571771, 44.06002 ], [ -85.57195, 44.060173 ], [ -85.572064, 44.060201 ], [ -85.572231, 44.060218 ], [ -85.572642, 44.060191 ], [ -85.572848, 44.060224 ], [ -85.573022, 44.060345 ], [ -85.573068, 44.060406 ], [ -85.572976, 44.060504 ], [ -85.572778, 44.060625 ], [ -85.572671, 44.060751 ], [ -85.572671, 44.06085 ], [ -85.572731, 44.06097 ], [ -85.572815, 44.061042 ], [ -85.57299, 44.061086 ], [ -85.573195, 44.061119 ], [ -85.573332, 44.06118 ], [ -85.573389, 44.061284 ], [ -85.573524, 44.061666 ], [ -85.57363, 44.06177 ], [ -85.573722, 44.061831 ], [ -85.573843, 44.061836 ], [ -85.57398, 44.061781 ], [ -85.574141, 44.061656 ], [ -85.57424, 44.061491 ], [ -85.574263, 44.061431 ], [ -85.574324, 44.061332 ], [ -85.574382, 44.061168 ], [ -85.574481, 44.061047 ], [ -85.574641, 44.061009 ], [ -85.575006, 44.061004 ], [ -85.575409, 44.061057 ], [ -85.57547, 44.061117 ], [ -85.575561, 44.061243 ], [ -85.575731, 44.061688 ], [ -85.575868, 44.061765 ], [ -85.575989, 44.061815 ], [ -85.576202, 44.06181 ], [ -85.576378, 44.061761 ], [ -85.57653, 44.061635 ], [ -85.576576, 44.061453 ], [ -85.57671, 44.061218 ], [ -85.576794, 44.060935 ], [ -85.576856, 44.060776 ], [ -85.577115, 44.060398 ], [ -85.577268, 44.060217 ], [ -85.577405, 44.060097 ], [ -85.577471, 44.059982 ], [ -85.577555, 44.059878 ], [ -85.577791, 44.059746 ], [ -85.577958, 44.059801 ], [ -85.578194, 44.059911 ], [ -85.578467, 44.060008 ], [ -85.57865, 44.060003 ], [ -85.578795, 44.059948 ], [ -85.578924, 44.059844 ], [ -85.579084, 44.059735 ], [ -85.579145, 44.05973 ], [ -85.579252, 44.059724 ], [ -85.579366, 44.059762 ], [ -85.579441, 44.059916 ], [ -85.579563, 44.060037 ], [ -85.579681, 44.060054 ], [ -85.579768, 44.060015 ], [ -85.579944, 44.059873 ], [ -85.580058, 44.059857 ], [ -85.580134, 44.059917 ], [ -85.580191, 44.060063 ], [ -85.580198, 44.060227 ], [ -85.580166, 44.06048 ], [ -85.580105, 44.060641 ], [ -85.580021, 44.060789 ], [ -85.57999, 44.06097 ], [ -85.579906, 44.061096 ], [ -85.579742, 44.061316 ], [ -85.579589, 44.061502 ], [ -85.579543, 44.061622 ], [ -85.579558, 44.061705 ], [ -85.579687, 44.06182 ], [ -85.579999, 44.061941 ], [ -85.580387, 44.062054 ], [ -85.580828, 44.062121 ], [ -85.581003, 44.062121 ], [ -85.581139, 44.062105 ], [ -85.58136, 44.062029 ], [ -85.581559, 44.061941 ], [ -85.581642, 44.061886 ], [ -85.581749, 44.061842 ], [ -85.581917, 44.061714 ], [ -85.58194, 44.061697 ], [ -85.582016, 44.061615 ], [ -85.582092, 44.061555 ], [ -85.582366, 44.061511 ], [ -85.582541, 44.06155 ], [ -85.582655, 44.061632 ], [ -85.582739, 44.061764 ], [ -85.582844, 44.061979 ], [ -85.582867, 44.062022 ], [ -85.582935, 44.062149 ], [ -85.583042, 44.062242 ], [ -85.583154, 44.062328 ], [ -85.583155, 44.062521 ], [ -85.583161, 44.063103 ], [ -85.583164, 44.063297 ], [ -85.58317, 44.063878 ], [ -85.583188, 44.065622 ], [ -85.583194, 44.06615 ], [ -85.583195, 44.066204 ], [ -85.583213, 44.067228 ], [ -85.583268, 44.0703 ], [ -85.583287, 44.071324 ], [ -85.583299, 44.072022 ], [ -85.583337, 44.074117 ], [ -85.58335, 44.074816 ], [ -85.583379, 44.075405 ], [ -85.583392, 44.075656 ], [ -85.583424, 44.07692 ], [ -85.583421, 44.077022 ], [ -85.584889, 44.076983 ], [ -85.588307, 44.076965 ], [ -85.588315, 44.07787 ], [ -85.593352, 44.077829 ], [ -85.598388, 44.077788 ], [ -85.598599, 44.081584 ], [ -85.598131, 44.081601 ], [ -85.598148, 44.087165 ], [ -85.597521, 44.086989 ], [ -85.595017, 44.086343 ], [ -85.594604, 44.086163 ], [ -85.594222, 44.085824 ], [ -85.593807, 44.085302 ], [ -85.593584, 44.085145 ], [ -85.593079, 44.085194 ], [ -85.592511, 44.085493 ], [ -85.592135, 44.085906 ], [ -85.591788, 44.086251 ], [ -85.591252, 44.086437 ], [ -85.589923, 44.086468 ], [ -85.589259, 44.086632 ], [ -85.588689, 44.08659 ], [ -85.588748, 44.086088 ], [ -85.588844, 44.086019 ], [ -85.588776, 44.085449 ], [ -85.588457, 44.084949 ], [ -85.588075, 44.084678 ], [ -85.58741, 44.084591 ], [ -85.586683, 44.084756 ], [ -85.586367, 44.084758 ], [ -85.585766, 44.084739 ], [ -85.585545, 44.084854 ], [ -85.585419, 44.085037 ], [ -85.585265, 44.08554 ], [ -85.585108, 44.085815 ], [ -85.584604, 44.086047 ], [ -85.58413, 44.086187 ], [ -85.583424, 44.086161 ], [ -85.583426, 44.086616 ], [ -85.583426, 44.086766 ], [ -85.583429, 44.087219 ], [ -85.58343, 44.08737 ], [ -85.583432, 44.087755 ], [ -85.583438, 44.08891 ], [ -85.58344, 44.089296 ], [ -85.583543, 44.089302 ], [ -85.583799, 44.089295 ], [ -85.584802, 44.089268 ], [ -85.584879, 44.089266 ], [ -85.585239, 44.089262 ], [ -85.586122, 44.089248 ], [ -85.586256, 44.089247 ], [ -85.587384, 44.089219 ], [ -85.588132, 44.089216 ], [ -85.588771, 44.089219 ], [ -85.588869, 44.08922 ], [ -85.589654, 44.089202 ], [ -85.589737, 44.089346 ], [ -85.589881, 44.092459 ], [ -85.587621, 44.092474 ], [ -85.587745, 44.096093 ], [ -85.583804, 44.09613 ], [ -85.583821, 44.096373 ], [ -85.583831, 44.096588 ], [ -85.583869, 44.098958 ], [ -85.583879, 44.100569 ], [ -85.583897, 44.101569 ], [ -85.5839, 44.101732 ], [ -85.583892, 44.102573 ], [ -85.583864, 44.103633 ], [ -85.585793, 44.103681 ], [ -85.590207, 44.103794 ], [ -85.591582, 44.103804 ], [ -85.593513, 44.103819 ], [ -85.593739, 44.111197 ], [ -85.593749, 44.112454 ], [ -85.593775, 44.112765 ], [ -85.593796, 44.112924 ], [ -85.593835, 44.113042 ], [ -85.593983, 44.113298 ], [ -85.594181, 44.113711 ], [ -85.595018, 44.11526 ], [ -85.595048, 44.115362 ], [ -85.595044, 44.115458 ], [ -85.595018, 44.115577 ], [ -85.594959, 44.115786 ], [ -85.594874, 44.116271 ], [ -85.594861, 44.116525 ], [ -85.594904, 44.116867 ], [ -85.594982, 44.117083 ], [ -85.595102, 44.117273 ], [ -85.595248, 44.117444 ], [ -85.595462, 44.11765 ], [ -85.596113, 44.118228 ], [ -85.596214, 44.118283 ], [ -85.596537, 44.118531 ], [ -85.596684, 44.118635 ], [ -85.59699, 44.118835 ], [ -85.597257, 44.119002 ], [ -85.597413, 44.119088 ], [ -85.597536, 44.119146 ], [ -85.597918, 44.119311 ], [ -85.598557, 44.119551 ], [ -85.599173, 44.119769 ], [ -85.599341, 44.119821 ], [ -85.599593, 44.119909 ], [ -85.599678, 44.119944 ], [ -85.599758, 44.119984 ], [ -85.599836, 44.120036 ], [ -85.599981, 44.120148 ], [ -85.600047, 44.120207 ], [ -85.600094, 44.120259 ], [ -85.600264, 44.120482 ], [ -85.60046, 44.120779 ], [ -85.600563, 44.120963 ], [ -85.600805, 44.121359 ], [ -85.601285, 44.122073 ], [ -85.601366, 44.122159 ], [ -85.601479, 44.122247 ], [ -85.601668, 44.122375 ], [ -85.602015, 44.122576 ], [ -85.602448, 44.12285 ], [ -85.60289, 44.123106 ], [ -85.603294, 44.123357 ], [ -85.603475, 44.123481 ], [ -85.603886, 44.12379 ], [ -85.603994, 44.123898 ], [ -85.604121, 44.124045 ], [ -85.604203, 44.124203 ], [ -85.604235, 44.124299 ], [ -85.604248, 44.124407 ], [ -85.604254, 44.124625 ], [ -85.604251, 44.12606 ], [ -85.604262, 44.127226 ], [ -85.604256, 44.128054 ], [ -85.604269, 44.128436 ], [ -85.604334, 44.129018 ], [ -85.604435, 44.129481 ], [ -85.60445, 44.129594 ], [ -85.60446, 44.129756 ], [ -85.604454, 44.129855 ], [ -85.604438, 44.129891 ], [ -85.604391, 44.130046 ], [ -85.604356, 44.13013 ], [ -85.60432, 44.13027 ], [ -85.604303, 44.130434 ], [ -85.604305, 44.130518 ], [ -85.604822, 44.130522 ], [ -85.605792, 44.130476 ], [ -85.606247, 44.130439 ], [ -85.606714, 44.130396 ], [ -85.60741, 44.13032 ], [ -85.608015, 44.130239 ], [ -85.608606, 44.130153 ], [ -85.608803, 44.130129 ], [ -85.609216, 44.130098 ], [ -85.609389, 44.130103 ], [ -85.609488, 44.130115 ], [ -85.609581, 44.130139 ], [ -85.609862, 44.130241 ], [ -85.609995, 44.1303 ], [ -85.610142, 44.130389 ], [ -85.610411, 44.130588 ], [ -85.610726, 44.130805 ], [ -85.610835, 44.130861 ], [ -85.610951, 44.13091 ], [ -85.611175, 44.130982 ], [ -85.61128, 44.131007 ], [ -85.611406, 44.131029 ], [ -85.612873, 44.131174 ], [ -85.613121, 44.131198 ], [ -85.613816, 44.131284 ], [ -85.614362, 44.131346 ], [ -85.61446, 44.13135 ], [ -85.614554, 44.131338 ], [ -85.614765, 44.131288 ], [ -85.614852, 44.131261 ], [ -85.614933, 44.131224 ], [ -85.615164, 44.131099 ], [ -85.615526, 44.130871 ], [ -85.616035, 44.130575 ], [ -85.616261, 44.130457 ], [ -85.616506, 44.130346 ], [ -85.616593, 44.130316 ], [ -85.61667, 44.130296 ], [ -85.616831, 44.130271 ], [ -85.61709, 44.130254 ], [ -85.617308, 44.13025 ], [ -85.617386, 44.130254 ], [ -85.61748, 44.130265 ], [ -85.617571, 44.130283 ], [ -85.617782, 44.130347 ], [ -85.618058, 44.130421 ], [ -85.618614, 44.130555 ], [ -85.618967, 44.130655 ], [ -85.61928, 44.130722 ], [ -85.619416, 44.130743 ], [ -85.619789, 44.130777 ], [ -85.620268, 44.130839 ], [ -85.62081, 44.130895 ], [ -85.621202, 44.130952 ], [ -85.621568, 44.13098 ], [ -85.621688, 44.130995 ], [ -85.62191, 44.131039 ], [ -85.622094, 44.131092 ], [ -85.62231, 44.131175 ], [ -85.622519, 44.131267 ], [ -85.623066, 44.131533 ], [ -85.6231, 44.131549 ], [ -85.623303, 44.131667 ], [ -85.623637, 44.13179 ], [ -85.62415, 44.131959 ], [ -85.624768, 44.132178 ], [ -85.62514, 44.13228 ], [ -85.625229, 44.132309 ], [ -85.625313, 44.132346 ], [ -85.625397, 44.132392 ], [ -85.625749, 44.132617 ], [ -85.625984, 44.132807 ], [ -85.626023, 44.132833 ], [ -85.626176, 44.132911 ], [ -85.626365, 44.132988 ], [ -85.626415, 44.132987 ], [ -85.626527, 44.133008 ], [ -85.626565, 44.13301 ], [ -85.626779, 44.133023 ], [ -85.62702, 44.133002 ], [ -85.627172, 44.132989 ], [ -85.627422, 44.132967 ], [ -85.628854, 44.132883 ], [ -85.629445, 44.132868 ], [ -85.629776, 44.1329 ], [ -85.630544, 44.133032 ], [ -85.631297, 44.133162 ], [ -85.631769, 44.133251 ], [ -85.632251, 44.133297 ], [ -85.632505, 44.133302 ], [ -85.632716, 44.133221 ], [ -85.633938, 44.132729 ], [ -85.634039, 44.132703 ], [ -85.634235, 44.132641 ], [ -85.634511, 44.132597 ], [ -85.634831, 44.132566 ], [ -85.638277, 44.132484 ], [ -85.639305, 44.1325 ], [ -85.640557, 44.132448 ], [ -85.641646, 44.132404 ], [ -85.642893, 44.132391 ], [ -85.643143, 44.132365 ], [ -85.643895, 44.132222 ], [ -85.64393, 44.132216 ], [ -85.644391, 44.132144 ], [ -85.64494, 44.132121 ], [ -85.645485, 44.132123 ], [ -85.645996, 44.132171 ], [ -85.646632, 44.132252 ], [ -85.6471, 44.132347 ], [ -85.647301, 44.132381 ], [ -85.647742, 44.132458 ], [ -85.648369, 44.132556 ], [ -85.649504, 44.132672 ], [ -85.652695, 44.132645 ], [ -85.655089, 44.132666 ], [ -85.657474, 44.132634 ], [ -85.658918, 44.132615 ], [ -85.660469, 44.132622 ], [ -85.660872, 44.132618 ], [ -85.662553, 44.132612 ], [ -85.666019, 44.132601 ], [ -85.667009, 44.132606 ], [ -85.667596, 44.132591 ], [ -85.66784, 44.132586 ], [ -85.668498, 44.132564 ], [ -85.669277, 44.132573 ], [ -85.669732, 44.132578 ], [ -85.670843, 44.132567 ], [ -85.672132, 44.13257 ], [ -85.673479, 44.132574 ], [ -85.675404, 44.132542 ], [ -85.677621, 44.132532 ], [ -85.67841, 44.132556 ], [ -85.679492, 44.132534 ], [ -85.680696, 44.132528 ], [ -85.683552, 44.132515 ], [ -85.683565, 44.133851 ], [ -85.683569, 44.134353 ], [ -85.683604, 44.13786 ], [ -85.683618, 44.139197 ], [ -85.685754, 44.139216 ], [ -85.68778, 44.139235 ], [ -85.687768, 44.134851 ], [ -85.687763, 44.132715 ], [ -85.687654, 44.132612 ], [ -85.687602, 44.132556 ], [ -85.68764, 44.132446 ], [ -85.692612, 44.132446 ], [ -85.696276, 44.132458 ], [ -85.697349, 44.132387 ], [ -85.701601, 44.132327 ], [ -85.706339, 44.132334 ], [ -85.720556, 44.132358 ], [ -85.721749, 44.132361 ], [ -85.721813, 44.135907 ], [ -85.721964, 44.135878 ], [ -85.722531, 44.135728 ], [ -85.722626, 44.135694 ], [ -85.722707, 44.135648 ], [ -85.722755, 44.13561 ], [ -85.722839, 44.135526 ], [ -85.722927, 44.135426 ], [ -85.723009, 44.135306 ], [ -85.723047, 44.135226 ], [ -85.723078, 44.135144 ], [ -85.723141, 44.134947 ], [ -85.72318, 44.134785 ], [ -85.723204, 44.134706 ], [ -85.723426, 44.134233 ], [ -85.723513, 44.134076 ], [ -85.723538, 44.134022 ], [ -85.723551, 44.133951 ], [ -85.723565, 44.133884 ], [ -85.723589, 44.133812 ], [ -85.723648, 44.133669 ], [ -85.723667, 44.133597 ], [ -85.723668, 44.133445 ], [ -85.723657, 44.133292 ], [ -85.723658, 44.132924 ], [ -85.723646, 44.132493 ], [ -85.723649, 44.132118 ], [ -85.72364, 44.131998 ], [ -85.723624, 44.13194 ], [ -85.723571, 44.131795 ], [ -85.723493, 44.131624 ], [ -85.723425, 44.131492 ], [ -85.723098, 44.131014 ], [ -85.723071, 44.13096 ], [ -85.723018, 44.130827 ], [ -85.723002, 44.130758 ], [ -85.723005, 44.130695 ], [ -85.723013, 44.130654 ], [ -85.723028, 44.130615 ], [ -85.723058, 44.130574 ], [ -85.72314, 44.1305 ], [ -85.723192, 44.130463 ], [ -85.723308, 44.130398 ], [ -85.72337, 44.130369 ], [ -85.723521, 44.130317 ], [ -85.723594, 44.130287 ], [ -85.723662, 44.13025 ], [ -85.723724, 44.130209 ], [ -85.723779, 44.130164 ], [ -85.72381, 44.130129 ], [ -85.723853, 44.130052 ], [ -85.723955, 44.129715 ], [ -85.724014, 44.129453 ], [ -85.724051, 44.129324 ], [ -85.72416, 44.129062 ], [ -85.72421, 44.12893 ], [ -85.724278, 44.12866 ], [ -85.724418, 44.128025 ], [ -85.724477, 44.127701 ], [ -85.724498, 44.127498 ], [ -85.724496, 44.127405 ], [ -85.724487, 44.127311 ], [ -85.724455, 44.127154 ], [ -85.724412, 44.127028 ], [ -85.724372, 44.126952 ], [ -85.724323, 44.126879 ], [ -85.724273, 44.126819 ], [ -85.724095, 44.126651 ], [ -85.723789, 44.12638 ], [ -85.723768, 44.126361 ], [ -85.723555, 44.12614 ], [ -85.723476, 44.126071 ], [ -85.723389, 44.126009 ], [ -85.723295, 44.125951 ], [ -85.7231, 44.125842 ], [ -85.722964, 44.125774 ], [ -85.72254, 44.125584 ], [ -85.721749, 44.125194 ], [ -85.721411, 44.125044 ], [ -85.721311, 44.125001 ], [ -85.720898, 44.124825 ], [ -85.720759, 44.124762 ], [ -85.720729, 44.124748 ], [ -85.720152, 44.124467 ], [ -85.719671, 44.124242 ], [ -85.719514, 44.124164 ], [ -85.719244, 44.124013 ], [ -85.719149, 44.123955 ], [ -85.719128, 44.123942 ], [ -85.718968, 44.123829 ], [ -85.718871, 44.123749 ], [ -85.718831, 44.123704 ], [ -85.7188, 44.123656 ], [ -85.718746, 44.123531 ], [ -85.719142, 44.123553 ], [ -85.719695, 44.12357 ], [ -85.720604, 44.123633 ], [ -85.720834, 44.123654 ], [ -85.720981, 44.123672 ], [ -85.721155, 44.123704 ], [ -85.721425, 44.123744 ], [ -85.721781, 44.123815 ], [ -85.722056, 44.123864 ], [ -85.72232, 44.12393 ], [ -85.722914, 44.124127 ], [ -85.723612, 44.124388 ], [ -85.723811, 44.124468 ], [ -85.724151, 44.124604 ], [ -85.725772, 44.125289 ], [ -85.726143, 44.125451 ], [ -85.726328, 44.125543 ], [ -85.726531, 44.125654 ], [ -85.726627, 44.125714 ], [ -85.726715, 44.12578 ], [ -85.726966, 44.126004 ], [ -85.727126, 44.126117 ], [ -85.727372, 44.126338 ], [ -85.727571, 44.126528 ], [ -85.727679, 44.126617 ], [ -85.727782, 44.126681 ], [ -85.727917, 44.12675 ], [ -85.72799, 44.126777 ], [ -85.728066, 44.126798 ], [ -85.728252, 44.126837 ], [ -85.728472, 44.126869 ], [ -85.728862, 44.12691 ], [ -85.72909, 44.126959 ], [ -85.72933, 44.126995 ], [ -85.729458, 44.127002 ], [ -85.729714, 44.127006 ], [ -85.729893, 44.127001 ], [ -85.73025, 44.126976 ], [ -85.730429, 44.126972 ], [ -85.730829, 44.126994 ], [ -85.731198, 44.126996 ], [ -85.73132, 44.127004 ], [ -85.731449, 44.127023 ], [ -85.731577, 44.127048 ], [ -85.731948, 44.127152 ], [ -85.732053, 44.127172 ], [ -85.732268, 44.127198 ], [ -85.732453, 44.127207 ], [ -85.73261, 44.127208 ], [ -85.732688, 44.127203 ], [ -85.732763, 44.127191 ], [ -85.732845, 44.127169 ], [ -85.733002, 44.12711 ], [ -85.733125, 44.127044 ], [ -85.733181, 44.127007 ], [ -85.733334, 44.126882 ], [ -85.73343, 44.126796 ], [ -85.733536, 44.126688 ], [ -85.733683, 44.126519 ], [ -85.733878, 44.126336 ], [ -85.734013, 44.126232 ], [ -85.734196, 44.126118 ], [ -85.73439, 44.126013 ], [ -85.734542, 44.125941 ], [ -85.734861, 44.125811 ], [ -85.735179, 44.125698 ], [ -85.735459, 44.125593 ], [ -85.735607, 44.12555 ], [ -85.735759, 44.125514 ], [ -85.735993, 44.125477 ], [ -85.736234, 44.125449 ], [ -85.736476, 44.125428 ], [ -85.736895, 44.125404 ], [ -85.737338, 44.125392 ], [ -85.737426, 44.125385 ], [ -85.737993, 44.125317 ], [ -85.738187, 44.1253 ], [ -85.738276, 44.125293 ], [ -85.73856, 44.125276 ], [ -85.738999, 44.125264 ], [ -85.739654, 44.125266 ], [ -85.741101, 44.125242 ], [ -85.741659, 44.125244 ], [ -85.742216, 44.125256 ], [ -85.742494, 44.125255 ], [ -85.743004, 44.12524 ], [ -85.743319, 44.125208 ], [ -85.743373, 44.125193 ], [ -85.743735, 44.125445 ], [ -85.744993, 44.126515 ], [ -85.746109, 44.127463 ], [ -85.747085, 44.128298 ], [ -85.749077, 44.130127 ], [ -85.74942, 44.130508 ], [ -85.749619, 44.130751 ], [ -85.750686, 44.132056 ], [ -85.750972, 44.132347 ], [ -85.751145, 44.132398 ], [ -85.751334, 44.132438 ], [ -85.751785, 44.132443 ], [ -85.753007, 44.132459 ], [ -85.754259, 44.132454 ], [ -85.755084, 44.132451 ], [ -85.755137, 44.135333 ], [ -85.755194, 44.138335 ], [ -85.760842, 44.13828 ], [ -85.763726, 44.138253 ], [ -85.763709, 44.139142 ], [ -85.763709, 44.139195 ], [ -85.763691, 44.141811 ], [ -85.763685, 44.142701 ], [ -85.763678, 44.143583 ], [ -85.763678, 44.14367 ], [ -85.763683, 44.146229 ], [ -85.763686, 44.147112 ], [ -85.763649, 44.150628 ], [ -85.76359, 44.155173 ], [ -85.763573, 44.156096 ], [ -85.763528, 44.161196 ], [ -85.763506, 44.163766 ], [ -85.763544, 44.164593 ], [ -85.763567, 44.164704 ], [ -85.763535, 44.16476 ], [ -85.763502, 44.164803 ], [ -85.76345, 44.164845 ], [ -85.763361, 44.164898 ], [ -85.763311, 44.164921 ], [ -85.763203, 44.164949 ], [ -85.763053, 44.164965 ], [ -85.763008, 44.164962 ], [ -85.762936, 44.164945 ], [ -85.762809, 44.164901 ], [ -85.762618, 44.164847 ], [ -85.76244, 44.164816 ], [ -85.762332, 44.164807 ], [ -85.762138, 44.164803 ], [ -85.762007, 44.164807 ], [ -85.760897, 44.164846 ], [ -85.760803, 44.16484 ], [ -85.760848, 44.165073 ], [ -85.760876, 44.165255 ], [ -85.760895, 44.165437 ], [ -85.760903, 44.165591 ], [ -85.760899, 44.1659 ], [ -85.760888, 44.166055 ], [ -85.760851, 44.166423 ], [ -85.760828, 44.166529 ], [ -85.760797, 44.16662 ], [ -85.760759, 44.166711 ], [ -85.76064, 44.166961 ], [ -85.760274, 44.167588 ], [ -85.760109, 44.167896 ], [ -85.760031, 44.168051 ], [ -85.759961, 44.168207 ], [ -85.759909, 44.168351 ], [ -85.759892, 44.1684 ], [ -85.759815, 44.168641 ], [ -85.75962, 44.169147 ], [ -85.759514, 44.169399 ], [ -85.759388, 44.169726 ], [ -85.759406, 44.170472 ], [ -85.759459, 44.171112 ], [ -85.759761, 44.17161 ], [ -85.760184, 44.172181 ], [ -85.760434, 44.172444 ], [ -85.760668, 44.172727 ], [ -85.760728, 44.1728 ], [ -85.761018, 44.173126 ], [ -85.761173, 44.173321 ], [ -85.761197, 44.173368 ], [ -85.761205, 44.173416 ], [ -85.761208, 44.173515 ], [ -85.761216, 44.173547 ], [ -85.761278, 44.173705 ], [ -85.761329, 44.173868 ], [ -85.761363, 44.173947 ], [ -85.761401, 44.174007 ], [ -85.761446, 44.174065 ], [ -85.761545, 44.174176 ], [ -85.761622, 44.174252 ], [ -85.762012, 44.174588 ], [ -85.762243, 44.174775 ], [ -85.762365, 44.174869 ], [ -85.76248, 44.174958 ], [ -85.762846, 44.175223 ], [ -85.763097, 44.175451 ], [ -85.763167, 44.175515 ], [ -85.763354, 44.175689 ], [ -85.763914, 44.176212 ], [ -85.764122, 44.176411 ], [ -85.764376, 44.176655 ], [ -85.764559, 44.176891 ], [ -85.764618, 44.176948 ], [ -85.764717, 44.177066 ], [ -85.764758, 44.177129 ], [ -85.7648, 44.177214 ], [ -85.764882, 44.177468 ], [ -85.76488, 44.177508 ], [ -85.764862, 44.177564 ], [ -85.764843, 44.177626 ], [ -85.764833, 44.177922 ], [ -85.764826, 44.177966 ], [ -85.764813, 44.178007 ], [ -85.764791, 44.178046 ], [ -85.764758, 44.178082 ], [ -85.764718, 44.178116 ], [ -85.764573, 44.178206 ], [ -85.764488, 44.17825 ], [ -85.764397, 44.178288 ], [ -85.764302, 44.17832 ], [ -85.764197, 44.178344 ], [ -85.764089, 44.178361 ], [ -85.763998, 44.178369 ], [ -85.763759, 44.178377 ], [ -85.763593, 44.178378 ], [ -85.763373, 44.178401 ], [ -85.763261, 44.178422 ], [ -85.763208, 44.178436 ], [ -85.76316, 44.178455 ], [ -85.763117, 44.178479 ], [ -85.763073, 44.178515 ], [ -85.763035, 44.178558 ], [ -85.762949, 44.17868 ], [ -85.7629, 44.17877 ], [ -85.76286, 44.178826 ], [ -85.762806, 44.178873 ], [ -85.762612, 44.178999 ], [ -85.762515, 44.179077 ], [ -85.762475, 44.179118 ], [ -85.762459, 44.179141 ], [ -85.762435, 44.179216 ], [ -85.762437, 44.179393 ], [ -85.762433, 44.179427 ], [ -85.762401, 44.179521 ], [ -85.762341, 44.179636 ], [ -85.762225, 44.179779 ], [ -85.762175, 44.179848 ], [ -85.76204, 44.18006 ], [ -85.762019, 44.180082 ], [ -85.761917, 44.17999 ], [ -85.761772, 44.179826 ], [ -85.761734, 44.179783 ], [ -85.761543, 44.179546 ], [ -85.761424, 44.179432 ], [ -85.761326, 44.179357 ], [ -85.761263, 44.179324 ], [ -85.761195, 44.179295 ], [ -85.761124, 44.17927 ], [ -85.760968, 44.17923 ], [ -85.760933, 44.179224 ], [ -85.760804, 44.179205 ], [ -85.760697, 44.179196 ], [ -85.76058, 44.17919 ], [ -85.760626, 44.179288 ], [ -85.760649, 44.179458 ], [ -85.760618, 44.179568 ], [ -85.760527, 44.179667 ], [ -85.760321, 44.179777 ], [ -85.760146, 44.179886 ], [ -85.760119, 44.179925 ], [ -85.760077, 44.179991 ], [ -85.760054, 44.180084 ], [ -85.759993, 44.18026 ], [ -85.760032, 44.180386 ], [ -85.760196, 44.180479 ], [ -85.760379, 44.180528 ], [ -85.760638, 44.18054 ], [ -85.761133, 44.180539 ], [ -85.761347, 44.180578 ], [ -85.761484, 44.180638 ], [ -85.761553, 44.180698 ], [ -85.761568, 44.180786 ], [ -85.761545, 44.180874 ], [ -85.761416, 44.180956 ], [ -85.761065, 44.181077 ], [ -85.760814, 44.181149 ], [ -85.760722, 44.181176 ], [ -85.760562, 44.181269 ], [ -85.760485, 44.181357 ], [ -85.760425, 44.181467 ], [ -85.760409, 44.181576 ], [ -85.760447, 44.181681 ], [ -85.760539, 44.181741 ], [ -85.760688, 44.1818 ], [ -85.760707, 44.181807 ], [ -85.760917, 44.181842 ], [ -85.760966, 44.181851 ], [ -85.761156, 44.181911 ], [ -85.761339, 44.182015 ], [ -85.761484, 44.182185 ], [ -85.761492, 44.182201 ], [ -85.761576, 44.182372 ], [ -85.761606, 44.182404 ], [ -85.76169, 44.182493 ], [ -85.761782, 44.18258 ], [ -85.761919, 44.182641 ], [ -85.762072, 44.18263 ], [ -85.762217, 44.18258 ], [ -85.762369, 44.182476 ], [ -85.762506, 44.182443 ], [ -85.762613, 44.182449 ], [ -85.762765, 44.18252 ], [ -85.762887, 44.182619 ], [ -85.762956, 44.182717 ], [ -85.762956, 44.182794 ], [ -85.762872, 44.182937 ], [ -85.762849, 44.183096 ], [ -85.762819, 44.183233 ], [ -85.762773, 44.183337 ], [ -85.762659, 44.18342 ], [ -85.762476, 44.183447 ], [ -85.762328, 44.183428 ], [ -85.762247, 44.183414 ], [ -85.761927, 44.183326 ], [ -85.761591, 44.18325 ], [ -85.761447, 44.183277 ], [ -85.76137, 44.183354 ], [ -85.761325, 44.183491 ], [ -85.761294, 44.183678 ], [ -85.761279, 44.183842 ], [ -85.761328, 44.184281 ], [ -85.761306, 44.184364 ], [ -85.761222, 44.184408 ], [ -85.761062, 44.184413 ], [ -85.760902, 44.184402 ], [ -85.760726, 44.184347 ], [ -85.760535, 44.184117 ], [ -85.760349, 44.18404 ], [ -85.760189, 44.184013 ], [ -85.760059, 44.184056 ], [ -85.760025, 44.184177 ], [ -85.760048, 44.184303 ], [ -85.760093, 44.184369 ], [ -85.760437, 44.184621 ], [ -85.760471, 44.184658 ], [ -85.760543, 44.184737 ], [ -85.76062, 44.184868 ], [ -85.760696, 44.185099 ], [ -85.76078, 44.185532 ], [ -85.760803, 44.185845 ], [ -85.760787, 44.185966 ], [ -85.760795, 44.186004 ], [ -85.760734, 44.186114 ], [ -85.76065, 44.186234 ], [ -85.760536, 44.186311 ], [ -85.760322, 44.186333 ], [ -85.760162, 44.186328 ], [ -85.760017, 44.186301 ], [ -85.759812, 44.186257 ], [ -85.759644, 44.186262 ], [ -85.759507, 44.186284 ], [ -85.759369, 44.186366 ], [ -85.759339, 44.186471 ], [ -85.759354, 44.186608 ], [ -85.759385, 44.186756 ], [ -85.759392, 44.186866 ], [ -85.759331, 44.18697 ], [ -85.759194, 44.187124 ], [ -85.759125, 44.187239 ], [ -85.75911, 44.187332 ], [ -85.759156, 44.187409 ], [ -85.759255, 44.187535 ], [ -85.759377, 44.187606 ], [ -85.759583, 44.187667 ], [ -85.759698, 44.187705 ], [ -85.760205, 44.187875 ], [ -85.760289, 44.187935 ], [ -85.760311, 44.188012 ], [ -85.760273, 44.188111 ], [ -85.760037, 44.188358 ], [ -85.759724, 44.188588 ], [ -85.759595, 44.188709 ], [ -85.759564, 44.188824 ], [ -85.759602, 44.188901 ], [ -85.759747, 44.189011 ], [ -85.759877, 44.189071 ], [ -85.760083, 44.189115 ], [ -85.760334, 44.189132 ], [ -85.760594, 44.189077 ], [ -85.760807, 44.188978 ], [ -85.760975, 44.188923 ], [ -85.761082, 44.188934 ], [ -85.761181, 44.188983 ], [ -85.761257, 44.189093 ], [ -85.761272, 44.189214 ], [ -85.761234, 44.189378 ], [ -85.761112, 44.189669 ], [ -85.761113, 44.189757 ], [ -85.761181, 44.189812 ], [ -85.761295, 44.189834 ], [ -85.761501, 44.18985 ], [ -85.761783, 44.189839 ], [ -85.762081, 44.189817 ], [ -85.762287, 44.18985 ], [ -85.762447, 44.18991 ], [ -85.762561, 44.190026 ], [ -85.762714, 44.190168 ], [ -85.762905, 44.190284 ], [ -85.763118, 44.190355 ], [ -85.763263, 44.190382 ], [ -85.763393, 44.190366 ], [ -85.763492, 44.190267 ], [ -85.76356, 44.190064 ], [ -85.763659, 44.189877 ], [ -85.763736, 44.189762 ], [ -85.763865, 44.189724 ], [ -85.764117, 44.189732 ], [ -85.764269, 44.189792 ], [ -85.764384, 44.18988 ], [ -85.764544, 44.19011 ], [ -85.764689, 44.19027 ], [ -85.764864, 44.190401 ], [ -85.76504, 44.190494 ], [ -85.765185, 44.190538 ], [ -85.765337, 44.190516 ], [ -85.765474, 44.190483 ], [ -85.765566, 44.190417 ], [ -85.765612, 44.190308 ], [ -85.765612, 44.190149 ], [ -85.765543, 44.189984 ], [ -85.765467, 44.189864 ], [ -85.765459, 44.189704 ], [ -85.765497, 44.189611 ], [ -85.765581, 44.18954 ], [ -85.765718, 44.189512 ], [ -85.765955, 44.189518 ], [ -85.766199, 44.189584 ], [ -85.76645, 44.189732 ], [ -85.766664, 44.189891 ], [ -85.766847, 44.189979 ], [ -85.766954, 44.189995 ], [ -85.767038, 44.189951 ], [ -85.767053, 44.189819 ], [ -85.767015, 44.189688 ], [ -85.766923, 44.189517 ], [ -85.766771, 44.18932 ], [ -85.766656, 44.189112 ], [ -85.766633, 44.188996 ], [ -85.766648, 44.18892 ], [ -85.766732, 44.188793 ], [ -85.7669, 44.188744 ], [ -85.767144, 44.188694 ], [ -85.767418, 44.188684 ], [ -85.767708, 44.188705 ], [ -85.767922, 44.188749 ], [ -85.767998, 44.188815 ], [ -85.768044, 44.188897 ], [ -85.768051, 44.189073 ], [ -85.767968, 44.189369 ], [ -85.767884, 44.189627 ], [ -85.767828, 44.189898 ], [ -85.767823, 44.189924 ], [ -85.767731, 44.190192 ], [ -85.767693, 44.190324 ], [ -85.767724, 44.190461 ], [ -85.76777, 44.190571 ], [ -85.767854, 44.190724 ], [ -85.767907, 44.190917 ], [ -85.76793, 44.191081 ], [ -85.768262, 44.191421 ], [ -85.768422, 44.191503 ], [ -85.768575, 44.191525 ], [ -85.76875, 44.191504 ], [ -85.769017, 44.191443 ], [ -85.769261, 44.19138 ], [ -85.769436, 44.19133 ], [ -85.769593, 44.191204 ], [ -85.769646, 44.191095 ], [ -85.769722, 44.190842 ], [ -85.769745, 44.19071 ], [ -85.769813, 44.190661 ], [ -85.769882, 44.190655 ], [ -85.769997, 44.190672 ], [ -85.770134, 44.190782 ], [ -85.770248, 44.190913 ], [ -85.770317, 44.191105 ], [ -85.770367, 44.191303 ], [ -85.770351, 44.191391 ], [ -85.770268, 44.191479 ], [ -85.770092, 44.191599 ], [ -85.769848, 44.191747 ], [ -85.769688, 44.19183 ], [ -85.769482, 44.191978 ], [ -85.769277, 44.192153 ], [ -85.768964, 44.192441 ], [ -85.768895, 44.192601 ], [ -85.76888, 44.192688 ], [ -85.768834, 44.192804 ], [ -85.768812, 44.192852 ], [ -85.768886, 44.19305 ], [ -85.768902, 44.19309 ], [ -85.769121, 44.193228 ], [ -85.769453, 44.193267 ], [ -85.76961, 44.193286 ], [ -85.769664, 44.193283 ], [ -85.769595, 44.193372 ], [ -85.769556, 44.19342 ], [ -85.769547, 44.193433 ], [ -85.769244, 44.193838 ], [ -85.769235, 44.193851 ], [ -85.769136, 44.193975 ], [ -85.768955, 44.19414 ], [ -85.768866, 44.194204 ], [ -85.768771, 44.194261 ], [ -85.768692, 44.1943 ], [ -85.768541, 44.194361 ], [ -85.76844, 44.194402 ], [ -85.768353, 44.194432 ], [ -85.768252, 44.194458 ], [ -85.768025, 44.194501 ], [ -85.767822, 44.194523 ], [ -85.76749, 44.194538 ], [ -85.76673, 44.194537 ], [ -85.766414, 44.19454 ], [ -85.765698, 44.194549 ], [ -85.764561, 44.194547 ], [ -85.76196, 44.194545 ], [ -85.761151, 44.194549 ], [ -85.760015, 44.194556 ], [ -85.758007, 44.194565 ], [ -85.756523, 44.194572 ], [ -85.755852, 44.194571 ], [ -85.755517, 44.194575 ], [ -85.755218, 44.194585 ], [ -85.75492, 44.1946 ], [ -85.75418, 44.194665 ], [ -85.753271, 44.194784 ], [ -85.752649, 44.19488 ], [ -85.752014, 44.194992 ], [ -85.751999, 44.194995 ], [ -85.751661, 44.195061 ], [ -85.751092, 44.195189 ], [ -85.750789, 44.195247 ], [ -85.750352, 44.195312 ], [ -85.750139, 44.195335 ], [ -85.75004, 44.195339 ], [ -85.750082, 44.196236 ], [ -85.750085, 44.196374 ], [ -85.750114, 44.197468 ], [ -85.750156, 44.198424 ], [ -85.750216, 44.199481 ], [ -85.750275, 44.200516 ], [ -85.750295, 44.200863 ], [ -85.750331, 44.201915 ], [ -85.750343, 44.202265 ], [ -85.750354, 44.202589 ], [ -85.750434, 44.204063 ], [ -85.750473, 44.204767 ], [ -85.750536, 44.20602 ], [ -85.75059, 44.207273 ], [ -85.750635, 44.208526 ], [ -85.750622, 44.209461 ], [ -85.750622, 44.209499 ], [ -85.750575, 44.210448 ], [ -85.750569, 44.210935 ], [ -85.75053, 44.211259 ], [ -85.750532, 44.21171 ], [ -85.75053, 44.211768 ], [ -85.750511, 44.212376 ], [ -85.750471, 44.212953 ], [ -85.750463, 44.213295 ], [ -85.75046, 44.213457 ], [ -85.75047, 44.21364 ], [ -85.750482, 44.213748 ], [ -85.750494, 44.213803 ], [ -85.750547, 44.213912 ], [ -85.750592, 44.214041 ], [ -85.750671, 44.214204 ], [ -85.750884, 44.214488 ], [ -85.751015, 44.214614 ], [ -85.751036, 44.21463 ], [ -85.751247, 44.214799 ], [ -85.75141, 44.214922 ], [ -85.751504, 44.214977 ], [ -85.75168, 44.215004 ], [ -85.751929, 44.215035 ], [ -85.75212, 44.21505 ], [ -85.752527, 44.215067 ], [ -85.753078, 44.215076 ], [ -85.753441, 44.215092 ], [ -85.754485, 44.215095 ], [ -85.755061, 44.215098 ], [ -85.756481, 44.215096 ], [ -85.757258, 44.215088 ], [ -85.757618, 44.215089 ], [ -85.757845, 44.215091 ], [ -85.758042, 44.215098 ], [ -85.758284, 44.21512 ], [ -85.758403, 44.215141 ], [ -85.758653, 44.2152 ], [ -85.758787, 44.215248 ], [ -85.758901, 44.215294 ], [ -85.759007, 44.215343 ], [ -85.759206, 44.215456 ], [ -85.759376, 44.215574 ], [ -85.759535, 44.215707 ], [ -85.759678, 44.215857 ], [ -85.759745, 44.215939 ], [ -85.759805, 44.216025 ], [ -85.759851, 44.216101 ], [ -85.759858, 44.216113 ], [ -85.759902, 44.216203 ], [ -85.759956, 44.216362 ], [ -85.759978, 44.216461 ], [ -85.759982, 44.216541 ], [ -85.759996, 44.216781 ], [ -85.760001, 44.216862 ], [ -85.760014, 44.217897 ], [ -85.760054, 44.221002 ], [ -85.760068, 44.222038 ], [ -85.760075, 44.2232 ], [ -85.760096, 44.226113 ], [ -85.760089, 44.226686 ], [ -85.760078, 44.227785 ], [ -85.760081, 44.227849 ], [ -85.760088, 44.227988 ], [ -85.760094, 44.228287 ], [ -85.760097, 44.228379 ], [ -85.76011, 44.228492 ], [ -85.760138, 44.228607 ], [ -85.760348, 44.229084 ], [ -85.760411, 44.229197 ], [ -85.76055, 44.22942 ], [ -85.760588, 44.229488 ], [ -85.760806, 44.229869 ], [ -85.760807, 44.229962 ], [ -85.760872, 44.230599 ], [ -85.760878, 44.230776 ], [ -85.760868, 44.230863 ], [ -85.76084, 44.230997 ], [ -85.760795, 44.231128 ], [ -85.760762, 44.23119 ], [ -85.760736, 44.231228 ], [ -85.760451, 44.231562 ], [ -85.760395, 44.231629 ], [ -85.760341, 44.231704 ], [ -85.760296, 44.231782 ], [ -85.760256, 44.231874 ], [ -85.760225, 44.231969 ], [ -85.760202, 44.232064 ], [ -85.760188, 44.232171 ], [ -85.760163, 44.232822 ], [ -85.760149, 44.233481 ], [ -85.760157, 44.234153 ], [ -85.760179, 44.235049 ], [ -85.760185, 44.235497 ], [ -85.760173, 44.236701 ], [ -85.760173, 44.236983 ], [ -85.760174, 44.237978 ], [ -85.76018, 44.238203 ], [ -85.760196, 44.23852 ], [ -85.760218, 44.238654 ], [ -85.760318, 44.238774 ], [ -85.760165, 44.239335 ], [ -85.760152, 44.23941 ], [ -85.760144, 44.239557 ], [ -85.760153, 44.239631 ], [ -85.760204, 44.239828 ], [ -85.760204, 44.239903 ], [ -85.7602, 44.240522 ], [ -85.760189, 44.241109 ], [ -85.760188, 44.241235 ], [ -85.760185, 44.241695 ], [ -85.760188, 44.242281 ], [ -85.760217, 44.243321 ], [ -85.760293, 44.245286 ], [ -85.760316, 44.246008 ], [ -85.760327, 44.246637 ], [ -85.760344, 44.248704 ], [ -85.760349, 44.249257 ], [ -85.760351, 44.249436 ], [ -85.760339, 44.249958 ], [ -85.76034, 44.250218 ], [ -85.760349, 44.250348 ], [ -85.760384, 44.250595 ], [ -85.760408, 44.250711 ], [ -85.76044, 44.250826 ], [ -85.76048, 44.250927 ], [ -85.760593, 44.251151 ], [ -85.760616, 44.251802 ], [ -85.760688, 44.253758 ], [ -85.760712, 44.25441 ], [ -85.76071, 44.255547 ], [ -85.760706, 44.258958 ], [ -85.760706, 44.260096 ], [ -85.760285, 44.260322 ], [ -85.759578, 44.260759 ], [ -85.75876, 44.261237 ], [ -85.758486, 44.261399 ], [ -85.757073, 44.26222 ], [ -85.756443, 44.262592 ], [ -85.755804, 44.262955 ], [ -85.755059, 44.263349 ], [ -85.754778, 44.263493 ], [ -85.75449, 44.263629 ], [ -85.75419, 44.263752 ], [ -85.753992, 44.263822 ], [ -85.753791, 44.263888 ], [ -85.753376, 44.264009 ], [ -85.753164, 44.26406 ], [ -85.752948, 44.264098 ], [ -85.752838, 44.26411 ], [ -85.752692, 44.264117 ], [ -85.752579, 44.264124 ], [ -85.752028, 44.264138 ], [ -85.751372, 44.264149 ], [ -85.750437, 44.264154 ], [ -85.748484, 44.264214 ], [ -85.748393, 44.264217 ], [ -85.747633, 44.264226 ], [ -85.747028, 44.264249 ], [ -85.745517, 44.264277 ], [ -85.744825, 44.2643 ], [ -85.742626, 44.264338 ], [ -85.742245, 44.264345 ], [ -85.741156, 44.264387 ], [ -85.740988, 44.264439 ], [ -85.740908, 44.264468 ], [ -85.740789, 44.264528 ], [ -85.740702, 44.264551 ], [ -85.740712, 44.264742 ], [ -85.740714, 44.264773 ], [ -85.7407, 44.265114 ], [ -85.740675, 44.265486 ], [ -85.740665, 44.265757 ], [ -85.740675, 44.265877 ], [ -85.740705, 44.265988 ], [ -85.740711, 44.266009 ], [ -85.740869, 44.266183 ], [ -85.740966, 44.266312 ], [ -85.74101, 44.26637 ], [ -85.741061, 44.266437 ], [ -85.741094, 44.266504 ], [ -85.7411, 44.266564 ], [ -85.741084, 44.266636 ], [ -85.740763, 44.266515 ], [ -85.738851, 44.266029 ], [ -85.738545, 44.265965 ], [ -85.738394, 44.265929 ], [ -85.738151, 44.265848 ], [ -85.738027, 44.265812 ], [ -85.737815, 44.26577 ], [ -85.737608, 44.265744 ], [ -85.737408, 44.26573 ], [ -85.737309, 44.265731 ], [ -85.737213, 44.265738 ], [ -85.737022, 44.265765 ], [ -85.736789, 44.265812 ], [ -85.736676, 44.265843 ], [ -85.736571, 44.265878 ], [ -85.736268, 44.266008 ], [ -85.736157, 44.266061 ], [ -85.73604, 44.266111 ], [ -85.735938, 44.266149 ], [ -85.735844, 44.266171 ], [ -85.735563, 44.266192 ], [ -85.735297, 44.266196 ], [ -85.734985, 44.266192 ], [ -85.734609, 44.266196 ], [ -85.734515, 44.266201 ], [ -85.734422, 44.266211 ], [ -85.734241, 44.266245 ], [ -85.734013, 44.266299 ], [ -85.733963, 44.266306 ], [ -85.733884, 44.266318 ], [ -85.733679, 44.266336 ], [ -85.733454, 44.266336 ], [ -85.733228, 44.266319 ], [ -85.733079, 44.266285 ], [ -85.731783, 44.266045 ], [ -85.731366, 44.265963 ], [ -85.73108, 44.265898 ], [ -85.730514, 44.265753 ], [ -85.730228, 44.265688 ], [ -85.729476, 44.265546 ], [ -85.72888, 44.265423 ], [ -85.728486, 44.265334 ], [ -85.728101, 44.265241 ], [ -85.727712, 44.265166 ], [ -85.727355, 44.265082 ], [ -85.727174, 44.26505 ], [ -85.727082, 44.265042 ], [ -85.726968, 44.265041 ], [ -85.72655, 44.26506 ], [ -85.726362, 44.265074 ], [ -85.726176, 44.265093 ], [ -85.725995, 44.265119 ], [ -85.725458, 44.265216 ], [ -85.724209, 44.265426 ], [ -85.723076, 44.265599 ], [ -85.722808, 44.265645 ], [ -85.722399, 44.265677 ], [ -85.721998, 44.265698 ], [ -85.721136, 44.265715 ], [ -85.720562, 44.265716 ], [ -85.720249, 44.265717 ], [ -85.720114, 44.265705 ], [ -85.719814, 44.265651 ], [ -85.719531, 44.26559 ], [ -85.719001, 44.265456 ], [ -85.718866, 44.265429 ], [ -85.718729, 44.265409 ], [ -85.718558, 44.265393 ], [ -85.71822, 44.265376 ], [ -85.717722, 44.26537 ], [ -85.716142, 44.265316 ], [ -85.71537, 44.2653 ], [ -85.715365, 44.265213 ], [ -85.715349, 44.264899 ], [ -85.715329, 44.264394 ], [ -85.715288, 44.263322 ], [ -85.715253, 44.262272 ], [ -85.715223, 44.261676 ], [ -85.715179, 44.260771 ], [ -85.715241, 44.258842 ], [ -85.715258, 44.258346 ], [ -85.715227, 44.255479 ], [ -85.715227, 44.255461 ], [ -85.71521, 44.253052 ], [ -85.715198, 44.251123 ], [ -85.71505, 44.251115 ], [ -85.713762, 44.251131 ], [ -85.712478, 44.251155 ], [ -85.70977, 44.251224 ], [ -85.709455, 44.25123 ], [ -85.708391, 44.251252 ], [ -85.708043, 44.251249 ], [ -85.70802, 44.251245 ], [ -85.707953, 44.251234 ], [ -85.707746, 44.251178 ], [ -85.707369, 44.250935 ], [ -85.707076, 44.25074 ], [ -85.706919, 44.250622 ], [ -85.706695, 44.250467 ], [ -85.706466, 44.250309 ], [ -85.706365, 44.250248 ], [ -85.706258, 44.250191 ], [ -85.706022, 44.250088 ], [ -85.705817, 44.25002 ], [ -85.70565, 44.249975 ], [ -85.705565, 44.249957 ], [ -85.705477, 44.249944 ], [ -85.705389, 44.249936 ], [ -85.705154, 44.249932 ], [ -85.705051, 44.249925 ], [ -85.704968, 44.249909 ], [ -85.704726, 44.24984 ], [ -85.70458, 44.249812 ], [ -85.703774, 44.249689 ], [ -85.703517, 44.249658 ], [ -85.703219, 44.249632 ], [ -85.702968, 44.249624 ], [ -85.702767, 44.24963 ], [ -85.702667, 44.249641 ], [ -85.702473, 44.249685 ], [ -85.702204, 44.249753 ], [ -85.701838, 44.249847 ], [ -85.70114, 44.24998 ], [ -85.700985, 44.250004 ], [ -85.700828, 44.250023 ], [ -85.700681, 44.250033 ], [ -85.700591, 44.250039 ], [ -85.70056, 44.250042 ], [ -85.700321, 44.250043 ], [ -85.700232, 44.250044 ], [ -85.700213, 44.250193 ], [ -85.700149, 44.250457 ], [ -85.700124, 44.250535 ], [ -85.70009, 44.250644 ], [ -85.699974, 44.250902 ], [ -85.699889, 44.251106 ], [ -85.69982, 44.251178 ], [ -85.699769, 44.251211 ], [ -85.699681, 44.251252 ], [ -85.699573, 44.251281 ], [ -85.699524, 44.25129 ], [ -85.699372, 44.251302 ], [ -85.699049, 44.251318 ], [ -85.698915, 44.251314 ], [ -85.698545, 44.251329 ], [ -85.698419, 44.25133 ], [ -85.698366, 44.251334 ], [ -85.698014, 44.251329 ], [ -85.69775, 44.251326 ], [ -85.696847, 44.251324 ], [ -85.69652, 44.251327 ], [ -85.696423, 44.251322 ], [ -85.696358, 44.25132 ], [ -85.695987, 44.251284 ], [ -85.695896, 44.25127 ], [ -85.695804, 44.251255 ], [ -85.695644, 44.251222 ], [ -85.695378, 44.25115 ], [ -85.695153, 44.251069 ], [ -85.695106, 44.251047 ], [ -85.694898, 44.250952 ], [ -85.694775, 44.250888 ], [ -85.69455, 44.250752 ], [ -85.694407, 44.250657 ], [ -85.694263, 44.250561 ], [ -85.694179, 44.250496 ], [ -85.694047, 44.250407 ], [ -85.693927, 44.25031 ], [ -85.6938, 44.250218 ], [ -85.693683, 44.250145 ], [ -85.69356, 44.250075 ], [ -85.693037, 44.24981 ], [ -85.692992, 44.249786 ], [ -85.692724, 44.249647 ], [ -85.692615, 44.249598 ], [ -85.692511, 44.249558 ], [ -85.692343, 44.249504 ], [ -85.692233, 44.249478 ], [ -85.692022, 44.249427 ], [ -85.691844, 44.249392 ], [ -85.691482, 44.249332 ], [ -85.691301, 44.249306 ], [ -85.690754, 44.249239 ], [ -85.690575, 44.249207 ], [ -85.690403, 44.24917 ], [ -85.690233, 44.249128 ], [ -85.690055, 44.249078 ], [ -85.689881, 44.249023 ], [ -85.689511, 44.248886 ], [ -85.689358, 44.248829 ], [ -85.688736, 44.248585 ], [ -85.6884, 44.248443 ], [ -85.688061, 44.248276 ], [ -85.687971, 44.248242 ], [ -85.687703, 44.248174 ], [ -85.6876, 44.248138 ], [ -85.687408, 44.248052 ], [ -85.687129, 44.247909 ], [ -85.687033, 44.247866 ], [ -85.686743, 44.247749 ], [ -85.68645, 44.247638 ], [ -85.686027, 44.247484 ], [ -85.685597, 44.24734 ], [ -85.685379, 44.247274 ], [ -85.684965, 44.247161 ], [ -85.684596, 44.247075 ], [ -85.684304, 44.247019 ], [ -85.683954, 44.246971 ], [ -85.683265, 44.246913 ], [ -85.682643, 44.246873 ], [ -85.68221, 44.246853 ], [ -85.682028, 44.24685 ], [ -85.681938, 44.246856 ], [ -85.681787, 44.246843 ], [ -85.68148, 44.24686 ], [ -85.681426, 44.246864 ], [ -85.681019, 44.246957 ], [ -85.680709, 44.247102 ], [ -85.68037, 44.247358 ], [ -85.680113, 44.247562 ], [ -85.679993, 44.247671 ], [ -85.679828, 44.247805 ], [ -85.679681, 44.247933 ], [ -85.679607, 44.248004 ], [ -85.679415, 44.248151 ], [ -85.679296, 44.248214 ], [ -85.679124, 44.248257 ], [ -85.678978, 44.247888 ], [ -85.678598, 44.247504 ], [ -85.67854, 44.247305 ], [ -85.678489, 44.247127 ], [ -85.678808, 44.246667 ], [ -85.679086, 44.246288 ], [ -85.679189, 44.245858 ], [ -85.678999, 44.245185 ], [ -85.678517, 44.244824 ], [ -85.678268, 44.244496 ], [ -85.678268, 44.244435 ], [ -85.678271, 44.244013 ], [ -85.678572, 44.243358 ], [ -85.678495, 44.243355 ], [ -85.678411, 44.243347 ], [ -85.678319, 44.243329 ], [ -85.678228, 44.243304 ], [ -85.67814, 44.243275 ], [ -85.678067, 44.243244 ], [ -85.677831, 44.243127 ], [ -85.677558, 44.24297 ], [ -85.677466, 44.242921 ], [ -85.677369, 44.242875 ], [ -85.677268, 44.242835 ], [ -85.676967, 44.242751 ], [ -85.676818, 44.242723 ], [ -85.676513, 44.242685 ], [ -85.676419, 44.242671 ], [ -85.676158, 44.242635 ], [ -85.675956, 44.242601 ], [ -85.675737, 44.242556 ], [ -85.675521, 44.242505 ], [ -85.675347, 44.242457 ], [ -85.674819, 44.242288 ], [ -85.674636, 44.242224 ], [ -85.67447, 44.242158 ], [ -85.674146, 44.242013 ], [ -85.673959, 44.241919 ], [ -85.673592, 44.241724 ], [ -85.672744, 44.241314 ], [ -85.672671, 44.241274 ], [ -85.672602, 44.24123 ], [ -85.67254, 44.241182 ], [ -85.672502, 44.241147 ], [ -85.672399, 44.241037 ], [ -85.672339, 44.24096 ], [ -85.672283, 44.240878 ], [ -85.672236, 44.240794 ], [ -85.672179, 44.24066 ], [ -85.672066, 44.240233 ], [ -85.672011, 44.239991 ], [ -85.67198, 44.239914 ], [ -85.671942, 44.239848 ], [ -85.671846, 44.239721 ], [ -85.671754, 44.239625 ], [ -85.671634, 44.239522 ], [ -85.671548, 44.239458 ], [ -85.671458, 44.2394 ], [ -85.671363, 44.239347 ], [ -85.671067, 44.239194 ], [ -85.671, 44.239157 ], [ -85.670516, 44.238891 ], [ -85.669013, 44.238028 ], [ -85.668993, 44.238017 ], [ -85.668549, 44.237747 ], [ -85.668319, 44.23762 ], [ -85.66803, 44.23749 ], [ -85.667855, 44.237425 ], [ -85.667711, 44.237389 ], [ -85.667548, 44.237362 ], [ -85.667438, 44.237351 ], [ -85.667314, 44.237345 ], [ -85.667064, 44.237347 ], [ -85.6669, 44.237345 ], [ -85.666689, 44.237344 ], [ -85.665937, 44.237349 ], [ -85.66555, 44.23736 ], [ -85.665357, 44.23737 ], [ -85.664971, 44.237406 ], [ -85.664781, 44.237433 ], [ -85.664608, 44.237464 ], [ -85.664095, 44.237579 ], [ -85.663609, 44.237682 ], [ -85.66289, 44.23785 ], [ -85.662648, 44.2379 ], [ -85.662392, 44.237944 ], [ -85.661842, 44.238023 ], [ -85.661583, 44.238073 ], [ -85.661455, 44.238104 ], [ -85.661331, 44.238139 ], [ -85.661102, 44.238218 ], [ -85.660993, 44.238264 ], [ -85.660901, 44.238312 ], [ -85.660647, 44.238477 ], [ -85.660555, 44.238524 ], [ -85.660393, 44.238587 ], [ -85.660308, 44.238614 ], [ -85.660277, 44.23862 ], [ -85.660109, 44.238656 ], [ -85.659943, 44.23868 ], [ -85.659335, 44.238736 ], [ -85.658795, 44.238794 ], [ -85.658115, 44.238891 ], [ -85.658027, 44.238912 ], [ -85.657773, 44.238944 ], [ -85.65704, 44.239009 ], [ -85.656599, 44.239054 ], [ -85.65557, 44.239169 ], [ -85.655261, 44.239197 ], [ -85.655158, 44.239203 ], [ -85.654756, 44.239213 ], [ -85.65453, 44.239211 ], [ -85.654336, 44.23921 ], [ -85.653705, 44.239195 ], [ -85.653202, 44.239195 ], [ -85.652754, 44.23921 ], [ -85.6526, 44.239219 ], [ -85.652446, 44.239235 ], [ -85.65229, 44.23926 ], [ -85.652134, 44.239292 ], [ -85.651769, 44.239376 ], [ -85.651073, 44.239551 ], [ -85.650434, 44.2397 ], [ -85.65004, 44.239805 ], [ -85.649906, 44.239849 ], [ -85.649777, 44.2399 ], [ -85.649022, 44.240259 ], [ -85.648789, 44.240363 ], [ -85.648728, 44.240383 ], [ -85.648645, 44.240398 ], [ -85.648558, 44.240406 ], [ -85.648384, 44.240408 ], [ -85.648211, 44.240392 ], [ -85.648101, 44.240375 ], [ -85.647494, 44.240227 ], [ -85.647321, 44.240199 ], [ -85.647086, 44.24018 ], [ -85.646814, 44.24017 ], [ -85.64666, 44.240168 ], [ -85.646231, 44.240175 ], [ -85.646035, 44.240172 ], [ -85.64587, 44.240163 ], [ -85.645816, 44.240157 ], [ -85.645714, 44.240137 ], [ -85.645162, 44.239977 ], [ -85.644661, 44.239815 ], [ -85.644284, 44.239682 ], [ -85.644171, 44.239643 ], [ -85.64369, 44.239467 ], [ -85.642979, 44.239239 ], [ -85.64274, 44.239157 ], [ -85.642185, 44.238927 ], [ -85.641968, 44.238851 ], [ -85.641524, 44.23871 ], [ -85.640963, 44.238549 ], [ -85.640879, 44.238529 ], [ -85.640635, 44.2385 ], [ -85.640484, 44.23849 ], [ -85.639886, 44.238483 ], [ -85.637868, 44.238507 ], [ -85.637274, 44.238523 ], [ -85.637069, 44.238537 ], [ -85.63683, 44.238561 ], [ -85.636713, 44.23858 ], [ -85.63653, 44.238623 ], [ -85.636409, 44.238653 ], [ -85.636249, 44.238677 ], [ -85.635926, 44.238711 ], [ -85.635498, 44.238767 ], [ -85.634808, 44.23887 ], [ -85.634323, 44.238955 ], [ -85.633619, 44.239069 ], [ -85.63309, 44.239166 ], [ -85.633037, 44.239173 ], [ -85.632884, 44.239179 ], [ -85.632663, 44.23918 ], [ -85.632578, 44.239175 ], [ -85.632481, 44.239162 ], [ -85.632386, 44.239143 ], [ -85.632286, 44.239117 ], [ -85.63219, 44.239084 ], [ -85.631817, 44.238938 ], [ -85.631311, 44.238727 ], [ -85.630986, 44.238597 ], [ -85.630481, 44.238408 ], [ -85.63031, 44.238349 ], [ -85.630136, 44.238295 ], [ -85.62996, 44.238246 ], [ -85.629782, 44.238205 ], [ -85.628907, 44.238023 ], [ -85.628567, 44.237947 ], [ -85.628316, 44.237881 ], [ -85.628234, 44.237856 ], [ -85.627951, 44.23776 ], [ -85.627504, 44.237658 ], [ -85.62739, 44.237626 ], [ -85.627242, 44.237573 ], [ -85.62669, 44.237353 ], [ -85.626422, 44.237255 ], [ -85.626185, 44.237176 ], [ -85.626103, 44.237154 ], [ -85.625892, 44.23712 ], [ -85.625784, 44.237111 ], [ -85.625236, 44.237098 ], [ -85.624906, 44.237096 ], [ -85.623793, 44.237107 ], [ -85.623565, 44.237105 ], [ -85.623366, 44.237104 ], [ -85.622973, 44.237113 ], [ -85.621897, 44.237149 ], [ -85.621501, 44.23715 ], [ -85.620707, 44.237143 ], [ -85.620066, 44.237148 ], [ -85.619425, 44.237161 ], [ -85.619121, 44.237158 ], [ -85.618852, 44.237157 ], [ -85.616812, 44.237187 ], [ -85.615978, 44.237197 ], [ -85.615271, 44.237218 ], [ -85.614355, 44.237238 ], [ -85.613734, 44.237259 ], [ -85.612818, 44.237269 ], [ -85.612334, 44.237265 ], [ -85.611866, 44.237283 ], [ -85.611041, 44.237291 ], [ -85.609075, 44.237301 ], [ -85.606601, 44.237308 ], [ -85.605791, 44.237302 ], [ -85.6045, 44.237285 ], [ -85.603514, 44.237278 ], [ -85.602445, 44.237285 ], [ -85.599052, 44.237282 ], [ -85.598665, 44.222427 ], [ -85.597701, 44.222432 ], [ -85.593841, 44.222447 ], [ -85.5907, 44.222461 ], [ -85.582264, 44.222507 ], [ -85.580194, 44.222519 ], [ -85.578406, 44.222487 ], [ -85.577319, 44.222443 ], [ -85.576922, 44.222428 ], [ -85.576065, 44.222363 ], [ -85.574188, 44.222207 ], [ -85.574066, 44.222195 ], [ -85.572984, 44.222096 ], [ -85.572806, 44.222076 ], [ -85.572272, 44.222016 ], [ -85.572095, 44.221996 ], [ -85.571275, 44.221903 ], [ -85.570855, 44.221843 ], [ -85.5697, 44.22168 ], [ -85.569505, 44.221652 ], [ -85.567192, 44.221256 ], [ -85.567155, 44.221248 ], [ -85.565932, 44.220996 ], [ -85.565796, 44.220968 ], [ -85.565389, 44.220884 ], [ -85.565254, 44.220857 ], [ -85.565184, 44.220843 ], [ -85.564042, 44.220586 ], [ -85.563742, 44.220515 ], [ -85.5629, 44.220319 ], [ -85.559212, 44.219467 ], [ -85.559098, 44.219441 ], [ -85.557704, 44.219111 ], [ -85.557704, 44.219867 ], [ -85.557704, 44.222135 ], [ -85.557705, 44.222891 ], [ -85.5594, 44.222856 ], [ -85.564486, 44.222753 ], [ -85.564703, 44.222749 ], [ -85.566182, 44.222701 ], [ -85.566342, 44.2227 ], [ -85.566647, 44.222699 ], [ -85.566824, 44.222695 ], [ -85.566985, 44.222692 ], [ -85.568083, 44.222669 ], [ -85.568308, 44.222665 ], [ -85.568748, 44.222643 ], [ -85.569174, 44.222644 ], [ -85.569568, 44.222635 ], [ -85.570275, 44.222608 ], [ -85.570281, 44.226245 ], [ -85.567756, 44.226304 ], [ -85.567784, 44.229918 ], [ -85.567909, 44.23714 ], [ -85.569235, 44.237102 ], [ -85.571693, 44.237035 ], [ -85.571807, 44.251818 ], [ -85.568745, 44.251842 ], [ -85.568984, 44.259007 ], [ -85.569352, 44.269788 ], [ -85.569751, 44.277469 ], [ -85.575497, 44.278068 ], [ -85.579528, 44.278489 ], [ -85.579541, 44.278832 ], [ -85.579542, 44.278906 ], [ -85.579563, 44.280159 ], [ -85.579571, 44.280577 ], [ -85.576961, 44.280594 ], [ -85.573491, 44.280617 ], [ -85.569131, 44.280631 ], [ -85.566521, 44.28064 ], [ -85.565109, 44.280644 ], [ -85.560876, 44.280658 ], [ -85.559466, 44.280664 ], [ -85.559475, 44.281476 ], [ -85.559505, 44.283914 ], [ -85.559515, 44.284727 ], [ -85.55954, 44.286806 ], [ -85.559555, 44.287972 ], [ -85.559652, 44.293043 ], [ -85.559692, 44.295122 ], [ -85.55971, 44.296574 ], [ -85.559765, 44.300932 ], [ -85.559784, 44.302385 ], [ -85.559781, 44.303835 ], [ -85.559777, 44.306452 ], [ -85.559825, 44.30778 ], [ -85.559829, 44.308187 ], [ -85.559847, 44.309638 ], [ -85.563867, 44.309603 ], [ -85.572198, 44.309532 ], [ -85.57593, 44.309519 ], [ -85.579952, 44.309507 ], [ -85.579954, 44.309675 ], [ -85.579975, 44.310865 ], [ -85.580021, 44.313463 ], [ -85.580048, 44.314751 ], [ -85.580048, 44.314939 ], [ -85.58005, 44.316298 ], [ -85.58005, 44.316942 ], [ -85.580053, 44.317107 ], [ -85.580073, 44.318727 ], [ -85.580073, 44.319533 ], [ -85.580075, 44.320343 ], [ -85.580076, 44.320815 ], [ -85.580077, 44.321085 ], [ -85.580081, 44.32209 ], [ -85.580071, 44.323313 ], [ -85.580065, 44.324056 ], [ -85.579858, 44.324033 ], [ -85.579454, 44.324011 ], [ -85.579343, 44.324006 ], [ -85.578933, 44.323994 ], [ -85.578021, 44.323993 ], [ -85.577617, 44.323982 ], [ -85.577005, 44.323966 ], [ -85.576595, 44.323697 ], [ -85.573588, 44.321786 ], [ -85.572206, 44.320908 ], [ -85.571194, 44.320258 ], [ -85.568887, 44.318754 ], [ -85.567476, 44.317845 ], [ -85.563348, 44.315237 ], [ -85.563208, 44.315149 ], [ -85.561948, 44.314339 ], [ -85.560696, 44.313522 ], [ -85.559943, 44.313041 ], [ -85.56002, 44.314892 ], [ -85.560023, 44.315065 ], [ -85.560053, 44.316409 ], [ -85.560175, 44.319584 ], [ -85.560223, 44.321138 ], [ -85.560251, 44.322037 ], [ -85.560298, 44.323163 ], [ -85.560311, 44.323478 ], [ -85.560304, 44.324095 ], [ -85.556274, 44.324092 ], [ -85.552881, 44.32409 ], [ -85.547559, 44.324142 ], [ -85.548684, 44.324948 ], [ -85.549389, 44.325726 ], [ -85.549608, 44.326253 ], [ -85.549881, 44.326758 ], [ -85.550907, 44.32754 ], [ -85.552089, 44.328515 ], [ -85.552879, 44.329424 ], [ -85.553184, 44.330056 ], [ -85.553198, 44.330207 ], [ -85.553566, 44.330552 ], [ -85.553814, 44.331851 ], [ -85.55369, 44.332934 ], [ -85.553752, 44.333521 ], [ -85.554742, 44.335623 ], [ -85.55734, 44.336953 ], [ -85.559072, 44.337633 ], [ -85.560094, 44.338545 ], [ -85.556464, 44.338597 ], [ -85.556376, 44.339223 ], [ -85.556567, 44.34055 ], [ -85.556453, 44.341487 ], [ -85.556506, 44.341487 ], [ -85.556598, 44.341559 ], [ -85.556682, 44.341663 ], [ -85.55675, 44.341814 ], [ -85.556834, 44.342028 ], [ -85.556864, 44.342182 ], [ -85.556879, 44.34222 ], [ -85.556962, 44.342363 ], [ -85.557099, 44.342506 ], [ -85.55734, 44.342682 ], [ -85.55753, 44.342803 ], [ -85.557783, 44.342913 ], [ -85.558042, 44.343007 ], [ -85.558309, 44.343051 ], [ -85.558401, 44.343073 ], [ -85.55842, 44.343086 ], [ -85.558538, 44.343192 ], [ -85.558653, 44.343307 ], [ -85.55882, 44.343411 ], [ -85.559042, 44.343494 ], [ -85.559294, 44.343582 ], [ -85.559622, 44.343687 ], [ -85.559867, 44.343721 ], [ -85.560135, 44.343729 ], [ -85.560364, 44.343686 ], [ -85.56054, 44.343587 ], [ -85.560701, 44.343483 ], [ -85.560862, 44.34339 ], [ -85.56113, 44.343155 ], [ -85.561253, 44.343073 ], [ -85.561452, 44.343024 ], [ -85.561727, 44.342997 ], [ -85.561949, 44.343016 ], [ -85.562637, 44.343105 ], [ -85.562782, 44.343072 ], [ -85.563019, 44.342979 ], [ -85.56308, 44.342969 ], [ -85.563226, 44.342963 ], [ -85.56331, 44.343024 ], [ -85.563317, 44.343095 ], [ -85.563317, 44.343167 ], [ -85.563072, 44.343298 ], [ -85.562766, 44.34338 ], [ -85.562727, 44.343429 ], [ -85.562742, 44.343511 ], [ -85.562811, 44.343588 ], [ -85.562918, 44.34361 ], [ -85.563162, 44.343644 ], [ -85.563422, 44.34365 ], [ -85.563713, 44.343669 ], [ -85.564187, 44.343654 ], [ -85.564286, 44.343681 ], [ -85.564401, 44.34378 ], [ -85.564519, 44.343923 ], [ -85.564656, 44.34411 ], [ -85.564762, 44.344351 ], [ -85.564853, 44.344511 ], [ -85.565029, 44.344648 ], [ -85.565051, 44.34466 ], [ -85.565196, 44.344744 ], [ -85.565357, 44.344799 ], [ -85.565487, 44.344871 ], [ -85.565624, 44.344937 ], [ -85.5657, 44.34503 ], [ -85.565702, 44.345678 ], [ -85.565503, 44.345804 ], [ -85.565396, 44.345809 ], [ -85.565258, 44.345842 ], [ -85.564769, 44.345849 ], [ -85.564692, 44.345844 ], [ -85.564539, 44.345871 ], [ -85.564371, 44.345925 ], [ -85.564264, 44.346013 ], [ -85.564217, 44.346161 ], [ -85.564165, 44.346248 ], [ -85.565262, 44.346237 ], [ -85.565208, 44.345885 ], [ -85.575356, 44.345811 ], [ -85.575393, 44.352831 ], [ -85.580297, 44.352883 ], [ -85.580332, 44.353376 ], [ -85.580354, 44.353681 ], [ -85.580357, 44.353849 ], [ -85.580352, 44.354422 ], [ -85.580347, 44.354545 ], [ -85.580354, 44.354727 ], [ -85.580375, 44.355273 ], [ -85.580382, 44.355456 ], [ -85.580391, 44.355498 ], [ -85.580404, 44.355538 ], [ -85.580408, 44.355673 ], [ -85.58041, 44.355741 ], [ -85.580419, 44.35586 ], [ -85.580347, 44.356091 ], [ -85.580368, 44.356197 ], [ -85.580375, 44.356321 ], [ -85.580377, 44.35634 ], [ -85.58037, 44.356423 ], [ -85.580309, 44.356525 ], [ -85.579788, 44.356467 ], [ -85.579163, 44.356424 ], [ -85.578559, 44.356378 ], [ -85.57824, 44.356358 ], [ -85.577685, 44.356316 ], [ -85.577527, 44.356285 ], [ -85.57735, 44.356224 ], [ -85.577042, 44.356081 ], [ -85.576472, 44.355797 ], [ -85.576331, 44.355724 ], [ -85.575849, 44.355474 ], [ -85.574945, 44.355034 ], [ -85.573603, 44.354336 ], [ -85.572771, 44.353915 ], [ -85.572125, 44.353573 ], [ -85.571783, 44.353377 ], [ -85.571518, 44.353234 ], [ -85.570968, 44.352987 ], [ -85.570697, 44.352894 ], [ -85.570562, 44.352865 ], [ -85.570366, 44.352848 ], [ -85.569643, 44.352861 ], [ -85.568622, 44.352857 ], [ -85.567584, 44.352869 ], [ -85.566997, 44.352855 ], [ -85.565469, 44.352828 ], [ -85.564769, 44.352828 ], [ -85.564665, 44.352829 ], [ -85.56398, 44.352837 ], [ -85.56328, 44.352861 ], [ -85.560699, 44.352855 ], [ -85.560551, 44.352862 ], [ -85.560559, 44.353791 ], [ -85.560498, 44.355678 ], [ -85.560497, 44.355744 ], [ -85.560462, 44.358431 ], [ -85.560405, 44.361945 ], [ -85.560397, 44.364393 ], [ -85.560388, 44.367277 ], [ -85.560369, 44.369321 ], [ -85.560333, 44.370167 ], [ -85.560314, 44.370635 ], [ -85.560311, 44.37207 ], [ -85.560286, 44.373907 ], [ -85.560257, 44.374525 ], [ -85.560271, 44.375819 ], [ -85.560255, 44.376608 ], [ -85.560255, 44.377216 ], [ -85.560264, 44.377693 ], [ -85.560237, 44.378839 ], [ -85.560269, 44.38145 ], [ -85.560263, 44.381731 ], [ -85.555699, 44.381771 ], [ -85.555271, 44.381775 ], [ -85.549489, 44.381808 ], [ -85.548051, 44.381828 ], [ -85.546888, 44.381849 ], [ -85.546654, 44.381848 ], [ -85.546485, 44.381842 ], [ -85.546283, 44.381801 ], [ -85.54613, 44.381732 ], [ -85.546011, 44.38164 ], [ -85.545868, 44.381486 ], [ -85.545531, 44.381002 ], [ -85.545353, 44.380703 ], [ -85.545252, 44.380583 ], [ -85.545093, 44.38045 ], [ -85.544938, 44.380349 ], [ -85.544718, 44.38024 ], [ -85.544518, 44.380166 ], [ -85.544256, 44.380079 ], [ -85.544011, 44.380049 ], [ -85.543753, 44.380027 ], [ -85.543319, 44.380043 ], [ -85.54274, 44.380088 ], [ -85.542359, 44.380119 ], [ -85.540078, 44.380273 ], [ -85.538187, 44.380387 ], [ -85.538102, 44.380511 ], [ -85.537973, 44.380638 ], [ -85.537825, 44.380771 ], [ -85.537665, 44.38088 ], [ -85.537631, 44.380904 ], [ -85.537299, 44.381065 ], [ -85.535705, 44.381809 ], [ -85.535495, 44.381886 ], [ -85.535319, 44.381924 ], [ -85.535001, 44.381948 ], [ -85.534992, 44.382011 ], [ -85.534985, 44.38218 ], [ -85.534969, 44.383394 ], [ -85.534961, 44.384122 ], [ -85.534962, 44.385635 ], [ -85.534924, 44.387247 ], [ -85.534916, 44.387735 ], [ -85.534895, 44.389182 ], [ -85.534892, 44.389293 ], [ -85.534912, 44.389816 ], [ -85.534864, 44.391556 ], [ -85.534854, 44.392043 ], [ -85.53478, 44.396047 ], [ -85.534736, 44.397625 ], [ -85.534672, 44.398674 ], [ -85.534651, 44.398943 ], [ -85.534699, 44.400628 ], [ -85.534732, 44.401745 ], [ -85.534724, 44.402178 ], [ -85.539077, 44.399939 ], [ -85.559925, 44.399561 ], [ -85.559916, 44.401011 ], [ -85.55992, 44.401986 ], [ -85.559927, 44.40343 ], [ -85.559939, 44.404737 ], [ -85.559953, 44.406145 ], [ -85.559976, 44.408231 ], [ -85.559979, 44.408661 ], [ -85.55999, 44.409969 ], [ -85.559991, 44.410099 ], [ -85.559994, 44.410489 ], [ -85.559995, 44.41062 ], [ -85.56013, 44.410618 ], [ -85.560537, 44.410613 ], [ -85.560673, 44.410612 ], [ -85.561385, 44.410603 ], [ -85.563523, 44.410577 ], [ -85.564236, 44.410569 ], [ -85.564554, 44.410565 ], [ -85.564695, 44.410563 ], [ -85.565399, 44.41055 ], [ -85.568891, 44.410487 ], [ -85.570055, 44.410466 ], [ -85.571918, 44.410443 ], [ -85.577508, 44.410377 ], [ -85.579372, 44.410355 ], [ -85.57928, 44.413223 ], [ -85.579004, 44.421828 ], [ -85.578913, 44.424697 ], [ -85.579846, 44.424681 ], [ -85.581426, 44.424665 ], [ -85.582789, 44.424647 ], [ -85.584941, 44.424621 ], [ -85.586366, 44.424622 ], [ -85.588339, 44.424596 ], [ -85.589834, 44.424607 ], [ -85.590578, 44.424598 ], [ -85.59167, 44.424579 ], [ -85.593027, 44.424568 ], [ -85.593739, 44.424583 ], [ -85.594419, 44.424573 ], [ -85.595414, 44.424559 ], [ -85.595875, 44.424542 ], [ -85.597087, 44.424542 ], [ -85.598086, 44.424558 ], [ -85.598176, 44.424551 ], [ -85.598295, 44.424548 ], [ -85.598823, 44.424536 ], [ -85.598869, 44.42481 ], [ -85.598863, 44.425477 ], [ -85.598799, 44.426766 ], [ -85.598819, 44.427533 ], [ -85.59883, 44.42844 ], [ -85.598858, 44.429265 ], [ -85.598843, 44.429706 ], [ -85.598837, 44.430743 ], [ -85.59881, 44.431475 ], [ -85.598785, 44.432748 ], [ -85.59882, 44.434089 ], [ -85.598809, 44.434743 ], [ -85.598816, 44.43502 ], [ -85.598797, 44.435413 ], [ -85.598822, 44.436197 ], [ -85.598836, 44.437015 ], [ -85.59882, 44.43745 ], [ -85.598819, 44.437908 ], [ -85.598825, 44.43847 ], [ -85.598805, 44.439 ], [ -85.598805, 44.439072 ], [ -85.598814, 44.441303 ], [ -85.598805, 44.442091 ], [ -85.59882, 44.444278 ], [ -85.598805, 44.445448 ], [ -85.598834, 44.446693 ], [ -85.5988, 44.447426 ], [ -85.598804, 44.447951 ], [ -85.598787, 44.448236 ], [ -85.598797, 44.448401 ], [ -85.598802, 44.448773 ], [ -85.598795, 44.449511 ], [ -85.598803, 44.44989 ], [ -85.598784, 44.450111 ], [ -85.598793, 44.450589 ], [ -85.598785, 44.450928 ], [ -85.598786, 44.451443 ], [ -85.598773, 44.451989 ], [ -85.598788, 44.452371 ], [ -85.598785, 44.452917 ], [ -85.598767, 44.453569 ], [ -85.597985, 44.453558 ], [ -85.597729, 44.453556 ], [ -85.597188, 44.453554 ], [ -85.59541, 44.453534 ], [ -85.594615, 44.45353 ], [ -85.593578, 44.453526 ], [ -85.592137, 44.453526 ], [ -85.591217, 44.453526 ], [ -85.590205, 44.453504 ], [ -85.589816, 44.453505 ], [ -85.589227, 44.453515 ], [ -85.587816, 44.453503 ], [ -85.587668, 44.453502 ], [ -85.587574, 44.453499 ], [ -85.58653, 44.453509 ], [ -85.586377, 44.45352 ], [ -85.585844, 44.453545 ], [ -85.584247, 44.45362 ], [ -85.583715, 44.453646 ], [ -85.583372, 44.453636 ], [ -85.582345, 44.453608 ], [ -85.582003, 44.453599 ], [ -85.582072, 44.453704 ], [ -85.582286, 44.453863 ], [ -85.582354, 44.453956 ], [ -85.582434, 44.454094 ], [ -85.582442, 44.454209 ], [ -85.582387, 44.454434 ], [ -85.582386, 44.454796 ], [ -85.582424, 44.454889 ], [ -85.58257, 44.454988 ], [ -85.582883, 44.455093 ], [ -85.583082, 44.455186 ], [ -85.583385, 44.455269 ], [ -85.583591, 44.455363 ], [ -85.583867, 44.455459 ], [ -85.583951, 44.455531 ], [ -85.583974, 44.455613 ], [ -85.583988, 44.455756 ], [ -85.583919, 44.455876 ], [ -85.583765, 44.456101 ], [ -85.583535, 44.456383 ], [ -85.583492, 44.456504 ], [ -85.583523, 44.456581 ], [ -85.583859, 44.456896 ], [ -85.584072, 44.45716 ], [ -85.58421, 44.457347 ], [ -85.584347, 44.45755 ], [ -85.584477, 44.457644 ], [ -85.585282, 44.457896 ], [ -85.585507, 44.458004 ], [ -85.585705, 44.458158 ], [ -85.585827, 44.458323 ], [ -85.585919, 44.458565 ], [ -85.586036, 44.458993 ], [ -85.58612, 44.459048 ], [ -85.58626, 44.459108 ], [ -85.58661, 44.459257 ], [ -85.586689, 44.459313 ], [ -85.58687, 44.459444 ], [ -85.587099, 44.459639 ], [ -85.587237, 44.459809 ], [ -85.587389, 44.460029 ], [ -85.587546, 44.460309 ], [ -85.587606, 44.460391 ], [ -85.587652, 44.460452 ], [ -85.587798, 44.460501 ], [ -85.588012, 44.460556 ], [ -85.588031, 44.460575 ], [ -85.588081, 44.460628 ], [ -85.588119, 44.460781 ], [ -85.588256, 44.460985 ], [ -85.58831, 44.461116 ], [ -85.588318, 44.461195 ], [ -85.588328, 44.461292 ], [ -85.588074, 44.461621 ], [ -85.587989, 44.461785 ], [ -85.587958, 44.462158 ], [ -85.587907, 44.462597 ], [ -85.587837, 44.462871 ], [ -85.587821, 44.463118 ], [ -85.587827, 44.463166 ], [ -85.587859, 44.463387 ], [ -85.587961, 44.4637 ], [ -85.587998, 44.463763 ], [ -85.588035, 44.463826 ], [ -85.587484, 44.464051 ], [ -85.58662, 44.464406 ], [ -85.586122, 44.464394 ], [ -85.585776, 44.464318 ], [ -85.585195, 44.464192 ], [ -85.58517, 44.464186 ], [ -85.584799, 44.464165 ], [ -85.584771, 44.464164 ], [ -85.584581, 44.464205 ], [ -85.584406, 44.464457 ], [ -85.584492, 44.464917 ], [ -85.584481, 44.465109 ], [ -85.584463, 44.465454 ], [ -85.584454, 44.465505 ], [ -85.584387, 44.465899 ], [ -85.584052, 44.466532 ], [ -85.584011, 44.46671 ], [ -85.584104, 44.467088 ], [ -85.584115, 44.46713 ], [ -85.584288, 44.467303 ], [ -85.584493, 44.467406 ], [ -85.585374, 44.467663 ], [ -85.585665, 44.467801 ], [ -85.585927, 44.468059 ], [ -85.586018, 44.468405 ], [ -85.585829, 44.46877 ], [ -85.585625, 44.468972 ], [ -85.58528, 44.469149 ], [ -85.584987, 44.469157 ], [ -85.584227, 44.468768 ], [ -85.583877, 44.468731 ], [ -85.583781, 44.468721 ], [ -85.58328, 44.468722 ], [ -85.582887, 44.468775 ], [ -85.582527, 44.468892 ], [ -85.582347, 44.469015 ], [ -85.582359, 44.469112 ], [ -85.58238, 44.469291 ], [ -85.582608, 44.469383 ], [ -85.583508, 44.46975 ], [ -85.583745, 44.469947 ], [ -85.583897, 44.470074 ], [ -85.583997, 44.470281 ], [ -85.58406, 44.470411 ], [ -85.583971, 44.470793 ], [ -85.583396, 44.471744 ], [ -85.583308, 44.471987 ], [ -85.583164, 44.472269 ], [ -85.582912, 44.472762 ], [ -85.582876, 44.472834 ], [ -85.582532, 44.473185 ], [ -85.582332, 44.473245 ], [ -85.582034, 44.473233 ], [ -85.581866, 44.473109 ], [ -85.582051, 44.47227 ], [ -85.582049, 44.471876 ], [ -85.581971, 44.471633 ], [ -85.581826, 44.471408 ], [ -85.581656, 44.471278 ], [ -85.581439, 44.471189 ], [ -85.58129, 44.471179 ], [ -85.580454, 44.471274 ], [ -85.579141, 44.471899 ], [ -85.578986, 44.471936 ], [ -85.577641, 44.472265 ], [ -85.576864, 44.472579 ], [ -85.576858, 44.472655 ], [ -85.576856, 44.472688 ], [ -85.576766, 44.474321 ], [ -85.576482, 44.479549 ], [ -85.576388, 44.481292 ], [ -85.57636, 44.481787 ], [ -85.576279, 44.483274 ], [ -85.576253, 44.48377 ], [ -85.575735, 44.483768 ], [ -85.574181, 44.483764 ], [ -85.573812, 44.483764 ], [ -85.573663, 44.483764 ], [ -85.570985, 44.483757 ], [ -85.564171, 44.483742 ], [ -85.562951, 44.483739 ], [ -85.560472, 44.483733 ], [ -85.560373, 44.483733 ], [ -85.560274, 44.483733 ], [ -85.560209, 44.483733 ], [ -85.560069, 44.483742 ], [ -85.560009, 44.483745 ], [ -85.559944, 44.48375 ], [ -85.559214, 44.483747 ], [ -85.559111, 44.483747 ], [ -85.559077, 44.483747 ], [ -85.55895, 44.483747 ], [ -85.558818, 44.483747 ], [ -85.555118, 44.483738 ], [ -85.552591, 44.483732 ], [ -85.543625, 44.483711 ], [ -85.53995, 44.483703 ], [ -85.539872, 44.483703 ], [ -85.539794, 44.483703 ], [ -85.539905, 44.483777 ], [ -85.540003, 44.484088 ], [ -85.53999, 44.484515 ], [ -85.539976, 44.484545 ], [ -85.539237, 44.48625 ], [ -85.539101, 44.486564 ], [ -85.538873, 44.48675 ], [ -85.538626, 44.486774 ], [ -85.538608, 44.486772 ], [ -85.538131, 44.486719 ], [ -85.537703, 44.486618 ], [ -85.537703, 44.486559 ], [ -85.537703, 44.486536 ], [ -85.537704, 44.485613 ], [ -85.537708, 44.483682 ], [ -85.53764, 44.482747 ], [ -85.537272, 44.482796 ], [ -85.537182, 44.482805 ], [ -85.537086, 44.482827 ], [ -85.536932, 44.482905 ], [ -85.536773, 44.483117 ], [ -85.536727, 44.483148 ], [ -85.536599, 44.483192 ], [ -85.536354, 44.483241 ], [ -85.536109, 44.483257 ], [ -85.535955, 44.483275 ], [ -85.535878, 44.4833 ], [ -85.535742, 44.483357 ], [ -85.535724, 44.483365 ], [ -85.535595, 44.483427 ], [ -85.535427, 44.483523 ], [ -85.53513, 44.483731 ], [ -85.535009, 44.483817 ], [ -85.534811, 44.483939 ], [ -85.534529, 44.48416 ], [ -85.534409, 44.484223 ], [ -85.534309, 44.484265 ], [ -85.533939, 44.484355 ], [ -85.533391, 44.484531 ], [ -85.532258, 44.48492 ], [ -85.531741, 44.485122 ], [ -85.531459, 44.485281 ], [ -85.530786, 44.485693 ], [ -85.530331, 44.485965 ], [ -85.530187, 44.486017 ], [ -85.530095, 44.486045 ], [ -85.529916, 44.486062 ], [ -85.529304, 44.486066 ], [ -85.528868, 44.486057 ], [ -85.52851, 44.486038 ], [ -85.528435, 44.486036 ], [ -85.527674, 44.486021 ], [ -85.52757, 44.486066 ], [ -85.527394, 44.486179 ], [ -85.527394, 44.486885 ], [ -85.52738, 44.487294 ], [ -85.527378, 44.48751 ], [ -85.527377, 44.487567 ], [ -85.527376, 44.487947 ], [ -85.527374, 44.488739 ], [ -85.527355, 44.489259 ], [ -85.527346, 44.489545 ], [ -85.527291, 44.489687 ], [ -85.527345, 44.489755 ], [ -85.527384, 44.489932 ], [ -85.527396, 44.490086 ], [ -85.527389, 44.490512 ], [ -85.527338, 44.490952 ], [ -85.527299, 44.491051 ], [ -85.527316, 44.491367 ], [ -85.527341, 44.491796 ], [ -85.527343, 44.491983 ], [ -85.527348, 44.492299 ], [ -85.527333, 44.492547 ], [ -85.52733, 44.492613 ], [ -85.527326, 44.492674 ], [ -85.527325, 44.492735 ], [ -85.527324, 44.492799 ], [ -85.527323, 44.492862 ], [ -85.527315, 44.493294 ], [ -85.527314, 44.493617 ], [ -85.527314, 44.494587 ], [ -85.527272, 44.496264 ], [ -85.527251, 44.497147 ], [ -85.52725, 44.497195 ], [ -85.52661, 44.497183 ], [ -85.526161, 44.497177 ], [ -85.526136, 44.497176 ], [ -85.525482, 44.497175 ], [ -85.523374, 44.497141 ], [ -85.523084, 44.497146 ], [ -85.522798, 44.497178 ], [ -85.522487, 44.497214 ], [ -85.522293, 44.497225 ], [ -85.522023, 44.49721 ], [ -85.521865, 44.49718 ], [ -85.521723, 44.497133 ], [ -85.521699, 44.497128 ], [ -85.517771, 44.497114 ], [ -85.517272, 44.497113 ], [ -85.517265, 44.496983 ], [ -85.517173, 44.495363 ], [ -85.51717, 44.495304 ], [ -85.517166, 44.495246 ], [ -85.516518, 44.495508 ], [ -85.516496, 44.495522 ], [ -85.51626, 44.495678 ], [ -85.51616, 44.495841 ], [ -85.516126, 44.496303 ], [ -85.516021, 44.496726 ], [ -85.51594, 44.49679 ], [ -85.515787, 44.496912 ], [ -85.515333, 44.497063 ], [ -85.515308, 44.497065 ], [ -85.514588, 44.497144 ], [ -85.513803, 44.497098 ], [ -85.512543, 44.496853 ], [ -85.512144, 44.49688 ], [ -85.511305, 44.497098 ], [ -85.510618, 44.497035 ], [ -85.510499, 44.49694 ], [ -85.510288, 44.496771 ], [ -85.509869, 44.495933 ], [ -85.509699, 44.495715 ], [ -85.509477, 44.495573 ], [ -85.509197, 44.495495 ], [ -85.508796, 44.495494 ], [ -85.507798, 44.495733 ], [ -85.507019, 44.495891 ], [ -85.506834, 44.495929 ], [ -85.506538, 44.495924 ], [ -85.506356, 44.495867 ], [ -85.50615, 44.495713 ], [ -85.505907, 44.495401 ], [ -85.505604, 44.494282 ], [ -85.505313, 44.493792 ], [ -85.505142, 44.493723 ], [ -85.504038, 44.493717 ], [ -85.503596, 44.493653 ], [ -85.503021, 44.493314 ], [ -85.502617, 44.493171 ], [ -85.502433, 44.493002 ], [ -85.502156, 44.492912 ], [ -85.50201, 44.492814 ], [ -85.501282, 44.492129 ], [ -85.500822, 44.491918 ], [ -85.500668, 44.491867 ], [ -85.500184, 44.491707 ], [ -85.499693, 44.491456 ], [ -85.499486, 44.4913 ], [ -85.499107, 44.490795 ], [ -85.498634, 44.490475 ], [ -85.498113, 44.490346 ], [ -85.497123, 44.490218 ], [ -85.497027, 44.490147 ], [ -85.497026, 44.490307 ], [ -85.497024, 44.490467 ], [ -85.497013, 44.491645 ], [ -85.496975, 44.496139 ], [ -85.49697, 44.496781 ], [ -85.496342, 44.496787 ], [ -85.496228, 44.496788 ], [ -85.496113, 44.496789 ], [ -85.495949, 44.496791 ], [ -85.495879, 44.496791 ], [ -85.492787, 44.49678 ], [ -85.48281, 44.496745 ], [ -85.482267, 44.496744 ], [ -85.479668, 44.496735 ], [ -85.479558, 44.496735 ], [ -85.479485, 44.496735 ], [ -85.479402, 44.496734 ], [ -85.479318, 44.496734 ], [ -85.478312, 44.49673 ], [ -85.47758, 44.496728 ], [ -85.477265, 44.496727 ], [ -85.47695, 44.496726 ], [ -85.476154, 44.496723 ], [ -85.475358, 44.49672 ], [ -85.474792, 44.496718 ], [ -85.473871, 44.496715 ], [ -85.473746, 44.496714 ], [ -85.47362, 44.496714 ], [ -85.473478, 44.496713 ], [ -85.473336, 44.496712 ], [ -85.471754, 44.496699 ], [ -85.46616, 44.496656 ], [ -85.464561, 44.496644 ], [ -85.464428, 44.496643 ], [ -85.464295, 44.496642 ], [ -85.464174, 44.496642 ], [ -85.464063, 44.496645 ], [ -85.463592, 44.496643 ], [ -85.463359, 44.496644 ], [ -85.463126, 44.496644 ], [ -85.462888, 44.496644 ], [ -85.462795, 44.496644 ], [ -85.462651, 44.496645 ], [ -85.461805, 44.496647 ], [ -85.461637, 44.496648 ], [ -85.461556, 44.496648 ], [ -85.461475, 44.496648 ], [ -85.461389, 44.496648 ], [ -85.461303, 44.496648 ], [ -85.46077, 44.496649 ], [ -85.458656, 44.496654 ], [ -85.457952, 44.496656 ], [ -85.457797, 44.496656 ], [ -85.457332, 44.496656 ], [ -85.457178, 44.496657 ], [ -85.457183, 44.496894 ], [ -85.457199, 44.497609 ], [ -85.457205, 44.497847 ], [ -85.457214, 44.49794 ], [ -85.457227, 44.498284 ], [ -85.457239, 44.498576 ], [ -85.457268, 44.498974 ], [ -85.45717, 44.50082 ], [ -85.456893, 44.506106 ], [ -85.45684, 44.50712 ], [ -85.456842, 44.50727 ], [ -85.456568, 44.512309 ], [ -85.456314, 44.512309 ], [ -85.456125, 44.51231 ], [ -85.455929, 44.512311 ], [ -85.455485, 44.512302 ], [ -85.450288, 44.512294 ], [ -85.448677, 44.512296 ], [ -85.447691, 44.51229 ], [ -85.447478, 44.512279 ], [ -85.447406, 44.512269 ], [ -85.446171, 44.512272 ], [ -85.446067, 44.512402 ], [ -85.445964, 44.512569 ], [ -85.445898, 44.512732 ], [ -85.445808, 44.513024 ], [ -85.445462, 44.513791 ], [ -85.445349, 44.514088 ], [ -85.445235, 44.51427 ], [ -85.445074, 44.514335 ], [ -85.444519, 44.514542 ], [ -85.443484, 44.515059 ], [ -85.442533, 44.515567 ], [ -85.441932, 44.51591 ], [ -85.44176, 44.516015 ], [ -85.441481, 44.516197 ], [ -85.441067, 44.516593 ], [ -85.440708, 44.516973 ], [ -85.440242, 44.51755 ], [ -85.439963, 44.517872 ], [ -85.439481, 44.518454 ], [ -85.439335, 44.518667 ], [ -85.439226, 44.518862 ], [ -85.438921, 44.519552 ], [ -85.438575, 44.520332 ], [ -85.438384, 44.520709 ], [ -85.438272, 44.520943 ], [ -85.43816, 44.521132 ], [ -85.438084, 44.521239 ], [ -85.437951, 44.52138 ], [ -85.437748, 44.521567 ], [ -85.437408, 44.521923 ], [ -85.437192, 44.522118 ], [ -85.436994, 44.522294 ], [ -85.436732, 44.52247 ], [ -85.436453, 44.522649 ], [ -85.436281, 44.522768 ], [ -85.435864, 44.523016 ], [ -85.43563, 44.523164 ], [ -85.43546, 44.523282 ], [ -85.435341, 44.523372 ], [ -85.435231, 44.523515 ], [ -85.435152, 44.523675 ], [ -85.435146, 44.523688 ], [ -85.435116, 44.526078 ], [ -85.434982, 44.526179 ], [ -85.434851, 44.526288 ], [ -85.434767, 44.526344 ], [ -85.43464, 44.526399 ], [ -85.433817, 44.526658 ], [ -85.433606, 44.526717 ], [ -85.433262, 44.526836 ], [ -85.43289, 44.527006 ], [ -85.432622, 44.527156 ], [ -85.432416, 44.527283 ], [ -85.432293, 44.527424 ], [ -85.43219, 44.527607 ], [ -85.43204, 44.527831 ], [ -85.431949, 44.527934 ], [ -85.431889, 44.527981 ], [ -85.431768, 44.528054 ], [ -85.431514, 44.528174 ], [ -85.431201, 44.528308 ], [ -85.430856, 44.528427 ], [ -85.429971, 44.528716 ], [ -85.428799, 44.529156 ], [ -85.428603, 44.529212 ], [ -85.428407, 44.529241 ], [ -85.428187, 44.529265 ], [ -85.428027, 44.529257 ], [ -85.427828, 44.529252 ], [ -85.42768, 44.529237 ], [ -85.427469, 44.529197 ], [ -85.427167, 44.529136 ], [ -85.426732, 44.52901 ], [ -85.426117, 44.528844 ], [ -85.425654, 44.528769 ], [ -85.425236, 44.528745 ], [ -85.424964, 44.528737 ], [ -85.424731, 44.528746 ], [ -85.424179, 44.528816 ], [ -85.423638, 44.528894 ], [ -85.423221, 44.528986 ], [ -85.422923, 44.529066 ], [ -85.42254, 44.52919 ], [ -85.422051, 44.529346 ], [ -85.421581, 44.52951 ], [ -85.421351, 44.529583 ], [ -85.421127, 44.529646 ], [ -85.420953, 44.529699 ], [ -85.420767, 44.529733 ], [ -85.4206, 44.529744 ], [ -85.420419, 44.529749 ], [ -85.420225, 44.529736 ], [ -85.42009, 44.529723 ], [ -85.419967, 44.529698 ], [ -85.41964, 44.529601 ], [ -85.419129, 44.529399 ], [ -85.416346, 44.528295 ], [ -85.416115, 44.528207 ], [ -85.415604, 44.528076 ], [ -85.415275, 44.528025 ], [ -85.414784, 44.527965 ], [ -85.414623, 44.527966 ], [ -85.414326, 44.527986 ], [ -85.410281, 44.528621 ], [ -85.409419, 44.528742 ], [ -85.408663, 44.528876 ], [ -85.408109, 44.528993 ], [ -85.407866, 44.52901 ], [ -85.407611, 44.529009 ], [ -85.407429, 44.529002 ], [ -85.40706, 44.528924 ], [ -85.404858, 44.528562 ], [ -85.404808, 44.528643 ], [ -85.404733, 44.528733 ], [ -85.40471, 44.528803 ], [ -85.404666, 44.528951 ], [ -85.401361, 44.528185 ], [ -85.400873, 44.528105 ], [ -85.400528, 44.528071 ], [ -85.400203, 44.528057 ], [ -85.399914, 44.528067 ], [ -85.39954, 44.528077 ], [ -85.39921, 44.528129 ], [ -85.398943, 44.528205 ], [ -85.398579, 44.528343 ], [ -85.3983, 44.528463 ], [ -85.398104, 44.528578 ], [ -85.39776, 44.528859 ], [ -85.397198, 44.529455 ], [ -85.396999, 44.529686 ], [ -85.3968, 44.529933 ], [ -85.396617, 44.530229 ], [ -85.396265, 44.53086 ], [ -85.398188, 44.531938 ], [ -85.399521, 44.532698 ], [ -85.404591, 44.535549 ], [ -85.404601, 44.535559 ], [ -85.40736, 44.537127 ], [ -85.409639, 44.538405 ], [ -85.412876, 44.540232 ], [ -85.413384, 44.540522 ], [ -85.413632, 44.540679 ], [ -85.413876, 44.540847 ], [ -85.414038, 44.540994 ], [ -85.414157, 44.541114 ], [ -85.414258, 44.541234 ], [ -85.414337, 44.541342 ], [ -85.419314, 44.541305 ], [ -85.420141, 44.54169 ], [ -85.42014, 44.541729 ], [ -85.419617, 44.548405 ], [ -85.41679, 44.548492 ], [ -85.416311, 44.548489 ], [ -85.414433, 44.548565 ], [ -85.414427, 44.549224 ], [ -85.414372, 44.552045 ], [ -85.414332, 44.553478 ], [ -85.414308, 44.555785 ], [ -85.414323, 44.561223 ], [ -85.414322, 44.562949 ], [ -85.414322, 44.563388 ], [ -85.414238, 44.56793 ], [ -85.414198, 44.57014 ], [ -85.414172, 44.577319 ], [ -85.394119, 44.577254 ], [ -85.393833, 44.577257 ], [ -85.393908, 44.577512 ], [ -85.39383, 44.57784 ], [ -85.393891, 44.578027 ], [ -85.393991, 44.578159 ], [ -85.393967, 44.578384 ], [ -85.393896, 44.578615 ], [ -85.393849, 44.578868 ], [ -85.393803, 44.579301 ], [ -85.393788, 44.584404 ], [ -85.393787, 44.586446 ], [ -85.39379, 44.588944 ], [ -85.393793, 44.591549 ], [ -85.393666, 44.594393 ], [ -85.3936, 44.59469 ], [ -85.393514, 44.595038 ], [ -85.393806, 44.595352 ], [ -85.393831, 44.598908 ], [ -85.394005, 44.604187 ], [ -85.394134, 44.610018 ], [ -85.393875, 44.613122 ], [ -85.394104, 44.619473 ], [ -85.394131, 44.620236 ], [ -85.394027, 44.620483 ], [ -85.393974, 44.621481 ], [ -85.393834, 44.624179 ], [ -85.393809, 44.624566 ], [ -85.393801, 44.627662 ], [ -85.393823, 44.630632 ], [ -85.393882, 44.631477 ], [ -85.393963, 44.631484 ], [ -85.393976, 44.63156 ], [ -85.394236, 44.631802 ], [ -85.394281, 44.631939 ], [ -85.394333, 44.631989 ], [ -85.394457, 44.632033 ], [ -85.394631, 44.632325 ], [ -85.39489, 44.632545 ], [ -85.395417, 44.632701 ], [ -85.395684, 44.632971 ], [ -85.396013, 44.633115 ], [ -85.396557, 44.633145 ], [ -85.396711, 44.63308 ], [ -85.396895, 44.633048 ], [ -85.397209, 44.633115 ], [ -85.397323, 44.633247 ], [ -85.397577, 44.633205 ], [ -85.397725, 44.632997 ], [ -85.398041, 44.632938 ], [ -85.398279, 44.632813 ], [ -85.398647, 44.632815 ], [ -85.399179, 44.632685 ], [ -85.399357, 44.632576 ], [ -85.39984, 44.63254 ], [ -85.400855, 44.632402 ], [ -85.401577, 44.632224 ], [ -85.402285, 44.631997 ], [ -85.40257, 44.631982 ], [ -85.404142, 44.63219 ], [ -85.404471, 44.632265 ], [ -85.404892, 44.632453 ], [ -85.405121, 44.632454 ], [ -85.405283, 44.632384 ], [ -85.405461, 44.632264 ], [ -85.405739, 44.632139 ], [ -85.406177, 44.63207 ], [ -85.406667, 44.632105 ], [ -85.406973, 44.632188 ], [ -85.407439, 44.632443 ], [ -85.407616, 44.632498 ], [ -85.408247, 44.632508 ], [ -85.408645, 44.632514 ], [ -85.409098, 44.632543 ], [ -85.409673, 44.632513 ], [ -85.409935, 44.632459 ], [ -85.410148, 44.632553 ], [ -85.410232, 44.63268 ], [ -85.410374, 44.633157 ], [ -85.410519, 44.633284 ], [ -85.410771, 44.633307 ], [ -85.41094, 44.633237 ], [ -85.411319, 44.63292 ], [ -85.411582, 44.632784 ], [ -85.411789, 44.632692 ], [ -85.412012, 44.632699 ], [ -85.412188, 44.632776 ], [ -85.412296, 44.632864 ], [ -85.412455, 44.63309 ], [ -85.413236, 44.633225 ], [ -85.413748, 44.633512 ], [ -85.413948, 44.633591 ], [ -85.413984, 44.633606 ], [ -85.414191, 44.633651 ], [ -85.414951, 44.63366 ], [ -85.415213, 44.633716 ], [ -85.415387, 44.633832 ], [ -85.415361, 44.634238 ], [ -85.415437, 44.634392 ], [ -85.41588, 44.634547 ], [ -85.416698, 44.635 ], [ -85.41721, 44.635255 ], [ -85.417716, 44.635432 ], [ -85.418127, 44.635643 ], [ -85.418273, 44.635797 ], [ -85.41844, 44.636039 ], [ -85.418521, 44.636319 ], [ -85.418711, 44.636599 ], [ -85.418805, 44.637126 ], [ -85.418873, 44.637318 ], [ -85.418848, 44.637521 ], [ -85.418908, 44.637647 ], [ -85.419115, 44.637736 ], [ -85.4193, 44.637764 ], [ -85.419576, 44.637672 ], [ -85.419755, 44.637541 ], [ -85.419908, 44.637482 ], [ -85.420076, 44.637581 ], [ -85.420358, 44.637802 ], [ -85.420549, 44.637863 ], [ -85.421593, 44.638005 ], [ -85.421829, 44.638159 ], [ -85.421951, 44.638275 ], [ -85.421972, 44.638527 ], [ -85.421836, 44.639086 ], [ -85.421836, 44.639256 ], [ -85.421971, 44.639574 ], [ -85.423023, 44.640303 ], [ -85.423092, 44.640407 ], [ -85.423205, 44.640698 ], [ -85.423208, 44.641192 ], [ -85.423259, 44.64151 ], [ -85.423396, 44.641736 ], [ -85.423631, 44.641945 ], [ -85.423832, 44.64199 ], [ -85.424039, 44.641914 ], [ -85.424433, 44.641636 ], [ -85.42468, 44.641505 ], [ -85.424827, 44.641385 ], [ -85.424995, 44.641342 ], [ -85.425286, 44.641426 ], [ -85.425601, 44.64157 ], [ -85.425899, 44.641609 ], [ -85.426105, 44.641758 ], [ -85.426329, 44.642082 ], [ -85.426614, 44.642342 ], [ -85.42682, 44.642496 ], [ -85.427057, 44.642612 ], [ -85.427203, 44.642723 ], [ -85.42734, 44.642773 ], [ -85.427516, 44.642828 ], [ -85.427839, 44.642873 ], [ -85.428782, 44.642932 ], [ -85.429067, 44.642901 ], [ -85.429706, 44.642711 ], [ -85.42989, 44.642685 ], [ -85.430336, 44.642681 ], [ -85.430825, 44.642798 ], [ -85.431041, 44.642876 ], [ -85.431224, 44.643014 ], [ -85.431613, 44.643109 ], [ -85.43185, 44.643345 ], [ -85.432069, 44.643708 ], [ -85.432215, 44.64383 ], [ -85.432359, 44.643863 ], [ -85.432629, 44.64387 ], [ -85.432766, 44.643898 ], [ -85.432889, 44.643953 ], [ -85.433018, 44.644135 ], [ -85.433166, 44.644727 ], [ -85.433264, 44.644942 ], [ -85.433294, 44.645145 ], [ -85.433129, 44.645457 ], [ -85.432843, 44.645697 ], [ -85.432733, 44.646124 ], [ -85.43277, 44.646349 ], [ -85.432828, 44.646547 ], [ -85.433043, 44.646739 ], [ -85.433332, 44.646927 ], [ -85.433423, 44.647136 ], [ -85.433436, 44.647284 ], [ -85.433406, 44.647404 ], [ -85.433541, 44.647761 ], [ -85.433791, 44.648168 ], [ -85.433894, 44.648668 ], [ -85.434115, 44.648861 ], [ -85.434382, 44.649032 ], [ -85.434565, 44.649202 ], [ -85.435321, 44.649677 ], [ -85.435841, 44.649954 ], [ -85.43646, 44.650378 ], [ -85.436864, 44.650594 ], [ -85.437249, 44.650553 ], [ -85.437524, 44.650684 ], [ -85.437908, 44.650686 ], [ -85.438008, 44.650763 ], [ -85.438192, 44.650808 ], [ -85.438367, 44.65082 ], [ -85.438882, 44.650778 ], [ -85.439167, 44.650697 ], [ -85.439374, 44.65067 ], [ -85.439974, 44.650623 ], [ -85.440518, 44.650664 ], [ -85.440974, 44.650468 ], [ -85.441707, 44.650022 ], [ -85.441952, 44.649946 ], [ -85.442206, 44.649947 ], [ -85.442743, 44.650075 ], [ -85.443012, 44.650071 ], [ -85.443503, 44.649985 ], [ -85.443934, 44.649949 ], [ -85.444186, 44.649972 ], [ -85.44444, 44.650028 ], [ -85.444724, 44.64999 ], [ -85.444902, 44.649914 ], [ -85.445186, 44.649762 ], [ -85.445388, 44.64962 ], [ -85.445618, 44.649512 ], [ -85.445918, 44.649518 ], [ -85.446209, 44.649607 ], [ -85.447096, 44.649973 ], [ -85.447334, 44.650105 ], [ -85.447571, 44.650293 ], [ -85.447874, 44.650601 ], [ -85.448528, 44.650532 ], [ -85.449349, 44.650536 ], [ -85.450431, 44.650683 ], [ -85.450968, 44.650723 ], [ -85.451383, 44.650703 ], [ -85.452426, 44.6508 ], [ -85.452694, 44.650889 ], [ -85.452856, 44.650978 ], [ -85.45313, 44.65128 ], [ -85.453258, 44.651369 ], [ -85.453465, 44.651463 ], [ -85.453749, 44.651546 ], [ -85.453986, 44.651563 ], [ -85.454663, 44.651462 ], [ -85.45523, 44.651592 ], [ -85.45538, 44.651318 ], [ -85.455485, 44.651222 ], [ -85.455499, 44.65121 ], [ -85.45568, 44.65115 ], [ -85.455802, 44.651126 ], [ -85.456402, 44.651126 ], [ -85.457956, 44.651128 ], [ -85.458531, 44.651118 ], [ -85.460035, 44.651095 ], [ -85.460309, 44.651048 ], [ -85.4605, 44.650948 ], [ -85.460991, 44.650756 ], [ -85.461553, 44.650517 ], [ -85.461977, 44.650316 ], [ -85.462413, 44.650069 ], [ -85.462853, 44.649779 ], [ -85.463227, 44.649541 ], [ -85.463365, 44.649454 ], [ -85.463589, 44.649241 ], [ -85.463776, 44.649022 ], [ -85.463908, 44.648777 ], [ -85.463955, 44.648692 ], [ -85.464039, 44.648503 ], [ -85.464108, 44.648314 ], [ -85.464156, 44.648092 ], [ -85.46415, 44.647952 ], [ -85.464206, 44.647829 ], [ -85.464254, 44.647399 ], [ -85.464298, 44.647252 ], [ -85.464359, 44.647085 ], [ -85.464644, 44.646469 ], [ -85.464639, 44.646223 ], [ -85.46468, 44.646134 ], [ -85.464969, 44.645667 ], [ -85.465074, 44.645469 ], [ -85.465168, 44.645095 ], [ -85.465287, 44.644747 ], [ -85.46536, 44.64441 ], [ -85.465342, 44.64406 ], [ -85.465501, 44.642485 ], [ -85.465521, 44.642329 ], [ -85.46894, 44.642337 ], [ -85.475371, 44.64233 ], [ -85.475375, 44.641778 ], [ -85.475382, 44.640533 ], [ -85.475354, 44.639625 ], [ -85.475332, 44.638487 ], [ -85.47534, 44.635984 ], [ -85.475341, 44.635244 ], [ -85.475307, 44.633463 ], [ -85.475297, 44.632749 ], [ -85.475319, 44.632065 ], [ -85.475297, 44.631378 ], [ -85.475292, 44.630703 ], [ -85.475304, 44.627841 ], [ -85.483841, 44.627854 ], [ -85.484215, 44.627848 ], [ -85.485457, 44.627862 ], [ -85.48658, 44.627856 ], [ -85.487894, 44.62786 ], [ -85.495585, 44.627823 ], [ -85.496273, 44.627888 ], [ -85.496719, 44.627961 ], [ -85.49819, 44.628109 ], [ -85.498765, 44.628172 ], [ -85.499145, 44.628219 ], [ -85.499506, 44.628206 ], [ -85.499806, 44.628165 ], [ -85.500822, 44.627947 ], [ -85.501194, 44.627841 ], [ -85.501677, 44.62765 ], [ -85.502552, 44.627496 ], [ -85.504048, 44.627502 ], [ -85.504473, 44.627557 ], [ -85.504529, 44.627826 ], [ -85.504463, 44.62798 ], [ -85.504541, 44.628357 ], [ -85.504674, 44.628476 ], [ -85.504783, 44.628645 ], [ -85.504651, 44.629282 ], [ -85.504876, 44.629438 ], [ -85.505179, 44.6296 ], [ -85.505881, 44.629784 ], [ -85.506224, 44.629748 ], [ -85.506562, 44.629761 ], [ -85.507013, 44.629679 ], [ -85.507329, 44.62978 ], [ -85.507444, 44.630151 ], [ -85.507579, 44.63038 ], [ -85.507713, 44.630516 ], [ -85.508092, 44.630703 ], [ -85.50844, 44.630804 ], [ -85.508708, 44.630763 ], [ -85.508989, 44.630678 ], [ -85.509203, 44.630675 ], [ -85.509289, 44.630746 ], [ -85.509326, 44.631047 ], [ -85.509432, 44.631309 ], [ -85.509633, 44.631416 ], [ -85.509863, 44.631452 ], [ -85.510411, 44.631211 ], [ -85.510857, 44.631245 ], [ -85.511067, 44.631379 ], [ -85.511232, 44.631624 ], [ -85.511567, 44.631895 ], [ -85.511835, 44.632253 ], [ -85.512256, 44.633273 ], [ -85.512428, 44.633513 ], [ -85.512738, 44.63363 ], [ -85.513115, 44.633697 ], [ -85.513519, 44.633616 ], [ -85.51382, 44.633701 ], [ -85.514535, 44.634137 ], [ -85.514747, 44.634343 ], [ -85.514783, 44.634655 ], [ -85.514942, 44.634867 ], [ -85.51555, 44.635025 ], [ -85.515764, 44.634984 ], [ -85.515946, 44.634862 ], [ -85.516466, 44.634796 ], [ -85.517107, 44.634801 ], [ -85.517469, 44.634906 ], [ -85.51778, 44.635133 ], [ -85.518425, 44.636093 ], [ -85.51836, 44.63628 ], [ -85.518347, 44.636315 ], [ -85.518318, 44.636475 ], [ -85.518299, 44.636576 ], [ -85.518156, 44.637071 ], [ -85.518263, 44.637024 ], [ -85.518742, 44.636958 ], [ -85.519127, 44.637025 ], [ -85.519405, 44.637275 ], [ -85.519531, 44.637387 ], [ -85.519571, 44.637423 ], [ -85.519617, 44.637464 ], [ -85.519789, 44.638059 ], [ -85.519889, 44.63812 ], [ -85.520068, 44.638232 ], [ -85.520315, 44.638262 ], [ -85.521, 44.638112 ], [ -85.521337, 44.638142 ], [ -85.521666, 44.638237 ], [ -85.522005, 44.638299 ], [ -85.522304, 44.638127 ], [ -85.522375, 44.638087 ], [ -85.522453, 44.637818 ], [ -85.522631, 44.637575 ], [ -85.523005, 44.637483 ], [ -85.523972, 44.637429 ], [ -85.52435, 44.637442 ], [ -85.524449, 44.637737 ], [ -85.524832, 44.638 ], [ -85.525005, 44.63812 ], [ -85.525248, 44.637883 ], [ -85.525262, 44.637739 ], [ -85.525034, 44.637555 ], [ -85.524855, 44.637497 ], [ -85.524742, 44.637279 ], [ -85.524874, 44.636987 ], [ -85.524958, 44.63657 ], [ -85.525053, 44.636295 ], [ -85.525293, 44.6362 ], [ -85.525644, 44.636528 ], [ -85.526079, 44.636844 ], [ -85.526674, 44.637205 ], [ -85.526964, 44.63732 ], [ -85.528645, 44.637796 ], [ -85.529233, 44.638052 ], [ -85.530355, 44.638855 ], [ -85.533113, 44.64092 ], [ -85.534873, 44.642385 ], [ -85.534969, 44.642463 ], [ -85.535037, 44.642517 ], [ -85.536199, 44.64248 ], [ -85.554444, 44.642593 ], [ -85.556409, 44.642601 ], [ -85.574907, 44.642586 ], [ -85.574933, 44.639333 ], [ -85.574856, 44.639317 ], [ -85.574947, 44.63922 ], [ -85.574927, 44.635895 ], [ -85.574959, 44.634942 ], [ -85.574937, 44.634697 ], [ -85.574937, 44.634687 ], [ -85.574815, 44.633396 ], [ -85.574852, 44.631718 ], [ -85.574852, 44.631591 ], [ -85.574851, 44.631464 ], [ -85.574851, 44.631172 ], [ -85.574755, 44.630726 ], [ -85.574715, 44.630279 ], [ -85.574771, 44.629662 ], [ -85.574764, 44.629284 ], [ -85.574827, 44.629162 ], [ -85.574816, 44.628845 ], [ -85.574866, 44.628656 ], [ -85.574849, 44.628592 ], [ -85.574794, 44.628522 ], [ -85.574799, 44.628428 ], [ -85.574846, 44.628336 ], [ -85.575026, 44.628229 ], [ -85.575037, 44.628223 ], [ -85.577582, 44.628214 ], [ -85.579634, 44.628214 ], [ -85.58021, 44.628215 ], [ -85.583961, 44.628217 ], [ -85.584039, 44.628351 ], [ -85.584537, 44.628679 ], [ -85.58461, 44.629094 ], [ -85.584512, 44.6294 ], [ -85.584568, 44.629536 ], [ -85.584648, 44.629676 ], [ -85.58472, 44.629754 ], [ -85.584976, 44.630044 ], [ -85.584996, 44.630065 ], [ -85.585092, 44.630138 ], [ -85.585169, 44.630178 ], [ -85.585457, 44.630279 ], [ -85.585488, 44.630732 ], [ -85.585523, 44.630878 ], [ -85.585543, 44.630954 ], [ -85.585548, 44.631027 ], [ -85.585486, 44.63125 ], [ -85.585486, 44.631311 ], [ -85.585536, 44.631415 ], [ -85.58581, 44.631748 ], [ -85.585927, 44.631958 ], [ -85.585995, 44.632037 ], [ -85.586, 44.632096 ], [ -85.58592, 44.63227 ], [ -85.585993, 44.632408 ], [ -85.586088, 44.632496 ], [ -85.586175, 44.63268 ], [ -85.586196, 44.632802 ], [ -85.586112, 44.633136 ], [ -85.586115, 44.633254 ], [ -85.586147, 44.633438 ], [ -85.586258, 44.633766 ], [ -85.586325, 44.633859 ], [ -85.586522, 44.633985 ], [ -85.586704, 44.634804 ], [ -85.586733, 44.635043 ], [ -85.586765, 44.635288 ], [ -85.586911, 44.635764 ], [ -85.587128, 44.636263 ], [ -85.587262, 44.63668 ], [ -85.587269, 44.63686 ], [ -85.587406, 44.637568 ], [ -85.587519, 44.637776 ], [ -85.587587, 44.637985 ], [ -85.587541, 44.638057 ], [ -85.587546, 44.638136 ], [ -85.587541, 44.638225 ], [ -85.587537, 44.638272 ], [ -85.587533, 44.638319 ], [ -85.587535, 44.638407 ], [ -85.587541, 44.638432 ], [ -85.587556, 44.638493 ], [ -85.587717, 44.638634 ], [ -85.58778, 44.638652 ], [ -85.58785, 44.638669 ], [ -85.587924, 44.63868 ], [ -85.587997, 44.638689 ], [ -85.588284, 44.638724 ], [ -85.588358, 44.638735 ], [ -85.58843, 44.638745 ], [ -85.588565, 44.638767 ], [ -85.58875, 44.638811 ], [ -85.58886, 44.638854 ], [ -85.588974, 44.638878 ], [ -85.589074, 44.638942 ], [ -85.589892, 44.639792 ], [ -85.589967, 44.639965 ], [ -85.59002, 44.640133 ], [ -85.590039, 44.640317 ], [ -85.590086, 44.640562 ], [ -85.590123, 44.640679 ], [ -85.590156, 44.640765 ], [ -85.590213, 44.640881 ], [ -85.590276, 44.640979 ], [ -85.590353, 44.641067 ], [ -85.590644, 44.641396 ], [ -85.590973, 44.641737 ], [ -85.591091, 44.641892 ], [ -85.591147, 44.641963 ], [ -85.591176, 44.642071 ], [ -85.591196, 44.64216 ], [ -85.591232, 44.642343 ], [ -85.591224, 44.642392 ], [ -85.591183, 44.642673 ], [ -85.591197, 44.642916 ], [ -85.591405, 44.643231 ], [ -85.591754, 44.643381 ], [ -85.592137, 44.64341 ], [ -85.592645, 44.643456 ], [ -85.593318, 44.643685 ], [ -85.593743, 44.643886 ], [ -85.594339, 44.644116 ], [ -85.594958, 44.644299 ], [ -85.595536, 44.644466 ], [ -85.595903, 44.644621 ], [ -85.596211, 44.644815 ], [ -85.596577, 44.644919 ], [ -85.596909, 44.645171 ], [ -85.597211, 44.64532 ], [ -85.597611, 44.645366 ], [ -85.598178, 44.645521 ], [ -85.598528, 44.645745 ], [ -85.598912, 44.645882 ], [ -85.599375, 44.645987 ], [ -85.599646, 44.646193 ], [ -85.600333, 44.646297 ], [ -85.601107, 44.646355 ], [ -85.601158, 44.646368 ], [ -85.60168, 44.646521 ], [ -85.601893, 44.646823 ], [ -85.602347, 44.647212 ], [ -85.602806, 44.647481 ], [ -85.603363, 44.64777 ], [ -85.603822, 44.648006 ], [ -85.604378, 44.648226 ], [ -85.604059, 44.648299 ], [ -85.603765, 44.648331 ], [ -85.602663, 44.648287 ], [ -85.601497, 44.648342 ], [ -85.601229, 44.648384 ], [ -85.600931, 44.648505 ], [ -85.600839, 44.648617 ], [ -85.600721, 44.648849 ], [ -85.600824, 44.648875 ], [ -85.600975, 44.64889 ], [ -85.601296, 44.648974 ], [ -85.601567, 44.649094 ], [ -85.601775, 44.649223 ], [ -85.602105, 44.649508 ], [ -85.602368, 44.649669 ], [ -85.602598, 44.649793 ], [ -85.602846, 44.649896 ], [ -85.603134, 44.649946 ], [ -85.603435, 44.649973 ], [ -85.603719, 44.649941 ], [ -85.604212, 44.649911 ], [ -85.604599, 44.649886 ], [ -85.604829, 44.649886 ], [ -85.60508, 44.649953 ], [ -85.605308, 44.650046 ], [ -85.605344, 44.65064 ], [ -85.605357, 44.651096 ], [ -85.605356, 44.651733 ], [ -85.605448, 44.651869 ], [ -85.605453, 44.652055 ], [ -85.605446, 44.652064 ], [ -85.60538, 44.652163 ], [ -85.605317, 44.65223 ], [ -85.605782, 44.652813 ], [ -85.607523, 44.65373 ], [ -85.609336, 44.654738 ], [ -85.609719, 44.655152 ], [ -85.609992, 44.655438 ], [ -85.610134, 44.65601 ], [ -85.610294, 44.656628 ], [ -85.610533, 44.656731 ], [ -85.610996, 44.656869 ], [ -85.611784, 44.657192 ], [ -85.611994, 44.657254 ], [ -85.613671, 44.657267 ], [ -85.614387, 44.657265 ], [ -85.615017, 44.657265 ], [ -85.615268, 44.657224 ], [ -85.616124, 44.657942 ], [ -85.617278, 44.659133 ], [ -85.617306, 44.659338 ], [ -85.617825, 44.659937 ], [ -85.617845, 44.660959 ], [ -85.617965, 44.661091 ], [ -85.618642, 44.661224 ], [ -85.619793, 44.662171 ], [ -85.620301, 44.662328 ], [ -85.624946, 44.662422 ], [ -85.625878, 44.662606 ], [ -85.626168, 44.662768 ], [ -85.626503, 44.662876 ], [ -85.626745, 44.66303 ], [ -85.626912, 44.663225 ], [ -85.627011, 44.663431 ], [ -85.627259, 44.663728 ], [ -85.6277, 44.66398 ], [ -85.629086, 44.664351 ], [ -85.62955, 44.664436 ], [ -85.63028, 44.664441 ], [ -85.631079, 44.664417 ], [ -85.632483, 44.664571 ], [ -85.632571, 44.664582 ], [ -85.632662, 44.664606 ], [ -85.632885, 44.664648 ], [ -85.633017, 44.664644 ], [ -85.63318, 44.664623 ], [ -85.634266, 44.664669 ], [ -85.625005, 44.669665 ], [ -85.621193, 44.671617 ], [ -85.620614, 44.672063 ], [ -85.620499, 44.672153 ], [ -85.620475, 44.672158 ], [ -85.619517, 44.672386 ], [ -85.621917, 44.673374 ], [ -85.622243, 44.673539 ], [ -85.622644, 44.673777 ], [ -85.623074, 44.674083 ], [ -85.62326, 44.674256 ], [ -85.623563, 44.674561 ], [ -85.623896, 44.675 ], [ -85.624175, 44.675198 ], [ -85.624073, 44.674922 ], [ -85.623907, 44.674674 ], [ -85.623515, 44.674235 ], [ -85.623011, 44.673834 ], [ -85.62297, 44.673788 ], [ -85.622958, 44.673767 ], [ -85.622961, 44.673739 ], [ -85.622977, 44.673708 ], [ -85.62302, 44.673669 ], [ -85.623372, 44.673569 ], [ -85.623784, 44.673458 ], [ -85.624234, 44.673357 ], [ -85.624369, 44.673329 ], [ -85.624411, 44.673297 ], [ -85.624426, 44.673259 ], [ -85.62441, 44.673067 ], [ -85.624357, 44.67283 ], [ -85.624356, 44.672787 ], [ -85.624389, 44.672715 ], [ -85.624451, 44.672656 ], [ -85.624556, 44.672614 ], [ -85.62458, 44.672605 ], [ -85.62468, 44.672596 ], [ -85.625387, 44.672686 ], [ -85.626095, 44.672797 ], [ -85.626247, 44.672815 ], [ -85.626383, 44.672818 ], [ -85.626492, 44.672808 ], [ -85.62688, 44.672705 ], [ -85.627092, 44.672706 ], [ -85.627189, 44.67273 ], [ -85.627251, 44.672839 ], [ -85.627355, 44.67287 ], [ -85.627495, 44.672875 ], [ -85.628896, 44.672977 ], [ -85.629749, 44.673387 ], [ -85.63064, 44.674042 ], [ -85.630747, 44.674167 ], [ -85.630898, 44.674481 ], [ -85.631039, 44.674643 ], [ -85.630622, 44.674948 ], [ -85.627254, 44.677346 ], [ -85.626729, 44.677871 ], [ -85.62654, 44.678119 ], [ -85.62631, 44.678596 ], [ -85.626208, 44.678959 ], [ -85.62617, 44.67914 ], [ -85.626055, 44.679787 ], [ -85.625923, 44.680684 ], [ -85.625502, 44.682782 ], [ -85.6254, 44.683211 ], [ -85.62531, 44.683658 ], [ -85.625196, 44.68403 ], [ -85.625068, 44.684362 ], [ -85.624107, 44.686266 ], [ -85.625072, 44.686592 ], [ -85.627122, 44.686545 ], [ -85.627176, 44.686588 ], [ -85.62731, 44.686734 ], [ -85.627331, 44.686915 ], [ -85.627226, 44.687075 ], [ -85.62686, 44.687479 ], [ -85.626773, 44.687721 ], [ -85.626513, 44.687806 ], [ -85.626287, 44.687984 ], [ -85.626237, 44.68816 ], [ -85.626364, 44.688372 ], [ -85.62686, 44.688586 ], [ -85.627111, 44.688753 ], [ -85.627169, 44.688993 ], [ -85.627281, 44.689184 ], [ -85.627715, 44.689338 ], [ -85.627878, 44.689434 ], [ -85.627925, 44.689516 ], [ -85.627647, 44.689738 ], [ -85.627501, 44.689795 ], [ -85.626877, 44.689648 ], [ -85.6265, 44.689631 ], [ -85.626341, 44.689758 ], [ -85.626117, 44.69004 ], [ -85.625861, 44.690233 ], [ -85.62583, 44.690257 ], [ -85.625495, 44.690382 ], [ -85.62508, 44.690452 ], [ -85.624846, 44.690927 ], [ -85.62484, 44.691054 ], [ -85.624961, 44.691299 ], [ -85.62498, 44.691446 ], [ -85.624828, 44.691563 ], [ -85.624502, 44.691731 ], [ -85.624229, 44.691959 ], [ -85.62409, 44.692212 ], [ -85.624111, 44.692464 ], [ -85.624167, 44.692617 ], [ -85.624334, 44.692845 ], [ -85.624498, 44.692986 ], [ -85.624777, 44.693076 ], [ -85.625053, 44.693 ], [ -85.625407, 44.693001 ], [ -85.625523, 44.693055 ], [ -85.625541, 44.693142 ], [ -85.625498, 44.693263 ], [ -85.625346, 44.693408 ], [ -85.625065, 44.693559 ], [ -85.624084, 44.694081 ], [ -85.623904, 44.694274 ], [ -85.62378, 44.694544 ], [ -85.624142, 44.695291 ], [ -85.622984, 44.695124 ], [ -85.622687, 44.695082 ], [ -85.62225, 44.695148 ], [ -85.621921, 44.69514 ], [ -85.621657, 44.695055 ], [ -85.621458, 44.695085 ], [ -85.621254, 44.695191 ], [ -85.620965, 44.695688 ], [ -85.620894, 44.695952 ], [ -85.620982, 44.696109 ], [ -85.621343, 44.69644 ], [ -85.621386, 44.696625 ], [ -85.620613, 44.698049 ], [ -85.620735, 44.698097 ], [ -85.620759, 44.698099 ], [ -85.620737, 44.698129 ], [ -85.620704, 44.698221 ], [ -85.620639, 44.698389 ], [ -85.620842, 44.698412 ], [ -85.620409, 44.699688 ], [ -85.6204, 44.69994 ], [ -85.620454, 44.700022 ], [ -85.620888, 44.700115 ], [ -85.621019, 44.700223 ], [ -85.621051, 44.700546 ], [ -85.621024, 44.700749 ], [ -85.621058, 44.700913 ], [ -85.621167, 44.700983 ], [ -85.621335, 44.700965 ], [ -85.621885, 44.700444 ], [ -85.62213, 44.700403 ], [ -85.622284, 44.700456 ], [ -85.622368, 44.700548 ], [ -85.622441, 44.70063 ], [ -85.622269, 44.701174 ], [ -85.622085, 44.70151 ], [ -85.621868, 44.701797 ], [ -85.621479, 44.702224 ], [ -85.621452, 44.702377 ], [ -85.621542, 44.702601 ], [ -85.621557, 44.702995 ], [ -85.621487, 44.703264 ], [ -85.621199, 44.70347 ], [ -85.621074, 44.703647 ], [ -85.621008, 44.703829 ], [ -85.621121, 44.704057 ], [ -85.621284, 44.704171 ], [ -85.622174, 44.704462 ], [ -85.622439, 44.704673 ], [ -85.622465, 44.70481 ], [ -85.622402, 44.705007 ], [ -85.622651, 44.70518 ], [ -85.622812, 44.705534 ], [ -85.622784, 44.705661 ], [ -85.622522, 44.705987 ], [ -85.62248, 44.706141 ], [ -85.622667, 44.706286 ], [ -85.622795, 44.706493 ], [ -85.622733, 44.707102 ], [ -85.623048, 44.707164 ], [ -85.623229, 44.707349 ], [ -85.623279, 44.707496 ], [ -85.623258, 44.707545 ], [ -85.623213, 44.707656 ], [ -85.622868, 44.708021 ], [ -85.623008, 44.708463 ], [ -85.622993, 44.708836 ], [ -85.622858, 44.709002 ], [ -85.621841, 44.709512 ], [ -85.621481, 44.709538 ], [ -85.620817, 44.709682 ], [ -85.620664, 44.70986 ], [ -85.620487, 44.710069 ], [ -85.620251, 44.710521 ], [ -85.620186, 44.711064 ], [ -85.620338, 44.712038 ], [ -85.620535, 44.713624 ], [ -85.6205, 44.714057 ], [ -85.619914, 44.715066 ], [ -85.619692, 44.715365 ], [ -85.619622, 44.715694 ], [ -85.619689, 44.715918 ], [ -85.619671, 44.716165 ], [ -85.619571, 44.716555 ], [ -85.61902, 44.717279 ], [ -85.618892, 44.717629 ], [ -85.618752, 44.71801 ], [ -85.618766, 44.718301 ], [ -85.618917, 44.718874 ], [ -85.619253, 44.719517 ], [ -85.619433, 44.719964 ], [ -85.619521, 44.720445 ], [ -85.619303, 44.720662 ], [ -85.618967, 44.720797 ], [ -85.618653, 44.720855 ], [ -85.618277, 44.720854 ], [ -85.618031, 44.720807 ], [ -85.617853, 44.720809 ], [ -85.617647, 44.720861 ], [ -85.617628, 44.72102 ], [ -85.617652, 44.721408 ], [ -85.617588, 44.721601 ], [ -85.617424, 44.721844 ], [ -85.617272, 44.721971 ], [ -85.617162, 44.722192 ], [ -85.617251, 44.722394 ], [ -85.617424, 44.72254 ], [ -85.617733, 44.722668 ], [ -85.618107, 44.722883 ], [ -85.618545, 44.723245 ], [ -85.618944, 44.723881 ], [ -85.618986, 44.724051 ], [ -85.619001, 44.724359 ], [ -85.618914, 44.724615 ], [ -85.618557, 44.725124 ], [ -85.618339, 44.725723 ], [ -85.618208, 44.726004 ], [ -85.617928, 44.726467 ], [ -85.617421, 44.727508 ], [ -85.617109, 44.727923 ], [ -85.616494, 44.728543 ], [ -85.616323, 44.728836 ], [ -85.616275, 44.729062 ], [ -85.616272, 44.729286 ], [ -85.616496, 44.729984 ], [ -85.61653, 44.730384 ], [ -85.616416, 44.730813 ], [ -85.616412, 44.731359 ], [ -85.616402, 44.731793 ], [ -85.616709, 44.733224 ], [ -85.61671, 44.733504 ], [ -85.616722, 44.733636 ], [ -85.616745, 44.733945 ], [ -85.616834, 44.735131 ], [ -85.616714, 44.73513 ], [ -85.615865, 44.744448 ], [ -85.61509, 44.753867 ], [ -85.614792, 44.757494 ], [ -85.614718, 44.757658 ], [ -85.61474, 44.757689 ], [ -85.61515, 44.758271 ], [ -85.61589, 44.758567 ], [ -85.616493, 44.758994 ], [ -85.616623, 44.759222 ], [ -85.616754, 44.759381 ], [ -85.616464, 44.759383 ], [ -85.615843, 44.759388 ], [ -85.615772, 44.759389 ], [ -85.615783, 44.760573 ], [ -85.615795, 44.760863 ], [ -85.615802, 44.761149 ], [ -85.615786, 44.761756 ], [ -85.615794, 44.762886 ], [ -85.615867, 44.763698 ], [ -85.615846, 44.764053 ], [ -85.618211, 44.764073 ], [ -85.618209, 44.764491 ], [ -85.618205, 44.764647 ], [ -85.616355, 44.764401 ], [ -85.615187, 44.764478 ], [ -85.614934, 44.76456 ], [ -85.61342, 44.764524 ], [ -85.613306, 44.764555 ], [ -85.613097, 44.764646 ], [ -85.612883, 44.764652 ], [ -85.612802, 44.764758 ], [ -85.613026, 44.764765 ], [ -85.612895, 44.764924 ], [ -85.613257, 44.764955 ], [ -85.613578, 44.764951 ], [ -85.614385, 44.765014 ], [ -85.614832, 44.765013 ], [ -85.615007, 44.765042 ], [ -85.61585, 44.765072 ], [ -85.616565, 44.765139 ], [ -85.617317, 44.765254 ], [ -85.61886, 44.765425 ], [ -85.619378, 44.765513 ], [ -85.619769, 44.76567 ], [ -85.619745, 44.765932 ], [ -85.619651, 44.766252 ], [ -85.619636, 44.766849 ], [ -85.618275, 44.773389 ], [ -85.614604, 44.773323 ], [ -85.607026, 44.773231 ], [ -85.587152, 44.824804 ], [ -85.587143, 44.824971 ], [ -85.572464, 44.849299 ], [ -85.573107, 44.850169 ], [ -85.574208, 44.85119 ], [ -85.575217, 44.852161 ], [ -85.575801, 44.852726 ], [ -85.576364, 44.852971 ], [ -85.578264, 44.85314 ], [ -85.579394, 44.853275 ], [ -85.580677, 44.853925 ], [ -85.582056, 44.854189 ], [ -85.582889, 44.85445 ], [ -85.585505, 44.855395 ], [ -85.588785, 44.857875 ], [ -85.59013, 44.859283 ], [ -85.591096, 44.860236 ], [ -85.591875, 44.861658 ], [ -85.592049, 44.862352 ], [ -85.591832, 44.864107 ], [ -85.591592, 44.865653 ], [ -85.590868, 44.868326 ], [ -85.590678, 44.869468 ], [ -85.590151, 44.870352 ], [ -85.587831, 44.872228 ], [ -85.585445, 44.873878 ], [ -85.583834, 44.874678 ], [ -85.583051, 44.875012 ], [ -85.582564, 44.875157 ], [ -85.579081, 44.877177 ], [ -85.574911, 44.878134 ], [ -85.573782, 44.878001 ], [ -85.572629, 44.877644 ], [ -85.571546, 44.8774 ], [ -85.569512, 44.877201 ], [ -85.568767, 44.87699 ], [ -85.567234, 44.876389 ], [ -85.565886, 44.875179 ], [ -85.565529, 44.875001 ], [ -85.564282, 44.874377 ], [ -85.563515, 44.873581 ], [ -85.560955, 44.873323 ], [ -85.557143, 44.87317 ], [ -85.554081, 44.873037 ], [ -85.551745, 44.872763 ], [ -85.549253, 44.872392 ], [ -85.547394, 44.871993 ], [ -85.547062, 44.871917 ], [ -85.545798, 44.874999 ], [ -85.542052, 44.884129 ], [ -85.540507, 44.887894 ], [ -85.547949, 44.888335 ], [ -85.550902, 44.886377 ], [ -85.557293, 44.882142 ], [ -85.56286, 44.883127 ], [ -85.572402, 44.89509 ], [ -85.559877, 44.908179 ], [ -85.546359, 44.91986 ], [ -85.538407, 44.930838 ], [ -85.53781, 44.946882 ], [ -85.532641, 44.952934 ], [ -85.529063, 44.965178 ], [ -85.529659, 44.977282 ], [ -85.500275, 44.98763 ], [ -85.500085, 44.987696 ], [ -85.500085, 44.987937 ], [ -85.496044, 44.994451 ], [ -85.472069, 44.996914 ], [ -85.468786, 44.993888 ], [ -85.455953, 44.95793 ], [ -85.460529, 44.95427 ], [ -85.474929, 44.953784 ], [ -85.477749, 44.917819 ], [ -85.476331, 44.898571 ], [ -85.487199, 44.857566 ], [ -85.492396, 44.844344 ], [ -85.525263, 44.827449 ], [ -85.540935, 44.814485 ], [ -85.544314, 44.795692 ], [ -85.556587, 44.768879 ], [ -85.560681, 44.76244 ], [ -85.561034, 44.75972 ], [ -85.56081, 44.757684 ], [ -85.554468, 44.75494 ], [ -85.538528, 44.753504 ], [ -85.528193, 44.754102 ], [ -85.523655, 44.760712 ], [ -85.514697, 44.768434 ], [ -85.514963, 44.77789 ], [ -85.519467, 44.78582 ], [ -85.516297, 44.797418 ], [ -85.509791, 44.807004 ], [ -85.500784, 44.811383 ], [ -85.484102, 44.817655 ], [ -85.474261, 44.825584 ], [ -85.473427, 44.83517 ], [ -85.46542, 44.844165 ], [ -85.46175, 44.853041 ], [ -85.456747, 44.859653 ], [ -85.455956, 44.859663 ], [ -85.43942, 44.884572 ], [ -85.438252, 44.895735 ], [ -85.437869, 44.899394 ], [ -85.424691, 44.912204 ], [ -85.407718, 44.946054 ], [ -85.407043, 44.950039 ], [ -85.406308, 44.953573 ], [ -85.405351, 44.957966 ], [ -85.403831, 44.962707 ], [ -85.40256, 44.967315 ], [ -85.399689, 44.976231 ], [ -85.399043, 44.980457 ], [ -85.398639, 44.984325 ], [ -85.398517, 44.985555 ], [ -85.395317, 44.991164 ], [ -85.396287, 45.02017 ], [ -85.394473, 45.045607 ], [ -85.391626, 45.062755 ], [ -85.389551, 45.075252 ], [ -85.387063, 45.121838 ], [ -85.388786, 45.12497 ], [ -85.390159, 45.127465 ], [ -85.392795, 45.133287 ], [ -85.396219, 45.138649 ], [ -85.39946, 45.142851 ], [ -85.400214, 45.147786 ], [ -85.399148, 45.155404 ], [ -85.397473, 45.164384 ], [ -85.397017, 45.171737 ], [ -85.398697, 45.181267 ], [ -85.401847, 45.186616 ], [ -85.404328, 45.191406 ], [ -85.40511, 45.194701 ], [ -85.405365, 45.195773 ], [ -85.405038, 45.201446 ], [ -85.404261, 45.204958 ], [ -85.403942, 45.207496 ], [ -85.404671, 45.207493 ], [ -85.404336, 45.211051 ], [ -85.404963, 45.220587 ], [ -85.404595, 45.231292 ], [ -85.402709, 45.238223 ], [ -85.399413, 45.250506 ], [ -85.395224, 45.262705 ], [ -85.391599, 45.271605 ], [ -85.38646, 45.278726 ], [ -85.382384, 45.282939 ], [ -85.378942, 45.287703 ], [ -85.374425, 45.292331 ], [ -85.372655, 45.293713 ], [ -85.368281, 45.297128 ], [ -85.362001, 45.299767 ], [ -85.354976, 45.301501 ], [ -85.348283, 45.304121 ], [ -85.341603, 45.305678 ], [ -85.339743, 45.305864 ], [ -85.33833, 45.30983 ], [ -85.336025, 45.31138 ], [ -85.331371, 45.3144 ], [ -85.326979, 45.316359 ], [ -85.32111, 45.31832 ], [ -85.311723, 45.320903 ], [ -85.30702, 45.323583 ], [ -85.303402, 45.325497 ], [ -85.301013, 45.326048 ], [ -85.298142, 45.325678 ], [ -85.294034, 45.324343 ], [ -85.291619, 45.323057 ], [ -85.288218, 45.319881 ], [ -85.287584, 45.319297 ], [ -85.286097, 45.318895 ], [ -85.282959, 45.318999 ], [ -85.280281, 45.31971 ], [ -85.276371, 45.321187 ], [ -85.271407, 45.322497 ], [ -85.268436, 45.323875 ], [ -85.265947, 45.325384 ], [ -85.262007, 45.328472 ], [ -85.258768, 45.332514 ], [ -85.25631, 45.337189 ], [ -85.25449, 45.343405 ], [ -85.254147, 45.344313 ], [ -85.252846, 45.344918 ], [ -85.248869, 45.345122 ], [ -85.244872, 45.345197 ], [ -85.240632, 45.345327 ], [ -85.237431, 45.345858 ], [ -85.232312, 45.347788 ], [ -85.229687, 45.349046 ], [ -85.223657, 45.353373 ], [ -85.21909, 45.357135 ], [ -85.219089, 45.357227 ], [ -85.202265, 45.367226 ], [ -85.198343, 45.375008 ], [ -85.194819, 45.382001 ], [ -85.193576, 45.383318 ], [ -85.190905, 45.383198 ], [ -85.187615, 45.38273 ], [ -85.183471, 45.382199 ], [ -85.177498, 45.382243 ], [ -85.169744, 45.383834 ], [ -85.166817, 45.384598 ], [ -85.166302, 45.384732 ], [ -85.16266, 45.385352 ], [ -85.152867, 45.386678 ], [ -85.14157, 45.387614 ], [ -85.127324, 45.387904 ], [ -85.12506, 45.38776 ], [ -85.116523, 45.387215 ], [ -85.104075, 45.386249 ], [ -85.099875, 45.385525 ], [ -85.097255, 45.385073 ], [ -85.096702, 45.382071 ], [ -85.096116, 45.377835 ], [ -85.062964, 45.375398 ], [ -85.041638, 45.372603 ], [ -85.012726, 45.381813 ], [ -85.001043, 45.381121 ], [ -84.982546, 45.38316 ], [ -84.965136, 45.387347 ], [ -84.964673, 45.41437 ], [ -84.971299, 45.414568 ], [ -84.984903, 45.414535 ], [ -85.002433, 45.416619 ], [ -85.020771, 45.422114 ], [ -85.031267, 45.426282 ], [ -85.041542, 45.428366 ], [ -85.063173, 45.440681 ], [ -85.077706, 45.452707 ], [ -85.085616, 45.459249 ], [ -85.099135, 45.471754 ], [ -85.106165, 45.484637 ], [ -85.112925, 45.501879 ], [ -85.120225, 45.52253 ], [ -85.125633, 45.543371 ], [ -85.127526, 45.558908 ], [ -85.128607, 45.571981 ], [ -85.124552, 45.583349 ], [ -85.111843, 45.594906 ], [ -85.10412, 45.603527 ], [ -85.102901, 45.605233 ], [ -85.097345, 45.612716 ], [ -85.08813, 45.623137 ], [ -85.085826, 45.632516 ], [ -85.070241, 45.644641 ], [ -85.05005, 45.650704 ], [ -85.034736, 45.653546 ], [ -85.019225, 45.659253 ], [ -85.016713, 45.660177 ], [ -85.009801, 45.669556 ], [ -85.005736, 45.679503 ], [ -85.000315, 45.688313 ], [ -84.992727, 45.692008 ], [ -84.97657, 45.69305 ], [ -84.979047, 45.723449 ], [ -84.976764, 45.733655 ], [ -84.981017, 45.735812 ], [ -85.038032, 45.750389 ], [ -85.072519, 45.750637 ], [ -85.075775, 45.755455 ], [ -85.082968, 45.760115 ], [ -85.084567, 45.765333 ], [ -85.081769, 45.768519 ], [ -85.073434, 45.771108 ], [ -85.055906, 45.773379 ], [ -85.038949, 45.773896 ], [ -85.024048, 45.771746 ], [ -85.011641, 45.767585 ], [ -85.007092, 45.766472 ], [ -84.998605, 45.76408 ], [ -84.985026, 45.762848 ], [ -84.975114, 45.76254 ], [ -84.96174, 45.762019 ], [ -84.957633, 45.762327 ], [ -84.947178, 45.762493 ], [ -84.940966, 45.76363 ], [ -84.935195, 45.763606 ], [ -84.927592, 45.762232 ], [ -84.918393, 45.758893 ], [ -84.910382, 45.754535 ], [ -84.9074, 45.752452 ], [ -84.893491, 45.754273 ], [ -84.892087, 45.756051 ], [ -84.889813, 45.758372 ], [ -84.886928, 45.760148 ], [ -84.881768, 45.76074 ], [ -84.874776, 45.759911 ], [ -84.85906, 45.75444 ], [ -84.848473, 45.751977 ], [ -84.843042, 45.750035 ], [ -84.838426, 45.749372 ], [ -84.834252, 45.75155 ], [ -84.832419, 45.754771 ], [ -84.827294, 45.757069 ], [ -84.821354, 45.757211 ], [ -84.816535, 45.756169 ], [ -84.807982, 45.752498 ], [ -84.80116, 45.752782 ], [ -84.793949, 45.756105 ], [ -84.784137, 45.763907 ], [ -84.786901, 45.768504 ], [ -84.794308, 45.770448 ], [ -84.796187, 45.771918 ], [ -84.797336, 45.777394 ], [ -84.79703, 45.780813 ], [ -84.794622, 45.783488 ], [ -84.790779, 45.785801 ], [ -84.783048, 45.788654 ], [ -84.778088, 45.790137 ], [ -84.774071, 45.78995 ], [ -84.77414, 45.812819 ], [ -84.76936, 45.811971 ], [ -84.765541, 45.811295 ], [ -84.760581, 45.810906 ], [ -84.755161, 45.81049 ], [ -84.754888, 45.810511 ], [ -84.75005, 45.810899 ], [ -84.746328, 45.810686 ], [ -84.743248, 45.810546 ], [ -84.741145, 45.810493 ], [ -84.738296, 45.810466 ], [ -84.735205, 45.810406 ], [ -84.732595, 45.81033 ], [ -84.731839, 45.810317 ], [ -84.730056, 45.810208 ], [ -84.729168, 45.810155 ], [ -84.728898, 45.810139 ], [ -84.728803, 45.810134 ], [ -84.728711, 45.810127 ], [ -84.728503, 45.81011 ], [ -84.728158, 45.810081 ], [ -84.72434, 45.809737 ], [ -84.723273, 45.80964 ], [ -84.723342, 45.797719 ], [ -84.72243, 45.797477 ], [ -84.71901, 45.796524 ], [ -84.717505, 45.796113 ], [ -84.716562, 45.795545 ], [ -84.71521, 45.794773 ], [ -84.713681, 45.793541 ], [ -84.711732, 45.791881 ], [ -84.710318, 45.790449 ], [ -84.708941, 45.788888 ], [ -84.708241, 45.787171 ], [ -84.707994, 45.785818 ], [ -84.707609, 45.782934 ], [ -84.707594, 45.782823 ], [ -84.706378, 45.782132 ], [ -84.706223, 45.781981 ], [ -84.702746, 45.773495 ], [ -84.685129, 45.766256 ], [ -84.674269, 45.7623 ], [ -84.671132, 45.756997 ], [ -84.658582, 45.750515 ], [ -84.648085, 45.750347 ], [ -84.629864, 45.741171 ], [ -84.60876, 45.730649 ], [ -84.572147, 45.716842 ], [ -84.557832, 45.714699 ], [ -84.551186, 45.711961 ], [ -84.547778, 45.703152 ], [ -84.546244, 45.700057 ], [ -84.529759, 45.689047 ], [ -84.529329, 45.689502 ], [ -84.522664, 45.689649 ], [ -84.51304, 45.686138 ], [ -84.489022, 45.675424 ], [ -84.480518, 45.672103 ], [ -84.45946, 45.663874 ], [ -84.455243, 45.662335 ], [ -84.450666, 45.661872 ], [ -84.445186, 45.662672 ], [ -84.439465, 45.665618 ], [ -84.434045, 45.671594 ], [ -84.429106, 45.673909 ], [ -84.418447, 45.673741 ], [ -84.410437, 45.673362 ], [ -84.391267, 45.663795 ], [ -84.375578, 45.660135 ], [ -84.368416, 45.661537 ], [ -84.363976, 45.661136 ], [ -84.333753, 45.668544 ], [ -84.326878, 45.668544 ], [ -84.295366, 45.658634 ], [ -84.282331, 45.65483 ], [ -84.267865, 45.647822 ], [ -84.254544, 45.64522 ], [ -84.240231, 45.641956 ], [ -84.231119, 45.640257 ], [ -84.226563, 45.639832 ], [ -84.21492, 45.637744 ], [ -84.204029, 45.630737 ], [ -84.203896, 45.633311 ], [ -84.191589, 45.62606 ], [ -84.16115, 45.597187 ], [ -84.154886, 45.593939 ], [ -84.14943, 45.588732 ], [ -84.131755, 45.575121 ], [ -84.124906, 45.568263 ], [ -84.120267, 45.56352 ], [ -84.118867, 45.555013 ], [ -84.119229, 45.54728 ], [ -84.116276, 45.532046 ], [ -84.113479, 45.522353 ], [ -84.108326, 45.514207 ], [ -84.100229, 45.506267 ], [ -84.092147, 45.501299 ], [ -84.074407, 45.494483 ], [ -84.070675, 45.493495 ], [ -84.064848, 45.493826 ], [ -84.051221, 45.496742 ], [ -84.044564, 45.500462 ], [ -84.039884, 45.502795 ], [ -84.033746, 45.50316 ], [ -84.000005, 45.501299 ], [ -83.999309, 45.501035 ], [ -83.965643, 45.50102 ], [ -83.939213, 45.501007 ], [ -83.92826, 45.498463 ], [ -83.911853, 45.495085 ], [ -83.900248, 45.49201 ], [ -83.890268, 45.486946 ], [ -83.876904, 45.478543 ], [ -83.875, 45.477306 ], [ -83.875, 45.47772 ], [ -83.814708, 45.436295 ], [ -83.812467, 45.435895 ], [ -83.800586, 45.433609 ], [ -83.772569, 45.42822 ], [ -83.76553, 45.426668 ], [ -83.762522, 45.425998 ], [ -83.76252, 45.425375 ], [ -83.762419, 45.425346 ], [ -83.741883, 45.419529 ], [ -83.717383, 45.423946 ], [ -83.712871, 45.423679 ], [ -83.706452, 45.421716 ], [ -83.696982, 45.408733 ], [ -83.690754, 45.403602 ], [ -83.624987, 45.385743 ], [ -83.615701, 45.379824 ], [ -83.607234, 45.375014 ], [ -83.571375, 45.375014 ], [ -83.499982, 45.375015 ], [ -83.499982, 45.370164 ], [ -83.494189, 45.370323 ], [ -83.488067, 45.370111 ], [ -83.475129, 45.366373 ], [ -83.468092, 45.362916 ], [ -83.46629, 45.362031 ], [ -83.455474, 45.352697 ], [ -83.450695, 45.345084 ], [ -83.447693, 45.335842 ], [ -83.442722, 45.324934 ], [ -83.420955, 45.309575 ], [ -83.400262, 45.297246 ], [ -83.388679, 45.290251 ], [ -83.369138, 45.278528 ], [ -83.361945, 45.270638 ], [ -83.360842, 45.262006 ], [ -83.366165, 45.250015 ], [ -83.388243, 45.242106 ], [ -83.389637, 45.240143 ], [ -83.389257, 45.237645 ], [ -83.3648, 45.207174 ], [ -83.369806, 45.207169 ], [ -83.374653, 45.207091 ], [ -83.36898, 45.200805 ], [ -83.328718, 45.20285 ], [ -83.325739, 45.202344 ], [ -83.321378, 45.200777 ], [ -83.318813, 45.199569 ], [ -83.315672, 45.197601 ], [ -83.314133, 45.195532 ], [ -83.313163, 45.193537 ], [ -83.31283, 45.191502 ], [ -83.313239, 45.189123 ], [ -83.314145, 45.187203 ], [ -83.31634, 45.18553 ], [ -83.322932, 45.182302 ], [ -83.328679, 45.181307 ], [ -83.33388, 45.181965 ], [ -83.337617, 45.184081 ], [ -83.35918, 45.183788 ], [ -83.36094, 45.180502 ], [ -83.360999, 45.177275 ], [ -83.358684, 45.174346 ], [ -83.357631, 45.173605 ], [ -83.355914, 45.172401 ], [ -83.355214, 45.170813 ], [ -83.353961, 45.169509 ], [ -83.351906, 45.168469 ], [ -83.349234, 45.167915 ], [ -83.345666, 45.167343 ], [ -83.342484, 45.165875 ], [ -83.340202, 45.16309 ], [ -83.338998, 45.160666 ], [ -83.33884, 45.160348 ], [ -83.337002, 45.158453 ], [ -83.333584, 45.155474 ], [ -83.331341, 45.153035 ], [ -83.31337, 45.147931 ], [ -83.312567, 45.147228 ], [ -83.311903, 45.146649 ], [ -83.310198, 45.144319 ], [ -83.310165, 45.143359 ], [ -83.311471, 45.140868 ], [ -83.311877, 45.138236 ], [ -83.311506, 45.136342 ], [ -83.31068, 45.134459 ], [ -83.308173, 45.132576 ], [ -83.305727, 45.130297 ], [ -83.305132, 45.128687 ], [ -83.305259, 45.126573 ], [ -83.306213, 45.124277 ], [ -83.306783, 45.121951 ], [ -83.307237, 45.119658 ], [ -83.306517, 45.117113 ], [ -83.305133, 45.114974 ], [ -83.303945, 45.113286 ], [ -83.302851, 45.110759 ], [ -83.301237, 45.108597 ], [ -83.300177, 45.105924 ], [ -83.299808, 45.103135 ], [ -83.299359, 45.101258 ], [ -83.298448, 45.10006 ], [ -83.296533, 45.098319 ], [ -83.294378, 45.096604 ], [ -83.293401, 45.095552 ], [ -83.291493, 45.092214 ], [ -83.289479, 45.086481 ], [ -83.287607, 45.082215 ], [ -83.285184, 45.077484 ], [ -83.283049, 45.074244 ], [ -83.281865, 45.072999 ], [ -83.281056, 45.071631 ], [ -83.281159, 45.069364 ], [ -83.28243, 45.065703 ], [ -83.282722, 45.064201 ], [ -83.282422, 45.062606 ], [ -83.282158, 45.061679 ], [ -83.281922, 45.061382 ], [ -83.280559, 45.060408 ], [ -83.277955, 45.060092 ], [ -83.249968, 45.060524 ], [ -83.249968, 45.060014 ], [ -83.234573, 45.060126 ], [ -83.218151, 45.059668 ], [ -83.207871, 45.057642 ], [ -83.203076, 45.055187 ], [ -83.196051, 45.049502 ], [ -83.192992, 45.045942 ], [ -83.190515, 45.043268 ], [ -83.189012, 45.040497 ], [ -83.188481, 45.032013 ], [ -83.189387, 45.02974 ], [ -83.191828, 45.029062 ], [ -83.194724, 45.028859 ], [ -83.197984, 45.029607 ], [ -83.200882, 45.031024 ], [ -83.20378, 45.032843 ], [ -83.206416, 45.034236 ], [ -83.210779, 45.035635 ], [ -83.21422, 45.036101 ], [ -83.218808, 45.036308 ], [ -83.22326, 45.03637 ], [ -83.227291, 45.035635 ], [ -83.231288, 45.034891 ], [ -83.250442, 45.029579 ], [ -83.252212, 45.028804 ], [ -83.252835, 45.027048 ], [ -83.253582, 45.024573 ], [ -83.254797, 45.023791 ], [ -83.256625, 45.02321 ], [ -83.258247, 45.022065 ], [ -83.258962, 45.020719 ], [ -83.260163, 45.018317 ], [ -83.261648, 45.016713 ], [ -83.263261, 45.016197 ], [ -83.265545, 45.016268 ], [ -83.271099, 45.017707 ], [ -83.274303, 45.018906 ], [ -83.27778, 45.020266 ], [ -83.279677, 45.020652 ], [ -83.281732, 45.020788 ], [ -83.284685, 45.020988 ], [ -83.288014, 45.021405 ], [ -83.291001, 45.022081 ], [ -83.293944, 45.023118 ], [ -83.296489, 45.024221 ], [ -83.299646, 45.025275 ], [ -83.303589, 45.026143 ], [ -83.306803, 45.027511 ], [ -83.30936, 45.028557 ], [ -83.312344, 45.028733 ], [ -83.316231, 45.030633 ], [ -83.318979, 45.032356 ], [ -83.322074, 45.033697 ], [ -83.326108, 45.033816 ], [ -83.329399, 45.033569 ], [ -83.333134, 45.03431 ], [ -83.337223, 45.035226 ], [ -83.340862, 45.03641 ], [ -83.351372, 45.044609 ], [ -83.352804, 45.045542 ], [ -83.355179, 45.04564 ], [ -83.359207, 45.046105 ], [ -83.362198, 45.047237 ], [ -83.364706, 45.04984 ], [ -83.367221, 45.052757 ], [ -83.369404, 45.055514 ], [ -83.372054, 45.058454 ], [ -83.373383, 45.059316 ], [ -83.374972, 45.05995 ], [ -83.375529, 45.060172 ], [ -83.375873, 45.06023 ], [ -83.377817, 45.06056 ], [ -83.381488, 45.061559 ], [ -83.38751, 45.061729 ], [ -83.392862, 45.061895 ], [ -83.399437, 45.061859 ], [ -83.404825, 45.061348 ], [ -83.40733, 45.060961 ], [ -83.410496, 45.060674 ], [ -83.412692, 45.059274 ], [ -83.415581, 45.057031 ], [ -83.417629, 45.056606 ], [ -83.419308, 45.056257 ], [ -83.424792, 45.054351 ], [ -83.428909, 45.052189 ], [ -83.433248, 45.04963 ], [ -83.435223, 45.047796 ], [ -83.435722, 45.045955 ], [ -83.435309, 45.043073 ], [ -83.434311, 45.039655 ], [ -83.433316, 45.036575 ], [ -83.434249, 45.034111 ], [ -83.43571, 45.032047 ], [ -83.436374, 45.031599 ], [ -83.437321, 45.031526 ], [ -83.442047, 45.031711 ], [ -83.442481, 45.03142 ], [ -83.441982, 45.030539 ], [ -83.441123, 45.028243 ], [ -83.440759, 45.024405 ], [ -83.440142, 45.020784 ], [ -83.437402, 45.019383 ], [ -83.428405, 45.012739 ], [ -83.425095, 45.008957 ], [ -83.42314, 45.005416 ], [ -83.418455, 45.00058 ], [ -83.417604, 45.000012 ], [ -83.4133, 44.997141 ], [ -83.406684, 44.992406 ], [ -83.403687, 44.989105 ], [ -83.403477, 44.98598 ], [ -83.405226, 44.98343 ], [ -83.408079, 44.981872 ], [ -83.412799, 44.98056 ], [ -83.4152, 44.980875 ], [ -83.419143, 44.982863 ], [ -83.419886, 44.983181 ], [ -83.423825, 44.983937 ], [ -83.427602, 44.986144 ], [ -83.431077, 44.989546 ], [ -83.434553, 44.993085 ], [ -83.436087, 44.993985 ], [ -83.437474, 44.99398 ], [ -83.438763, 44.993174 ], [ -83.440911, 44.990429 ], [ -83.441428, 44.988879 ], [ -83.440683, 44.986729 ], [ -83.439266, 44.984239 ], [ -83.43839, 44.980093 ], [ -83.438301, 44.975019 ], [ -83.438695, 44.972604 ], [ -83.43875, 44.969396 ], [ -83.438828, 44.966132 ], [ -83.438601, 44.961542 ], [ -83.438254, 44.959498 ], [ -83.437723, 44.957679 ], [ -83.436792, 44.956652 ], [ -83.425914, 44.936033 ], [ -83.420114, 44.933573 ], [ -83.416616, 44.932372 ], [ -83.416504, 44.932309 ], [ -83.415101, 44.931523 ], [ -83.413497, 44.930366 ], [ -83.410373, 44.928949 ], [ -83.404113, 44.927087 ], [ -83.40264, 44.926559 ], [ -83.401057, 44.925621 ], [ -83.398172, 44.92459 ], [ -83.397144, 44.923798 ], [ -83.396285, 44.921566 ], [ -83.395027, 44.919131 ], [ -83.393509, 44.9166 ], [ -83.391818, 44.914816 ], [ -83.389542, 44.914181 ], [ -83.389202, 44.913931 ], [ -83.388857, 44.912979 ], [ -83.389152, 44.910848 ], [ -83.388584, 44.909116 ], [ -83.387024, 44.907984 ], [ -83.385339, 44.906981 ], [ -83.381985, 44.906431 ], [ -83.378082, 44.906613 ], [ -83.375062, 44.906973 ], [ -83.372793, 44.907176 ], [ -83.370971, 44.906833 ], [ -83.369527, 44.905355 ], [ -83.368344, 44.903702 ], [ -83.36548, 44.900691 ], [ -83.362516, 44.899265 ], [ -83.360582, 44.898487 ], [ -83.359791, 44.897849 ], [ -83.358804, 44.895849 ], [ -83.357427, 44.894598 ], [ -83.354493, 44.893848 ], [ -83.351925, 44.894533 ], [ -83.34318, 44.906365 ], [ -83.335098, 44.914974 ], [ -83.332891, 44.916367 ], [ -83.330391, 44.917237 ], [ -83.327882, 44.917349 ], [ -83.32584, 44.917344 ], [ -83.322878, 44.915829 ], [ -83.321208, 44.914134 ], [ -83.320946, 44.912452 ], [ -83.32506, 44.906853 ], [ -83.332298, 44.900611 ], [ -83.335646, 44.896266 ], [ -83.336389, 44.894924 ], [ -83.33653, 44.89226 ], [ -83.335273, 44.891717 ], [ -83.330855, 44.892894 ], [ -83.328242, 44.893531 ], [ -83.324782, 44.893785 ], [ -83.322152, 44.893528 ], [ -83.320718, 44.892349 ], [ -83.319481, 44.890405 ], [ -83.317981, 44.888743 ], [ -83.316354, 44.887619 ], [ -83.31529, 44.887294 ], [ -83.314746, 44.887187 ], [ -83.313216, 44.885033 ], [ -83.312818, 44.883093 ], [ -83.312811, 44.882745 ], [ -83.312485, 44.882796 ], [ -83.312331, 44.882784 ], [ -83.312432, 44.882587 ], [ -83.31289, 44.882442 ], [ -83.313036, 44.880191 ], [ -83.313274, 44.876133 ], [ -83.313535, 44.871506 ], [ -83.313942, 44.866873 ], [ -83.313939, 44.865343 ], [ -83.315593, 44.858605 ], [ -83.309876, 44.858609 ], [ -83.309288, 44.85861 ], [ -83.302516, 44.848508 ], [ -83.292482, 44.835314 ], [ -83.291587, 44.835351 ], [ -83.282302, 44.835734 ], [ -83.277317, 44.833666 ], [ -83.274233, 44.828211 ], [ -83.283863, 44.825325 ], [ -83.284555, 44.825321 ], [ -83.27948, 44.808697 ], [ -83.279219, 44.79669 ], [ -83.275705, 44.76667 ], [ -83.279195, 44.756409 ], [ -83.28081, 44.748567 ], [ -83.28081, 44.739238 ], [ -83.27171, 44.728246 ], [ -83.263521, 44.718824 ], [ -83.260921, 44.710511 ], [ -83.263781, 44.703584 ], [ -83.268201, 44.688435 ], [ -83.269077, 44.685323 ], [ -83.27041, 44.680584 ], [ -83.273685, 44.670146 ], [ -83.275243, 44.662018 ], [ -83.27758, 44.654352 ], [ -83.282773, 44.645761 ], [ -83.297185, 44.630521 ], [ -83.304586, 44.614726 ], [ -83.305235, 44.608168 ], [ -83.306903, 44.603819 ], [ -83.308291, 44.59981 ], [ -83.30968, 44.594812 ], [ -83.309728, 44.591084 ], [ -83.309138, 44.587154 ], [ -83.307611, 44.560629 ], [ -83.307151, 44.558375 ], [ -83.30611, 44.553981 ], [ -83.303528, 44.547747 ], [ -83.302604, 44.543765 ], [ -83.302449, 44.541843 ], [ -83.303875, 44.539976 ], [ -83.305648, 44.535994 ], [ -83.308168, 44.529511 ], [ -83.313253, 44.517526 ], [ -83.31458, 44.511736 ], [ -83.311911, 44.511738 ], [ -83.312024, 44.510156 ], [ -83.31208, 44.508249 ], [ -83.312212, 44.505845 ], [ -83.312231, 44.503522 ], [ -83.31223, 44.501954 ], [ -83.31166, 44.498883 ], [ -83.311249, 44.496308 ], [ -83.311249, 44.494863 ], [ -83.311533, 44.492446 ], [ -83.31185, 44.490278 ], [ -83.31201, 44.489311 ], [ -83.312538, 44.487136 ], [ -83.312801, 44.48535 ], [ -83.313347, 44.483242 ], [ -83.313799, 44.481644 ], [ -83.314269, 44.480073 ], [ -83.314909, 44.477602 ], [ -83.315398, 44.47505 ], [ -83.316075, 44.47172 ], [ -83.316527, 44.469115 ], [ -83.31664, 44.467638 ], [ -83.317242, 44.46565 ], [ -83.318183, 44.461997 ], [ -83.318374, 44.460685 ], [ -83.318747, 44.45813 ], [ -83.319048, 44.456007 ], [ -83.319462, 44.452462 ], [ -83.320026, 44.447789 ], [ -83.320177, 44.446285 ], [ -83.320478, 44.444647 ], [ -83.320967, 44.440994 ], [ -83.320967, 44.43769 ], [ -83.320967, 44.434468 ], [ -83.321003, 44.432641 ], [ -83.320928, 44.42966 ], [ -83.320627, 44.426598 ], [ -83.319762, 44.422059 ], [ -83.318408, 44.41744 ], [ -83.316528, 44.412901 ], [ -83.315099, 44.410484 ], [ -83.314496, 44.409329 ], [ -83.31333, 44.407503 ], [ -83.312879, 44.40667 ], [ -83.312881, 44.40666 ], [ -83.312913, 44.406489 ], [ -83.312933, 44.406383 ], [ -83.31303, 44.405864 ], [ -83.313744, 44.404709 ], [ -83.315247, 44.404199 ], [ -83.316638, 44.403125 ], [ -83.317766, 44.399795 ], [ -83.31942, 44.39496 ], [ -83.320736, 44.390878 ], [ -83.322126, 44.387413 ], [ -83.322651, 44.38607 ], [ -83.323477, 44.383814 ], [ -83.324003, 44.381934 ], [ -83.325206, 44.379437 ], [ -83.326442, 44.37711 ], [ -83.327047, 44.375972 ], [ -83.32855, 44.372051 ], [ -83.328888, 44.369446 ], [ -83.329302, 44.36633 ], [ -83.329452, 44.363618 ], [ -83.329711, 44.3619 ], [ -83.329823, 44.359805 ], [ -83.329823, 44.356313 ], [ -83.329185, 44.352956 ], [ -83.327607, 44.347988 ], [ -83.326593, 44.344496 ], [ -83.326443, 44.340226 ], [ -83.326682, 44.337402 ], [ -83.32735, 44.335485 ], [ -83.329403, 44.332036 ], [ -83.332707, 44.32897 ], [ -83.3361, 44.327181 ], [ -83.340297, 44.326446 ], [ -83.344002, 44.326606 ], [ -83.345743, 44.327564 ], [ -83.346368, 44.328363 ], [ -83.347752, 44.32897 ], [ -83.352976, 44.329449 ], [ -83.359226, 44.3298 ], [ -83.361949, 44.329577 ], [ -83.365208, 44.328778 ], [ -83.36628, 44.328076 ], [ -83.37128, 44.323924 ], [ -83.375655, 44.3199 ], [ -83.379003, 44.316482 ], [ -83.384404, 44.312203 ], [ -83.384568, 44.312059 ], [ -83.388287, 44.308785 ], [ -83.39101, 44.30607 ], [ -83.395564, 44.301886 ], [ -83.396989, 44.300321 ], [ -83.3998, 44.298021 ], [ -83.405199, 44.294604 ], [ -83.409349, 44.292655 ], [ -83.411089, 44.291122 ], [ -83.412785, 44.28729 ], [ -83.415239, 44.282307 ], [ -83.41805, 44.275536 ], [ -83.41805, 44.275472 ], [ -83.418139, 44.275281 ], [ -83.419118, 44.273396 ], [ -83.422418, 44.269084 ], [ -83.42835, 44.261802 ], [ -83.433524, 44.256373 ], [ -83.440213, 44.250176 ], [ -83.441953, 44.249091 ], [ -83.445565, 44.247335 ], [ -83.453904, 44.245003 ], [ -83.458899, 44.244684 ], [ -83.46202, 44.245195 ], [ -83.463358, 44.246856 ], [ -83.464429, 44.249954 ], [ -83.463715, 44.252796 ], [ -83.462243, 44.254936 ], [ -83.460058, 44.256118 ], [ -83.456535, 44.257651 ], [ -83.454707, 44.259152 ], [ -83.450604, 44.262697 ], [ -83.448464, 44.265061 ], [ -83.447884, 44.266498 ], [ -83.44833, 44.268989 ], [ -83.449346, 44.270257 ], [ -83.449499, 44.270447 ], [ -83.449961, 44.271022 ], [ -83.450381, 44.271544 ], [ -83.450685, 44.271663 ], [ -83.45208, 44.27221 ], [ -83.45782, 44.273701 ], [ -83.4652, 44.274875 ], [ -83.472013, 44.274921 ], [ -83.480762, 44.274449 ], [ -83.481223, 44.274424 ], [ -83.490054, 44.273204 ], [ -83.497434, 44.271126 ], [ -83.49997, 44.26959 ], [ -83.512667, 44.260759 ], [ -83.514934, 44.259184 ], [ -83.528176, 44.249984 ], [ -83.528233, 44.249931 ], [ -83.530388, 44.245991 ], [ -83.533331, 44.240242 ], [ -83.536763, 44.233631 ], [ -83.539215, 44.227914 ], [ -83.540998, 44.22357 ], [ -83.541069, 44.223548 ], [ -83.541682, 44.220473 ], [ -83.541959, 44.219084 ], [ -83.542406, 44.216841 ], [ -83.543297, 44.210517 ], [ -83.543475, 44.204959 ], [ -83.543742, 44.199019 ], [ -83.545346, 44.192503 ], [ -83.548286, 44.181324 ], [ -83.551049, 44.172956 ], [ -83.55178, 44.17073 ], [ -83.553116, 44.164934 ], [ -83.553394, 44.163686 ], [ -83.562731, 44.163552 ], [ -83.565267, 44.163516 ], [ -83.565236, 44.163201 ], [ -83.565359, 44.162671 ], [ -83.565547, 44.162411 ], [ -83.565634, 44.162186 ], [ -83.565628, 44.161942 ], [ -83.565803, 44.161631 ], [ -83.566125, 44.1609 ], [ -83.566226, 44.160646 ], [ -83.566356, 44.160107 ], [ -83.566453, 44.159701 ], [ -83.56663, 44.159071 ], [ -83.566737, 44.15869 ], [ -83.566773, 44.158564 ], [ -83.566934, 44.158301 ], [ -83.56702, 44.158037 ], [ -83.567076, 44.157597 ], [ -83.567247, 44.156999 ], [ -83.567342, 44.156383 ], [ -83.56738, 44.156238 ], [ -83.567467, 44.155906 ], [ -83.567491, 44.155391 ], [ -83.567559, 44.155205 ], [ -83.567587, 44.154933 ], [ -83.567697, 44.154461 ], [ -83.567729, 44.154191 ], [ -83.567676, 44.154026 ], [ -83.567651, 44.153224 ], [ -83.567722, 44.152784 ], [ -83.56774, 44.152405 ], [ -83.567703, 44.152174 ], [ -83.567768, 44.151399 ], [ -83.568008, 44.150823 ], [ -83.568043, 44.150632 ], [ -83.568096, 44.150202 ], [ -83.568059, 44.149982 ], [ -83.568061, 44.149614 ], [ -83.568216, 44.149207 ], [ -83.568444, 44.148032 ], [ -83.568469, 44.147729 ], [ -83.568486, 44.147389 ], [ -83.568414, 44.146734 ], [ -83.568423, 44.14641 ], [ -83.568342, 44.146074 ], [ -83.568338, 44.145398 ], [ -83.568257, 44.145002 ], [ -83.568126, 44.143946 ], [ -83.568142, 44.143793 ], [ -83.568174, 44.143764 ], [ -83.568205, 44.143679 ], [ -83.568273, 44.143491 ], [ -83.567895, 44.14329 ], [ -83.567856, 44.143259 ], [ -83.567697, 44.143055 ], [ -83.567668, 44.142851 ], [ -83.567678, 44.142406 ], [ -83.567499, 44.141735 ], [ -83.567471, 44.141394 ], [ -83.567587, 44.141064 ], [ -83.567825, 44.139559 ], [ -83.56777, 44.137245 ], [ -83.567714, 44.136354 ], [ -83.567712, 44.135541 ], [ -83.567661, 44.135112 ], [ -83.567708, 44.134969 ], [ -83.56786, 44.13365 ], [ -83.567912, 44.132589 ], [ -83.568188, 44.132304 ], [ -83.568335, 44.13192 ], [ -83.568685, 44.130767 ], [ -83.568675, 44.129975 ], [ -83.568842, 44.129374 ], [ -83.569043, 44.128932 ], [ -83.568877, 44.128826 ], [ -83.568423, 44.12876 ], [ -83.568401, 44.128628 ], [ -83.568455, 44.128578 ], [ -83.568828, 44.128525 ], [ -83.568785, 44.128107 ], [ -83.568858, 44.127288 ], [ -83.568844, 44.127112 ], [ -83.568792, 44.12698 ], [ -83.568691, 44.125985 ], [ -83.568447, 44.124769 ], [ -83.568476, 44.124574 ], [ -83.568532, 44.124187 ], [ -83.568494, 44.123615 ], [ -83.56837, 44.123147 ], [ -83.568387, 44.12295 ], [ -83.568277, 44.122608 ], [ -83.568307, 44.12207 ], [ -83.568228, 44.121635 ], [ -83.567847, 44.120984 ], [ -83.567741, 44.120352 ], [ -83.567472, 44.119284 ], [ -83.567066, 44.11821 ], [ -83.567078, 44.11782 ], [ -83.567005, 44.117583 ], [ -83.566564, 44.116596 ], [ -83.566028, 44.115186 ], [ -83.565849, 44.114877 ], [ -83.565888, 44.1146 ], [ -83.565872, 44.114245 ], [ -83.565754, 44.113953 ], [ -83.565489, 44.113668 ], [ -83.565452, 44.113099 ], [ -83.565379, 44.112811 ], [ -83.564884, 44.111568 ], [ -83.564865, 44.111189 ], [ -83.564891, 44.110974 ], [ -83.564916, 44.110777 ], [ -83.564837, 44.110403 ], [ -83.564613, 44.110005 ], [ -83.564265, 44.1098 ], [ -83.564192, 44.109535 ], [ -83.564316, 44.109399 ], [ -83.564488, 44.109048 ], [ -83.564532, 44.108587 ], [ -83.564544, 44.107919 ], [ -83.564554, 44.107373 ], [ -83.564523, 44.106768 ], [ -83.564422, 44.106295 ], [ -83.564223, 44.105761 ], [ -83.564203, 44.10553 ], [ -83.563978, 44.105243 ], [ -83.564026, 44.105084 ], [ -83.564239, 44.105085 ], [ -83.564444, 44.105152 ], [ -83.564709, 44.105286 ], [ -83.565028, 44.105338 ], [ -83.566065, 44.105301 ], [ -83.566134, 44.105263 ], [ -83.566363, 44.105237 ], [ -83.566668, 44.105168 ], [ -83.567028, 44.105039 ], [ -83.567188, 44.105073 ], [ -83.567376, 44.105206 ], [ -83.567696, 44.105246 ], [ -83.567979, 44.105172 ], [ -83.568492, 44.104911 ], [ -83.569073, 44.104793 ], [ -83.569521, 44.104584 ], [ -83.569788, 44.104424 ], [ -83.569996, 44.104324 ], [ -83.570134, 44.104251 ], [ -83.570228, 44.104122 ], [ -83.570606, 44.103683 ], [ -83.570694, 44.103568 ], [ -83.570792, 44.103477 ], [ -83.57091, 44.103378 ], [ -83.571235, 44.102985 ], [ -83.571475, 44.102723 ], [ -83.571875, 44.102358 ], [ -83.57229, 44.10208 ], [ -83.572621, 44.101764 ], [ -83.572876, 44.101469 ], [ -83.573086, 44.101146 ], [ -83.573117, 44.100964 ], [ -83.5733, 44.100619 ], [ -83.573466, 44.10043 ], [ -83.573652, 44.100171 ], [ -83.573892, 44.099769 ], [ -83.574258, 44.099314 ], [ -83.574727, 44.098295 ], [ -83.574919, 44.098164 ], [ -83.575157, 44.098051 ], [ -83.575288, 44.097942 ], [ -83.575763, 44.097736 ], [ -83.576062, 44.097546 ], [ -83.57634, 44.097251 ], [ -83.57665, 44.096797 ], [ -83.577098, 44.096273 ], [ -83.578685, 44.094789 ], [ -83.57918, 44.094183 ], [ -83.579622, 44.093526 ], [ -83.580047, 44.092958 ], [ -83.580395, 44.092581 ], [ -83.580538, 44.092447 ], [ -83.580764, 44.092237 ], [ -83.581633, 44.091556 ], [ -83.581854, 44.091416 ], [ -83.582017, 44.091312 ], [ -83.582423, 44.091133 ], [ -83.582976, 44.090741 ], [ -83.583205, 44.090655 ], [ -83.583329, 44.090578 ], [ -83.584062, 44.089883 ], [ -83.585368, 44.088644 ], [ -83.585424, 44.08859 ], [ -83.588452, 44.08572 ], [ -83.588509, 44.085571 ], [ -83.588957, 44.084808 ], [ -83.589363, 44.083553 ], [ -83.589952, 44.08238 ], [ -83.590782, 44.080453 ], [ -83.591183, 44.079341 ], [ -83.591374, 44.078606 ], [ -83.591386, 44.078455 ], [ -83.591473, 44.077321 ], [ -83.591531, 44.076288 ], [ -83.591618, 44.075382 ], [ -83.591628, 44.074491 ], [ -83.591634, 44.073975 ], [ -83.591519, 44.073403 ], [ -83.591168, 44.072176 ], [ -83.591063, 44.0714 ], [ -83.590762, 44.070502 ], [ -83.590455, 44.069854 ], [ -83.59036, 44.069654 ], [ -83.590279, 44.069452 ], [ -83.589983, 44.068722 ], [ -83.589612, 44.067918 ], [ -83.589106, 44.066931 ], [ -83.588908, 44.066275 ], [ -83.587928, 44.064181 ], [ -83.586945, 44.062196 ], [ -83.586936, 44.062178 ], [ -83.586078, 44.060684 ], [ -83.585255, 44.058999 ], [ -83.584545, 44.057864 ], [ -83.584172, 44.057162 ], [ -83.583961, 44.056773 ], [ -83.583609, 44.05624 ], [ -83.582079, 44.054239 ], [ -83.581378, 44.053058 ], [ -83.580905, 44.052425 ], [ -83.580528, 44.05202 ], [ -83.580079, 44.051413 ], [ -83.579208, 44.050407 ], [ -83.578944, 44.050046 ], [ -83.578901, 44.049987 ], [ -83.578623, 44.049677 ], [ -83.578224, 44.049317 ], [ -83.577854, 44.049051 ], [ -83.577667, 44.04883 ], [ -83.577638, 44.048692 ], [ -83.577752, 44.04866 ], [ -83.578215, 44.048806 ], [ -83.578739, 44.048898 ], [ -83.579321, 44.049199 ], [ -83.579866, 44.049439 ], [ -83.580677, 44.049746 ], [ -83.58226, 44.050107 ], [ -83.583629, 44.050498 ], [ -83.584542, 44.050771 ], [ -83.584867, 44.050857 ], [ -83.585237, 44.050986 ], [ -83.585897, 44.051123 ], [ -83.586223, 44.051224 ], [ -83.587815, 44.05163 ], [ -83.58806, 44.051692 ], [ -83.5895, 44.052017 ], [ -83.590094, 44.052151 ], [ -83.591954, 44.052631 ], [ -83.593038, 44.052935 ], [ -83.59376, 44.053105 ], [ -83.594884, 44.053282 ], [ -83.595521, 44.05346 ], [ -83.596146, 44.053634 ], [ -83.596484, 44.053728 ], [ -83.596523, 44.053739 ], [ -83.597434, 44.053953 ], [ -83.598333, 44.05422 ], [ -83.59842, 44.054246 ], [ -83.59867, 44.054312 ], [ -83.599536, 44.054517 ], [ -83.599882, 44.054583 ], [ -83.600558, 44.054711 ], [ -83.601761, 44.05494 ], [ -83.601905, 44.054967 ], [ -83.602318, 44.055028 ], [ -83.60411, 44.055296 ], [ -83.604338, 44.05533 ], [ -83.60532, 44.055477 ], [ -83.605569, 44.05552 ], [ -83.607425, 44.055852 ], [ -83.608529, 44.055957 ], [ -83.610501, 44.056243 ], [ -83.611279, 44.056249 ], [ -83.611776, 44.056222 ], [ -83.612529, 44.056276 ], [ -83.61358, 44.056434 ], [ -83.614487, 44.056493 ], [ -83.616089, 44.056452 ], [ -83.616881, 44.056466 ], [ -83.617256, 44.056449 ], [ -83.618493, 44.05631 ], [ -83.619581, 44.056341 ], [ -83.620687, 44.056317 ], [ -83.622878, 44.056132 ], [ -83.625037, 44.055891 ], [ -83.626946, 44.055651 ], [ -83.629448, 44.055279 ], [ -83.630825, 44.05512 ], [ -83.631448, 44.055006 ], [ -83.632093, 44.054847 ], [ -83.632824, 44.054742 ], [ -83.633228, 44.054766 ], [ -83.633692, 44.054741 ], [ -83.636019, 44.054393 ], [ -83.636887, 44.054353 ], [ -83.638333, 44.054204 ], [ -83.639929, 44.053901 ], [ -83.64053, 44.053835 ], [ -83.641422, 44.053867 ], [ -83.64228, 44.053668 ], [ -83.643619, 44.053542 ], [ -83.644714, 44.053324 ], [ -83.645315, 44.053287 ], [ -83.645725, 44.053243 ], [ -83.645802, 44.053249 ], [ -83.646001, 44.053265 ], [ -83.647037, 44.053284 ], [ -83.647584, 44.053148 ], [ -83.649107, 44.052603 ], [ -83.649723, 44.052515 ], [ -83.650559, 44.052322 ], [ -83.65127, 44.051986 ], [ -83.651987, 44.051519 ], [ -83.6526, 44.051283 ], [ -83.65339, 44.051118 ], [ -83.653991, 44.051041 ], [ -83.654491, 44.050872 ], [ -83.654839, 44.050655 ], [ -83.655108, 44.050362 ], [ -83.655486, 44.050166 ], [ -83.65609, 44.049744 ], [ -83.655897, 44.049641 ], [ -83.655743, 44.049516 ], [ -83.655611, 44.049319 ], [ -83.655584, 44.049077 ], [ -83.655612, 44.048901 ], [ -83.655677, 44.048708 ], [ -83.65555, 44.048363 ], [ -83.655802, 44.048405 ], [ -83.656262, 44.04855 ], [ -83.656653, 44.048744 ], [ -83.657209, 44.049191 ], [ -83.65749, 44.04915 ], [ -83.65785, 44.049025 ], [ -83.65836, 44.048725 ], [ -83.658669, 44.048498 ], [ -83.658946, 44.04822 ], [ -83.659042, 44.047967 ], [ -83.65919, 44.047735 ], [ -83.659326, 44.047613 ], [ -83.660185, 44.047512 ], [ -83.66086, 44.047287 ], [ -83.661162, 44.047081 ], [ -83.662268, 44.046232 ], [ -83.663145, 44.045746 ], [ -83.663401, 44.045574 ], [ -83.663578, 44.045397 ], [ -83.663634, 44.045341 ], [ -83.663973, 44.045113 ], [ -83.664397, 44.044912 ], [ -83.664875, 44.04477 ], [ -83.665156, 44.044724 ], [ -83.665459, 44.044639 ], [ -83.665276, 44.0442 ], [ -83.664934, 44.042137 ], [ -83.664545, 44.039782 ], [ -83.66343, 44.033045 ], [ -83.664246, 44.0327 ], [ -83.657141, 44.029079 ], [ -83.654503, 44.01221 ], [ -83.656046, 44.011631 ], [ -83.662267, 44.009297 ], [ -83.668021, 44.007109 ], [ -83.667673, 44.003886 ], [ -83.665901, 43.999934 ], [ -83.661914, 43.99116 ], [ -83.667975, 43.981291 ], [ -83.682476, 43.975947 ], [ -83.688336, 43.977626 ], [ -83.704301, 43.992871 ], [ -83.713207, 43.993124 ], [ -83.713523, 43.992348 ], [ -83.714957, 43.990914 ], [ -83.717169, 43.989725 ], [ -83.718579, 43.98934 ], [ -83.720863, 43.989235 ], [ -83.721714, 43.989567 ], [ -83.72254, 43.990127 ], [ -83.723488, 43.991386 ], [ -83.72395, 43.992295 ], [ -83.724, 43.99306 ], [ -83.732864, 43.992684 ], [ -83.740213, 43.992373 ], [ -83.740349, 43.991416 ], [ -83.741657, 43.989799 ], [ -83.747092, 43.98677 ], [ -83.754489, 43.9838 ], [ -83.761396, 43.982535 ], [ -83.769366, 43.982241 ], [ -83.773739, 43.9828 ], [ -83.776314, 43.982976 ], [ -83.778194, 43.982594 ], [ -83.782565, 43.982375 ], [ -83.787561, 43.98302 ], [ -83.806558, 43.978056 ], [ -83.811623, 43.982413 ], [ -83.815074, 43.985387 ], [ -83.819554, 43.985872 ], [ -83.825047, 43.986292 ], [ -83.826788, 43.986276 ], [ -83.829322, 43.985894 ], [ -83.834471, 43.983864 ], [ -83.840111, 43.981277 ], [ -83.844688, 43.978689 ], [ -83.849143, 43.975425 ], [ -83.850389, 43.97339 ], [ -83.850655, 43.972955 ], [ -83.851963, 43.970308 ], [ -83.852126, 43.968867 ], [ -83.852696, 43.967602 ], [ -83.855065, 43.964867 ], [ -83.8596, 43.960456 ], [ -83.863849, 43.95778 ], [ -83.86728, 43.957339 ], [ -83.870385, 43.956751 ], [ -83.871243, 43.956104 ], [ -83.87255, 43.95384 ], [ -83.873245, 43.950781 ], [ -83.874797, 43.946694 ], [ -83.875803, 43.944096 ], [ -83.876833, 43.941376 ], [ -83.877113, 43.940134 ], [ -83.879168, 43.93638 ], [ -83.880027, 43.932498 ], [ -83.881469, 43.928641 ], [ -83.881744, 43.928097 ], [ -83.883116, 43.926588 ], [ -83.886652, 43.923176 ], [ -83.889433, 43.920159 ], [ -83.892454, 43.917118 ], [ -83.894994, 43.914941 ], [ -83.897157, 43.914447 ], [ -83.900864, 43.914917 ], [ -83.901645, 43.914694 ], [ -83.90234, 43.914496 ], [ -83.904175, 43.91289 ], [ -83.904572, 43.912543 ], [ -83.904743, 43.91096 ], [ -83.904834, 43.909538 ], [ -83.896001, 43.906738 ], [ -83.895017, 43.906439 ], [ -83.894095, 43.903317 ], [ -83.893623, 43.901656 ], [ -83.902337, 43.875285 ], [ -83.90145, 43.861252 ], [ -83.897824, 43.853428 ], [ -83.901547, 43.844655 ], [ -83.904527, 43.840228 ], [ -83.906018, 43.838014 ], [ -83.907158, 43.824334 ], [ -83.907209, 43.823721 ], [ -83.902187, 43.816105 ], [ -83.907835, 43.812369 ], [ -83.910104, 43.805245 ], [ -83.911984, 43.799341 ], [ -83.910923, 43.784849 ], [ -83.914523, 43.769809 ], [ -83.929382, 43.762612 ], [ -83.937639, 43.754063 ], [ -83.938077, 43.752911 ], [ -83.937562, 43.752621 ], [ -83.936597, 43.752393 ], [ -83.936421, 43.751962 ], [ -83.93693, 43.75167 ], [ -83.937668, 43.751353 ], [ -83.938686, 43.750668 ], [ -83.939153, 43.750082 ], [ -83.939126, 43.750021 ], [ -83.938202, 43.747971 ], [ -83.935157, 43.743276 ], [ -83.929388, 43.73773 ], [ -83.922675, 43.724233 ], [ -83.91106, 43.701283 ], [ -83.908733, 43.696321 ], [ -83.908701, 43.696254 ], [ -83.904697, 43.687326 ], [ -83.895853, 43.679243 ], [ -83.887343, 43.672849 ], [ -83.886848, 43.672597 ], [ -83.873884, 43.666001 ], [ -83.873677, 43.666022 ], [ -83.873763, 43.665943 ], [ -83.861482, 43.660543 ], [ -83.848438, 43.658576 ], [ -83.839343, 43.657612 ], [ -83.832332, 43.665834 ], [ -83.825178, 43.674137 ], [ -83.823425, 43.675101 ], [ -83.818025, 43.674644 ], [ -83.816271, 43.673173 ], [ -83.819603, 43.665841 ], [ -83.823677, 43.656881 ], [ -83.809881, 43.652882 ], [ -83.802541, 43.650994 ], [ -83.801014, 43.650446 ], [ -83.778225, 43.642278 ], [ -83.756933, 43.635181 ], [ -83.753013, 43.633875 ], [ -83.745883, 43.631499 ], [ -83.729908, 43.626175 ], [ -83.717973, 43.622197 ], [ -83.706718, 43.617114 ], [ -83.69992, 43.611782 ], [ -83.697801, 43.61111 ], [ -83.69347, 43.61008 ], [ -83.690857, 43.60923 ], [ -83.68799, 43.608646 ], [ -83.684837, 43.608371 ], [ -83.68207, 43.608093 ], [ -83.677913, 43.607858 ], [ -83.674583, 43.60806 ], [ -83.671761, 43.608521 ], [ -83.66853, 43.609355 ], [ -83.668054, 43.609528 ], [ -83.66401, 43.610998 ], [ -83.659413, 43.613317 ], [ -83.654573, 43.615987 ], [ -83.649931, 43.618908 ], [ -83.646062, 43.622092 ], [ -83.642724, 43.62502 ], [ -83.64254, 43.625214 ], [ -83.638599, 43.629141 ], [ -83.636993, 43.631205 ], [ -83.634364, 43.633549 ], [ -83.631529, 43.636574 ], [ -83.629377, 43.639174 ], [ -83.627526, 43.641396 ], [ -83.625682, 43.643071 ], [ -83.622765, 43.645525 ], [ -83.61996, 43.647788 ], [ -83.614621, 43.651991 ], [ -83.611786, 43.654785 ], [ -83.60819, 43.658006 ], [ -83.605918, 43.660241 ], [ -83.604675, 43.661222 ], [ -83.602687, 43.662801 ], [ -83.598894, 43.665902 ], [ -83.595464, 43.66839 ], [ -83.592405, 43.671218 ], [ -83.590355, 43.673374 ], [ -83.586694, 43.676475 ], [ -83.585777, 43.677584 ], [ -83.585637, 43.67774 ], [ -83.544387, 43.723557 ], [ -83.539154, 43.729367 ], [ -83.525541, 43.739938 ], [ -83.517131, 43.742256 ], [ -83.50772, 43.740083 ], [ -83.504517, 43.731685 ], [ -83.499946, 43.722046 ], [ -83.499942, 43.718357 ], [ -83.499659, 43.718214 ], [ -83.499406, 43.718054 ], [ -83.49928, 43.717803 ], [ -83.498617, 43.717323 ], [ -83.498554, 43.717232 ], [ -83.498396, 43.717049 ], [ -83.498332, 43.716912 ], [ -83.497985, 43.716684 ], [ -83.49726, 43.716456 ], [ -83.496377, 43.716343 ], [ -83.494297, 43.716254 ], [ -83.493193, 43.716027 ], [ -83.492468, 43.715776 ], [ -83.491743, 43.715548 ], [ -83.49149, 43.715389 ], [ -83.489976, 43.714956 ], [ -83.488904, 43.714706 ], [ -83.487959, 43.714615 ], [ -83.487076, 43.714708 ], [ -83.486667, 43.714891 ], [ -83.486573, 43.715005 ], [ -83.486511, 43.71544 ], [ -83.486196, 43.715874 ], [ -83.485913, 43.716012 ], [ -83.484559, 43.716402 ], [ -83.483141, 43.716837 ], [ -83.482418, 43.717432 ], [ -83.482198, 43.717867 ], [ -83.482104, 43.718256 ], [ -83.481194, 43.720062 ], [ -83.4811, 43.72052 ], [ -83.480911, 43.720657 ], [ -83.480785, 43.720977 ], [ -83.480156, 43.721504 ], [ -83.479652, 43.721733 ], [ -83.478173, 43.722877 ], [ -83.476978, 43.724113 ], [ -83.476412, 43.72489 ], [ -83.476192, 43.725394 ], [ -83.475783, 43.725942 ], [ -83.475406, 43.726492 ], [ -83.474934, 43.726835 ], [ -83.472538, 43.726883 ], [ -83.472255, 43.727226 ], [ -83.471944, 43.729329 ], [ -83.471598, 43.730107 ], [ -83.471264, 43.730523 ], [ -83.46933, 43.729714 ], [ -83.467403, 43.728909 ], [ -83.467362, 43.732891 ], [ -83.468811, 43.732868 ], [ -83.468895, 43.732912 ], [ -83.468913, 43.733038 ], [ -83.46883, 43.733088 ], [ -83.468773, 43.738593 ], [ -83.469229, 43.738721 ], [ -83.469737, 43.738976 ], [ -83.472618, 43.739727 ], [ -83.475375, 43.740682 ], [ -83.475702, 43.740891 ], [ -83.475562, 43.741123 ], [ -83.475496, 43.74117 ], [ -83.475236, 43.741173 ], [ -83.473795, 43.740829 ], [ -83.472586, 43.740616 ], [ -83.466391, 43.738828 ], [ -83.46579, 43.739295 ], [ -83.462537, 43.741829 ], [ -83.462431, 43.741824 ], [ -83.462301, 43.741765 ], [ -83.461449, 43.741113 ], [ -83.459996, 43.740715 ], [ -83.45989, 43.740743 ], [ -83.459493, 43.740956 ], [ -83.459156, 43.741185 ], [ -83.459089, 43.74123 ], [ -83.458653, 43.741807 ], [ -83.458258, 43.742531 ], [ -83.457485, 43.744085 ], [ -83.457397, 43.74424 ], [ -83.457115, 43.744562 ], [ -83.456622, 43.745403 ], [ -83.456411, 43.745763 ], [ -83.456173, 43.746442 ], [ -83.455829, 43.747073 ], [ -83.455664, 43.747548 ], [ -83.455209, 43.748317 ], [ -83.454897, 43.748656 ], [ -83.45437, 43.748804 ], [ -83.45406, 43.748829 ], [ -83.453657, 43.748729 ], [ -83.453361, 43.748682 ], [ -83.453083, 43.748817 ], [ -83.452859, 43.748995 ], [ -83.45245, 43.750058 ], [ -83.452469, 43.750195 ], [ -83.452557, 43.750376 ], [ -83.452839, 43.750718 ], [ -83.453625, 43.751245 ], [ -83.453711, 43.751348 ], [ -83.453744, 43.751452 ], [ -83.453712, 43.751684 ], [ -83.453563, 43.752038 ], [ -83.453566, 43.752159 ], [ -83.453709, 43.752382 ], [ -83.453703, 43.75247 ], [ -83.453638, 43.752559 ], [ -83.452636, 43.754229 ], [ -83.456982, 43.754126 ], [ -83.466032, 43.753913 ], [ -83.498633, 43.753249 ], [ -83.498706, 43.753248 ], [ -83.498138, 43.825931 ], [ -83.497643, 43.82649 ], [ -83.45842, 43.875015 ], [ -83.438761, 43.899754 ], [ -83.436063, 43.899788 ], [ -83.4092, 43.900095 ], [ -83.409074, 43.900097 ], [ -83.409136, 43.900176 ], [ -83.41514, 43.907821 ], [ -83.415443, 43.921142 ], [ -83.396951, 43.925946 ], [ -83.336321, 43.926164 ], [ -83.304912, 43.941609 ], [ -83.298125, 43.944944 ], [ -83.272357, 43.973768 ], [ -83.267507, 43.98294 ], [ -83.244005, 43.984687 ], [ -83.234818, 43.985766 ], [ -83.226111, 43.986383 ], [ -83.20599, 43.988168 ], [ -83.197563, 43.988213 ], [ -83.188709, 43.98644 ], [ -83.180677, 43.9869 ], [ -83.174013, 43.990052 ], [ -83.170727, 43.991037 ], [ -83.153567, 43.991366 ], [ -83.141062, 43.995897 ], [ -83.126381, 44.002659 ], [ -83.119857, 44.006682 ], [ -83.115404, 44.009338 ], [ -83.111495, 44.009885 ], [ -83.105848, 44.007854 ], [ -83.088146, 44.005589 ], [ -83.069359, 44.006682 ], [ -83.059151, 44.011993 ], [ -83.052635, 44.017539 ], [ -83.047201, 44.024151 ], [ -83.045236, 44.027835 ], [ -83.043993, 44.031817 ], [ -83.042475, 44.032827 ], [ -83.040812, 44.033443 ], [ -83.036837, 44.037349 ], [ -83.035761, 44.043121 ], [ -83.030768, 44.048395 ], [ -83.028271, 44.049389 ], [ -83.024007, 44.049389 ], [ -83.021856, 44.048312 ], [ -83.014135, 44.049002 ], [ -83.009487, 44.049886 ], [ -83.000089, 44.049803 ], [ -82.99847, 44.049949 ], [ -82.997049, 44.050367 ], [ -82.995336, 44.051412 ], [ -82.992299, 44.052712 ], [ -82.987647, 44.056335 ], [ -82.982711, 44.061606 ], [ -82.983482, 44.077664 ], [ -82.933071, 44.079115 ], [ -82.932463, 44.073395 ], [ -82.920644, 44.074877 ], [ -82.912058, 44.074409 ], [ -82.909124, 44.074018 ], [ -82.896952, 44.066677 ], [ -82.882824, 44.056758 ], [ -82.859567, 44.049963 ], [ -82.830224, 44.044105 ], [ -82.827398, 44.042308 ], [ -82.827289, 44.039184 ], [ -82.824847, 44.038858 ], [ -82.818872, 44.03835 ], [ -82.814038, 44.038624 ], [ -82.811322, 44.036827 ], [ -82.808714, 44.03382 ], [ -82.799751, 44.031199 ], [ -82.790129, 44.027632 ], [ -82.788622, 44.026384 ], [ -82.783461, 44.019324 ], [ -82.780812, 44.016631 ], [ -82.77789, 44.016007 ], [ -82.768396, 44.016005 ], [ -82.764756, 44.015948 ], [ -82.759414, 44.015193 ], [ -82.756447, 44.014536 ], [ -82.752475, 44.012631 ], [ -82.741711, 43.999563 ], [ -82.741609, 43.999435 ], [ -82.732533, 43.993998 ], [ -82.724285, 43.983767 ], [ -82.713758, 43.966818 ], [ -82.708766, 43.958305 ], [ -82.699001, 43.947743 ], [ -82.694418, 43.942549 ], [ -82.690815, 43.937358 ], [ -82.689593, 43.933052 ], [ -82.688668, 43.929792 ], [ -82.685601, 43.927251 ], [ -82.673562, 43.913334 ], [ -82.671108, 43.909689 ], [ -82.670188, 43.90632 ], [ -82.669882, 43.905069 ], [ -82.669496, 43.901571 ], [ -82.663596, 43.893066 ], [ -82.662063, 43.887874 ], [ -82.660531, 43.885776 ], [ -82.645589, 43.876387 ], [ -82.64352, 43.874288 ], [ -82.641681, 43.870643 ], [ -82.639384, 43.862746 ], [ -82.639571, 43.862742 ], [ -82.625397, 43.847984 ], [ -82.62451, 43.836733 ], [ -82.621675, 43.826759 ], [ -82.608028, 43.79799 ], [ -82.609269, 43.789296 ], [ -82.599521, 43.777149 ], [ -82.599344, 43.777084 ], [ -82.592542, 43.777148 ], [ -82.591411, 43.690623 ], [ -82.591634, 43.69062 ], [ -82.591853, 43.690617 ], [ -82.599415, 43.690523 ], [ -82.600951, 43.690503 ], [ -82.601602, 43.688375 ], [ -82.60144, 43.683555 ], [ -82.599733, 43.677911 ], [ -82.600952, 43.670681 ], [ -82.601846, 43.664802 ], [ -82.600221, 43.65957 ], [ -82.597945, 43.646403 ], [ -82.59733, 43.639538 ], [ -82.597777, 43.636823 ], [ -82.597757, 43.634412 ], [ -82.596315, 43.630503 ], [ -82.595341, 43.62874 ], [ -82.59528, 43.627329 ], [ -82.594975, 43.624624 ], [ -82.594975, 43.622376 ], [ -82.593473, 43.617688 ], [ -82.593189, 43.616527 ], [ -82.593088, 43.615174 ], [ -82.593799, 43.61388 ], [ -82.596722, 43.611999 ], [ -82.596985, 43.610279 ], [ -82.597067, 43.608456 ], [ -82.597432, 43.60543 ], [ -82.596891, 43.603646 ], [ -82.596357, 43.601888 ], [ -82.596417, 43.598228 ], [ -82.595098, 43.596171 ], [ -82.595281, 43.593673 ], [ -82.594265, 43.59135 ], [ -82.591161, 43.585853 ], [ -82.59043, 43.581782 ], [ -82.588927, 43.578565 ], [ -82.587244, 43.571907 ], [ -82.587061, 43.569703 ], [ -82.586898, 43.56835 ], [ -82.587222, 43.567351 ], [ -82.587222, 43.565911 ], [ -82.586208, 43.562986 ], [ -82.583693, 43.559077 ], [ -82.582699, 43.557313 ], [ -82.581523, 43.554301 ], [ -82.581482, 43.553067 ], [ -82.582232, 43.55195 ], [ -82.582334, 43.55148 ], [ -82.581948, 43.550583 ], [ -82.581604, 43.549172 ], [ -82.582008, 43.545411 ], [ -82.572267, 43.529676 ], [ -82.572267, 43.52653 ], [ -82.567254, 43.516883 ], [ -82.566772, 43.513807 ], [ -82.566965, 43.512269 ], [ -82.561759, 43.50402 ], [ -82.561566, 43.500031 ], [ -82.562337, 43.496135 ], [ -82.56268, 43.493772 ], [ -82.561423, 43.490496 ], [ -82.560108, 43.488257 ], [ -82.558565, 43.485272 ], [ -82.55365, 43.480877 ], [ -82.552564, 43.479425 ], [ -82.552929, 43.473758 ], [ -82.552942, 43.473568 ], [ -82.552279, 43.46793 ], [ -82.54401, 43.456875 ], [ -82.545664, 43.451107 ], [ -82.544341, 43.447502 ], [ -82.543656, 43.446576 ], [ -82.532435, 43.431399 ], [ -82.534089, 43.428035 ], [ -82.537065, 43.426352 ], [ -82.535742, 43.418662 ], [ -82.53475, 43.406645 ], [ -82.536735, 43.40304 ], [ -82.536357, 43.401865 ], [ -82.530782, 43.384534 ], [ -82.530451, 43.380268 ], [ -82.530047, 43.370459 ], [ -82.532604, 43.357629 ], [ -82.533201, 43.3536 ], [ -82.532689, 43.350191 ], [ -82.531411, 43.344241 ], [ -82.531142, 43.34391 ], [ -82.526733, 43.338495 ], [ -82.525712, 43.331429 ], [ -82.525371, 43.315438 ], [ -82.526904, 43.311471 ], [ -82.528436, 43.309612 ], [ -82.529288, 43.30738 ], [ -82.527926, 43.303662 ], [ -82.526603, 43.295637 ], [ -82.525882, 43.291266 ], [ -82.52469, 43.27825 ], [ -82.52452, 43.273415 ], [ -82.521256, 43.270007 ], [ -82.521105, 43.269368 ], [ -82.521105, 43.265536 ], [ -82.52333, 43.263767 ], [ -82.524139, 43.260966 ], [ -82.522525, 43.254378 ], [ -82.520293, 43.245192 ], [ -82.519484, 43.230745 ], [ -82.515446, 43.214686 ], [ -82.515036, 43.213055 ], [ -82.50715, 43.202442 ], [ -82.498657, 43.168978 ], [ -82.498628, 43.168807 ], [ -82.499921, 43.168816 ], [ -82.501002, 43.168823 ], [ -82.503163, 43.168946 ], [ -82.499921, 43.168718 ], [ -82.497068, 43.168747 ], [ -82.494214, 43.168777 ], [ -82.493878, 43.16878 ], [ -82.491167, 43.168808 ], [ -82.489486, 43.168825 ], [ -82.487644, 43.163452 ], [ -82.48493, 43.156203 ], [ -82.481391, 43.147504 ], [ -82.478691, 43.141491 ], [ -82.478552, 43.140596 ], [ -82.478153, 43.137557 ], [ -82.47795, 43.135449 ], [ -82.477702, 43.133299 ], [ -82.477618, 43.132569 ], [ -82.477444, 43.13091 ], [ -82.477081, 43.129051 ], [ -82.476241, 43.125847 ], [ -82.475999, 43.125165 ], [ -82.475685, 43.124286 ], [ -82.474959, 43.122183 ], [ -82.474378, 43.120479 ], [ -82.473475, 43.118203 ], [ -82.472209, 43.115009 ], [ -82.471073, 43.112572 ], [ -82.468985, 43.108247 ], [ -82.467176, 43.104594 ], [ -82.465961, 43.102042 ], [ -82.464583, 43.099423 ], [ -82.462122, 43.096002 ], [ -82.459374, 43.092399 ], [ -82.457551, 43.089988 ], [ -82.455458, 43.087249 ], [ -82.453946, 43.085289 ], [ -82.453644, 43.084885 ], [ -82.453493, 43.084207 ], [ -82.453296, 43.083681 ], [ -82.452339, 43.081126 ], [ -82.45071, 43.076787 ], [ -82.449811, 43.074133 ], [ -82.448484, 43.071341 ], [ -82.447575, 43.069598 ], [ -82.440446, 43.059014 ], [ -82.433194, 43.047534 ], [ -82.428422, 43.040383 ], [ -82.39903, 43.041248 ], [ -82.398706, 43.041248 ], [ -82.405023, 43.026022 ], [ -82.406862, 43.021589 ], [ -82.407361, 43.020387 ], [ -82.409543, 43.015132 ], [ -82.409977, 43.014087 ], [ -82.410997, 43.011315 ], [ -82.416054, 43.005477 ], [ -82.417757, 43.003994 ], [ -82.419885, 43.002311 ], [ -82.422732, 43.000058 ], [ -82.423302, 42.999111 ], [ -82.423409, 42.999033 ], [ -82.42346, 42.998996 ], [ -82.423526, 42.998876 ], [ -82.423617, 42.998709 ], [ -82.423724, 42.998517 ], [ -82.424421, 42.996977 ], [ -82.424561, 42.996504 ], [ -82.424682, 42.995514 ], [ -82.424785, 42.995205 ], [ -82.424969, 42.993383 ], [ -82.424916, 42.993055 ], [ -82.424415, 42.991707 ], [ -82.424168, 42.99128 ], [ -82.424036, 42.990945 ], [ -82.423961, 42.990637 ], [ -82.423832, 42.990591 ], [ -82.423792, 42.990319 ], [ -82.423726, 42.990152 ], [ -82.423589, 42.989948 ], [ -82.423238, 42.988943 ], [ -82.423116, 42.988643 ], [ -82.42305, 42.98844 ], [ -82.422867, 42.988192 ], [ -82.422633, 42.98768 ], [ -82.422562, 42.987626 ], [ -82.42254, 42.987547 ], [ -82.422318, 42.987206 ], [ -82.422137, 42.986905 ], [ -82.422008, 42.986833 ], [ -82.421585, 42.98623 ], [ -82.421577, 42.986107 ], [ -82.421471, 42.986044 ], [ -82.421407, 42.985807 ], [ -82.421142, 42.985496 ], [ -82.421056, 42.985214 ], [ -82.421122, 42.984953 ], [ -82.420682, 42.984402 ], [ -82.420382, 42.984081 ], [ -82.420192, 42.983989 ], [ -82.419523, 42.983325 ], [ -82.418082, 42.982076 ], [ -82.417724, 42.981767 ], [ -82.417678, 42.98163 ], [ -82.417149, 42.981217 ], [ -82.415774, 42.979965 ], [ -82.414667, 42.978947 ], [ -82.414183, 42.978487 ], [ -82.41387, 42.978197 ], [ -82.413871, 42.977921 ], [ -82.413474, 42.976887 ], [ -82.413511, 42.976794 ], [ -82.413653, 42.976432 ], [ -82.413694, 42.976101 ], [ -82.414872, 42.973167 ], [ -82.415217, 42.971633 ], [ -82.415373, 42.971299 ], [ -82.415735, 42.970235 ], [ -82.416198, 42.968348 ], [ -82.416383, 42.967483 ], [ -82.416698, 42.966424 ], [ -82.416996, 42.965994 ], [ -82.417143, 42.965782 ], [ -82.41729, 42.965637 ], [ -82.417578, 42.965256 ], [ -82.420242, 42.962075 ], [ -82.42038, 42.961866 ], [ -82.422541, 42.959328 ], [ -82.422607, 42.959294 ], [ -82.424034, 42.958552 ], [ -82.428728, 42.952021 ], [ -82.429009, 42.951905 ], [ -82.42945, 42.951449 ], [ -82.430642, 42.950466 ], [ -82.431049, 42.950213 ], [ -82.43261, 42.949024 ], [ -82.432822, 42.948928 ], [ -82.432881, 42.948836 ], [ -82.437306, 42.945544 ], [ -82.443162, 42.940847 ], [ -82.443372, 42.940685 ], [ -82.44723, 42.93771 ], [ -82.447449, 42.937392 ], [ -82.447719, 42.937153 ], [ -82.448086, 42.936706 ], [ -82.448872, 42.935495 ], [ -82.452816, 42.930084 ], [ -82.455383, 42.92705 ], [ -82.455574, 42.926851 ], [ -82.455658, 42.926467 ], [ -82.455831, 42.926106 ], [ -82.456027, 42.925812 ], [ -82.456249, 42.925177 ], [ -82.45953, 42.915119 ], [ -82.460422, 42.912387 ], [ -82.460505, 42.912225 ], [ -82.461719, 42.907508 ], [ -82.46363, 42.902269 ], [ -82.467937, 42.892482 ], [ -82.469337, 42.88872 ], [ -82.469438, 42.88836 ], [ -82.469518, 42.888098 ], [ -82.469536, 42.887873 ], [ -82.469682, 42.887549 ], [ -82.469901, 42.886265 ], [ -82.469961, 42.883316 ], [ -82.469941, 42.88093 ], [ -82.469758, 42.879578 ], [ -82.469671, 42.878263 ], [ -82.469768, 42.877459 ], [ -82.469529, 42.876907 ], [ -82.469513, 42.875662 ], [ -82.469428, 42.875083 ], [ -82.469407, 42.874122 ], [ -82.469293, 42.873071 ], [ -82.469241, 42.872088 ], [ -82.469099, 42.870579 ], [ -82.469109, 42.869175 ], [ -82.468934, 42.868795 ], [ -82.468765, 42.867329 ], [ -82.468684, 42.866872 ], [ -82.46841, 42.863389 ], [ -82.468354, 42.86222 ], [ -82.468144, 42.859423 ], [ -82.468239, 42.858335 ], [ -82.46835, 42.857655 ], [ -82.46841, 42.856304 ], [ -82.468496, 42.855686 ], [ -82.468514, 42.854349 ], [ -82.46851, 42.85431 ], [ -82.468677, 42.85205 ], [ -82.470436, 42.848335 ], [ -82.470444, 42.847778 ], [ -82.470465, 42.847369 ], [ -82.47024, 42.846383 ], [ -82.470317, 42.846107 ], [ -82.470465, 42.845466 ], [ -82.470554, 42.844892 ], [ -82.470797, 42.84404 ], [ -82.471452, 42.841 ], [ -82.471572, 42.840452 ], [ -82.471635, 42.839895 ], [ -82.472378, 42.837552 ], [ -82.472408, 42.837344 ], [ -82.47253, 42.837089 ], [ -82.472619, 42.836673 ], [ -82.473723, 42.834465 ], [ -82.47401, 42.8338 ], [ -82.477585, 42.826338 ], [ -82.478526, 42.825625 ], [ -82.478452, 42.825047 ], [ -82.478534, 42.823384 ], [ -82.478632, 42.823203 ], [ -82.478677, 42.822753 ], [ -82.479023, 42.821894 ], [ -82.479063, 42.821663 ], [ -82.479164, 42.821455 ], [ -82.479171, 42.82114 ], [ -82.479336, 42.820946 ], [ -82.479681, 42.819351 ], [ -82.47974, 42.819108 ], [ -82.480025, 42.818341 ], [ -82.480146, 42.817858 ], [ -82.480382, 42.817206 ], [ -82.480547, 42.816793 ], [ -82.480958, 42.815995 ], [ -82.481771, 42.813168 ], [ -82.481831, 42.812734 ], [ -82.481889, 42.812574 ], [ -82.482574, 42.808644 ], [ -82.482518, 42.807549 ], [ -82.482127, 42.806802 ], [ -82.481846, 42.805484 ], [ -82.481691, 42.805255 ], [ -82.481597, 42.804751 ], [ -82.481504, 42.804683 ], [ -82.481473, 42.804568 ], [ -82.481441, 42.804477 ], [ -82.481346, 42.804064 ], [ -82.481094, 42.80331 ], [ -82.481031, 42.803058 ], [ -82.480937, 42.802944 ], [ -82.480905, 42.802646 ], [ -82.480651, 42.802235 ], [ -82.480558, 42.80205 ], [ -82.480529, 42.801978 ], [ -82.480499, 42.801835 ], [ -82.47741, 42.796469 ], [ -82.477191, 42.796383 ], [ -82.476574, 42.795571 ], [ -82.47646, 42.795378 ], [ -82.476156, 42.794566 ], [ -82.476124, 42.794343 ], [ -82.476005, 42.79413 ], [ -82.475922, 42.793779 ], [ -82.475865, 42.793668 ], [ -82.475642, 42.792903 ], [ -82.475585, 42.792642 ], [ -82.475526, 42.792536 ], [ -82.475497, 42.792411 ], [ -82.475281, 42.792003 ], [ -82.475278, 42.791793 ], [ -82.474952, 42.791304 ], [ -82.474981, 42.791214 ], [ -82.474717, 42.790942 ], [ -82.474745, 42.790855 ], [ -82.474678, 42.79079 ], [ -82.474543, 42.790434 ], [ -82.474384, 42.790218 ], [ -82.474383, 42.790124 ], [ -82.474207, 42.789853 ], [ -82.474162, 42.789784 ], [ -82.473967, 42.789401 ], [ -82.47387, 42.789257 ], [ -82.473836, 42.789164 ], [ -82.473737, 42.788998 ], [ -82.473567, 42.788692 ], [ -82.473398, 42.788479 ], [ -82.47339, 42.788296 ], [ -82.473151, 42.788083 ], [ -82.473104, 42.787832 ], [ -82.472925, 42.787624 ], [ -82.472845, 42.787419 ], [ -82.472696, 42.787236 ], [ -82.47261, 42.786986 ], [ -82.472498, 42.786873 ], [ -82.472478, 42.786604 ], [ -82.471444, 42.785239 ], [ -82.471279, 42.784972 ], [ -82.471159, 42.784817 ], [ -82.471061, 42.784439 ], [ -82.470591, 42.783705 ], [ -82.470547, 42.78339 ], [ -82.470364, 42.782827 ], [ -82.470216, 42.781918 ], [ -82.470151, 42.780847 ], [ -82.470164, 42.78055 ], [ -82.470136, 42.779964 ], [ -82.470048, 42.779748 ], [ -82.469976, 42.779159 ], [ -82.469661, 42.778571 ], [ -82.468871, 42.776096 ], [ -82.46887, 42.775801 ], [ -82.468778, 42.775666 ], [ -82.468685, 42.775167 ], [ -82.468624, 42.775031 ], [ -82.46822, 42.773422 ], [ -82.46819, 42.773126 ], [ -82.468036, 42.772809 ], [ -82.468005, 42.772469 ], [ -82.467695, 42.771563 ], [ -82.467696, 42.771267 ], [ -82.467509, 42.770813 ], [ -82.467386, 42.770178 ], [ -82.467138, 42.769315 ], [ -82.467045, 42.768747 ], [ -82.467378, 42.765027 ], [ -82.467667, 42.761906 ], [ -82.468355, 42.760806 ], [ -82.469202, 42.75938 ], [ -82.469902, 42.757858 ], [ -82.470045, 42.757778 ], [ -82.471342, 42.755365 ], [ -82.472854, 42.752545 ], [ -82.474271, 42.749949 ], [ -82.476641, 42.74588 ], [ -82.476799, 42.74572 ], [ -82.478476, 42.74267 ], [ -82.481219, 42.73768 ], [ -82.483385, 42.733462 ], [ -82.483472, 42.73305 ], [ -82.483531, 42.732204 ], [ -82.483623, 42.728522 ], [ -82.483805, 42.718879 ], [ -82.483886, 42.718163 ], [ -82.483957, 42.717938 ], [ -82.484244, 42.71746 ], [ -82.486763, 42.713274 ], [ -82.48797, 42.71104 ], [ -82.488851, 42.709885 ], [ -82.489859, 42.707846 ], [ -82.490822, 42.706397 ], [ -82.49148, 42.705303 ], [ -82.491922, 42.704571 ], [ -82.492546, 42.70354 ], [ -82.493328, 42.702358 ], [ -82.493746, 42.70189 ], [ -82.493923, 42.701695 ], [ -82.493954, 42.701605 ], [ -82.494112, 42.701451 ], [ -82.494459, 42.700941 ], [ -82.494678, 42.700586 ], [ -82.495523, 42.698641 ], [ -82.496224, 42.69744 ], [ -82.496354, 42.697205 ], [ -82.49729, 42.695605 ], [ -82.497511, 42.695233 ], [ -82.49763, 42.695033 ], [ -82.49773, 42.693902 ], [ -82.498628, 42.691752 ], [ -82.498928, 42.691059 ], [ -82.499986, 42.688846 ], [ -82.500644, 42.687455 ], [ -82.501329, 42.685919 ], [ -82.505358, 42.677065 ], [ -82.510851, 42.664992 ], [ -82.510944, 42.664547 ], [ -82.511005, 42.664336 ], [ -82.511004, 42.663868 ], [ -82.51094, 42.663149 ], [ -82.510936, 42.661424 ], [ -82.510811, 42.661357 ], [ -82.510736, 42.658561 ], [ -82.510522, 42.658095 ], [ -82.510508, 42.657324 ], [ -82.510507, 42.65672 ], [ -82.510506, 42.655108 ], [ -82.510366, 42.654331 ], [ -82.510357, 42.654099 ], [ -82.510362, 42.653225 ], [ -82.510178, 42.650542 ], [ -82.510252, 42.650178 ], [ -82.509997, 42.641362 ], [ -82.509937, 42.640947 ], [ -82.510031, 42.640341 ], [ -82.509941, 42.63922 ], [ -82.510039, 42.636793 ], [ -82.510163, 42.636358 ], [ -82.51035, 42.636023 ], [ -82.510755, 42.634819 ], [ -82.510994, 42.633966 ], [ -82.511165, 42.633608 ], [ -82.511236, 42.632985 ], [ -82.511247, 42.6329 ], [ -82.511419, 42.632567 ], [ -82.511833, 42.631203 ], [ -82.512143, 42.630412 ], [ -82.512316, 42.629831 ], [ -82.51284, 42.628992 ], [ -82.513045, 42.628827 ], [ -82.513121, 42.628703 ], [ -82.514334, 42.627038 ], [ -82.51458, 42.625916 ], [ -82.514807, 42.625138 ], [ -82.515529, 42.623101 ], [ -82.515555, 42.622805 ], [ -82.51577, 42.622299 ], [ -82.515934, 42.621917 ], [ -82.516219, 42.620982 ], [ -82.516306, 42.620846 ], [ -82.516821, 42.619293 ], [ -82.517111, 42.618606 ], [ -82.517138, 42.618355 ], [ -82.517639, 42.617322 ], [ -82.518081, 42.616262 ], [ -82.5183, 42.615731 ], [ -82.518423, 42.615246 ], [ -82.518599, 42.614755 ], [ -82.518933, 42.613737 ], [ -82.520878, 42.61102 ], [ -82.521473, 42.610128 ], [ -82.523434, 42.607344 ], [ -82.525328, 42.606143 ], [ -82.534472, 42.600215 ], [ -82.545633, 42.593178 ], [ -82.546173, 42.592885 ], [ -82.546744, 42.592611 ], [ -82.548142, 42.591752 ], [ -82.549249, 42.590788 ], [ -82.549684, 42.590279 ], [ -82.550525, 42.589139 ], [ -82.551051, 42.588503 ], [ -82.552547, 42.586461 ], [ -82.552643, 42.586413 ], [ -82.554104, 42.584739 ], [ -82.55429, 42.584603 ], [ -82.554516, 42.584293 ], [ -82.554797, 42.584193 ], [ -82.554865, 42.584035 ], [ -82.555299, 42.583736 ], [ -82.555335, 42.583647 ], [ -82.555604, 42.583469 ], [ -82.556206, 42.582966 ], [ -82.558177, 42.581168 ], [ -82.558486, 42.580991 ], [ -82.559241, 42.580395 ], [ -82.561578, 42.578573 ], [ -82.561762, 42.578484 ], [ -82.562362, 42.577939 ], [ -82.564306, 42.576562 ], [ -82.569931, 42.572882 ], [ -82.570277, 42.572687 ], [ -82.570718, 42.572385 ], [ -82.571278, 42.57181 ], [ -82.57213, 42.57115 ], [ -82.572293, 42.571024 ], [ -82.575247, 42.568787 ], [ -82.575535, 42.56858 ], [ -82.575694, 42.568412 ], [ -82.577702, 42.566947 ], [ -82.578083, 42.566605 ], [ -82.578813, 42.566027 ], [ -82.579569, 42.565306 ], [ -82.580131, 42.564111 ], [ -82.581136, 42.561535 ], [ -82.581914, 42.558742 ], [ -82.582547, 42.557555 ], [ -82.582953, 42.556499 ], [ -82.583076, 42.55623 ], [ -82.583139, 42.55605 ], [ -82.583607, 42.555083 ], [ -82.583668, 42.554994 ], [ -82.583732, 42.554701 ], [ -82.583888, 42.554387 ], [ -82.584012, 42.554252 ], [ -82.584074, 42.55405 ], [ -82.585193, 42.553378 ], [ -82.585476, 42.553181 ], [ -82.587472, 42.552269 ], [ -82.589981, 42.550978 ], [ -82.590325, 42.550918 ], [ -82.591196, 42.550588 ], [ -82.599597, 42.549209 ], [ -82.604564, 42.548394 ], [ -82.605742, 42.548167 ], [ -82.606967, 42.548282 ], [ -82.60763, 42.548526 ], [ -82.609136, 42.549011 ], [ -82.61086, 42.550026 ], [ -82.616517, 42.554228 ], [ -82.616567, 42.554306 ], [ -82.617086, 42.554718 ], [ -82.620783, 42.555974 ], [ -82.623148, 42.556714 ], [ -82.62433, 42.557134 ], [ -82.625013, 42.557198 ], [ -82.633063, 42.55684 ], [ -82.633724, 42.556802 ], [ -82.639565, 42.555314 ], [ -82.640235, 42.555154 ], [ -82.641218, 42.554919 ], [ -82.64307, 42.554321 ], [ -82.649084, 42.550411 ], [ -82.653254, 42.547687 ], [ -82.653403, 42.54764 ], [ -82.653956, 42.547183 ], [ -82.654287, 42.547067 ], [ -82.655055, 42.546464 ], [ -82.65937, 42.543556 ], [ -82.659834, 42.543266 ], [ -82.661886, 42.541746 ], [ -82.662101, 42.541525 ], [ -82.662354, 42.541266 ], [ -82.663349, 42.540168 ], [ -82.663596, 42.539814 ], [ -82.663689, 42.539626 ], [ -82.666175, 42.535908 ], [ -82.666826, 42.534854 ], [ -82.667105, 42.534487 ], [ -82.667166, 42.53435 ], [ -82.66738, 42.534018 ], [ -82.671012, 42.534912 ], [ -82.673453, 42.535512 ], [ -82.674774, 42.535338 ], [ -82.678639, 42.535133 ], [ -82.679754, 42.535294 ], [ -82.679785, 42.535661 ], [ -82.680763, 42.539576 ], [ -82.683216, 42.545492 ], [ -82.684513, 42.554578 ], [ -82.68458, 42.554845 ], [ -82.685043, 42.554914 ], [ -82.685144, 42.555031 ], [ -82.688482, 42.55589 ], [ -82.695201, 42.557618 ], [ -82.695393, 42.557551 ], [ -82.695887, 42.557689 ], [ -82.695794, 42.558011 ], [ -82.695329, 42.558263 ], [ -82.695205, 42.558447 ], [ -82.695205, 42.558768 ], [ -82.695328, 42.558907 ], [ -82.695482, 42.559159 ], [ -82.695451, 42.559549 ], [ -82.69508, 42.559526 ], [ -82.694833, 42.559274 ], [ -82.694741, 42.55909 ], [ -82.694308, 42.558653 ], [ -82.694062, 42.558562 ], [ -82.693258, 42.558699 ], [ -82.691835, 42.55925 ], [ -82.691589, 42.559341 ], [ -82.691094, 42.559296 ], [ -82.690445, 42.55918 ], [ -82.690043, 42.55925 ], [ -82.68995, 42.559296 ], [ -82.68998, 42.559594 ], [ -82.690074, 42.559708 ], [ -82.689949, 42.559823 ], [ -82.689609, 42.559823 ], [ -82.689177, 42.559593 ], [ -82.688683, 42.559616 ], [ -82.68859, 42.5598 ], [ -82.68862, 42.560327 ], [ -82.687848, 42.560601 ], [ -82.687135, 42.561151 ], [ -82.686889, 42.561517 ], [ -82.686765, 42.561861 ], [ -82.686827, 42.562319 ], [ -82.68692, 42.562456 ], [ -82.68729, 42.562731 ], [ -82.687259, 42.563029 ], [ -82.687601, 42.565703 ], [ -82.687571, 42.566091 ], [ -82.687261, 42.566525 ], [ -82.686275, 42.567503 ], [ -82.685751, 42.567913 ], [ -82.68461, 42.568639 ], [ -82.683961, 42.568843 ], [ -82.682603, 42.569182 ], [ -82.681707, 42.569591 ], [ -82.681073, 42.569654 ], [ -82.681068, 42.571096 ], [ -82.681065, 42.572158 ], [ -82.681062, 42.572802 ], [ -82.68106, 42.573447 ], [ -82.681058, 42.574083 ], [ -82.681233, 42.574123 ], [ -82.681244, 42.574384 ], [ -82.681082, 42.574517 ], [ -82.685078, 42.582157 ], [ -82.688216, 42.588158 ], [ -82.701291, 42.585751 ], [ -82.701353, 42.585682 ], [ -82.70157, 42.585707 ], [ -82.702029, 42.586172 ], [ -82.702333, 42.58666 ], [ -82.702487, 42.586799 ], [ -82.702486, 42.586893 ], [ -82.702699, 42.587148 ], [ -82.702941, 42.58789 ], [ -82.703028, 42.588492 ], [ -82.703301, 42.588956 ], [ -82.703454, 42.589188 ], [ -82.703908, 42.590161 ], [ -82.704042, 42.590627 ], [ -82.705686, 42.590826 ], [ -82.705724, 42.590749 ], [ -82.705849, 42.590657 ], [ -82.706776, 42.590593 ], [ -82.7073, 42.590596 ], [ -82.710821, 42.590754 ], [ -82.711222, 42.590756 ], [ -82.711499, 42.590941 ], [ -82.71165, 42.591288 ], [ -82.711638, 42.591413 ], [ -82.711872, 42.593264 ], [ -82.711941, 42.59327 ], [ -82.712003, 42.593316 ], [ -82.713027, 42.596535 ], [ -82.713116, 42.596948 ], [ -82.713055, 42.597711 ], [ -82.713046, 42.597818 ], [ -82.712669, 42.598527 ], [ -82.712266, 42.598732 ], [ -82.711209, 42.599073 ], [ -82.710062, 42.599323 ], [ -82.709721, 42.599482 ], [ -82.709594, 42.599734 ], [ -82.709433, 42.600511 ], [ -82.709214, 42.600672 ], [ -82.708959, 42.600671 ], [ -82.706388, 42.601868 ], [ -82.706386, 42.60204 ], [ -82.706041, 42.602474 ], [ -82.705606, 42.602702 ], [ -82.705373, 42.602702 ], [ -82.701898, 42.605555 ], [ -82.701804, 42.60567 ], [ -82.701182, 42.606035 ], [ -82.700744, 42.606583 ], [ -82.700741, 42.607018 ], [ -82.700798, 42.607118 ], [ -82.700924, 42.607338 ], [ -82.701232, 42.607566 ], [ -82.701231, 42.607726 ], [ -82.701476, 42.607977 ], [ -82.701813, 42.608663 ], [ -82.702028, 42.608892 ], [ -82.701995, 42.609143 ], [ -82.70184, 42.609235 ], [ -82.691212, 42.625517 ], [ -82.691133, 42.625555 ], [ -82.691163, 42.625737 ], [ -82.691033, 42.625845 ], [ -82.690806, 42.625824 ], [ -82.690696, 42.625808 ], [ -82.690571, 42.625868 ], [ -82.690507, 42.625982 ], [ -82.690354, 42.626133 ], [ -82.690386, 42.626364 ], [ -82.69062, 42.626605 ], [ -82.69104, 42.626831 ], [ -82.691129, 42.626928 ], [ -82.691049, 42.627003 ], [ -82.690954, 42.626971 ], [ -82.690814, 42.627009 ], [ -82.6905, 42.627048 ], [ -82.689974, 42.626968 ], [ -82.689711, 42.627049 ], [ -82.688918, 42.627423 ], [ -82.6887, 42.627495 ], [ -82.688605, 42.627495 ], [ -82.670536, 42.63642 ], [ -82.670475, 42.636852 ], [ -82.669836, 42.636843 ], [ -82.669603, 42.636763 ], [ -82.669391, 42.63671 ], [ -82.669195, 42.636667 ], [ -82.669007, 42.636728 ], [ -82.668883, 42.63675 ], [ -82.668819, 42.636885 ], [ -82.668805, 42.637014 ], [ -82.669091, 42.637175 ], [ -82.669025, 42.63724 ], [ -82.669092, 42.637299 ], [ -82.669029, 42.637449 ], [ -82.668771, 42.638094 ], [ -82.668802, 42.638102 ], [ -82.668729, 42.638221 ], [ -82.668585, 42.638227 ], [ -82.66834, 42.638304 ], [ -82.66807, 42.63831 ], [ -82.667782, 42.638392 ], [ -82.66768, 42.638462 ], [ -82.667652, 42.638586 ], [ -82.667516, 42.638688 ], [ -82.667327, 42.638813 ], [ -82.66736, 42.639055 ], [ -82.667541, 42.639087 ], [ -82.668034, 42.63902 ], [ -82.668164, 42.639026 ], [ -82.668116, 42.639192 ], [ -82.667535, 42.639329 ], [ -82.667434, 42.639335 ], [ -82.667276, 42.639471 ], [ -82.667604, 42.639599 ], [ -82.667846, 42.639796 ], [ -82.667964, 42.639915 ], [ -82.668118, 42.640081 ], [ -82.668225, 42.639967 ], [ -82.668364, 42.63987 ], [ -82.668933, 42.63956 ], [ -82.669147, 42.639791 ], [ -82.669159, 42.640233 ], [ -82.669014, 42.640352 ], [ -82.668826, 42.640391 ], [ -82.668795, 42.640378 ], [ -82.668695, 42.640337 ], [ -82.668017, 42.640195 ], [ -82.667452, 42.640262 ], [ -82.666856, 42.640345 ], [ -82.666657, 42.640017 ], [ -82.666566, 42.638897 ], [ -82.665614, 42.638174 ], [ -82.665139, 42.637955 ], [ -82.664373, 42.637678 ], [ -82.663827, 42.637336 ], [ -82.66284, 42.636656 ], [ -82.662331, 42.636028 ], [ -82.661812, 42.635595 ], [ -82.661264, 42.635252 ], [ -82.661044, 42.635027 ], [ -82.660463, 42.635029 ], [ -82.659946, 42.63502 ], [ -82.659894, 42.63487 ], [ -82.659818, 42.634552 ], [ -82.659497, 42.634274 ], [ -82.65892, 42.633871 ], [ -82.658373, 42.633869 ], [ -82.654211, 42.633542 ], [ -82.654181, 42.63354 ], [ -82.65202, 42.633371 ], [ -82.651879, 42.633397 ], [ -82.651573, 42.633519 ], [ -82.651441, 42.633572 ], [ -82.648866, 42.631781 ], [ -82.648462, 42.631482 ], [ -82.648216, 42.631379 ], [ -82.647791, 42.631338 ], [ -82.646503, 42.63143 ], [ -82.646169, 42.631409 ], [ -82.646073, 42.631349 ], [ -82.645869, 42.63131 ], [ -82.645103, 42.632183 ], [ -82.643314, 42.634103 ], [ -82.641684, 42.635747 ], [ -82.640419, 42.636969 ], [ -82.63924, 42.637886 ], [ -82.637626, 42.638948 ], [ -82.63663, 42.639485 ], [ -82.636802, 42.63964 ], [ -82.636786, 42.639768 ], [ -82.636517, 42.639945 ], [ -82.636434, 42.640033 ], [ -82.636453, 42.640162 ], [ -82.636454, 42.640239 ], [ -82.636301, 42.640225 ], [ -82.63618, 42.640018 ], [ -82.636025, 42.639889 ], [ -82.635737, 42.639862 ], [ -82.635349, 42.639975 ], [ -82.63503, 42.640102 ], [ -82.634402, 42.640064 ], [ -82.633862, 42.640142 ], [ -82.633274, 42.640282 ], [ -82.63269, 42.640714 ], [ -82.63184, 42.641411 ], [ -82.631022, 42.642057 ], [ -82.629858, 42.643485 ], [ -82.628911, 42.644467 ], [ -82.627967, 42.645774 ], [ -82.626573, 42.647357 ], [ -82.625886, 42.648638 ], [ -82.625607, 42.649745 ], [ -82.625537, 42.650267 ], [ -82.625323, 42.650599 ], [ -82.625165, 42.651139 ], [ -82.625244, 42.653462 ], [ -82.625159, 42.664888 ], [ -82.624127, 42.664958 ], [ -82.625148, 42.665203 ], [ -82.62525, 42.665784 ], [ -82.625086, 42.666494 ], [ -82.625375, 42.666948 ], [ -82.625385, 42.667085 ], [ -82.625857, 42.667638 ], [ -82.626869, 42.668576 ], [ -82.628547, 42.670132 ], [ -82.62881, 42.670376 ], [ -82.628864, 42.670438 ], [ -82.628901, 42.670577 ], [ -82.628662, 42.670715 ], [ -82.628727, 42.670903 ], [ -82.628975, 42.671178 ], [ -82.629112, 42.671339 ], [ -82.629518, 42.671814 ], [ -82.629927, 42.672149 ], [ -82.630327, 42.672422 ], [ -82.630541, 42.672597 ], [ -82.63081, 42.672744 ], [ -82.630881, 42.672908 ], [ -82.630851, 42.673169 ], [ -82.630937, 42.673281 ], [ -82.631498, 42.673604 ], [ -82.631838, 42.673889 ], [ -82.632415, 42.674124 ], [ -82.633028, 42.674037 ], [ -82.633755, 42.674095 ], [ -82.635325, 42.674712 ], [ -82.635292, 42.674868 ], [ -82.635124, 42.674987 ], [ -82.634934, 42.675107 ], [ -82.634955, 42.675301 ], [ -82.635006, 42.675348 ], [ -82.635147, 42.675479 ], [ -82.635472, 42.675565 ], [ -82.635915, 42.675602 ], [ -82.63634, 42.675719 ], [ -82.636564, 42.675758 ], [ -82.636756, 42.675784 ], [ -82.636979, 42.675774 ], [ -82.637168, 42.67575 ], [ -82.637265, 42.675712 ], [ -82.637306, 42.675503 ], [ -82.638014, 42.675507 ], [ -82.638109, 42.675667 ], [ -82.638302, 42.675775 ], [ -82.639643, 42.67572 ], [ -82.639681, 42.675505 ], [ -82.639849, 42.675495 ], [ -82.640246, 42.675471 ], [ -82.640413, 42.675622 ], [ -82.640535, 42.675623 ], [ -82.640595, 42.675516 ], [ -82.640803, 42.675506 ], [ -82.641248, 42.675432 ], [ -82.641144, 42.675022 ], [ -82.641479, 42.675095 ], [ -82.641596, 42.675439 ], [ -82.642113, 42.67547 ], [ -82.642711, 42.675586 ], [ -82.643163, 42.67561 ], [ -82.64357, 42.67558 ], [ -82.643799, 42.675767 ], [ -82.643932, 42.675883 ], [ -82.644195, 42.675907 ], [ -82.644473, 42.675899 ], [ -82.644621, 42.676012 ], [ -82.644855, 42.676136 ], [ -82.645069, 42.675972 ], [ -82.645268, 42.675874 ], [ -82.645319, 42.676052 ], [ -82.645471, 42.676209 ], [ -82.645638, 42.676194 ], [ -82.645754, 42.676042 ], [ -82.645904, 42.675957 ], [ -82.646105, 42.675854 ], [ -82.646105, 42.675768 ], [ -82.646138, 42.675734 ], [ -82.646561, 42.675761 ], [ -82.646707, 42.675761 ], [ -82.646039, 42.675235 ], [ -82.64609, 42.67516 ], [ -82.646208, 42.675123 ], [ -82.646378, 42.675073 ], [ -82.646496, 42.674985 ], [ -82.646581, 42.67496 ], [ -82.646648, 42.674998 ], [ -82.64667, 42.675288 ], [ -82.647266, 42.675282 ], [ -82.647467, 42.675247 ], [ -82.647521, 42.675238 ], [ -82.647817, 42.675216 ], [ -82.647975, 42.675225 ], [ -82.64803, 42.675294 ], [ -82.647969, 42.675885 ], [ -82.647884, 42.675977 ], [ -82.647868, 42.676047 ], [ -82.647921, 42.676115 ], [ -82.648221, 42.676271 ], [ -82.648359, 42.676224 ], [ -82.648449, 42.676343 ], [ -82.648524, 42.676499 ], [ -82.648934, 42.676393 ], [ -82.649119, 42.67635 ], [ -82.649598, 42.676176 ], [ -82.649979, 42.675969 ], [ -82.649925, 42.675707 ], [ -82.649881, 42.675424 ], [ -82.649816, 42.674629 ], [ -82.649847, 42.674592 ], [ -82.650148, 42.674245 ], [ -82.650218, 42.674057 ], [ -82.650308, 42.67402 ], [ -82.650783, 42.67393 ], [ -82.651155, 42.673782 ], [ -82.651468, 42.673642 ], [ -82.651753, 42.673465 ], [ -82.651843, 42.673293 ], [ -82.651757, 42.673167 ], [ -82.652219, 42.672496 ], [ -82.652364, 42.67213 ], [ -82.652414, 42.672006 ], [ -82.65245, 42.671841 ], [ -82.652453, 42.671767 ], [ -82.652585, 42.671752 ], [ -82.652993, 42.671917 ], [ -82.653138, 42.672053 ], [ -82.653241, 42.672232 ], [ -82.653395, 42.672411 ], [ -82.653609, 42.672546 ], [ -82.653589, 42.672621 ], [ -82.653578, 42.67274 ], [ -82.653619, 42.672872 ], [ -82.653809, 42.672991 ], [ -82.654044, 42.673065 ], [ -82.654151, 42.672993 ], [ -82.654337, 42.672979 ], [ -82.654652, 42.673287 ], [ -82.655159, 42.673783 ], [ -82.655955, 42.674553 ], [ -82.656541, 42.675129 ], [ -82.656944, 42.675563 ], [ -82.657256, 42.676029 ], [ -82.657734, 42.676623 ], [ -82.657914, 42.676877 ], [ -82.658097, 42.67712 ], [ -82.658282, 42.677351 ], [ -82.658549, 42.67758 ], [ -82.659467, 42.678368 ], [ -82.659871, 42.678631 ], [ -82.660427, 42.678805 ], [ -82.660913, 42.678929 ], [ -82.661308, 42.679207 ], [ -82.662463, 42.680173 ], [ -82.662737, 42.680438 ], [ -82.665424, 42.681821 ], [ -82.667398, 42.683116 ], [ -82.668755, 42.68381 ], [ -82.670647, 42.684883 ], [ -82.671038, 42.685058 ], [ -82.671413, 42.68522 ], [ -82.671873, 42.685521 ], [ -82.672845, 42.686081 ], [ -82.673857, 42.686497 ], [ -82.674234, 42.686695 ], [ -82.674509, 42.686818 ], [ -82.674868, 42.686917 ], [ -82.675413, 42.687053 ], [ -82.676092, 42.687321 ], [ -82.679583, 42.688724 ], [ -82.680407, 42.68909 ], [ -82.681061, 42.68931 ], [ -82.681885, 42.689467 ], [ -82.682742, 42.689546 ], [ -82.683114, 42.689668 ], [ -82.683671, 42.689702 ], [ -82.684175, 42.689674 ], [ -82.684652, 42.689639 ], [ -82.684961, 42.689765 ], [ -82.685511, 42.69008 ], [ -82.685665, 42.690054 ], [ -82.686622, 42.690104 ], [ -82.687085, 42.690192 ], [ -82.687647, 42.690029 ], [ -82.688795, 42.690177 ], [ -82.688929, 42.690104 ], [ -82.689643, 42.689918 ], [ -82.689949, 42.68993 ], [ -82.691449, 42.690341 ], [ -82.691731, 42.690371 ], [ -82.693207, 42.690319 ], [ -82.695458, 42.690341 ], [ -82.696222, 42.690278 ], [ -82.697295, 42.690159 ], [ -82.697685, 42.690058 ], [ -82.698069, 42.689924 ], [ -82.69835, 42.68979 ], [ -82.698567, 42.689778 ], [ -82.698833, 42.689815 ], [ -82.699097, 42.689828 ], [ -82.699375, 42.689779 ], [ -82.699503, 42.68972 ], [ -82.699923, 42.689726 ], [ -82.700252, 42.689712 ], [ -82.700661, 42.689525 ], [ -82.701011, 42.689454 ], [ -82.701175, 42.6894 ], [ -82.701303, 42.689359 ], [ -82.701579, 42.689145 ], [ -82.702139, 42.689139 ], [ -82.702454, 42.688888 ], [ -82.702767, 42.68868 ], [ -82.702492, 42.688449 ], [ -82.702622, 42.688366 ], [ -82.703035, 42.688074 ], [ -82.703396, 42.68834 ], [ -82.703534, 42.68824 ], [ -82.703718, 42.688376 ], [ -82.70394, 42.688225 ], [ -82.70372, 42.688068 ], [ -82.703962, 42.687943 ], [ -82.704175, 42.688085 ], [ -82.704338, 42.687933 ], [ -82.704559, 42.687803 ], [ -82.704864, 42.687606 ], [ -82.704943, 42.687505 ], [ -82.704646, 42.687263 ], [ -82.704769, 42.687196 ], [ -82.704957, 42.687072 ], [ -82.705091, 42.68697 ], [ -82.70518, 42.686816 ], [ -82.705747, 42.686441 ], [ -82.705966, 42.68631 ], [ -82.706072, 42.686316 ], [ -82.706163, 42.686321 ], [ -82.706254, 42.686351 ], [ -82.706371, 42.686389 ], [ -82.706428, 42.686329 ], [ -82.706494, 42.68626 ], [ -82.706483, 42.686185 ], [ -82.706475, 42.686125 ], [ -82.706583, 42.686017 ], [ -82.706669, 42.685931 ], [ -82.706869, 42.685742 ], [ -82.706894, 42.685486 ], [ -82.706967, 42.685279 ], [ -82.706993, 42.685206 ], [ -82.70703, 42.6851 ], [ -82.707089, 42.684998 ], [ -82.707158, 42.684878 ], [ -82.707362, 42.684751 ], [ -82.707518, 42.684655 ], [ -82.707929, 42.684346 ], [ -82.707947, 42.684333 ], [ -82.708026, 42.684286 ], [ -82.708146, 42.68422 ], [ -82.708254, 42.684162 ], [ -82.70617, 42.680871 ], [ -82.720715, 42.672203 ], [ -82.736323, 42.662951 ], [ -82.752289, 42.653533 ], [ -82.755359, 42.651722 ], [ -82.756336, 42.651146 ], [ -82.779759, 42.642073 ], [ -82.792057, 42.637308 ], [ -82.794379, 42.636409 ], [ -82.798134, 42.633313 ], [ -82.800636, 42.63125 ], [ -82.801022, 42.629545 ], [ -82.801637, 42.626829 ], [ -82.801565, 42.625868 ], [ -82.801387, 42.623513 ], [ -82.799885, 42.620749 ], [ -82.797632, 42.616696 ], [ -82.78035, 42.607644 ], [ -82.775486, 42.605096 ], [ -82.7733, 42.603951 ], [ -82.766004, 42.600051 ], [ -82.765515, 42.599694 ], [ -82.761734, 42.596748 ], [ -82.760913, 42.595251 ], [ -82.759474, 42.592627 ], [ -82.757729, 42.583979 ], [ -82.757936, 42.574994 ], [ -82.761288, 42.570227 ], [ -82.764179, 42.566135 ], [ -82.768433, 42.562351 ], [ -82.769517, 42.561387 ], [ -82.773521, 42.559259 ], [ -82.79721, 42.557949 ], [ -82.797223, 42.557949 ], [ -82.807085, 42.557403 ], [ -82.812001, 42.557131 ], [ -82.816009, 42.556662 ], [ -82.819081, 42.556302 ], [ -82.821787, 42.555985 ], [ -82.827657, 42.55477 ], [ -82.836023, 42.553038 ], [ -82.836848, 42.552516 ], [ -82.837672, 42.551993 ], [ -82.85514, 42.540918 ], [ -82.86351, 42.530413 ], [ -82.86655, 42.524324 ], [ -82.868924, 42.518725 ], [ -82.871013, 42.509486 ], [ -82.871864, 42.499636 ], [ -82.871962, 42.498499 ], [ -82.871971, 42.495978 ], [ -82.871616, 42.491354 ], [ -82.870937, 42.484862 ], [ -82.870604, 42.483594 ], [ -82.868896, 42.477712 ], [ -82.868274, 42.475532 ], [ -82.867975, 42.474928 ], [ -82.86501, 42.469539 ], [ -82.864282, 42.468184 ], [ -82.861524, 42.462597 ], [ -82.861652, 42.46204 ], [ -82.864114, 42.451337 ], [ -82.870861, 42.434579 ], [ -82.874312, 42.426007 ], [ -82.879213, 42.413836 ], [ -82.871759, 42.411504 ], [ -82.871808, 42.411415 ], [ -82.874991, 42.403225 ], [ -82.875264, 42.402523 ], [ -82.881841, 42.389432 ], [ -82.891205, 42.380128 ], [ -82.895428, 42.377003 ], [ -82.896418, 42.376586 ], [ -82.90119, 42.374153 ], [ -82.906911, 42.371236 ], [ -82.907053, 42.371169 ], [ -82.907221, 42.371085 ], [ -82.910293, 42.369659 ], [ -82.914229, 42.366021 ], [ -82.915792, 42.363621 ], [ -82.918991, 42.358709 ], [ -82.921819, 42.35508 ], [ -82.924253, 42.353959 ], [ -82.92514, 42.353607 ], [ -82.927241, 42.356454 ], [ -82.927258, 42.356476 ], [ -82.927745, 42.357002 ], [ -82.928671, 42.358012 ], [ -82.928519, 42.358071 ], [ -82.928438, 42.3581 ], [ -82.928566, 42.358295 ], [ -82.929422, 42.358013 ], [ -82.931108, 42.35749 ], [ -82.931311, 42.357453 ], [ -82.931963, 42.357336 ], [ -82.935741, 42.35666 ], [ -82.941861, 42.356039 ], [ -82.943339, 42.355936 ], [ -82.944555, 42.355765 ], [ -82.945382, 42.355686 ], [ -82.945949, 42.355632 ], [ -82.948236, 42.35527 ], [ -82.951406, 42.355028 ], [ -82.952915, 42.354868 ], [ -82.951679, 42.352573 ], [ -82.949473, 42.348541 ], [ -82.94815, 42.346121 ], [ -82.948108, 42.346042 ], [ -82.95975, 42.340033 ], [ -82.963104, 42.339173 ], [ -82.978785, 42.335151 ], [ -82.989197, 42.332481 ], [ -82.999891, 42.331982 ], [ -83.003628, 42.331808 ], [ -83.008036, 42.331602 ], [ -83.014076, 42.331321 ], [ -83.01717, 42.33088 ], [ -83.019024, 42.330616 ], [ -83.024034, 42.32943 ], [ -83.026234, 42.32891 ], [ -83.039153, 42.324771 ], [ -83.039507, 42.324603 ], [ -83.04058, 42.324093 ], [ -83.040843, 42.324017 ], [ -83.040894, 42.324088 ], [ -83.04135, 42.324681 ], [ -83.042826, 42.326671 ], [ -83.047297, 42.325333 ], [ -83.049162, 42.324835 ], [ -83.051911, 42.324015 ], [ -83.052082, 42.324356 ], [ -83.052506, 42.324248 ], [ -83.053856, 42.323888 ], [ -83.054479, 42.323722 ], [ -83.059894, 42.322282 ], [ -83.065573, 42.320025 ], [ -83.071304, 42.316702 ], [ -83.075635, 42.314349 ], [ -83.077126, 42.31339 ], [ -83.077201, 42.313364 ], [ -83.077305, 42.313358 ], [ -83.077382, 42.313374 ], [ -83.077454, 42.313365 ], [ -83.077486, 42.31334 ], [ -83.07751, 42.313313 ], [ -83.077572, 42.313275 ], [ -83.077686, 42.313229 ], [ -83.077752, 42.313289 ], [ -83.077861, 42.313497 ], [ -83.077968, 42.313529 ], [ -83.078049, 42.313487 ], [ -83.078092, 42.313408 ], [ -83.077991, 42.313252 ], [ -83.077975, 42.313163 ], [ -83.078027, 42.313106 ], [ -83.078467, 42.312804 ], [ -83.078526, 42.312752 ], [ -83.080346, 42.311143 ], [ -83.080494, 42.311013 ], [ -83.080991, 42.310673 ], [ -83.081572, 42.310263 ], [ -83.082501, 42.30938 ], [ -83.084889, 42.306633 ], [ -83.092566, 42.299116 ], [ -83.097885, 42.293751 ], [ -83.098427, 42.294028 ], [ -83.098567, 42.294076 ], [ -83.098582, 42.293995 ], [ -83.098623, 42.293622 ], [ -83.098229, 42.293334 ], [ -83.099216, 42.292394 ], [ -83.099385, 42.292453 ], [ -83.099827, 42.291838 ], [ -83.100588, 42.291053 ], [ -83.102869, 42.2884 ], [ -83.103045, 42.288417 ], [ -83.103666, 42.287922 ], [ -83.10839, 42.289057 ], [ -83.109225, 42.289225 ], [ -83.109313, 42.289239 ], [ -83.111144, 42.289474 ], [ -83.112074, 42.289588 ], [ -83.113656, 42.289998 ], [ -83.114524, 42.290146 ], [ -83.114705, 42.290177 ], [ -83.115846, 42.29023 ], [ -83.116151, 42.290212 ], [ -83.116315, 42.290203 ], [ -83.116624, 42.290186 ], [ -83.117376, 42.290021 ], [ -83.117991, 42.289789 ], [ -83.118264, 42.289727 ], [ -83.118034, 42.289455 ], [ -83.118145, 42.289422 ], [ -83.118309, 42.289422 ], [ -83.118432, 42.289371 ], [ -83.118588, 42.289285 ], [ -83.11873, 42.289234 ], [ -83.118872, 42.289053 ], [ -83.119105, 42.288866 ], [ -83.119291, 42.288645 ], [ -83.119567, 42.288179 ], [ -83.119658, 42.287925 ], [ -83.119675, 42.2877 ], [ -83.119667, 42.28747 ], [ -83.119618, 42.287207 ], [ -83.119509, 42.286943 ], [ -83.119155, 42.28647 ], [ -83.118584, 42.285288 ], [ -83.118636, 42.28498 ], [ -83.118648, 42.284707 ], [ -83.118598, 42.284286 ], [ -83.11838, 42.283418 ], [ -83.11816, 42.282808 ], [ -83.117648, 42.281866 ], [ -83.11724, 42.281045 ], [ -83.117017, 42.28048 ], [ -83.116862, 42.27976 ], [ -83.116576, 42.279386 ], [ -83.115314, 42.278536 ], [ -83.115037, 42.278291 ], [ -83.113383, 42.277176 ], [ -83.11161, 42.276164 ], [ -83.111392, 42.276057 ], [ -83.111021, 42.275967 ], [ -83.111132, 42.275651 ], [ -83.11114, 42.275554 ], [ -83.111269, 42.273917 ], [ -83.111947, 42.27071 ], [ -83.112213, 42.269473 ], [ -83.112318, 42.26922 ], [ -83.113659, 42.266034 ], [ -83.11367, 42.266023 ], [ -83.115594, 42.264067 ], [ -83.116911, 42.261651 ], [ -83.116643, 42.26104 ], [ -83.117256, 42.260812 ], [ -83.119011, 42.261636 ], [ -83.119281, 42.261225 ], [ -83.117095, 42.260019 ], [ -83.117341, 42.259602 ], [ -83.11961, 42.26086 ], [ -83.11987, 42.260532 ], [ -83.117526, 42.259291 ], [ -83.117584, 42.259172 ], [ -83.117648, 42.259072 ], [ -83.116232, 42.258185 ], [ -83.114405, 42.257032 ], [ -83.114148, 42.256844 ], [ -83.117085, 42.252993 ], [ -83.122543, 42.245844 ], [ -83.127999, 42.238695 ], [ -83.12831, 42.234771 ], [ -83.128742, 42.230708 ], [ -83.129108, 42.227024 ], [ -83.129484, 42.222722 ], [ -83.130227, 42.214735 ], [ -83.130875, 42.208753 ], [ -83.134833, 42.208757 ], [ -83.144208, 42.208767 ], [ -83.144705, 42.207716 ], [ -83.146458, 42.204266 ], [ -83.146765, 42.203662 ], [ -83.144899, 42.203114 ], [ -83.144167, 42.202896 ], [ -83.143236, 42.202618 ], [ -83.142744, 42.202471 ], [ -83.142255, 42.201879 ], [ -83.142216, 42.201897 ], [ -83.142112, 42.201887 ], [ -83.142056, 42.20184 ], [ -83.142028, 42.201793 ], [ -83.142028, 42.201727 ], [ -83.142021, 42.201679 ], [ -83.142003, 42.201552 ], [ -83.141436, 42.200717 ], [ -83.141154, 42.200209 ], [ -83.141116, 42.199871 ], [ -83.14121, 42.199344 ], [ -83.141755, 42.19705 ], [ -83.142056, 42.195659 ], [ -83.142451, 42.19438 ], [ -83.142507, 42.193496 ], [ -83.142376, 42.192142 ], [ -83.142206, 42.190732 ], [ -83.142225, 42.190055 ], [ -83.142244, 42.189886 ], [ -83.142263, 42.18966 ], [ -83.142246, 42.189383 ], [ -83.143466, 42.188982 ], [ -83.143571, 42.188893 ], [ -83.143595, 42.188804 ], [ -83.143545, 42.188651 ], [ -83.141923, 42.185125 ], [ -83.141886, 42.185043 ], [ -83.141861, 42.184893 ], [ -83.141968, 42.184842 ], [ -83.142091, 42.184817 ], [ -83.142164, 42.184741 ], [ -83.142156, 42.184432 ], [ -83.142197, 42.184346 ], [ -83.1423, 42.184304 ], [ -83.142511, 42.184267 ], [ -83.142588, 42.184224 ], [ -83.142786, 42.184163 ], [ -83.14278, 42.184062 ], [ -83.14278, 42.184005 ], [ -83.142794, 42.183846 ], [ -83.142818, 42.183582 ], [ -83.142836, 42.183394 ], [ -83.142912, 42.183253 ], [ -83.143043, 42.18315 ], [ -83.143128, 42.183009 ], [ -83.143269, 42.182726 ], [ -83.143392, 42.182414 ], [ -83.143605, 42.180654 ], [ -83.143789, 42.179143 ], [ -83.143892, 42.178299 ], [ -83.144154, 42.176139 ], [ -83.144083, 42.175264 ], [ -83.143964, 42.174664 ], [ -83.143288, 42.172841 ], [ -83.143263, 42.172773 ], [ -83.143198, 42.172724 ], [ -83.14315, 42.172688 ], [ -83.142999, 42.172613 ], [ -83.142808, 42.172602 ], [ -83.142697, 42.172538 ], [ -83.142644, 42.172434 ], [ -83.142651, 42.172402 ], [ -83.142683, 42.172411 ], [ -83.142766, 42.172528 ], [ -83.142904, 42.172555 ], [ -83.143104, 42.172522 ], [ -83.143182, 42.172494 ], [ -83.143203, 42.172465 ], [ -83.142269, 42.169796 ], [ -83.141635, 42.169734 ], [ -83.141445, 42.169715 ], [ -83.14089, 42.168901 ], [ -83.140345, 42.168036 ], [ -83.140195, 42.167698 ], [ -83.139912, 42.167322 ], [ -83.139762, 42.167134 ], [ -83.139612, 42.16672 ], [ -83.139535, 42.166313 ], [ -83.139379, 42.165377 ], [ -83.138897, 42.164607 ], [ -83.137913, 42.163033 ], [ -83.137408, 42.161891 ], [ -83.137115, 42.160893 ], [ -83.136842, 42.158521 ], [ -83.136781, 42.156849 ], [ -83.137254, 42.150922 ], [ -83.137501, 42.143233 ], [ -83.137977, 42.13731 ], [ -83.138009, 42.136539 ], [ -83.137957, 42.133698 ], [ -83.138048, 42.133085 ], [ -83.138191, 42.132394 ], [ -83.138217, 42.13199 ], [ -83.13823, 42.13169 ], [ -83.138348, 42.131117 ], [ -83.139051, 42.12967 ], [ -83.139482, 42.129136 ], [ -83.139964, 42.128184 ], [ -83.140329, 42.127728 ], [ -83.140589, 42.127024 ], [ -83.14072, 42.126542 ], [ -83.14072, 42.126346 ], [ -83.140702, 42.126181 ], [ -83.140665, 42.126029 ], [ -83.140796, 42.125898 ], [ -83.140965, 42.125672 ], [ -83.141097, 42.12524 ], [ -83.141248, 42.124788 ], [ -83.141304, 42.12445 ], [ -83.141323, 42.124262 ], [ -83.141379, 42.124093 ], [ -83.141379, 42.123905 ], [ -83.14136, 42.123679 ], [ -83.141266, 42.12366 ], [ -83.141266, 42.123435 ], [ -83.141266, 42.123247 ], [ -83.141248, 42.123021 ], [ -83.141248, 42.122682 ], [ -83.141191, 42.122645 ], [ -83.141229, 42.122532 ], [ -83.141248, 42.122344 ], [ -83.141248, 42.122175 ], [ -83.141266, 42.1221 ], [ -83.141379, 42.122024 ], [ -83.141492, 42.121893 ], [ -83.141661, 42.121629 ], [ -83.141793, 42.121047 ], [ -83.141943, 42.120238 ], [ -83.142056, 42.119693 ], [ -83.142, 42.119561 ], [ -83.141849, 42.119448 ], [ -83.141793, 42.119223 ], [ -83.141868, 42.118978 ], [ -83.142075, 42.118828 ], [ -83.142112, 42.118602 ], [ -83.142169, 42.118188 ], [ -83.142432, 42.117718 ], [ -83.142677, 42.117248 ], [ -83.142883, 42.116816 ], [ -83.143335, 42.116308 ], [ -83.143485, 42.11597 ], [ -83.143692, 42.115706 ], [ -83.14388, 42.115518 ], [ -83.1442, 42.114917 ], [ -83.144256, 42.114409 ], [ -83.144331, 42.114089 ], [ -83.14435, 42.11392 ], [ -83.144519, 42.113826 ], [ -83.144764, 42.113807 ], [ -83.144914, 42.113694 ], [ -83.145027, 42.113506 ], [ -83.145516, 42.112773 ], [ -83.145554, 42.112397 ], [ -83.145666, 42.11078 ], [ -83.14576, 42.110235 ], [ -83.145873, 42.109783 ], [ -83.146024, 42.10952 ], [ -83.146324, 42.109238 ], [ -83.146588, 42.108994 ], [ -83.146776, 42.108806 ], [ -83.146983, 42.10858 ], [ -83.147121, 42.108325 ], [ -83.147224, 42.108169 ], [ -83.147082, 42.108161 ], [ -83.147342, 42.107989 ], [ -83.147696, 42.107678 ], [ -83.147671, 42.107582 ], [ -83.147457, 42.107693 ], [ -83.147113, 42.108005 ], [ -83.146976, 42.108167 ], [ -83.146784, 42.108298 ], [ -83.146537, 42.108468 ], [ -83.146305, 42.108405 ], [ -83.145563, 42.108204 ], [ -83.145137, 42.103228 ], [ -83.146891, 42.099819 ], [ -83.147086, 42.099439 ], [ -83.147809, 42.098035 ], [ -83.148417, 42.09764 ], [ -83.148439, 42.096952 ], [ -83.148761, 42.096676 ], [ -83.149024, 42.096324 ], [ -83.14952, 42.096633 ], [ -83.150536, 42.096354 ], [ -83.15081, 42.09628 ], [ -83.150725, 42.096138 ], [ -83.150487, 42.096049 ], [ -83.149585, 42.095711 ], [ -83.149845, 42.095184 ], [ -83.149637, 42.095038 ], [ -83.149008, 42.095032 ], [ -83.148884, 42.094703 ], [ -83.148969, 42.094077 ], [ -83.149021, 42.093707 ], [ -83.149471, 42.092415 ], [ -83.149521, 42.091793 ], [ -83.149631, 42.091543 ], [ -83.149773, 42.091432 ], [ -83.150168, 42.09141 ], [ -83.150634, 42.09132 ], [ -83.150906, 42.091151 ], [ -83.151113, 42.090794 ], [ -83.150687, 42.090165 ], [ -83.150675, 42.089941 ], [ -83.150805, 42.089676 ], [ -83.152055, 42.08691 ], [ -83.152319, 42.086325 ], [ -83.152408, 42.086153 ], [ -83.155065, 42.086036 ], [ -83.155581, 42.085959 ], [ -83.156412, 42.085815 ], [ -83.157427, 42.085682 ], [ -83.158373, 42.085556 ], [ -83.164471, 42.080541 ], [ -83.165881, 42.079382 ], [ -83.170797, 42.076426 ], [ -83.171124, 42.076594 ], [ -83.171258, 42.07669 ], [ -83.171258, 42.076786 ], [ -83.171181, 42.076959 ], [ -83.171028, 42.077209 ], [ -83.170874, 42.077535 ], [ -83.170845, 42.077737 ], [ -83.170807, 42.077996 ], [ -83.170624, 42.078198 ], [ -83.170499, 42.078361 ], [ -83.170451, 42.078525 ], [ -83.170451, 42.078697 ], [ -83.170557, 42.078957 ], [ -83.170691, 42.079187 ], [ -83.170711, 42.079543 ], [ -83.17072, 42.079764 ], [ -83.170845, 42.079956 ], [ -83.171133, 42.080224 ], [ -83.171297, 42.080397 ], [ -83.171364, 42.080551 ], [ -83.171402, 42.080628 ], [ -83.17146, 42.080762 ], [ -83.171508, 42.080839 ], [ -83.171594, 42.080935 ], [ -83.171767, 42.081108 ], [ -83.171969, 42.081343 ], [ -83.172218, 42.081655 ], [ -83.172363, 42.082164 ], [ -83.172593, 42.082443 ], [ -83.172929, 42.082587 ], [ -83.173054, 42.08277 ], [ -83.173054, 42.083115 ], [ -83.173121, 42.083384 ], [ -83.173265, 42.083682 ], [ -83.173438, 42.083951 ], [ -83.173505, 42.084152 ], [ -83.17339, 42.084393 ], [ -83.173313, 42.084479 ], [ -83.173313, 42.084661 ], [ -83.173448, 42.08495 ], [ -83.173736, 42.085267 ], [ -83.173957, 42.085507 ], [ -83.174456, 42.085679 ], [ -83.174591, 42.085747 ], [ -83.174946, 42.086016 ], [ -83.175013, 42.086275 ], [ -83.175023, 42.086429 ], [ -83.1751, 42.086582 ], [ -83.175292, 42.086688 ], [ -83.175407, 42.086745 ], [ -83.17581, 42.086779 ], [ -83.175849, 42.086208 ], [ -83.176079, 42.085843 ], [ -83.176262, 42.085564 ], [ -83.176463, 42.085295 ], [ -83.176588, 42.085074 ], [ -83.176713, 42.084777 ], [ -83.176819, 42.08446 ], [ -83.177088, 42.084104 ], [ -83.177501, 42.083759 ], [ -83.177664, 42.083653 ], [ -83.177894, 42.083509 ], [ -83.178, 42.083394 ], [ -83.178019, 42.083288 ], [ -83.177923, 42.08311 ], [ -83.183062, 42.08245 ], [ -83.182808, 42.078003 ], [ -83.182817, 42.077442 ], [ -83.184987, 42.070433 ], [ -83.185014, 42.069727 ], [ -83.185004, 42.069395 ], [ -83.184912, 42.066222 ], [ -83.184911, 42.066195 ], [ -83.184549, 42.054394 ], [ -83.182841, 42.051865 ], [ -83.182216, 42.043787 ], [ -83.182177, 42.043277 ], [ -83.182309, 42.036072 ], [ -83.181246, 42.031532 ], [ -83.181261, 42.028476 ], [ -83.181261, 42.028454 ], [ -83.179263, 42.028439 ], [ -83.179231, 42.028439 ], [ -83.176309, 42.028414 ], [ -83.176256, 42.028414 ], [ -83.165548, 42.028301 ], [ -83.165497, 42.0283 ], [ -83.164603, 42.028291 ], [ -83.164736, 42.026676 ], [ -83.165009, 42.019725 ], [ -83.166444, 42.013915 ], [ -83.167728, 42.009943 ], [ -83.177089, 42.000044 ], [ -83.178844, 42.000044 ], [ -83.184586, 42.000044 ], [ -83.184715, 42.000044 ], [ -83.191512, 42.000044 ], [ -83.195202, 41.997435 ], [ -83.200265, 41.994454 ], [ -83.205098, 41.992168 ], [ -83.205903, 41.991854 ], [ -83.20964, 41.990229 ], [ -83.213347, 41.988856 ], [ -83.215157, 41.988376 ], [ -83.216044, 41.98833 ], [ -83.21634, 41.988407 ], [ -83.216567, 41.988467 ], [ -83.216762, 41.988614 ], [ -83.223239, 41.989202 ], [ -83.223359, 41.989165 ], [ -83.223488, 41.989124 ], [ -83.225443, 41.988516 ], [ -83.226675, 41.988063 ], [ -83.228343, 41.987231 ], [ -83.228858, 41.986931 ], [ -83.229222, 41.986722 ], [ -83.231726, 41.985396 ], [ -83.231937, 41.98537 ], [ -83.233869, 41.984201 ], [ -83.234779, 41.983491 ], [ -83.235096, 41.983405 ], [ -83.236211, 41.982777 ], [ -83.237569, 41.981844 ], [ -83.238071, 41.981342 ], [ -83.23989, 41.979452 ], [ -83.240489, 41.979124 ], [ -83.240712, 41.978818 ], [ -83.241339, 41.978334 ], [ -83.242437, 41.977612 ], [ -83.24279, 41.977668 ], [ -83.24351, 41.977436 ], [ -83.244243, 41.976939 ], [ -83.244947, 41.976614 ], [ -83.245516, 41.976299 ], [ -83.24581, 41.976137 ], [ -83.245875, 41.976105 ], [ -83.248719, 41.973166 ], [ -83.248753, 41.972511 ], [ -83.248935, 41.972376 ], [ -83.248992, 41.972385 ], [ -83.24907, 41.972292 ], [ -83.252167, 41.968588 ], [ -83.252194, 41.968425 ], [ -83.252921, 41.967376 ], [ -83.253344, 41.966241 ], [ -83.253832, 41.965349 ], [ -83.254077, 41.965057 ], [ -83.254476, 41.964278 ], [ -83.254628, 41.964169 ], [ -83.25467, 41.963829 ], [ -83.254691, 41.963655 ], [ -83.255754, 41.961449 ], [ -83.255858, 41.960927 ], [ -83.255769, 41.96026 ], [ -83.25653, 41.960096 ], [ -83.256911, 41.959992 ], [ -83.257272, 41.959609 ], [ -83.25727, 41.959081 ], [ -83.256773, 41.958062 ], [ -83.256944, 41.955867 ], [ -83.257217, 41.95528 ], [ -83.257278, 41.954445 ], [ -83.256898, 41.950697 ], [ -83.256029, 41.949499 ], [ -83.255771, 41.949275 ], [ -83.255121, 41.94914 ], [ -83.254913, 41.949005 ], [ -83.254053, 41.949005 ], [ -83.253785, 41.948777 ], [ -83.253669, 41.948204 ], [ -83.253741, 41.947306 ], [ -83.254208, 41.946766 ], [ -83.25403, 41.946521 ], [ -83.253931, 41.946174 ], [ -83.253431, 41.945707 ], [ -83.253311, 41.945447 ], [ -83.253458, 41.944751 ], [ -83.254796, 41.943928 ], [ -83.254896, 41.943765 ], [ -83.255603, 41.943345 ], [ -83.255768, 41.943247 ], [ -83.256496, 41.942558 ], [ -83.258241, 41.941749 ], [ -83.259264, 41.941551 ], [ -83.260212, 41.941396 ], [ -83.261368, 41.940995 ], [ -83.26138, 41.940711 ], [ -83.262078, 41.940191 ], [ -83.262835, 41.939181 ], [ -83.264691, 41.934872 ], [ -83.265086, 41.933288 ], [ -83.265081, 41.93312 ], [ -83.264923, 41.932939 ], [ -83.264107, 41.932398 ], [ -83.263816, 41.93202 ], [ -83.263779, 41.93178 ], [ -83.263796, 41.931383 ], [ -83.263883, 41.931288 ], [ -83.264138, 41.931135 ], [ -83.264751, 41.930912 ], [ -83.265071, 41.930911 ], [ -83.265213, 41.930923 ], [ -83.265282, 41.930951 ], [ -83.265301, 41.931066 ], [ -83.265332, 41.931155 ], [ -83.265638, 41.932029 ], [ -83.265793, 41.932528 ], [ -83.266197, 41.933041 ], [ -83.266476, 41.933419 ], [ -83.266494, 41.933561 ], [ -83.266399, 41.933832 ], [ -83.266201, 41.934296 ], [ -83.266204, 41.934782 ], [ -83.26627, 41.934898 ], [ -83.266576, 41.935206 ], [ -83.267722, 41.935772 ], [ -83.267949, 41.937408 ], [ -83.268069, 41.93758 ], [ -83.268275, 41.937876 ], [ -83.268327, 41.937953 ], [ -83.268411, 41.938079 ], [ -83.269175, 41.937588 ], [ -83.269572, 41.93768 ], [ -83.269569, 41.937949 ], [ -83.269177, 41.938425 ], [ -83.269232, 41.93866 ], [ -83.269672, 41.939054 ], [ -83.270453, 41.939323 ], [ -83.276339, 41.941487 ], [ -83.276734, 41.941622 ], [ -83.277222, 41.941788 ], [ -83.277612, 41.941916 ], [ -83.278919, 41.942343 ], [ -83.279499, 41.94256 ], [ -83.279805, 41.942674 ], [ -83.28016, 41.94275 ], [ -83.280515, 41.942825 ], [ -83.281343, 41.942995 ], [ -83.281803, 41.943243 ], [ -83.282718, 41.943691 ], [ -83.283186, 41.943935 ], [ -83.283791, 41.944263 ], [ -83.284842, 41.944549 ], [ -83.286108, 41.944697 ], [ -83.288669, 41.944733 ], [ -83.290389, 41.944878 ], [ -83.291919, 41.945094 ], [ -83.292174, 41.94513 ], [ -83.292232, 41.945001 ], [ -83.292324, 41.944873 ], [ -83.292593, 41.944697 ], [ -83.292825, 41.944586 ], [ -83.293447, 41.944718 ], [ -83.293931, 41.944808 ], [ -83.294307, 41.944986 ], [ -83.294756, 41.945088 ], [ -83.295172, 41.945137 ], [ -83.296914, 41.944749 ], [ -83.298388, 41.944134 ], [ -83.299275, 41.943879 ], [ -83.299538, 41.94391 ], [ -83.300693, 41.943791 ], [ -83.301478, 41.943626 ], [ -83.302279, 41.943323 ], [ -83.302873, 41.943172 ], [ -83.303126, 41.943094 ], [ -83.303412, 41.943012 ], [ -83.30348, 41.942689 ], [ -83.303661, 41.942574 ], [ -83.30378, 41.942499 ], [ -83.305085, 41.941723 ], [ -83.306127, 41.941411 ], [ -83.306555, 41.941224 ], [ -83.307391, 41.941005 ], [ -83.307553, 41.940912 ], [ -83.307858, 41.940737 ], [ -83.308052, 41.940626 ], [ -83.30831, 41.940522 ], [ -83.308568, 41.940417 ], [ -83.309203, 41.940053 ], [ -83.30976, 41.939814 ], [ -83.310484, 41.939505 ], [ -83.310723, 41.939337 ], [ -83.310886, 41.939223 ], [ -83.311563, 41.938714 ], [ -83.314163, 41.937112 ], [ -83.315582, 41.936283 ], [ -83.315988, 41.935968 ], [ -83.318067, 41.934352 ], [ -83.318137, 41.934177 ], [ -83.318304, 41.933848 ], [ -83.318401, 41.933816 ], [ -83.318885, 41.933658 ], [ -83.319511, 41.933454 ], [ -83.320856, 41.931895 ], [ -83.322236, 41.93038 ], [ -83.323252, 41.928781 ], [ -83.3262, 41.924713 ], [ -83.326534, 41.924252 ], [ -83.327057, 41.923484 ], [ -83.327441, 41.922781 ], [ -83.327224, 41.922697 ], [ -83.32698, 41.922484 ], [ -83.325724, 41.920982 ], [ -83.325561, 41.920788 ], [ -83.325544, 41.92058 ], [ -83.325688, 41.920168 ], [ -83.327326, 41.916166 ], [ -83.327498, 41.91595 ], [ -83.32786, 41.915709 ], [ -83.328967, 41.915264 ], [ -83.331562, 41.91408 ], [ -83.331986, 41.913186 ], [ -83.333724, 41.906572 ], [ -83.334035, 41.905872 ], [ -83.334055, 41.905398 ], [ -83.334146, 41.904364 ], [ -83.334169, 41.903837 ], [ -83.334563, 41.902863 ], [ -83.334486, 41.902457 ], [ -83.334329, 41.902274 ], [ -83.33424, 41.90217 ], [ -83.334199, 41.901668 ], [ -83.33411, 41.901617 ], [ -83.333813, 41.901445 ], [ -83.334011, 41.901205 ], [ -83.334059, 41.900883 ], [ -83.334179, 41.900289 ], [ -83.334402, 41.899468 ], [ -83.334753, 41.898151 ], [ -83.334773, 41.89805 ], [ -83.334986, 41.896501 ], [ -83.335144, 41.896107 ], [ -83.335064, 41.895345 ], [ -83.334913, 41.895047 ], [ -83.334919, 41.894472 ], [ -83.335195, 41.893278 ], [ -83.335679, 41.891953 ], [ -83.336216, 41.890077 ], [ -83.336302, 41.889621 ], [ -83.337106, 41.889354 ], [ -83.33731, 41.889218 ], [ -83.3375, 41.888948 ], [ -83.340373, 41.883513 ], [ -83.34163, 41.881063 ], [ -83.342304, 41.879602 ], [ -83.342547, 41.879414 ], [ -83.34276, 41.879384 ], [ -83.343492, 41.879331 ], [ -83.344107, 41.879258 ], [ -83.344517, 41.879021 ], [ -83.344955, 41.87868 ], [ -83.345919, 41.877595 ], [ -83.346771, 41.876929 ], [ -83.347874, 41.876445 ], [ -83.347981, 41.876426 ], [ -83.350783, 41.87592 ], [ -83.352064, 41.875767 ], [ -83.353211, 41.875592 ], [ -83.354027, 41.874775 ], [ -83.354852, 41.874302 ], [ -83.356255, 41.874007 ], [ -83.357213, 41.873866 ], [ -83.358013, 41.873994 ], [ -83.3581, 41.874053 ], [ -83.358511, 41.874334 ], [ -83.360246, 41.874867 ], [ -83.362118, 41.87501 ], [ -83.363611, 41.875123 ], [ -83.365087, 41.875236 ], [ -83.365524, 41.875269 ], [ -83.366584, 41.875652 ], [ -83.367076, 41.876044 ], [ -83.368046, 41.876469 ], [ -83.368797, 41.876398 ], [ -83.370048, 41.875824 ], [ -83.371191, 41.874934 ], [ -83.372001, 41.874192 ], [ -83.372182, 41.874128 ], [ -83.372729, 41.873934 ], [ -83.37289, 41.873938 ], [ -83.373067, 41.873557 ], [ -83.373285, 41.873456 ], [ -83.373588, 41.873442 ], [ -83.373978, 41.873545 ], [ -83.374368, 41.873529 ], [ -83.374611, 41.873415 ], [ -83.37552, 41.872923 ], [ -83.375816, 41.872786 ], [ -83.376016, 41.872687 ], [ -83.376368, 41.872603 ], [ -83.376623, 41.872526 ], [ -83.376862, 41.872517 ], [ -83.37707, 41.872385 ], [ -83.37723, 41.872183 ], [ -83.377343, 41.872176 ], [ -83.377534, 41.8722 ], [ -83.377662, 41.87209 ], [ -83.37787, 41.871956 ], [ -83.378418, 41.871913 ], [ -83.378564, 41.871902 ], [ -83.378711, 41.871891 ], [ -83.379771, 41.871718 ], [ -83.381891, 41.870993 ], [ -83.382313, 41.870694 ], [ -83.382817, 41.870279 ], [ -83.383349, 41.869938 ], [ -83.38389, 41.869414 ], [ -83.385269, 41.867134 ], [ -83.385446, 41.86675 ], [ -83.385819, 41.866355 ], [ -83.386, 41.866139 ], [ -83.386624, 41.865337 ], [ -83.386706, 41.865231 ], [ -83.387051, 41.864759 ], [ -83.387167, 41.864567 ], [ -83.387226, 41.864482 ], [ -83.388224, 41.863043 ], [ -83.388268, 41.862992 ], [ -83.388576, 41.862639 ], [ -83.388647, 41.862542 ], [ -83.389225, 41.861754 ], [ -83.389615, 41.86123 ], [ -83.390685, 41.859792 ], [ -83.390713, 41.859491 ], [ -83.39078, 41.859276 ], [ -83.390845, 41.859114 ], [ -83.390983, 41.858933 ], [ -83.391175, 41.85885 ], [ -83.391449, 41.858552 ], [ -83.39298, 41.856972 ], [ -83.39397, 41.855801 ], [ -83.394038, 41.855742 ], [ -83.394489, 41.855348 ], [ -83.395033, 41.854904 ], [ -83.395391, 41.854302 ], [ -83.395516, 41.854113 ], [ -83.395676, 41.853748 ], [ -83.39646, 41.853137 ], [ -83.396975, 41.852341 ], [ -83.397284, 41.852088 ], [ -83.397425, 41.851992 ], [ -83.397963, 41.851626 ], [ -83.398007, 41.851574 ], [ -83.398246, 41.85129 ], [ -83.398324, 41.851184 ], [ -83.398344, 41.851154 ], [ -83.398945, 41.850261 ], [ -83.399266, 41.849533 ], [ -83.399292, 41.849478 ], [ -83.399446, 41.849155 ], [ -83.39951, 41.849045 ], [ -83.399854, 41.848449 ], [ -83.399965, 41.848257 ], [ -83.40003, 41.848141 ], [ -83.400949, 41.846482 ], [ -83.401001, 41.846361 ], [ -83.401049, 41.846212 ], [ -83.40105, 41.846153 ], [ -83.401051, 41.846051 ], [ -83.400994, 41.845838 ], [ -83.401, 41.845477 ], [ -83.401167, 41.845174 ], [ -83.401406, 41.844721 ], [ -83.402593, 41.843297 ], [ -83.404055, 41.841117 ], [ -83.40542, 41.838174 ], [ -83.405564, 41.837864 ], [ -83.406077, 41.83671 ], [ -83.407178, 41.834785 ], [ -83.407934, 41.833403 ], [ -83.408159, 41.832961 ], [ -83.408267, 41.832417 ], [ -83.408579, 41.831892 ], [ -83.408949, 41.831379 ], [ -83.4092, 41.830929 ], [ -83.409433, 41.830554 ], [ -83.40959, 41.830275 ], [ -83.40965, 41.829674 ], [ -83.409762, 41.829522 ], [ -83.409785, 41.829268 ], [ -83.409907, 41.829127 ], [ -83.409896, 41.828892 ], [ -83.409663, 41.82874 ], [ -83.409406, 41.828613 ], [ -83.409158, 41.828589 ], [ -83.408613, 41.828451 ], [ -83.408387, 41.828404 ], [ -83.408317, 41.82835 ], [ -83.408472, 41.828296 ], [ -83.408497, 41.828295 ], [ -83.408764, 41.828116 ], [ -83.408837, 41.827989 ], [ -83.410058, 41.827825 ], [ -83.410397, 41.827804 ], [ -83.410772, 41.827704 ], [ -83.411111, 41.827408 ], [ -83.41146, 41.827154 ], [ -83.411717, 41.826644 ], [ -83.411922, 41.826335 ], [ -83.412247, 41.826031 ], [ -83.4129, 41.82564 ], [ -83.412982, 41.825581 ], [ -83.413449, 41.825247 ], [ -83.413683, 41.82508 ], [ -83.414794, 41.824312 ], [ -83.415456, 41.823664 ], [ -83.416197, 41.822984 ], [ -83.417903, 41.822017 ], [ -83.418572, 41.821667 ], [ -83.41958, 41.821299 ], [ -83.420817, 41.820942 ], [ -83.422206, 41.820552 ], [ -83.423455, 41.82044 ], [ -83.425205, 41.820544 ], [ -83.426487, 41.820854 ], [ -83.426732, 41.821174 ], [ -83.427714, 41.820952 ], [ -83.427867, 41.820896 ], [ -83.428721, 41.820588 ], [ -83.42981, 41.820196 ], [ -83.431161, 41.819517 ], [ -83.432721, 41.818502 ], [ -83.433463, 41.818516 ], [ -83.434304, 41.81825 ], [ -83.4345, 41.81808 ], [ -83.435635, 41.8171 ], [ -83.436181, 41.816613 ], [ -83.436563, 41.81615 ], [ -83.437244, 41.815347 ], [ -83.438371, 41.814082 ], [ -83.438927, 41.813403 ], [ -83.439336, 41.812688 ], [ -83.439375, 41.812634 ], [ -83.439928, 41.811641 ], [ -83.440376, 41.810052 ], [ -83.440385, 41.809734 ], [ -83.440389, 41.809223 ], [ -83.440891, 41.809149 ], [ -83.440975, 41.809136 ], [ -83.441115, 41.808928 ], [ -83.441253, 41.808322 ], [ -83.441473, 41.807382 ], [ -83.441505, 41.807218 ], [ -83.44151, 41.807185 ], [ -83.441549, 41.806909 ], [ -83.441561, 41.806822 ], [ -83.441601, 41.806626 ], [ -83.441603, 41.806588 ], [ -83.441616, 41.806319 ], [ -83.441626, 41.806104 ], [ -83.441638, 41.806016 ], [ -83.44166, 41.805853 ], [ -83.441667, 41.805693 ], [ -83.441675, 41.805532 ], [ -83.441676, 41.805407 ], [ -83.441678, 41.805058 ], [ -83.441679, 41.804798 ], [ -83.441681, 41.804424 ], [ -83.441681, 41.804402 ], [ -83.441707, 41.804103 ], [ -83.441737, 41.803848 ], [ -83.441893, 41.803733 ], [ -83.441943, 41.803617 ], [ -83.441796, 41.802415 ], [ -83.441823, 41.802009 ], [ -83.441893, 41.801604 ], [ -83.441943, 41.801422 ], [ -83.442129, 41.801299 ], [ -83.44239, 41.801146 ], [ -83.442688, 41.80095 ], [ -83.442813, 41.800869 ], [ -83.442643, 41.800229 ], [ -83.442635, 41.800197 ], [ -83.44258, 41.799814 ], [ -83.442468, 41.799497 ], [ -83.442493, 41.799254 ], [ -83.442563, 41.79893 ], [ -83.442435, 41.798627 ], [ -83.442292, 41.79824 ], [ -83.442219, 41.797809 ], [ -83.442274, 41.797353 ], [ -83.442379, 41.797162 ], [ -83.442275, 41.796923 ], [ -83.442139, 41.79658 ], [ -83.442235, 41.795875 ], [ -83.442451, 41.795329 ], [ -83.442822, 41.795132 ], [ -83.442821, 41.794977 ], [ -83.443502, 41.794771 ], [ -83.443543, 41.794749 ], [ -83.443592, 41.794704 ], [ -83.443678, 41.794483 ], [ -83.443714, 41.794104 ], [ -83.443639, 41.793435 ], [ -83.443545, 41.792306 ], [ -83.443443, 41.791683 ], [ -83.443502, 41.791169 ], [ -83.443591, 41.79084 ], [ -83.443844, 41.790604 ], [ -83.443977, 41.790395 ], [ -83.444035, 41.790303 ], [ -83.444044, 41.790084 ], [ -83.443901, 41.789813 ], [ -83.442567, 41.783547 ], [ -83.442369, 41.782566 ], [ -83.441727, 41.780023 ], [ -83.440528, 41.777703 ], [ -83.440408, 41.777189 ], [ -83.440175, 41.776714 ], [ -83.439808, 41.776254 ], [ -83.439479, 41.775755 ], [ -83.439391, 41.775289 ], [ -83.439238, 41.774567 ], [ -83.439166, 41.773958 ], [ -83.438773, 41.773068 ], [ -83.438558, 41.772514 ], [ -83.438262, 41.772043 ], [ -83.4381, 41.771489 ], [ -83.437924, 41.771059 ], [ -83.437745, 41.770535 ], [ -83.437522, 41.769804 ], [ -83.437218, 41.769121 ], [ -83.436531, 41.76795 ], [ -83.436067, 41.766986 ], [ -83.435739, 41.766422 ], [ -83.435524, 41.765859 ], [ -83.4353, 41.765176 ], [ -83.435045, 41.764699 ], [ -83.434725, 41.764179 ], [ -83.43435, 41.763594 ], [ -83.433983, 41.763085 ], [ -83.433463, 41.762539 ], [ -83.433159, 41.76215 ], [ -83.433024, 41.761554 ], [ -83.432969, 41.76098 ], [ -83.432712, 41.760559 ], [ -83.43237, 41.760201 ], [ -83.432193, 41.759621 ], [ -83.43201, 41.759137 ], [ -83.431603, 41.758703 ], [ -83.431419, 41.758298 ], [ -83.43126, 41.75781 ], [ -83.431084, 41.757413 ], [ -83.431028, 41.757285 ], [ -83.430853, 41.756865 ], [ -83.430511, 41.756112 ], [ -83.430159, 41.75537 ], [ -83.429784, 41.754748 ], [ -83.429576, 41.754303 ], [ -83.429418, 41.753751 ], [ -83.429146, 41.753085 ], [ -83.428947, 41.752704 ], [ -83.428692, 41.752327 ], [ -83.428395, 41.751917 ], [ -83.428053, 41.751431 ], [ -83.427885, 41.75103 ], [ -83.427653, 41.750645 ], [ -83.427334, 41.750299 ], [ -83.427359, 41.749782 ], [ -83.427432, 41.74931 ], [ -83.427273, 41.748921 ], [ -83.426953, 41.748515 ], [ -83.426673, 41.748101 ], [ -83.426115, 41.747041 ], [ -83.42578, 41.746314 ], [ -83.425358, 41.744916 ], [ -83.425231, 41.744422 ], [ -83.424999, 41.744013 ], [ -83.424815, 41.743655 ], [ -83.424833, 41.743157 ], [ -83.424505, 41.742771 ], [ -83.424425, 41.742385 ], [ -83.424362, 41.741766 ], [ -83.42412, 41.740805 ], [ -83.424158, 41.740717 ], [ -83.42163, 41.733674 ], [ -83.423256, 41.733639 ], [ -83.447121, 41.733136 ], [ -83.449386, 41.733036 ], [ -83.450408, 41.732992 ], [ -83.453693, 41.732858 ], [ -83.454536, 41.732851 ], [ -83.45538, 41.732844 ], [ -83.45441, 41.73155 ], [ -83.454229, 41.730787 ], [ -83.45475, 41.729802 ], [ -83.454832, 41.729647 ], [ -83.454332, 41.729147 ], [ -83.455332, 41.728547 ], [ -83.455632, 41.727747 ], [ -83.455555, 41.727518 ], [ -83.455584, 41.72752 ], [ -83.4556, 41.727521 ], [ -83.45562, 41.727522 ], [ -83.455635, 41.727522 ], [ -83.455656, 41.727523 ], [ -83.4557, 41.727522 ], [ -83.455727, 41.727521 ], [ -83.455765, 41.727518 ], [ -83.455799, 41.727514 ], [ -83.455834, 41.727508 ], [ -83.455866, 41.727507 ], [ -83.455886, 41.727506 ], [ -83.455917, 41.727505 ], [ -83.455931, 41.727504 ], [ -83.455944, 41.727503 ], [ -83.455964, 41.727502 ], [ -83.455996, 41.7275 ], [ -83.456028, 41.727498 ], [ -83.456061, 41.727495 ], [ -83.456086, 41.727494 ], [ -83.456112, 41.727493 ], [ -83.456137, 41.727492 ], [ -83.45617, 41.727491 ], [ -83.456194, 41.727491 ], [ -83.456228, 41.72749 ], [ -83.456256, 41.72749 ], [ -83.456275, 41.72749 ], [ -83.456311, 41.72749 ], [ -83.456347, 41.72749 ], [ -83.456383, 41.727491 ], [ -83.456419, 41.727492 ], [ -83.456453, 41.727494 ], [ -83.456488, 41.727495 ], [ -83.456522, 41.727497 ], [ -83.456557, 41.727499 ], [ -83.456578, 41.727501 ], [ -83.456591, 41.727502 ], [ -83.456616, 41.727503 ], [ -83.456655, 41.727505 ], [ -83.456698, 41.727506 ], [ -83.456715, 41.727506 ], [ -83.456744, 41.727507 ], [ -83.456774, 41.727508 ], [ -83.456803, 41.727508 ], [ -83.456833, 41.727509 ], [ -83.456863, 41.727509 ], [ -83.456894, 41.727509 ], [ -83.456926, 41.72751 ], [ -83.456958, 41.72751 ], [ -83.45699, 41.72751 ], [ -83.457021, 41.72751 ], [ -83.457053, 41.72751 ], [ -83.457087, 41.72751 ], [ -83.457121, 41.72751 ], [ -83.457155, 41.727509 ], [ -83.45719, 41.727509 ], [ -83.457224, 41.727508 ], [ -83.457258, 41.727508 ], [ -83.457292, 41.727507 ], [ -83.457326, 41.727506 ], [ -83.457359, 41.727506 ], [ -83.457392, 41.727505 ], [ -83.457423, 41.727504 ], [ -83.457455, 41.727503 ], [ -83.457487, 41.727502 ], [ -83.457522, 41.727501 ], [ -83.457562, 41.727499 ], [ -83.457591, 41.727497 ], [ -83.457626, 41.727494 ], [ -83.457661, 41.727491 ], [ -83.457696, 41.727488 ], [ -83.45773, 41.727484 ], [ -83.457766, 41.727479 ], [ -83.457799, 41.727475 ], [ -83.457834, 41.727469 ], [ -83.457864, 41.727464 ], [ -83.457895, 41.72746 ], [ -83.457959, 41.727458 ], [ -83.457989, 41.72746 ], [ -83.458013, 41.727463 ], [ -83.458049, 41.727469 ], [ -83.458078, 41.727476 ], [ -83.458126, 41.727483 ], [ -83.458148, 41.727485 ], [ -83.458183, 41.727488 ], [ -83.458219, 41.727489 ], [ -83.458254, 41.727488 ], [ -83.458279, 41.727487 ], [ -83.458324, 41.727486 ], [ -83.458358, 41.727485 ], [ -83.458392, 41.727485 ], [ -83.458426, 41.727484 ], [ -83.45846, 41.727483 ], [ -83.458494, 41.727483 ], [ -83.458562, 41.727482 ], [ -83.45863, 41.727481 ], [ -83.458698, 41.72748 ], [ -83.4588, 41.727479 ], [ -83.458869, 41.727479 ], [ -83.458904, 41.727478 ], [ -83.458973, 41.727478 ], [ -83.459037, 41.727477 ], [ -83.459106, 41.727477 ], [ -83.459168, 41.727477 ], [ -83.459247, 41.727476 ], [ -83.45935, 41.727473 ], [ -83.459409, 41.727472 ], [ -83.459499, 41.72747 ], [ -83.459586, 41.727468 ], [ -83.459653, 41.727467 ], [ -83.459721, 41.727466 ], [ -83.459788, 41.727465 ], [ -83.459837, 41.727462 ], [ -83.459899, 41.727458 ], [ -83.45996, 41.727453 ], [ -83.460052, 41.727444 ], [ -83.460114, 41.727437 ], [ -83.460144, 41.727433 ], [ -83.460179, 41.727431 ], [ -83.460235, 41.727425 ], [ -83.460262, 41.727421 ], [ -83.460289, 41.727416 ], [ -83.460315, 41.727411 ], [ -83.460335, 41.727404 ], [ -83.460355, 41.727394 ], [ -83.460374, 41.727381 ], [ -83.460388, 41.727367 ], [ -83.460407, 41.727346 ], [ -83.460427, 41.727326 ], [ -83.460449, 41.727306 ], [ -83.460472, 41.727287 ], [ -83.460496, 41.727269 ], [ -83.460521, 41.727252 ], [ -83.460569, 41.727223 ], [ -83.460615, 41.7272 ], [ -83.460662, 41.727177 ], [ -83.460715, 41.727155 ], [ -83.460775, 41.727135 ], [ -83.460806, 41.727127 ], [ -83.46084, 41.727113 ], [ -83.460857, 41.727104 ], [ -83.460881, 41.727091 ], [ -83.46089, 41.727085 ], [ -83.460904, 41.727076 ], [ -83.460921, 41.727063 ], [ -83.460939, 41.727046 ], [ -83.460965, 41.727021 ], [ -83.460991, 41.726995 ], [ -83.461023, 41.726962 ], [ -83.461065, 41.726919 ], [ -83.461103, 41.726878 ], [ -83.461134, 41.726844 ], [ -83.461165, 41.72681 ], [ -83.461205, 41.726764 ], [ -83.461253, 41.726706 ], [ -83.461295, 41.726653 ], [ -83.461346, 41.726589 ], [ -83.461379, 41.726546 ], [ -83.46145, 41.726455 ], [ -83.461479, 41.72642 ], [ -83.461507, 41.726384 ], [ -83.46155, 41.726331 ], [ -83.461593, 41.726279 ], [ -83.461622, 41.726244 ], [ -83.461651, 41.72621 ], [ -83.461679, 41.726173 ], [ -83.461704, 41.726138 ], [ -83.461729, 41.7261 ], [ -83.461752, 41.726062 ], [ -83.461771, 41.726028 ], [ -83.461789, 41.72599 ], [ -83.461808, 41.725942 ], [ -83.461816, 41.725918 ], [ -83.461823, 41.725892 ], [ -83.461829, 41.725867 ], [ -83.461833, 41.725856 ], [ -83.461838, 41.725843 ], [ -83.461846, 41.72583 ], [ -83.461854, 41.725818 ], [ -83.46186, 41.72581 ], [ -83.461875, 41.725795 ], [ -83.461887, 41.725784 ], [ -83.461906, 41.725773 ], [ -83.461932, 41.725757 ], [ -83.461958, 41.725741 ], [ -83.461979, 41.725729 ], [ -83.461993, 41.725721 ], [ -83.462011, 41.72571 ], [ -83.462024, 41.725703 ], [ -83.462038, 41.725695 ], [ -83.462051, 41.725688 ], [ -83.462065, 41.725681 ], [ -83.462093, 41.725666 ], [ -83.46212, 41.725652 ], [ -83.462148, 41.725638 ], [ -83.462176, 41.725624 ], [ -83.462196, 41.725616 ], [ -83.462224, 41.725604 ], [ -83.462246, 41.725595 ], [ -83.462277, 41.725584 ], [ -83.462309, 41.725573 ], [ -83.46234, 41.725562 ], [ -83.462372, 41.725552 ], [ -83.462404, 41.725543 ], [ -83.462423, 41.725538 ], [ -83.462437, 41.725535 ], [ -83.462464, 41.725527 ], [ -83.462476, 41.725524 ], [ -83.462491, 41.725519 ], [ -83.462518, 41.725512 ], [ -83.462545, 41.725504 ], [ -83.462571, 41.725496 ], [ -83.462597, 41.725488 ], [ -83.462623, 41.725481 ], [ -83.462649, 41.725473 ], [ -83.462675, 41.725465 ], [ -83.462701, 41.725457 ], [ -83.462738, 41.725445 ], [ -83.462763, 41.725437 ], [ -83.462778, 41.725433 ], [ -83.462803, 41.725425 ], [ -83.462829, 41.725417 ], [ -83.462859, 41.725407 ], [ -83.46288, 41.7254 ], [ -83.462911, 41.72539 ], [ -83.462931, 41.725384 ], [ -83.462956, 41.725375 ], [ -83.462981, 41.725366 ], [ -83.463006, 41.725357 ], [ -83.46303, 41.725347 ], [ -83.463055, 41.725337 ], [ -83.463078, 41.725327 ], [ -83.463102, 41.725317 ], [ -83.463125, 41.725306 ], [ -83.463149, 41.725295 ], [ -83.463196, 41.725274 ], [ -83.463243, 41.725253 ], [ -83.463267, 41.725242 ], [ -83.46329, 41.725231 ], [ -83.463312, 41.725219 ], [ -83.463335, 41.725207 ], [ -83.463357, 41.725195 ], [ -83.463379, 41.725183 ], [ -83.463401, 41.72517 ], [ -83.463417, 41.725161 ], [ -83.46344, 41.725148 ], [ -83.463454, 41.72514 ], [ -83.463463, 41.725134 ], [ -83.463486, 41.72512 ], [ -83.463508, 41.725105 ], [ -83.463529, 41.72509 ], [ -83.463548, 41.725074 ], [ -83.46356, 41.725063 ], [ -83.46357, 41.725054 ], [ -83.463584, 41.72504 ], [ -83.463602, 41.725021 ], [ -83.46361, 41.725011 ], [ -83.463618, 41.725002 ], [ -83.463636, 41.724986 ], [ -83.463651, 41.724973 ], [ -83.463663, 41.724964 ], [ -83.463675, 41.724956 ], [ -83.463685, 41.72495 ], [ -83.463696, 41.724942 ], [ -83.463718, 41.724929 ], [ -83.463733, 41.724921 ], [ -83.463758, 41.724908 ], [ -83.463787, 41.724895 ], [ -83.463811, 41.724885 ], [ -83.463824, 41.724881 ], [ -83.463836, 41.724876 ], [ -83.463852, 41.724871 ], [ -83.463892, 41.72486 ], [ -83.463916, 41.724854 ], [ -83.46394, 41.724847 ], [ -83.464004, 41.724923 ], [ -83.464059, 41.724988 ], [ -83.464365, 41.724925 ], [ -83.464255, 41.724795 ], [ -83.464291, 41.72479 ], [ -83.464331, 41.724784 ], [ -83.464362, 41.724778 ], [ -83.464396, 41.724769 ], [ -83.464422, 41.724761 ], [ -83.464451, 41.724751 ], [ -83.464479, 41.724739 ], [ -83.464499, 41.724727 ], [ -83.464517, 41.724713 ], [ -83.464534, 41.724699 ], [ -83.464549, 41.724683 ], [ -83.464563, 41.724667 ], [ -83.464574, 41.72465 ], [ -83.46458, 41.72464 ], [ -83.464588, 41.724623 ], [ -83.464595, 41.724605 ], [ -83.464599, 41.724587 ], [ -83.464609, 41.724573 ], [ -83.464624, 41.724555 ], [ -83.464637, 41.724543 ], [ -83.46465, 41.724532 ], [ -83.464665, 41.724522 ], [ -83.464674, 41.724516 ], [ -83.464691, 41.724507 ], [ -83.464717, 41.724497 ], [ -83.464728, 41.724493 ], [ -83.464747, 41.724488 ], [ -83.46476, 41.724484 ], [ -83.464785, 41.724475 ], [ -83.464809, 41.724466 ], [ -83.464833, 41.724457 ], [ -83.464846, 41.724451 ], [ -83.46487, 41.724441 ], [ -83.464894, 41.72443 ], [ -83.464917, 41.724419 ], [ -83.46495, 41.724402 ], [ -83.464973, 41.724389 ], [ -83.464996, 41.724375 ], [ -83.465018, 41.724361 ], [ -83.46504, 41.724349 ], [ -83.46506, 41.724335 ], [ -83.465079, 41.724321 ], [ -83.465155, 41.724218 ], [ -83.465159, 41.724205 ], [ -83.465163, 41.724191 ], [ -83.465174, 41.724171 ], [ -83.465188, 41.724145 ], [ -83.465201, 41.724122 ], [ -83.465213, 41.724098 ], [ -83.465225, 41.724074 ], [ -83.465236, 41.724051 ], [ -83.465259, 41.724002 ], [ -83.465273, 41.723973 ], [ -83.465287, 41.723949 ], [ -83.465301, 41.723929 ], [ -83.465317, 41.72391 ], [ -83.465337, 41.723889 ], [ -83.465367, 41.723862 ], [ -83.465397, 41.723839 ], [ -83.465443, 41.723811 ], [ -83.465474, 41.723795 ], [ -83.465497, 41.723785 ], [ -83.465581, 41.723751 ], [ -83.465649, 41.723723 ], [ -83.46568, 41.72371 ], [ -83.465748, 41.723683 ], [ -83.465832, 41.723649 ], [ -83.465889, 41.723625 ], [ -83.465915, 41.723615 ], [ -83.465942, 41.723603 ], [ -83.465969, 41.723589 ], [ -83.465993, 41.723575 ], [ -83.466015, 41.723561 ], [ -83.466025, 41.723553 ], [ -83.466041, 41.723541 ], [ -83.466056, 41.723529 ], [ -83.466074, 41.723512 ], [ -83.466091, 41.723494 ], [ -83.466108, 41.723473 ], [ -83.466118, 41.723459 ], [ -83.466137, 41.723431 ], [ -83.466153, 41.723407 ], [ -83.46618, 41.723366 ], [ -83.466224, 41.723302 ], [ -83.466256, 41.723254 ], [ -83.466271, 41.723231 ], [ -83.466299, 41.723196 ], [ -83.466317, 41.723177 ], [ -83.466337, 41.72316 ], [ -83.466359, 41.723142 ], [ -83.466381, 41.723128 ], [ -83.466405, 41.723113 ], [ -83.466431, 41.7231 ], [ -83.466448, 41.723092 ], [ -83.466468, 41.723084 ], [ -83.466508, 41.72307 ], [ -83.466535, 41.723062 ], [ -83.466548, 41.72306 ], [ -83.46658, 41.723052 ], [ -83.466611, 41.723043 ], [ -83.466641, 41.723032 ], [ -83.466682, 41.723015 ], [ -83.466706, 41.723001 ], [ -83.466721, 41.722995 ], [ -83.466745, 41.72298 ], [ -83.466792, 41.722952 ], [ -83.466844, 41.722921 ], [ -83.466864, 41.722909 ], [ -83.466891, 41.722893 ], [ -83.4669, 41.722887 ], [ -83.466953, 41.722856 ], [ -83.467008, 41.722822 ], [ -83.467039, 41.722804 ], [ -83.467097, 41.722769 ], [ -83.467159, 41.722732 ], [ -83.467191, 41.722723 ], [ -83.467218, 41.722714 ], [ -83.467244, 41.722705 ], [ -83.467269, 41.722695 ], [ -83.467299, 41.722681 ], [ -83.467317, 41.722672 ], [ -83.46734, 41.72266 ], [ -83.467361, 41.722647 ], [ -83.467383, 41.722634 ], [ -83.467401, 41.722621 ], [ -83.467419, 41.722608 ], [ -83.46744, 41.72259 ], [ -83.46746, 41.722573 ], [ -83.467471, 41.722561 ], [ -83.467479, 41.722554 ], [ -83.467496, 41.722535 ], [ -83.467506, 41.722523 ], [ -83.467513, 41.722515 ], [ -83.467528, 41.722495 ], [ -83.467536, 41.72248 ], [ -83.467605, 41.722351 ], [ -83.467647, 41.722274 ], [ -83.467678, 41.722215 ], [ -83.467684, 41.722196 ], [ -83.467691, 41.722171 ], [ -83.467698, 41.722147 ], [ -83.467704, 41.722122 ], [ -83.46771, 41.722097 ], [ -83.467714, 41.722072 ], [ -83.467719, 41.722047 ], [ -83.467722, 41.722022 ], [ -83.467725, 41.721997 ], [ -83.467726, 41.721983 ], [ -83.467727, 41.721971 ], [ -83.467729, 41.721946 ], [ -83.467729, 41.721933 ], [ -83.46773, 41.721921 ], [ -83.46773, 41.72191 ], [ -83.46773, 41.721898 ], [ -83.467729, 41.721886 ], [ -83.467728, 41.721877 ], [ -83.467729, 41.721866 ], [ -83.467729, 41.721855 ], [ -83.467733, 41.721841 ], [ -83.467737, 41.721832 ], [ -83.467746, 41.721816 ], [ -83.467752, 41.721808 ], [ -83.467762, 41.721798 ], [ -83.467773, 41.72179 ], [ -83.467781, 41.721783 ], [ -83.467794, 41.721775 ], [ -83.467805, 41.72177 ], [ -83.467817, 41.721766 ], [ -83.467833, 41.721762 ], [ -83.46785, 41.721761 ], [ -83.46792, 41.721757 ], [ -83.468002, 41.721752 ], [ -83.468024, 41.721751 ], [ -83.468057, 41.721743 ], [ -83.468087, 41.721733 ], [ -83.468118, 41.721722 ], [ -83.468147, 41.721709 ], [ -83.468172, 41.721695 ], [ -83.468188, 41.721685 ], [ -83.468209, 41.721671 ], [ -83.46823, 41.721655 ], [ -83.468249, 41.721637 ], [ -83.468266, 41.721619 ], [ -83.468283, 41.721599 ], [ -83.468294, 41.721583 ], [ -83.468302, 41.721571 ], [ -83.468308, 41.721563 ], [ -83.4684, 41.72145 ], [ -83.468526, 41.721295 ], [ -83.468574, 41.721236 ], [ -83.468701, 41.720996 ], [ -83.468715, 41.720976 ], [ -83.468725, 41.72097 ], [ -83.468733, 41.720956 ], [ -83.468745, 41.720936 ], [ -83.468762, 41.720917 ], [ -83.468778, 41.720905 ], [ -83.468801, 41.720873 ], [ -83.468813, 41.72086 ], [ -83.468831, 41.720842 ], [ -83.468843, 41.72083 ], [ -83.468856, 41.720817 ], [ -83.468871, 41.720803 ], [ -83.46888, 41.720794 ], [ -83.468898, 41.720777 ], [ -83.46891, 41.720763 ], [ -83.468918, 41.720755 ], [ -83.46893, 41.72074 ], [ -83.468944, 41.720721 ], [ -83.468958, 41.720701 ], [ -83.46897, 41.720681 ], [ -83.468981, 41.72066 ], [ -83.468991, 41.720638 ], [ -83.468999, 41.720618 ], [ -83.469006, 41.720597 ], [ -83.469011, 41.720576 ], [ -83.469016, 41.720555 ], [ -83.469019, 41.72053 ], [ -83.46902, 41.720512 ], [ -83.469016, 41.720473 ], [ -83.469016, 41.720452 ], [ -83.469015, 41.720432 ], [ -83.469016, 41.720411 ], [ -83.469017, 41.720391 ], [ -83.469019, 41.720366 ], [ -83.469022, 41.720342 ], [ -83.469025, 41.720318 ], [ -83.46903, 41.720294 ], [ -83.469035, 41.72027 ], [ -83.469042, 41.720246 ], [ -83.469049, 41.720222 ], [ -83.469057, 41.720198 ], [ -83.469069, 41.720165 ], [ -83.469086, 41.720126 ], [ -83.469096, 41.720106 ], [ -83.469107, 41.720086 ], [ -83.46914, 41.720036 ], [ -83.469186, 41.719966 ], [ -83.46921, 41.719931 ], [ -83.469233, 41.719896 ], [ -83.46925, 41.719874 ], [ -83.469265, 41.719851 ], [ -83.469277, 41.719827 ], [ -83.469286, 41.719804 ], [ -83.469297, 41.719758 ], [ -83.469299, 41.719735 ], [ -83.469299, 41.719712 ], [ -83.469297, 41.719689 ], [ -83.469293, 41.719674 ], [ -83.469288, 41.719662 ], [ -83.469283, 41.719642 ], [ -83.469278, 41.719621 ], [ -83.469275, 41.7196 ], [ -83.469274, 41.71958 ], [ -83.469274, 41.719559 ], [ -83.469274, 41.719546 ], [ -83.469277, 41.719518 ], [ -83.469281, 41.719498 ], [ -83.469286, 41.719478 ], [ -83.469286, 41.719432 ], [ -83.469283, 41.719242 ], [ -83.46928, 41.719218 ], [ -83.46928, 41.719193 ], [ -83.469281, 41.719177 ], [ -83.469287, 41.719142 ], [ -83.469295, 41.719117 ], [ -83.469306, 41.719091 ], [ -83.469319, 41.719067 ], [ -83.469334, 41.719043 ], [ -83.469353, 41.719021 ], [ -83.469374, 41.718999 ], [ -83.469397, 41.718978 ], [ -83.469423, 41.718959 ], [ -83.46945, 41.718941 ], [ -83.469479, 41.718926 ], [ -83.46951, 41.718912 ], [ -83.469528, 41.718905 ], [ -83.469553, 41.718896 ], [ -83.469576, 41.718889 ], [ -83.469599, 41.718885 ], [ -83.469611, 41.718882 ], [ -83.469722, 41.718854 ], [ -83.469748, 41.71885 ], [ -83.469773, 41.718846 ], [ -83.469809, 41.718835 ], [ -83.46987, 41.718819 ], [ -83.469903, 41.718802 ], [ -83.46992, 41.718757 ], [ -83.469921, 41.718718 ], [ -83.469917, 41.718676 ], [ -83.46993, 41.71865 ], [ -83.469947, 41.718632 ], [ -83.469964, 41.718585 ], [ -83.469963, 41.718539 ], [ -83.469945, 41.718508 ], [ -83.469945, 41.718469 ], [ -83.469951, 41.718428 ], [ -83.46998, 41.718396 ], [ -83.470019, 41.718386 ], [ -83.470046, 41.718381 ], [ -83.47006, 41.71836 ], [ -83.470056, 41.718323 ], [ -83.470035, 41.7183 ], [ -83.470031, 41.718233 ], [ -83.470037, 41.718187 ], [ -83.470052, 41.718165 ], [ -83.470074, 41.718154 ], [ -83.470091, 41.718132 ], [ -83.470091, 41.718088 ], [ -83.470097, 41.718057 ], [ -83.470095, 41.718041 ], [ -83.470076, 41.71801 ], [ -83.470068, 41.717997 ], [ -83.470052, 41.717969 ], [ -83.470044, 41.717956 ], [ -83.47004, 41.717918 ], [ -83.470057, 41.717883 ], [ -83.470076, 41.717876 ], [ -83.470098, 41.717883 ], [ -83.470121, 41.717884 ], [ -83.470136, 41.717875 ], [ -83.470137, 41.717866 ], [ -83.470133, 41.717856 ], [ -83.470122, 41.717834 ], [ -83.470112, 41.717802 ], [ -83.4701, 41.717762 ], [ -83.470093, 41.717704 ], [ -83.470102, 41.717671 ], [ -83.470105, 41.717656 ], [ -83.470115, 41.717601 ], [ -83.470107, 41.717521 ], [ -83.470126, 41.717457 ], [ -83.470136, 41.71742 ], [ -83.470146, 41.717381 ], [ -83.47015, 41.717345 ], [ -83.470167, 41.717297 ], [ -83.470181, 41.717288 ], [ -83.470189, 41.717261 ], [ -83.470192, 41.717249 ], [ -83.470191, 41.717237 ], [ -83.470188, 41.717203 ], [ -83.47019, 41.717166 ], [ -83.470191, 41.717154 ], [ -83.470204, 41.717091 ], [ -83.470219, 41.717047 ], [ -83.470216, 41.717027 ], [ -83.470213, 41.717011 ], [ -83.470185, 41.716973 ], [ -83.470183, 41.716963 ], [ -83.470182, 41.716954 ], [ -83.470187, 41.716929 ], [ -83.470205, 41.716915 ], [ -83.470214, 41.716901 ], [ -83.470221, 41.716889 ], [ -83.470224, 41.71686 ], [ -83.470231, 41.716848 ], [ -83.47024, 41.716835 ], [ -83.470248, 41.716819 ], [ -83.470279, 41.716783 ], [ -83.470294, 41.716762 ], [ -83.470313, 41.716734 ], [ -83.470323, 41.716726 ], [ -83.470333, 41.716717 ], [ -83.470374, 41.716697 ], [ -83.470432, 41.716676 ], [ -83.470463, 41.716674 ], [ -83.470493, 41.716679 ], [ -83.470522, 41.716698 ], [ -83.470542, 41.716705 ], [ -83.470596, 41.716723 ], [ -83.470636, 41.716729 ], [ -83.470651, 41.716731 ], [ -83.470704, 41.716727 ], [ -83.470743, 41.716712 ], [ -83.47076, 41.716693 ], [ -83.47078, 41.716642 ], [ -83.470795, 41.71659 ], [ -83.470809, 41.716567 ], [ -83.470825, 41.716543 ], [ -83.470827, 41.716517 ], [ -83.470836, 41.716497 ], [ -83.470844, 41.716478 ], [ -83.470867, 41.716449 ], [ -83.470869, 41.716433 ], [ -83.47087, 41.716421 ], [ -83.47089, 41.716369 ], [ -83.470917, 41.716328 ], [ -83.470948, 41.716296 ], [ -83.471006, 41.716249 ], [ -83.471031, 41.716236 ], [ -83.471061, 41.71622 ], [ -83.471104, 41.716188 ], [ -83.471123, 41.716174 ], [ -83.471174, 41.716143 ], [ -83.471193, 41.716122 ], [ -83.470733, 41.716047 ], [ -83.450182, 41.713701 ], [ -83.446315, 41.713259 ], [ -83.432378, 41.711667 ], [ -83.430432, 41.712547 ], [ -83.4304, 41.711274 ], [ -83.430116, 41.699714 ], [ -83.430101, 41.699119 ], [ -83.429431, 41.699432 ], [ -83.421104, 41.703316 ], [ -83.403384, 41.692374 ], [ -83.402802, 41.691972 ], [ -83.402501, 41.691774 ], [ -83.402448, 41.69174 ], [ -83.401729, 41.691496 ], [ -83.40166, 41.691478 ], [ -83.401504, 41.691437 ], [ -83.401448, 41.691463 ], [ -83.401429, 41.691414 ], [ -83.401054, 41.691321 ], [ -83.400827, 41.691266 ], [ -83.400464, 41.691079 ], [ -83.400018, 41.691025 ], [ -83.400017, 41.690935 ], [ -83.40001, 41.690167 ], [ -83.400002, 41.6897 ], [ -83.399469, 41.689623 ], [ -83.399058, 41.689595 ], [ -83.398697, 41.6896 ], [ -83.398644, 41.68962 ], [ -83.398405, 41.689711 ], [ -83.398336, 41.689798 ], [ -83.398076, 41.689929 ], [ -83.398004, 41.690021 ], [ -83.397958, 41.690079 ], [ -83.398022, 41.690243 ], [ -83.397998, 41.690501 ], [ -83.397993, 41.690563 ], [ -83.397967, 41.690865 ], [ -83.397773, 41.690889 ], [ -83.39764, 41.690959 ], [ -83.397642, 41.691104 ], [ -83.39757, 41.691104 ], [ -83.397571, 41.691152 ], [ -83.39736, 41.691166 ], [ -83.397237, 41.691168 ], [ -83.397184, 41.691168 ], [ -83.396977, 41.69118 ], [ -83.396859, 41.691189 ], [ -83.396801, 41.691193 ], [ -83.39678, 41.691191 ], [ -83.39676, 41.69119 ], [ -83.396718, 41.691187 ], [ -83.396647, 41.691191 ], [ -83.396607, 41.691197 ], [ -83.396591, 41.691199 ], [ -83.396559, 41.691207 ], [ -83.396513, 41.69122 ], [ -83.396446, 41.69123 ], [ -83.396418, 41.69123 ], [ -83.39638, 41.69123 ], [ -83.39633, 41.691231 ], [ -83.39631, 41.691232 ], [ -83.396271, 41.691235 ], [ -83.396226, 41.691245 ], [ -83.396178, 41.691243 ], [ -83.39616, 41.691241 ], [ -83.396119, 41.691235 ], [ -83.396031, 41.691249 ], [ -83.395927, 41.691276 ], [ -83.395844, 41.691296 ], [ -83.395831, 41.691303 ], [ -83.395816, 41.691311 ], [ -83.395804, 41.691324 ], [ -83.395794, 41.691335 ], [ -83.395793, 41.691345 ], [ -83.395792, 41.691359 ], [ -83.395787, 41.691376 ], [ -83.395768, 41.691395 ], [ -83.395734, 41.691404 ], [ -83.395658, 41.691398 ], [ -83.395617, 41.69141 ], [ -83.395553, 41.691442 ], [ -83.395533, 41.691452 ], [ -83.395517, 41.69146 ], [ -83.395393, 41.691516 ], [ -83.395321, 41.691545 ], [ -83.395275, 41.691557 ], [ -83.39523, 41.691564 ], [ -83.395236, 41.691586 ], [ -83.395209, 41.691599 ], [ -83.3952, 41.691633 ], [ -83.395197, 41.691668 ], [ -83.395195, 41.691688 ], [ -83.395193, 41.691744 ], [ -83.395199, 41.691778 ], [ -83.395202, 41.691804 ], [ -83.395209, 41.691835 ], [ -83.395181, 41.69187 ], [ -83.395152, 41.691879 ], [ -83.395164, 41.694321 ], [ -83.394819, 41.694364 ], [ -83.394255, 41.694383 ], [ -83.393577, 41.694359 ], [ -83.39279, 41.69428 ], [ -83.392133, 41.694299 ], [ -83.391547, 41.694339 ], [ -83.391143, 41.694468 ], [ -83.3908, 41.694582 ], [ -83.390351, 41.694713 ], [ -83.390326, 41.691975 ], [ -83.39027, 41.691935 ], [ -83.390258, 41.691905 ], [ -83.390258, 41.691876 ], [ -83.390264, 41.691842 ], [ -83.390275, 41.691801 ], [ -83.390312, 41.691707 ], [ -83.39027, 41.6909 ], [ -83.390281, 41.690662 ], [ -83.390313, 41.690569 ], [ -83.390309, 41.690197 ], [ -83.390307, 41.69003 ], [ -83.390306, 41.689883 ], [ -83.390046, 41.689826 ], [ -83.389787, 41.689769 ], [ -83.389329, 41.689476 ], [ -83.389147, 41.689359 ], [ -83.388996, 41.689262 ], [ -83.388937, 41.689234 ], [ -83.387847, 41.689244 ], [ -83.385716, 41.689264 ], [ -83.385491, 41.68928 ], [ -83.385532, 41.693872 ], [ -83.385361, 41.693804 ], [ -83.385197, 41.693733 ], [ -83.384991, 41.693636 ], [ -83.384597, 41.69349 ], [ -83.384197, 41.693356 ], [ -83.383893, 41.693262 ], [ -83.383655, 41.693193 ], [ -83.383523, 41.693151 ], [ -83.383426, 41.693116 ], [ -83.3833, 41.693065 ], [ -83.383208, 41.693023 ], [ -83.383083, 41.692959 ], [ -83.382947, 41.69288 ], [ -83.382866, 41.692827 ], [ -83.38284, 41.692818 ], [ -83.382449, 41.692677 ], [ -83.38219, 41.692589 ], [ -83.381938, 41.692506 ], [ -83.380668, 41.692119 ], [ -83.380642, 41.68931 ], [ -83.380642, 41.68926 ], [ -83.380643, 41.689069 ], [ -83.380649, 41.687782 ], [ -83.380654, 41.686685 ], [ -83.380621, 41.686677 ], [ -83.380588, 41.68667 ], [ -83.380526, 41.686658 ], [ -83.380487, 41.686652 ], [ -83.380385, 41.686641 ], [ -83.380316, 41.686638 ], [ -83.380247, 41.686637 ], [ -83.379481, 41.686531 ], [ -83.379008, 41.686466 ], [ -83.378755, 41.686431 ], [ -83.378537, 41.686403 ], [ -83.378339, 41.68638 ], [ -83.378181, 41.686362 ], [ -83.377944, 41.686337 ], [ -83.377844, 41.686327 ], [ -83.377742, 41.686317 ], [ -83.377512, 41.686296 ], [ -83.377259, 41.686276 ], [ -83.377042, 41.68626 ], [ -83.376946, 41.686253 ], [ -83.376842, 41.686247 ], [ -83.376717, 41.686239 ], [ -83.37668, 41.686237 ], [ -83.376644, 41.686235 ], [ -83.376608, 41.686233 ], [ -83.376572, 41.686231 ], [ -83.376554, 41.68623 ], [ -83.376499, 41.686227 ], [ -83.376455, 41.686225 ], [ -83.376415, 41.686223 ], [ -83.376391, 41.686222 ], [ -83.376373, 41.686221 ], [ -83.376354, 41.686221 ], [ -83.376339, 41.68622 ], [ -83.376318, 41.686219 ], [ -83.376282, 41.686217 ], [ -83.376246, 41.686216 ], [ -83.37621, 41.686214 ], [ -83.376174, 41.686213 ], [ -83.376136, 41.686212 ], [ -83.376102, 41.686211 ], [ -83.376075, 41.68621 ], [ -83.37603, 41.686209 ], [ -83.375995, 41.686207 ], [ -83.375959, 41.686205 ], [ -83.375911, 41.686203 ], [ -83.375888, 41.686202 ], [ -83.375853, 41.686201 ], [ -83.375856, 41.68588 ], [ -83.375725, 41.685883 ], [ -83.375582, 41.685899 ], [ -83.375461, 41.685919 ], [ -83.375302, 41.685947 ], [ -83.375236, 41.685993 ], [ -83.375227, 41.68604 ], [ -83.375227, 41.686078 ], [ -83.375264, 41.686096 ], [ -83.375302, 41.686096 ], [ -83.37533, 41.686115 ], [ -83.37533, 41.686143 ], [ -83.375311, 41.686162 ], [ -83.375245, 41.686162 ], [ -83.374548, 41.686127 ], [ -83.374525, 41.686103 ], [ -83.374525, 41.686085 ], [ -83.374557, 41.686066 ], [ -83.374599, 41.686057 ], [ -83.374632, 41.686043 ], [ -83.374646, 41.68601 ], [ -83.374651, 41.685977 ], [ -83.374618, 41.685926 ], [ -83.374478, 41.685841 ], [ -83.374305, 41.685804 ], [ -83.37408, 41.685799 ], [ -83.373865, 41.685827 ], [ -83.373673, 41.685902 ], [ -83.373556, 41.685986 ], [ -83.373551, 41.686019 ], [ -83.373556, 41.686043 ], [ -83.373593, 41.686043 ], [ -83.373687, 41.686061 ], [ -83.373687, 41.686094 ], [ -83.373668, 41.686118 ], [ -83.373635, 41.686122 ], [ -83.372896, 41.68608 ], [ -83.372877, 41.686029 ], [ -83.3729, 41.686005 ], [ -83.372938, 41.686005 ], [ -83.373022, 41.685996 ], [ -83.373045, 41.685949 ], [ -83.37305, 41.685907 ], [ -83.373022, 41.685865 ], [ -83.37298, 41.685823 ], [ -83.372896, 41.685776 ], [ -83.372807, 41.685748 ], [ -83.372694, 41.685743 ], [ -83.372577, 41.685734 ], [ -83.372456, 41.685766 ], [ -83.372329, 41.68579 ], [ -83.372278, 41.685818 ], [ -83.372231, 41.685855 ], [ -83.372236, 41.685874 ], [ -83.372306, 41.685991 ], [ -83.372334, 41.686136 ], [ -83.372357, 41.686295 ], [ -83.372353, 41.686384 ], [ -83.372343, 41.686417 ], [ -83.372296, 41.686436 ], [ -83.371874, 41.686688 ], [ -83.371823, 41.686713 ], [ -83.371766, 41.686713 ], [ -83.37171, 41.686693 ], [ -83.371694, 41.686621 ], [ -83.371715, 41.686497 ], [ -83.37171, 41.686405 ], [ -83.371669, 41.686348 ], [ -83.371602, 41.686312 ], [ -83.371525, 41.686302 ], [ -83.371052, 41.686287 ], [ -83.370424, 41.686297 ], [ -83.369679, 41.686888 ], [ -83.368768, 41.686899 ], [ -83.368223, 41.686497 ], [ -83.367108, 41.686514 ], [ -83.366801, 41.686466 ], [ -83.366637, 41.686418 ], [ -83.366369, 41.686264 ], [ -83.366157, 41.686139 ], [ -83.365898, 41.686034 ], [ -83.365725, 41.685938 ], [ -83.365495, 41.685842 ], [ -83.365312, 41.685784 ], [ -83.365043, 41.685755 ], [ -83.364573, 41.685774 ], [ -83.364236, 41.685765 ], [ -83.363891, 41.685794 ], [ -83.363651, 41.685813 ], [ -83.363017, 41.685842 ], [ -83.362229, 41.685899 ], [ -83.361442, 41.685995 ], [ -83.361048, 41.686091 ], [ -83.360779, 41.686091 ], [ -83.360529, 41.686082 ], [ -83.360299, 41.686053 ], [ -83.36002, 41.686053 ], [ -83.3598, 41.686043 ], [ -83.359598, 41.686101 ], [ -83.359329, 41.686206 ], [ -83.35907, 41.686293 ], [ -83.358772, 41.686399 ], [ -83.358541, 41.686514 ], [ -83.358426, 41.686629 ], [ -83.358407, 41.686677 ], [ -83.358445, 41.686696 ], [ -83.358493, 41.686706 ], [ -83.358503, 41.686744 ], [ -83.358503, 41.686783 ], [ -83.35834, 41.686802 ], [ -83.354758, 41.686984 ], [ -83.353365, 41.686984 ], [ -83.352702, 41.687004 ], [ -83.352102, 41.68702 ], [ -83.351809, 41.6871 ], [ -83.351665, 41.687273 ], [ -83.351694, 41.687513 ], [ -83.351646, 41.687724 ], [ -83.351511, 41.687993 ], [ -83.351079, 41.688291 ], [ -83.350733, 41.688588 ], [ -83.350417, 41.689078 ], [ -83.350367, 41.689129 ], [ -83.350013, 41.689491 ], [ -83.349619, 41.68977 ], [ -83.348592, 41.690259 ], [ -83.346709, 41.691018 ], [ -83.345864, 41.691383 ], [ -83.34524, 41.691527 ], [ -83.344347, 41.6917 ], [ -83.343828, 41.691738 ], [ -83.34354, 41.691882 ], [ -83.343108, 41.692315 ], [ -83.342908, 41.692523 ], [ -83.342708, 41.692645 ], [ -83.342622, 41.692885 ], [ -83.342324, 41.693288 ], [ -83.341421, 41.694306 ], [ -83.33975, 41.696121 ], [ -83.339299, 41.696842 ], [ -83.338963, 41.697562 ], [ -83.338742, 41.698282 ], [ -83.338579, 41.699127 ], [ -83.338406, 41.699675 ], [ -83.338214, 41.700462 ], [ -83.338166, 41.701048 ], [ -83.338156, 41.701528 ], [ -83.338233, 41.701864 ], [ -83.338377, 41.702028 ], [ -83.338646, 41.702133 ], [ -83.339222, 41.702325 ], [ -83.339635, 41.702613 ], [ -83.339866, 41.702988 ], [ -83.339866, 41.703257 ], [ -83.339808, 41.703411 ], [ -83.339702, 41.703526 ], [ -83.33952, 41.703545 ], [ -83.339289, 41.703555 ], [ -83.33903, 41.703641 ], [ -83.338626, 41.703791 ], [ -83.338041, 41.704059 ], [ -83.337215, 41.704558 ], [ -83.336331, 41.70525 ], [ -83.336082, 41.70548 ], [ -83.335813, 41.70548 ], [ -83.335333, 41.705307 ], [ -83.331818, 41.703924 ], [ -83.330319, 41.703271 ], [ -83.329532, 41.702791 ], [ -83.328802, 41.702061 ], [ -83.326804, 41.700102 ], [ -83.324788, 41.698085 ], [ -83.324211, 41.697547 ], [ -83.323866, 41.697451 ], [ -83.322924, 41.697413 ], [ -83.322156, 41.697355 ], [ -83.321618, 41.696933 ], [ -83.321196, 41.696376 ], [ -83.320984, 41.696126 ], [ -83.320735, 41.695972 ], [ -83.320312, 41.695876 ], [ -83.319794, 41.695838 ], [ -83.319275, 41.695761 ], [ -83.318545, 41.695492 ], [ -83.3177, 41.695146 ], [ -83.31624, 41.69409 ], [ -83.315164, 41.69313 ], [ -83.314454, 41.69263 ], [ -83.313839, 41.692265 ], [ -83.313128, 41.692016 ], [ -83.312264, 41.691516 ], [ -83.31019, 41.690133 ], [ -83.30823, 41.688942 ], [ -83.307116, 41.688443 ], [ -83.30631, 41.688155 ], [ -83.305926, 41.687963 ], [ -83.305676, 41.687752 ], [ -83.305407, 41.687463 ], [ -83.3044, 41.687134 ], [ -83.303384, 41.686522 ], [ -83.30164, 41.685598 ], [ -83.300152, 41.684726 ], [ -83.298864, 41.68395 ], [ -83.297136, 41.682918 ], [ -83.29596, 41.682166 ], [ -83.295128, 41.681546 ], [ -83.294552, 41.68123 ], [ -83.293928, 41.680846 ], [ -83.29316, 41.68035 ], [ -83.292312, 41.679766 ], [ -83.291472, 41.67923 ], [ -83.290576, 41.678614 ], [ -83.289304, 41.677806 ], [ -83.288208, 41.677062 ], [ -83.287056, 41.676302 ], [ -83.286367, 41.675882 ], [ -83.286143, 41.675718 ], [ -83.285967, 41.675638 ], [ -83.285695, 41.675578 ], [ -83.285519, 41.675586 ], [ -83.285343, 41.67563 ], [ -83.285239, 41.675702 ], [ -83.284919, 41.675874 ], [ -83.284759, 41.675942 ], [ -83.284663, 41.675978 ], [ -83.284327, 41.676142 ], [ -83.284167, 41.676206 ], [ -83.283959, 41.676206 ], [ -83.283879, 41.676174 ], [ -83.283827, 41.675946 ], [ -83.283591, 41.675958 ], [ -83.283227, 41.675846 ], [ -83.283055, 41.675778 ], [ -83.282943, 41.675606 ], [ -83.282887, 41.675446 ], [ -83.282839, 41.67525 ], [ -83.282647, 41.675126 ], [ -83.282527, 41.67509 ], [ -83.282391, 41.674994 ], [ -83.282287, 41.674894 ], [ -83.282159, 41.674778 ], [ -83.282031, 41.674642 ], [ -83.281919, 41.674502 ], [ -83.281823, 41.674426 ], [ -83.281679, 41.674306 ], [ -83.281503, 41.67417 ], [ -83.281295, 41.674082 ], [ -83.281167, 41.674086 ], [ -83.281055, 41.674126 ], [ -83.280919, 41.674094 ], [ -83.280871, 41.673978 ], [ -83.280839, 41.673878 ], [ -83.280703, 41.673766 ], [ -83.280503, 41.673706 ], [ -83.280319, 41.673666 ], [ -83.280135, 41.673594 ], [ -83.279919, 41.673542 ], [ -83.27939, 41.673053 ], [ -83.278595, 41.672378 ], [ -83.27783, 41.671988 ], [ -83.277155, 41.671688 ], [ -83.27633, 41.671103 ], [ -83.27465, 41.670218 ], [ -83.27255, 41.669063 ], [ -83.271575, 41.668462 ], [ -83.270879, 41.668102 ], [ -83.270071, 41.667658 ], [ -83.269359, 41.667246 ], [ -83.269031, 41.66707 ], [ -83.268879, 41.66697 ], [ -83.268535, 41.666778 ], [ -83.267895, 41.66645 ], [ -83.267511, 41.666286 ], [ -83.267311, 41.666126 ], [ -83.266927, 41.665942 ], [ -83.266575, 41.665766 ], [ -83.266351, 41.665606 ], [ -83.266015, 41.665414 ], [ -83.265487, 41.665142 ], [ -83.265135, 41.664942 ], [ -83.264879, 41.664834 ], [ -83.264727, 41.664734 ], [ -83.264623, 41.664654 ], [ -83.264447, 41.664618 ], [ -83.264247, 41.66461 ], [ -83.263999, 41.664614 ], [ -83.263679, 41.66449 ], [ -83.263526, 41.664421 ], [ -83.263271, 41.664306 ], [ -83.262391, 41.663882 ], [ -83.261927, 41.663633 ], [ -83.261735, 41.66353 ], [ -83.261495, 41.663378 ], [ -83.261199, 41.663218 ], [ -83.260863, 41.663034 ], [ -83.260591, 41.66291 ], [ -83.259663, 41.662554 ], [ -83.258895, 41.662262 ], [ -83.258647, 41.662094 ], [ -83.258415, 41.661966 ], [ -83.258239, 41.661822 ], [ -83.257943, 41.661646 ], [ -83.257871, 41.661558 ], [ -83.257239, 41.661298 ], [ -83.256919, 41.66117 ], [ -83.256607, 41.66103 ], [ -83.256334, 41.660886 ], [ -83.25607, 41.660722 ], [ -83.255838, 41.660662 ], [ -83.255366, 41.660458 ], [ -83.254918, 41.660198 ], [ -83.254478, 41.659882 ], [ -83.254102, 41.659634 ], [ -83.253822, 41.659474 ], [ -83.253494, 41.659298 ], [ -83.253126, 41.659046 ], [ -83.253078, 41.658982 ], [ -83.252918, 41.658882 ], [ -83.25243, 41.658602 ], [ -83.252238, 41.658526 ], [ -83.252086, 41.658402 ], [ -83.252014, 41.658342 ], [ -83.251878, 41.658246 ], [ -83.251718, 41.658254 ], [ -83.251574, 41.658266 ], [ -83.25147, 41.658126 ], [ -83.251502, 41.658018 ], [ -83.251182, 41.657874 ], [ -83.250974, 41.65773 ], [ -83.250742, 41.657598 ], [ -83.250606, 41.65751 ], [ -83.25047, 41.657406 ], [ -83.250246, 41.657294 ], [ -83.25003, 41.657158 ], [ -83.249926, 41.657037 ], [ -83.249512, 41.656878 ], [ -83.249446, 41.656826 ], [ -83.248379, 41.655987 ], [ -83.247434, 41.655896 ], [ -83.246945, 41.655713 ], [ -83.243528, 41.653543 ], [ -83.240173, 41.651761 ], [ -83.239654, 41.651281 ], [ -83.239318, 41.650847 ], [ -83.238191, 41.651167 ], [ -83.237825, 41.651168 ], [ -83.237764, 41.65103 ], [ -83.23673, 41.649433 ], [ -83.236346, 41.649126 ], [ -83.235885, 41.648723 ], [ -83.224226, 41.64298 ], [ -83.217532, 41.639748 ], [ -83.217359, 41.639681 ], [ -83.217273, 41.639681 ], [ -83.217234, 41.63969 ], [ -83.217177, 41.639775 ], [ -83.216989, 41.639689 ], [ -83.216785, 41.639625 ], [ -83.216768, 41.63964 ], [ -83.216773, 41.639683 ], [ -83.216797, 41.639736 ], [ -83.216836, 41.639813 ], [ -83.216836, 41.63988 ], [ -83.216816, 41.639923 ], [ -83.216783, 41.639918 ], [ -83.216643, 41.639688 ], [ -83.216619, 41.639625 ], [ -83.216625, 41.639574 ], [ -83.216677, 41.639496 ], [ -83.216696, 41.639414 ], [ -83.216691, 41.639366 ], [ -83.216643, 41.639304 ], [ -83.214048, 41.63802 ], [ -83.212724, 41.63782 ], [ -83.211718, 41.637523 ], [ -83.210925, 41.637135 ], [ -83.208578, 41.636198 ], [ -83.207693, 41.635718 ], [ -83.205438, 41.635123 ], [ -83.204035, 41.634392 ], [ -83.2012, 41.633409 ], [ -83.199645, 41.632951 ], [ -83.19855, 41.632769 ], [ -83.198241, 41.632769 ], [ -83.197756, 41.632559 ], [ -83.196871, 41.632174 ], [ -83.195561, 41.631488 ], [ -83.194646, 41.631145 ], [ -83.194524, 41.631008 ], [ -83.192451, 41.630415 ], [ -83.189585, 41.629477 ], [ -83.186872, 41.628791 ], [ -83.185958, 41.628654 ], [ -83.184952, 41.628654 ], [ -83.184647, 41.628539 ], [ -83.18224, 41.628082 ], [ -83.176296, 41.626229 ], [ -83.17398, 41.625749 ], [ -83.173035, 41.625431 ], [ -83.172109, 41.625048 ], [ -83.170877, 41.62459 ], [ -83.16981, 41.624358 ], [ -83.16728, 41.623878 ], [ -83.166152, 41.623512 ], [ -83.164963, 41.623237 ], [ -83.164842, 41.623186 ], [ -83.16408, 41.622871 ], [ -83.155425, 41.620468 ], [ -83.153993, 41.62001 ], [ -83.145887, 41.617904 ], [ -83.141346, 41.617193 ], [ -83.14031, 41.616964 ], [ -83.139, 41.616781 ], [ -83.136288, 41.616185 ], [ -83.135183, 41.616042 ], [ -83.132713, 41.615746 ], [ -83.131012, 41.61567 ], [ -83.130637, 41.615605 ], [ -83.128789, 41.615389 ], [ -83.128602, 41.61522 ], [ -83.128557, 41.614858 ], [ -83.128362, 41.614878 ], [ -83.128176, 41.614891 ], [ -83.128491, 41.615867 ], [ -83.128422, 41.616252 ], [ -83.128079, 41.61666 ], [ -83.127831, 41.61675 ], [ -83.127395, 41.61645 ], [ -83.126157, 41.615914 ], [ -83.12524, 41.615606 ], [ -83.12432, 41.615298 ], [ -83.119958, 41.614727 ], [ -83.11565, 41.614257 ], [ -83.114648, 41.614305 ], [ -83.114012, 41.614513 ], [ -83.113315, 41.614605 ], [ -83.112695, 41.614561 ], [ -83.112638, 41.614556 ], [ -83.112335, 41.614499 ], [ -83.112014, 41.614407 ], [ -83.111499, 41.614336 ], [ -83.111218, 41.614262 ], [ -83.110418, 41.614125 ], [ -83.109297, 41.613901 ], [ -83.108642, 41.613818 ], [ -83.108308, 41.613695 ], [ -83.107956, 41.613593 ], [ -83.107701, 41.613545 ], [ -83.107327, 41.613475 ], [ -83.106949, 41.613396 ], [ -83.106386, 41.613308 ], [ -83.105695, 41.613245 ], [ -83.10499, 41.613077 ], [ -83.104654, 41.613072 ], [ -83.10424, 41.613484 ], [ -83.103924, 41.613552 ], [ -83.101843, 41.612365 ], [ -83.101029, 41.612045 ], [ -83.09953, 41.611677 ], [ -83.098134, 41.611153 ], [ -83.096712, 41.61079 ], [ -83.091911, 41.60905 ], [ -83.088422, 41.607741 ], [ -83.086037, 41.606675 ], [ -83.085805, 41.60651 ], [ -83.083814, 41.605531 ], [ -83.083065, 41.605264 ], [ -83.082503, 41.604847 ], [ -83.082005, 41.604498 ], [ -83.079666, 41.603413 ], [ -83.079711, 41.603316 ], [ -83.079298, 41.603199 ], [ -83.078833, 41.602927 ], [ -83.075522, 41.600965 ], [ -83.074851, 41.60069 ], [ -83.072749, 41.59941 ], [ -83.072261, 41.599181 ], [ -83.06961, 41.597649 ], [ -83.067664, 41.596159 ], [ -83.066593, 41.59534 ], [ -83.065161, 41.593967 ], [ -83.064125, 41.59303 ], [ -83.064094, 41.592915 ], [ -83.063881, 41.592755 ], [ -83.061901, 41.590125 ], [ -83.061688, 41.589393 ], [ -83.061596, 41.589348 ], [ -83.061596, 41.589211 ], [ -83.061505, 41.589165 ], [ -83.061322, 41.588707 ], [ -83.061352, 41.58793 ], [ -83.061474, 41.587632 ], [ -83.061575, 41.587531 ], [ -83.061588, 41.587107 ], [ -83.061596, 41.586826 ], [ -83.0612, 41.586512 ], [ -83.060895, 41.586123 ], [ -83.059768, 41.585162 ], [ -83.059403, 41.584979 ], [ -83.05919, 41.584705 ], [ -83.057088, 41.583401 ], [ -83.055961, 41.582532 ], [ -83.055656, 41.582052 ], [ -83.054743, 41.581617 ], [ -83.054073, 41.580703 ], [ -83.053281, 41.580611 ], [ -83.052915, 41.580245 ], [ -83.053007, 41.579765 ], [ -83.051453, 41.578255 ], [ -83.05124, 41.577775 ], [ -83.050905, 41.577409 ], [ -83.049931, 41.575854 ], [ -83.049444, 41.575305 ], [ -83.049139, 41.575145 ], [ -83.048878, 41.574825 ], [ -83.048556, 41.574432 ], [ -83.048217, 41.574154 ], [ -83.048238, 41.573369 ], [ -83.047958, 41.572908 ], [ -83.046998, 41.571684 ], [ -83.046259, 41.571266 ], [ -83.045671, 41.570436 ], [ -83.04493, 41.569903 ], [ -83.042984, 41.567892 ], [ -83.03814, 41.563474 ], [ -83.031818, 41.558627 ], [ -83.031191, 41.558496 ], [ -83.030771, 41.558273 ], [ -83.030764, 41.557842 ], [ -83.029849, 41.556991 ], [ -83.029638, 41.556829 ], [ -83.029039, 41.556381 ], [ -83.028284, 41.555815 ], [ -83.028072, 41.555656 ], [ -83.025972, 41.55426 ], [ -83.025972, 41.554168 ], [ -83.025363, 41.553962 ], [ -83.019153, 41.55021 ], [ -83.018544, 41.549981 ], [ -83.017814, 41.550049 ], [ -83.017753, 41.549957 ], [ -83.017844, 41.549729 ], [ -83.017753, 41.549431 ], [ -83.017114, 41.548928 ], [ -83.016049, 41.54847 ], [ -83.014801, 41.548127 ], [ -83.01291, 41.546644 ], [ -83.011975, 41.545911 ], [ -83.011911, 41.545861 ], [ -83.011727, 41.54577 ], [ -83.011239, 41.545654 ], [ -83.009041, 41.544734 ], [ -83.008125, 41.54416 ], [ -83.00782, 41.543885 ], [ -83.007056, 41.543334 ], [ -83.006918, 41.543277 ], [ -83.006115, 41.542946 ], [ -83.005113, 41.542399 ], [ -83.004476, 41.542124 ], [ -83.00393, 41.541736 ], [ -83.003292, 41.541416 ], [ -83.000742, 41.540526 ], [ -83.000382, 41.540298 ], [ -82.999916, 41.540258 ], [ -82.999916, 41.539998 ], [ -82.999913, 41.538533 ], [ -82.9967, 41.536933 ], [ -82.995144, 41.536269 ], [ -82.992702, 41.534966 ], [ -82.991818, 41.534462 ], [ -82.989651, 41.533593 ], [ -82.987211, 41.532404 ], [ -82.984831, 41.531329 ], [ -82.983, 41.530208 ], [ -82.979858, 41.528858 ], [ -82.975741, 41.52689 ], [ -82.974673, 41.526502 ], [ -82.972782, 41.525564 ], [ -82.969579, 41.524213 ], [ -82.968872, 41.523783 ], [ -82.96716, 41.523479 ], [ -82.966893, 41.523431 ], [ -82.966861, 41.523426 ], [ -82.966756, 41.523356 ], [ -82.966036, 41.522876 ], [ -82.965129, 41.522564 ], [ -82.964185, 41.522311 ], [ -82.96279, 41.522015 ], [ -82.962236, 41.521898 ], [ -82.962232, 41.521985 ], [ -82.962229, 41.52206 ], [ -82.962123, 41.522023 ], [ -82.962048, 41.521998 ], [ -82.962042, 41.5221 ], [ -82.962037, 41.522187 ], [ -82.960969, 41.521856 ], [ -82.960958, 41.521889 ], [ -82.960795, 41.52184 ], [ -82.960792, 41.5219 ], [ -82.959826, 41.521763 ], [ -82.959331, 41.521464 ], [ -82.959244, 41.521411 ], [ -82.958851, 41.521203 ], [ -82.958785, 41.521168 ], [ -82.958457, 41.521099 ], [ -82.95555, 41.520619 ], [ -82.953206, 41.520207 ], [ -82.949646, 41.519636 ], [ -82.948337, 41.519202 ], [ -82.946542, 41.518813 ], [ -82.945537, 41.518516 ], [ -82.943995, 41.517994 ], [ -82.943948, 41.517989 ], [ -82.943872, 41.517972 ], [ -82.943818, 41.517977 ], [ -82.943776, 41.51801 ], [ -82.943776, 41.518117 ], [ -82.943768, 41.51815 ], [ -82.94376, 41.518189 ], [ -82.943727, 41.518233 ], [ -82.943689, 41.518242 ], [ -82.943625, 41.51819 ], [ -82.943552, 41.518147 ], [ -82.943333, 41.518145 ], [ -82.943036, 41.518142 ], [ -82.942717, 41.518142 ], [ -82.942525, 41.518142 ], [ -82.942463, 41.518158 ], [ -82.942398, 41.518188 ], [ -82.942359, 41.518198 ], [ -82.942341, 41.518179 ], [ -82.942337, 41.51813 ], [ -82.942379, 41.517768 ], [ -82.942397, 41.517454 ], [ -82.941978, 41.517429 ], [ -82.941673, 41.517372 ], [ -82.941207, 41.517354 ], [ -82.937382, 41.517212 ], [ -82.937092, 41.516786 ], [ -82.93683, 41.517227 ], [ -82.935693, 41.517085 ], [ -82.936406, 41.516322 ], [ -82.936337, 41.51627 ], [ -82.93629, 41.516241 ], [ -82.936146, 41.516156 ], [ -82.936092, 41.516111 ], [ -82.936011, 41.516061 ], [ -82.935958, 41.516012 ], [ -82.935944, 41.515978 ], [ -82.9358, 41.515954 ], [ -82.935403, 41.515436 ], [ -82.934868, 41.515218 ], [ -82.93473, 41.515197 ], [ -82.934565, 41.515155 ], [ -82.934472, 41.51517 ], [ -82.934392, 41.515191 ], [ -82.934321, 41.515201 ], [ -82.934249, 41.515186 ], [ -82.93416, 41.515167 ], [ -82.934138, 41.515156 ], [ -82.934109, 41.515124 ], [ -82.934096, 41.515102 ], [ -82.93406, 41.515067 ], [ -82.934049, 41.515035 ], [ -82.934036, 41.515003 ], [ -82.933992, 41.514959 ], [ -82.933924, 41.514932 ], [ -82.933866, 41.514909 ], [ -82.933867, 41.514979 ], [ -82.93387, 41.515297 ], [ -82.932861, 41.515019 ], [ -82.932503, 41.514905 ], [ -82.932372, 41.514864 ], [ -82.932257, 41.514916 ], [ -82.932064, 41.51487 ], [ -82.931935, 41.514761 ], [ -82.931618, 41.514725 ], [ -82.931503, 41.51481 ], [ -82.931431, 41.514865 ], [ -82.931153, 41.514854 ], [ -82.931061, 41.514831 ], [ -82.930962, 41.514722 ], [ -82.930897, 41.514809 ], [ -82.930717, 41.514812 ], [ -82.930645, 41.514733 ], [ -82.93054, 41.514703 ], [ -82.930447, 41.514827 ], [ -82.930167, 41.514851 ], [ -82.929911, 41.514854 ], [ -82.929701, 41.514753 ], [ -82.929529, 41.514773 ], [ -82.929405, 41.514738 ], [ -82.9294, 41.5146 ], [ -82.929104, 41.514536 ], [ -82.928922, 41.514925 ], [ -82.92667, 41.514948 ], [ -82.925823, 41.515028 ], [ -82.923991, 41.515204 ], [ -82.91738, 41.515838 ], [ -82.917244, 41.515851 ], [ -82.917226, 41.515969 ], [ -82.917205, 41.516029 ], [ -82.917188, 41.516036 ], [ -82.917144, 41.516054 ], [ -82.917128, 41.516055 ], [ -82.917042, 41.516062 ], [ -82.916785, 41.516063 ], [ -82.916736, 41.516063 ], [ -82.916666, 41.516071 ], [ -82.916586, 41.51608 ], [ -82.916431, 41.516099 ], [ -82.91639, 41.516098 ], [ -82.916274, 41.516096 ], [ -82.91616, 41.516082 ], [ -82.91614, 41.516082 ], [ -82.916112, 41.516086 ], [ -82.9161, 41.516088 ], [ -82.91608, 41.516104 ], [ -82.916066, 41.516116 ], [ -82.916046, 41.516134 ], [ -82.915989, 41.516133 ], [ -82.915859, 41.516124 ], [ -82.915676, 41.516161 ], [ -82.91468, 41.516364 ], [ -82.912307, 41.516295 ], [ -82.912036, 41.516391 ], [ -82.910694, 41.516866 ], [ -82.910521, 41.516895 ], [ -82.90975, 41.517026 ], [ -82.909526, 41.517046 ], [ -82.909504, 41.517048 ], [ -82.908777, 41.517117 ], [ -82.907712, 41.516911 ], [ -82.907654, 41.516919 ], [ -82.907194, 41.51698 ], [ -82.906438, 41.5173 ], [ -82.906115, 41.51734 ], [ -82.905393, 41.517397 ], [ -82.903778, 41.517612 ], [ -82.903328, 41.517665 ], [ -82.902932, 41.518191 ], [ -82.902549, 41.518275 ], [ -82.902118, 41.518369 ], [ -82.900976, 41.518621 ], [ -82.90052, 41.518738 ], [ -82.90022, 41.518805 ], [ -82.899902, 41.518859 ], [ -82.898306, 41.519081 ], [ -82.89785, 41.51915 ], [ -82.897728, 41.519241 ], [ -82.897606, 41.519539 ], [ -82.897302, 41.51963 ], [ -82.896724, 41.519515 ], [ -82.892919, 41.520543 ], [ -82.8882, 41.522508 ], [ -82.885673, 41.524154 ], [ -82.883298, 41.525411 ], [ -82.880893, 41.526279 ], [ -82.878507, 41.527568 ], [ -82.877635, 41.528039 ], [ -82.876092, 41.529093 ], [ -82.87604, 41.529129 ], [ -82.875229, 41.529684 ], [ -82.874912, 41.529957 ], [ -82.869422, 41.533962 ], [ -82.869118, 41.534419 ], [ -82.868967, 41.535151 ], [ -82.868997, 41.535288 ], [ -82.868358, 41.536021 ], [ -82.864617, 41.538721 ], [ -82.861275, 41.542548 ], [ -82.861241, 41.542588 ], [ -82.86125, 41.542661 ], [ -82.861302, 41.543069 ], [ -82.861759, 41.544098 ], [ -82.861482, 41.544577 ], [ -82.861455, 41.544624 ], [ -82.860723, 41.545058 ], [ -82.858991, 41.546089 ], [ -82.857378, 41.547439 ], [ -82.857165, 41.547622 ], [ -82.85677, 41.548262 ], [ -82.856922, 41.548834 ], [ -82.856862, 41.549772 ], [ -82.856558, 41.550527 ], [ -82.856437, 41.551122 ], [ -82.855706, 41.551785 ], [ -82.85522, 41.55222 ], [ -82.85522, 41.552563 ], [ -82.855342, 41.552792 ], [ -82.855829, 41.553043 ], [ -82.85586, 41.553501 ], [ -82.85622, 41.553988 ], [ -82.856121, 41.554547 ], [ -82.856013, 41.555216 ], [ -82.855831, 41.555902 ], [ -82.854363, 41.557539 ], [ -82.854066, 41.55787 ], [ -82.853544, 41.558371 ], [ -82.8532, 41.558699 ], [ -82.852849, 41.559037 ], [ -82.85199, 41.560102 ], [ -82.851723, 41.560433 ], [ -82.851527, 41.561057 ], [ -82.851707, 41.56126 ], [ -82.852638, 41.562193 ], [ -82.853369, 41.562582 ], [ -82.854649, 41.563473 ], [ -82.855197, 41.564114 ], [ -82.855594, 41.565349 ], [ -82.855808, 41.566241 ], [ -82.856509, 41.567224 ], [ -82.856905, 41.56775 ], [ -82.857664, 41.569795 ], [ -82.859408, 41.57461 ], [ -82.859774, 41.575434 ], [ -82.859556, 41.576274 ], [ -82.859531, 41.576371 ], [ -82.859149, 41.576802 ], [ -82.858618, 41.577401 ], [ -82.857644, 41.578339 ], [ -82.857005, 41.579071 ], [ -82.854722, 41.580765 ], [ -82.854144, 41.582252 ], [ -82.853687, 41.582847 ], [ -82.852957, 41.583327 ], [ -82.851464, 41.583694 ], [ -82.849941, 41.584175 ], [ -82.84918, 41.584632 ], [ -82.848631, 41.585021 ], [ -82.848205, 41.585387 ], [ -82.847657, 41.585639 ], [ -82.843941, 41.586418 ], [ -82.838518, 41.587197 ], [ -82.837909, 41.587129 ], [ -82.838092, 41.587655 ], [ -82.83794, 41.587727 ], [ -82.837411, 41.587979 ], [ -82.836843, 41.588249 ], [ -82.836264, 41.587198 ], [ -82.836112, 41.587129 ], [ -82.835198, 41.587381 ], [ -82.834101, 41.587587 ], [ -82.832944, 41.588045 ], [ -82.832791, 41.588045 ], [ -82.832456, 41.58777 ], [ -82.832517, 41.587313 ], [ -82.832791, 41.58681 ], [ -82.832821, 41.586444 ], [ -82.832577, 41.585963 ], [ -82.831297, 41.58466 ], [ -82.831044, 41.584135 ], [ -82.830901, 41.583837 ], [ -82.830676, 41.583591 ], [ -82.830231, 41.583105 ], [ -82.828157, 41.581317 ], [ -82.827976, 41.581161 ], [ -82.827245, 41.580223 ], [ -82.826909, 41.579377 ], [ -82.825721, 41.577708 ], [ -82.82368, 41.575604 ], [ -82.822827, 41.574895 ], [ -82.822553, 41.574437 ], [ -82.822431, 41.573614 ], [ -82.822034, 41.572722 ], [ -82.821456, 41.572036 ], [ -82.820207, 41.570664 ], [ -82.819201, 41.570023 ], [ -82.817739, 41.569314 ], [ -82.817127, 41.5692 ], [ -82.815271, 41.567119 ], [ -82.813782, 41.566249 ], [ -82.813836, 41.566223 ], [ -82.813992, 41.565772 ], [ -82.814743, 41.563603 ], [ -82.815161, 41.562396 ], [ -82.816331, 41.561472 ], [ -82.817136, 41.560836 ], [ -82.818582, 41.559695 ], [ -82.818866, 41.559658 ], [ -82.824292, 41.558955 ], [ -82.827041, 41.55514 ], [ -82.827766, 41.554135 ], [ -82.827841, 41.553537 ], [ -82.828665, 41.552662 ], [ -82.828838, 41.552378 ], [ -82.832309, 41.549564 ], [ -82.83254, 41.549234 ], [ -82.832626, 41.548988 ], [ -82.832626, 41.548433 ], [ -82.832593, 41.547778 ], [ -82.832524, 41.547341 ], [ -82.832334, 41.546444 ], [ -82.832171, 41.545972 ], [ -82.832129, 41.545878 ], [ -82.832082, 41.545769 ], [ -82.832055, 41.545706 ], [ -82.832001, 41.545511 ], [ -82.82844, 41.545549 ], [ -82.828527, 41.544409 ], [ -82.828528, 41.543522 ], [ -82.828368, 41.542869 ], [ -82.828293, 41.542659 ], [ -82.828047, 41.542522 ], [ -82.827726, 41.542353 ], [ -82.827416, 41.542175 ], [ -82.827298, 41.542014 ], [ -82.827267, 41.541707 ], [ -82.82731, 41.541264 ], [ -82.827302, 41.538861 ], [ -82.830289, 41.538839 ], [ -82.852095, 41.529775 ], [ -82.852107, 41.528745 ], [ -82.852113, 41.527019 ], [ -82.851854, 41.527155 ], [ -82.851551, 41.527301 ], [ -82.851242, 41.527439 ], [ -82.850823, 41.527614 ], [ -82.849714, 41.528059 ], [ -82.848493, 41.528539 ], [ -82.847425, 41.528946 ], [ -82.846727, 41.529205 ], [ -82.84624, 41.529379 ], [ -82.84591, 41.529487 ], [ -82.845575, 41.529586 ], [ -82.845236, 41.529676 ], [ -82.844893, 41.529757 ], [ -82.844545, 41.529827 ], [ -82.844078, 41.529908 ], [ -82.836745, 41.531031 ], [ -82.835012, 41.531294 ], [ -82.83381, 41.531477 ], [ -82.83328, 41.53155 ], [ -82.833042, 41.531574 ], [ -82.832802, 41.531591 ], [ -82.832503, 41.531602 ], [ -82.832406, 41.531603 ], [ -82.832143, 41.531605 ], [ -82.830055, 41.531583 ], [ -82.830052, 41.531153 ], [ -82.830029, 41.530287 ], [ -82.829989, 41.529118 ], [ -82.833065, 41.529064 ], [ -82.833048, 41.527911 ], [ -82.833036, 41.527097 ], [ -82.834281, 41.52707 ], [ -82.834217, 41.525093 ], [ -82.838768, 41.524996 ], [ -82.840953, 41.52495 ], [ -82.840885, 41.523099 ], [ -82.840767, 41.519887 ], [ -82.839119, 41.519922 ], [ -82.839059, 41.517676 ], [ -82.829553, 41.517924 ], [ -82.829492, 41.516203 ], [ -82.829388, 41.513221 ], [ -82.82934, 41.511631 ], [ -82.82929, 41.510329 ], [ -82.829251, 41.509655 ], [ -82.829191, 41.508082 ], [ -82.829188, 41.507848 ], [ -82.82914, 41.507612 ], [ -82.829116, 41.507354 ], [ -82.829105, 41.506947 ], [ -82.829086, 41.506208 ], [ -82.829093, 41.506035 ], [ -82.829054, 41.505475 ], [ -82.829028, 41.505242 ], [ -82.829015, 41.504993 ], [ -82.829025, 41.504825 ], [ -82.828968, 41.503187 ], [ -82.828834, 41.500065 ], [ -82.828807, 41.499422 ], [ -82.82886, 41.499376 ], [ -82.828916, 41.499342 ], [ -82.829189, 41.499244 ], [ -82.829293, 41.499215 ], [ -82.829383, 41.496763 ], [ -82.829416, 41.495969 ], [ -82.829041, 41.495683 ], [ -82.828035, 41.494764 ], [ -82.827156, 41.493844 ], [ -82.825715, 41.492201 ], [ -82.824364, 41.490655 ], [ -82.822839, 41.48882 ], [ -82.819491, 41.484952 ], [ -82.820325, 41.48471 ], [ -82.828317, 41.481802 ], [ -82.832139, 41.480411 ], [ -82.833232, 41.480044 ], [ -82.834236, 41.479708 ], [ -82.834325, 41.479678 ], [ -82.834362, 41.479666 ], [ -82.8344, 41.479653 ], [ -82.834449, 41.479637 ], [ -82.842711, 41.476563 ], [ -82.850809, 41.473759 ], [ -82.856104, 41.471923 ], [ -82.856706, 41.471746 ], [ -82.86308, 41.469875 ], [ -82.874915, 41.467112 ], [ -82.90665, 41.460215 ], [ -82.910899, 41.459397 ], [ -82.91439, 41.458822 ], [ -82.916221, 41.45868 ], [ -82.920239, 41.458443 ], [ -82.952224, 41.458239 ], [ -82.971842, 41.458069 ], [ -82.974572, 41.458046 ], [ -82.991459, 41.457907 ], [ -82.999916, 41.457846 ], [ -83.00286, 41.457825 ], [ -83.002644, 41.449187 ], [ -83.002747, 41.448151 ], [ -83.003525, 41.448683 ], [ -83.003718, 41.448304 ], [ -83.00454, 41.447756 ], [ -83.0053, 41.447687 ], [ -83.00609, 41.447002 ], [ -83.006729, 41.44659 ], [ -83.007337, 41.44611 ], [ -83.007338, 41.445836 ], [ -83.006487, 41.445446 ], [ -83.006335, 41.445263 ], [ -83.005575, 41.445172 ], [ -83.00515, 41.444966 ], [ -83.005241, 41.444714 ], [ -83.005929, 41.444695 ], [ -83.006371, 41.444145 ], [ -83.005995, 41.444144 ], [ -83.008538, 41.443446 ], [ -83.00876, 41.443318 ], [ -83.005601, 41.443217 ], [ -83.005527, 41.443215 ], [ -83.003148, 41.444173 ], [ -83.001751, 41.446795 ], [ -83.001563, 41.447342 ], [ -83.001546, 41.447392 ], [ -82.999915, 41.447366 ], [ -82.999915, 41.438833 ], [ -83.000339, 41.438834 ], [ -83.001204, 41.438262 ], [ -83.001417, 41.438262 ], [ -83.00166, 41.438514 ], [ -83.002055, 41.438674 ], [ -83.002298, 41.438583 ], [ -83.002724, 41.438126 ], [ -83.003181, 41.437234 ], [ -83.003152, 41.435153 ], [ -83.003244, 41.434764 ], [ -83.003153, 41.433735 ], [ -83.002971, 41.433414 ], [ -83.001514, 41.432453 ], [ -83.000936, 41.432293 ], [ -83.000357, 41.432018 ], [ -82.999915, 41.431995 ], [ -82.999322, 41.431798 ], [ -82.999057, 41.431619 ], [ -82.999328, 41.431257 ], [ -82.999491, 41.431064 ], [ -82.999579, 41.430871 ], [ -82.999375, 41.430757 ], [ -82.999322, 41.430628 ], [ -82.999336, 41.430474 ], [ -82.999368, 41.430385 ], [ -82.999778, 41.43021 ], [ -82.999842, 41.430202 ], [ -82.999915, 41.430119 ], [ -83.000297, 41.430028 ], [ -83.000388, 41.429548 ], [ -83.001426, 41.428931 ], [ -83.0017, 41.42813 ], [ -83.003159, 41.427971 ], [ -83.003166, 41.427876 ], [ -83.003189, 41.427582 ], [ -83.003288, 41.427363 ], [ -83.003737, 41.42637 ], [ -83.004589, 41.424975 ], [ -83.005837, 41.423009 ], [ -83.006445, 41.421957 ], [ -83.006507, 41.420998 ], [ -83.006538, 41.42054 ], [ -83.006902, 41.419191 ], [ -83.007146, 41.417796 ], [ -83.007359, 41.416355 ], [ -83.008119, 41.415738 ], [ -83.008331, 41.415395 ], [ -83.008374, 41.414829 ], [ -83.007784, 41.414879 ], [ -83.007481, 41.414925 ], [ -83.007181, 41.414985 ], [ -83.006622, 41.415104 ], [ -83.006388, 41.415136 ], [ -83.006233, 41.415147 ], [ -83.004309, 41.415195 ], [ -83.001657, 41.415262 ], [ -82.998158, 41.415341 ], [ -82.997169, 41.41535 ], [ -82.997061, 41.415343 ], [ -82.996956, 41.415328 ], [ -82.996853, 41.415305 ], [ -82.996754, 41.415275 ], [ -82.995289, 41.414535 ], [ -82.991545, 41.412582 ], [ -82.990941, 41.41227 ], [ -82.982607, 41.407959 ], [ -82.982402, 41.40768 ], [ -82.9826, 41.407612 ], [ -82.982771, 41.407553 ], [ -82.98332, 41.407375 ], [ -82.989906, 41.405144 ], [ -82.991813, 41.40449 ], [ -82.997121, 41.402668 ], [ -82.997132, 41.401816 ], [ -82.997146, 41.401364 ], [ -82.997174, 41.399676 ], [ -82.997215, 41.398148 ], [ -82.997284, 41.394697 ], [ -82.99734, 41.392271 ], [ -82.997367, 41.390582 ], [ -82.997428, 41.388051 ], [ -82.997438, 41.387932 ], [ -82.995736, 41.387398 ], [ -82.992675, 41.386448 ], [ -82.992578, 41.386428 ], [ -82.992595, 41.385983 ], [ -82.992665, 41.379596 ], [ -82.992666, 41.379506 ], [ -82.992679, 41.377345 ], [ -82.992686, 41.377119 ], [ -82.99271, 41.376464 ], [ -82.992748, 41.375055 ], [ -82.992817, 41.371249 ], [ -82.992826, 41.370747 ], [ -82.992859, 41.368922 ], [ -82.992893, 41.367637 ], [ -82.992895, 41.367349 ], [ -82.992943, 41.364605 ], [ -82.992964, 41.362795 ], [ -82.992967, 41.362735 ], [ -82.992969, 41.362709 ], [ -82.993012, 41.360053 ], [ -82.993042, 41.357357 ], [ -82.993045, 41.357094 ], [ -82.993095, 41.355289 ], [ -82.993214, 41.350211 ], [ -82.993221, 41.350109 ], [ -82.991503, 41.350142 ], [ -82.990389, 41.350153 ], [ -82.986157, 41.350227 ], [ -82.985122, 41.350236 ], [ -82.984725, 41.35024 ], [ -82.983463, 41.350267 ], [ -82.98164, 41.350289 ], [ -82.981641, 41.354762 ], [ -82.978305, 41.354798 ], [ -82.97835, 41.357585 ], [ -82.973947, 41.357656 ], [ -82.973994, 41.355772 ], [ -82.974026, 41.35451 ], [ -82.974075, 41.353279 ], [ -82.974118, 41.351849 ], [ -82.974142, 41.350653 ], [ -82.974142, 41.350413 ], [ -82.974141, 41.349363 ], [ -82.974157, 41.348643 ], [ -82.974203, 41.345396 ], [ -82.974212, 41.344383 ], [ -82.974222, 41.343899 ], [ -82.974254, 41.343725 ], [ -82.974298, 41.343527 ], [ -82.974337, 41.343381 ], [ -82.974423, 41.343161 ], [ -82.974464, 41.343025 ], [ -82.974501, 41.342921 ], [ -82.974521, 41.342833 ], [ -82.974593, 41.342545 ], [ -82.97462, 41.342328 ], [ -82.974652, 41.340592 ], [ -82.974653, 41.340554 ], [ -82.97471, 41.336986 ], [ -82.97477, 41.331755 ], [ -82.974777, 41.329884 ], [ -82.974772, 41.328728 ], [ -82.975595, 41.328719 ], [ -82.977655, 41.328712 ], [ -82.978106, 41.328711 ], [ -82.982258, 41.328714 ], [ -82.983822, 41.328711 ], [ -82.98457, 41.328709 ], [ -82.987294, 41.328709 ], [ -82.987511, 41.328707 ], [ -82.987517, 41.328899 ], [ -82.987392, 41.329375 ], [ -82.987328, 41.329895 ], [ -82.987723, 41.330353 ], [ -82.988451, 41.330878 ], [ -82.988755, 41.331038 ], [ -82.989392, 41.331107 ], [ -82.990879, 41.331175 ], [ -82.991941, 41.331471 ], [ -82.993247, 41.332203 ], [ -82.994021, 41.332244 ], [ -82.994009, 41.329621 ], [ -82.994013, 41.328936 ], [ -82.993995, 41.328686 ], [ -82.992936, 41.328702 ], [ -82.990047, 41.328706 ], [ -82.989247, 41.328702 ], [ -82.989266, 41.328223 ], [ -82.989218, 41.32231 ], [ -82.989227, 41.320522 ], [ -82.989228, 41.320339 ], [ -82.989228, 41.320315 ], [ -82.989228, 41.320253 ], [ -82.989228, 41.319699 ], [ -82.989229, 41.318731 ], [ -82.989771, 41.318725 ], [ -82.992471, 41.318726 ], [ -82.992469, 41.319684 ], [ -82.992464, 41.32145 ], [ -82.994014, 41.32144 ], [ -82.994004, 41.32506 ], [ -82.994923, 41.325045 ], [ -82.994977, 41.325044 ], [ -82.994971, 41.322707 ], [ -82.997492, 41.322651 ], [ -82.998616, 41.322605 ], [ -82.998859, 41.322593 ], [ -83.000478, 41.322617 ], [ -83.000958, 41.322563 ], [ -83.001154, 41.322541 ], [ -83.001702, 41.322741 ], [ -83.002829, 41.323626 ], [ -83.003436, 41.323878 ], [ -83.003496, 41.324015 ], [ -83.003479, 41.326334 ], [ -83.006588, 41.326426 ], [ -83.006603, 41.328625 ], [ -83.006619, 41.328625 ], [ -83.007427, 41.328625 ], [ -83.008153, 41.328624 ], [ -83.008545, 41.328623 ], [ -83.010053, 41.328622 ], [ -83.011936, 41.32862 ], [ -83.014372, 41.328625 ], [ -83.016745, 41.328625 ], [ -83.018223, 41.328635 ], [ -83.018215, 41.3276 ], [ -83.018223, 41.326355 ], [ -83.018248, 41.324183 ], [ -83.01825, 41.323043 ], [ -83.018261, 41.322167 ], [ -83.018271, 41.321918 ], [ -83.018339, 41.321938 ], [ -83.018891, 41.322098 ], [ -83.019734, 41.322334 ], [ -83.020216, 41.322468 ], [ -83.020562, 41.322563 ], [ -83.02113, 41.322719 ], [ -83.022899, 41.3232 ], [ -83.022927, 41.323208 ], [ -83.029301, 41.324944 ], [ -83.031638, 41.325585 ], [ -83.032552, 41.325832 ], [ -83.032562, 41.325692 ], [ -83.032553, 41.325142 ], [ -83.032566, 41.323727 ], [ -83.032567, 41.322344 ], [ -83.032569, 41.320713 ], [ -83.032563, 41.319187 ], [ -83.032562, 41.318814 ], [ -83.032581, 41.318652 ], [ -83.032568, 41.315502 ], [ -83.032567, 41.314621 ], [ -83.032567, 41.314522 ], [ -83.032567, 41.313839 ], [ -83.032571, 41.313606 ], [ -83.032579, 41.313441 ], [ -83.032584, 41.312719 ], [ -83.0326, 41.310676 ], [ -83.032628, 41.309447 ], [ -83.032641, 41.308494 ], [ -83.032658, 41.307692 ], [ -83.032661, 41.307011 ], [ -83.032642, 41.306902 ], [ -83.032623, 41.306842 ], [ -83.032678, 41.306132 ], [ -83.032755, 41.301663 ], [ -83.032762, 41.301309 ], [ -83.032818, 41.299091 ], [ -83.032841, 41.29767 ], [ -83.032881, 41.295258 ], [ -83.032944, 41.291356 ], [ -83.032941, 41.29092 ], [ -83.032931, 41.290715 ], [ -83.034875, 41.29026 ], [ -83.036246, 41.289935 ], [ -83.0379, 41.289537 ], [ -83.037869, 41.289479 ], [ -83.037854, 41.289405 ], [ -83.037852, 41.28891 ], [ -83.03859, 41.288716 ], [ -83.038623, 41.28811 ], [ -83.037807, 41.287205 ], [ -83.037827, 41.285987 ], [ -83.037841, 41.285139 ], [ -83.041088, 41.28515 ], [ -83.041109, 41.281851 ], [ -83.043073, 41.281891 ], [ -83.043083, 41.278499 ], [ -83.048099, 41.278551 ], [ -83.048138, 41.278737 ], [ -83.048467, 41.279258 ], [ -83.048716, 41.27962 ], [ -83.049123, 41.279972 ], [ -83.049384, 41.280266 ], [ -83.049882, 41.280526 ], [ -83.05029, 41.280708 ], [ -83.051985, 41.281007 ], [ -83.052344, 41.280947 ], [ -83.052334, 41.28141 ], [ -83.052331, 41.281826 ], [ -83.052326, 41.282404 ], [ -83.052316, 41.283595 ], [ -83.052238, 41.288579 ], [ -83.0529, 41.288622 ], [ -83.055172, 41.28875 ], [ -83.05803, 41.28891 ], [ -83.05894, 41.288969 ], [ -83.059025, 41.288983 ], [ -83.059101, 41.289012 ], [ -83.05916, 41.289054 ], [ -83.059208, 41.289111 ], [ -83.059232, 41.289174 ], [ -83.059473, 41.291889 ], [ -83.059494, 41.292059 ], [ -83.059545, 41.292311 ], [ -83.059578, 41.292423 ], [ -83.06178, 41.292386 ], [ -83.062923, 41.292376 ], [ -83.064786, 41.292369 ], [ -83.066352, 41.292368 ], [ -83.070159, 41.292344 ], [ -83.07094, 41.292334 ], [ -83.070953, 41.291812 ], [ -83.071028, 41.289516 ], [ -83.071102, 41.286956 ], [ -83.071183, 41.284924 ], [ -83.071261, 41.283201 ], [ -83.071282, 41.28272 ], [ -83.081387, 41.282528 ], [ -83.081418, 41.27861 ], [ -83.076479, 41.27861 ], [ -83.076789, 41.271384 ], [ -83.077158, 41.271385 ], [ -83.078808, 41.271372 ], [ -83.07929, 41.271371 ], [ -83.085313, 41.27136 ], [ -83.087867, 41.271345 ], [ -83.089428, 41.271341 ], [ -83.090237, 41.271332 ], [ -83.091057, 41.271334 ], [ -83.091087, 41.270647 ], [ -83.091284, 41.268009 ], [ -83.091498, 41.26505 ], [ -83.091561, 41.264053 ], [ -83.092319, 41.264043 ], [ -83.093427, 41.26404 ], [ -83.095893, 41.264023 ], [ -83.098243, 41.264013 ], [ -83.098719, 41.264009 ], [ -83.099094, 41.264007 ], [ -83.101564, 41.263988 ], [ -83.101721, 41.263987 ], [ -83.104957, 41.263978 ], [ -83.105588, 41.263972 ], [ -83.105948, 41.263968 ], [ -83.109299, 41.263947 ], [ -83.110748, 41.263942 ], [ -83.112093, 41.263928 ], [ -83.114314, 41.26392 ], [ -83.115308, 41.263909 ], [ -83.115999, 41.263905 ], [ -83.120399, 41.263882 ], [ -83.122478, 41.263859 ], [ -83.121889, 41.263541 ], [ -83.11661, 41.262352 ], [ -83.116308, 41.262078 ], [ -83.116218, 41.261509 ], [ -83.114922, 41.260824 ], [ -83.1148, 41.260665 ], [ -83.114771, 41.260369 ], [ -83.11619, 41.258685 ], [ -83.116885, 41.257502 ], [ -83.116878, 41.256588 ], [ -83.116925, 41.256589 ], [ -83.119015, 41.256569 ], [ -83.121652, 41.256557 ], [ -83.124941, 41.256499 ], [ -83.125196, 41.256494 ], [ -83.128696, 41.256447 ], [ -83.129741, 41.256426 ], [ -83.131606, 41.256396 ], [ -83.131661, 41.256392 ], [ -83.133793, 41.256337 ], [ -83.139447, 41.256176 ], [ -83.141283, 41.256127 ], [ -83.147411, 41.255953 ], [ -83.147436, 41.255951 ], [ -83.147462, 41.255951 ], [ -83.153768, 41.255772 ], [ -83.154557, 41.25575 ], [ -83.154967, 41.255738 ], [ -83.155006, 41.255738 ], [ -83.155019, 41.255736 ], [ -83.159044, 41.255645 ], [ -83.163786, 41.255523 ], [ -83.16761, 41.255454 ], [ -83.168211, 41.255453 ], [ -83.173273, 41.255319 ], [ -83.178121, 41.255175 ], [ -83.179447, 41.255139 ], [ -83.182752, 41.255048 ], [ -83.184461, 41.255001 ], [ -83.185461, 41.254974 ], [ -83.186139, 41.254956 ], [ -83.18697, 41.254933 ], [ -83.187728, 41.254912 ], [ -83.187755, 41.254913 ], [ -83.187798, 41.25491 ], [ -83.191757, 41.254675 ], [ -83.194118, 41.254535 ], [ -83.195511, 41.254452 ], [ -83.197131, 41.254356 ], [ -83.197363, 41.254342 ], [ -83.202154, 41.254036 ], [ -83.206953, 41.253746 ], [ -83.206977, 41.253744 ], [ -83.20699, 41.253743 ], [ -83.216421, 41.253252 ], [ -83.219406, 41.253195 ], [ -83.223689, 41.253112 ], [ -83.224785, 41.253115 ], [ -83.224827, 41.25309 ], [ -83.224904, 41.253038 ], [ -83.224915, 41.253031 ], [ -83.224974, 41.252991 ], [ -83.224998, 41.252975 ], [ -83.228206, 41.250735 ], [ -83.228253, 41.250052 ], [ -83.228434, 41.249621 ], [ -83.228411, 41.247175 ], [ -83.228412, 41.246871 ], [ -83.228217, 41.246873 ], [ -83.226513, 41.246893 ], [ -83.225856, 41.246899 ], [ -83.225852, 41.246852 ], [ -83.225834, 41.246451 ], [ -83.225846, 41.246005 ], [ -83.225853, 41.245182 ], [ -83.22584, 41.243518 ], [ -83.225827, 41.241959 ], [ -83.225799, 41.23963 ], [ -83.22814, 41.239623 ], [ -83.228341, 41.239622 ], [ -83.228886, 41.239632 ], [ -83.230483, 41.239627 ], [ -83.234271, 41.239623 ], [ -83.234888, 41.239612 ], [ -83.235425, 41.239603 ], [ -83.235404, 41.238583 ], [ -83.235389, 41.237873 ], [ -83.235388, 41.237833 ], [ -83.235383, 41.237579 ], [ -83.23835, 41.237558 ], [ -83.240311, 41.242214 ], [ -83.240313, 41.242602 ], [ -83.24247, 41.241193 ], [ -83.242797, 41.240978 ], [ -83.24496, 41.239567 ], [ -83.245049, 41.239509 ], [ -83.245119, 41.239463 ], [ -83.248677, 41.237161 ], [ -83.248888, 41.237033 ], [ -83.249108, 41.236915 ], [ -83.249328, 41.236809 ], [ -83.254357, 41.234534 ], [ -83.254338, 41.232123 ], [ -83.254298, 41.224856 ], [ -83.254184, 41.21755 ], [ -83.254159, 41.215777 ], [ -83.254082, 41.210289 ], [ -83.254231, 41.207564 ], [ -83.256847, 41.206647 ], [ -83.264874, 41.203839 ], [ -83.272051, 41.201329 ], [ -83.284211, 41.197056 ], [ -83.284179, 41.196153 ], [ -83.284184, 41.19526 ], [ -83.284195, 41.194148 ], [ -83.284205, 41.193377 ], [ -83.284221, 41.192372 ], [ -83.284324, 41.188515 ], [ -83.284522, 41.181217 ], [ -83.283116, 41.181192 ], [ -83.279923, 41.181163 ], [ -83.279755, 41.181161 ], [ -83.27971, 41.181161 ], [ -83.275306, 41.181146 ], [ -83.274991, 41.181147 ], [ -83.275253, 41.173858 ], [ -83.275586, 41.166521 ], [ -83.276107, 41.166531 ], [ -83.278149, 41.166559 ], [ -83.284138, 41.166636 ], [ -83.285, 41.166651 ], [ -83.285263, 41.166649 ], [ -83.285277, 41.166215 ], [ -83.285328, 41.164701 ], [ -83.285209, 41.161339 ], [ -83.285191, 41.161068 ], [ -83.285155, 41.160774 ], [ -83.285102, 41.160481 ], [ -83.285056, 41.160181 ], [ -83.285032, 41.159925 ], [ -83.285006, 41.159657 ], [ -83.284976, 41.159347 ], [ -83.284961, 41.158866 ], [ -83.284971, 41.157835 ], [ -83.285033, 41.152653 ], [ -83.285283, 41.152655 ], [ -83.289825, 41.152683 ], [ -83.294676, 41.152714 ], [ -83.300652, 41.152755 ], [ -83.304256, 41.15278 ], [ -83.304258, 41.15268 ], [ -83.304404, 41.145437 ], [ -83.304474, 41.137163 ], [ -83.29965, 41.136485 ], [ -83.285275, 41.134425 ], [ -83.280042, 41.133569 ], [ -83.280051, 41.132984 ], [ -83.280052, 41.132933 ], [ -83.280058, 41.132504 ], [ -83.279244, 41.132457 ], [ -83.276626, 41.132266 ], [ -83.275897, 41.132223 ], [ -83.274374, 41.132133 ], [ -83.274439, 41.130911 ], [ -83.275164, 41.130968 ], [ -83.275743, 41.131109 ], [ -83.276275, 41.131236 ], [ -83.276638, 41.131192 ], [ -83.276819, 41.131055 ], [ -83.276668, 41.130323 ], [ -83.277032, 41.130048 ], [ -83.277667, 41.130003 ], [ -83.278181, 41.129454 ], [ -83.278453, 41.1295 ], [ -83.278998, 41.129797 ], [ -83.279481, 41.130279 ], [ -83.280268, 41.130576 ], [ -83.28296, 41.130646 ], [ -83.283988, 41.130464 ], [ -83.285138, 41.130373 ], [ -83.285315, 41.130387 ], [ -83.285321, 41.130339 ], [ -83.28534, 41.130066 ], [ -83.285366, 41.127288 ], [ -83.285378, 41.126334 ], [ -83.285399, 41.124682 ], [ -83.285418, 41.123483 ], [ -83.290262, 41.123493 ], [ -83.293877, 41.123501 ], [ -83.294006, 41.123273 ], [ -83.294007, 41.121771 ], [ -83.294281, 41.119722 ], [ -83.294493, 41.119631 ], [ -83.294886, 41.119085 ], [ -83.295763, 41.118404 ], [ -83.296913, 41.118019 ], [ -83.297428, 41.117541 ], [ -83.2987, 41.1162 ], [ -83.29867, 41.115951 ], [ -83.297974, 41.115337 ], [ -83.297944, 41.114972 ], [ -83.298458, 41.114403 ], [ -83.298792, 41.114199 ], [ -83.299245, 41.113653 ], [ -83.300092, 41.113131 ], [ -83.300455, 41.11279 ], [ -83.300547, 41.112426 ], [ -83.300728, 41.111903 ], [ -83.300819, 41.111151 ], [ -83.300998, 41.108975 ], [ -83.301002, 41.10892 ], [ -83.300851, 41.10855 ], [ -83.300759, 41.107951 ], [ -83.301847, 41.106381 ], [ -83.302179, 41.105643 ], [ -83.302178, 41.104583 ], [ -83.302088, 41.104214 ], [ -83.301754, 41.103683 ], [ -83.301815, 41.103129 ], [ -83.302539, 41.102736 ], [ -83.302842, 41.10186 ], [ -83.303355, 41.100937 ], [ -83.303787, 41.099506 ], [ -83.304829, 41.099835 ], [ -83.31199, 41.102401 ], [ -83.324423, 41.106516 ], [ -83.324423, 41.106401 ], [ -83.324425, 41.106004 ], [ -83.324438, 41.102586 ], [ -83.324443, 41.101577 ], [ -83.324438, 41.098612 ], [ -83.340683, 41.098753 ], [ -83.340914, 41.095809 ], [ -83.340962, 41.094296 ], [ -83.343658, 41.094296 ], [ -83.348289, 41.094273 ], [ -83.349623, 41.094266 ], [ -83.350497, 41.094262 ], [ -83.353232, 41.094248 ], [ -83.356807, 41.094235 ], [ -83.361003, 41.09422 ], [ -83.362709, 41.094214 ], [ -83.362705, 41.088581 ], [ -83.382079, 41.086846 ], [ -83.382026, 41.085563 ], [ -83.382049, 41.084847 ], [ -83.38299, 41.084719 ], [ -83.391227, 41.091093 ], [ -83.394659, 41.093769 ], [ -83.394941, 41.09408 ], [ -83.396505, 41.094071 ], [ -83.397569, 41.094065 ], [ -83.400747, 41.094049 ], [ -83.40132, 41.094045 ], [ -83.405928, 41.094004 ], [ -83.40618, 41.094002 ], [ -83.406142, 41.093396 ], [ -83.406088, 41.08938 ], [ -83.40606, 41.086501 ], [ -83.406027, 41.082725 ], [ -83.406046, 41.081658 ], [ -83.406169, 41.081646 ], [ -83.406547, 41.081601 ], [ -83.41085, 41.080976 ], [ -83.414702, 41.080398 ], [ -83.418361, 41.07987 ], [ -83.420869, 41.079498 ], [ -83.420905, 41.07949 ], [ -83.422029, 41.079325 ], [ -83.423355, 41.079381 ], [ -83.440066, 41.079138 ], [ -83.440053, 41.078107 ], [ -83.440035, 41.077306 ], [ -83.440035, 41.077154 ], [ -83.440035, 41.077063 ], [ -83.440034, 41.076697 ], [ -83.440027, 41.076214 ], [ -83.440668, 41.076205 ], [ -83.440661, 41.075795 ], [ -83.442437, 41.075795 ], [ -83.442438, 41.075365 ], [ -83.442588, 41.075365 ], [ -83.442589, 41.074996 ], [ -83.444209, 41.074991 ], [ -83.4489, 41.07413 ], [ -83.44891, 41.07205 ], [ -83.449023, 41.072049 ], [ -83.449024, 41.071731 ], [ -83.449027, 41.070221 ], [ -83.448994, 41.061111 ], [ -83.454707, 41.061062 ], [ -83.455884, 41.061052 ], [ -83.458631, 41.061029 ], [ -83.458695, 41.07367 ], [ -83.459505, 41.073549 ], [ -83.463426, 41.072938 ], [ -83.464402, 41.072789 ], [ -83.467606, 41.072285 ], [ -83.471216, 41.071711 ], [ -83.472033, 41.07159 ], [ -83.474016, 41.071283 ], [ -83.475767, 41.071021 ], [ -83.477354, 41.07079 ], [ -83.477399, 41.078047 ], [ -83.477408, 41.078226 ], [ -83.477428, 41.07836 ], [ -83.47745, 41.078447 ], [ -83.477482, 41.078533 ], [ -83.477523, 41.078616 ], [ -83.477576, 41.078695 ], [ -83.477637, 41.078769 ], [ -83.477707, 41.078841 ], [ -83.477891, 41.078998 ], [ -83.478024, 41.07911 ], [ -83.478099, 41.079181 ], [ -83.478166, 41.079257 ], [ -83.478248, 41.079379 ], [ -83.478287, 41.079465 ], [ -83.478315, 41.079553 ], [ -83.478339, 41.079689 ], [ -83.47835, 41.079825 ], [ -83.478353, 41.080186 ], [ -83.478348, 41.080596 ], [ -83.478341, 41.081176 ], [ -83.478346, 41.084238 ], [ -83.478359, 41.085814 ], [ -83.478363, 41.08694 ], [ -83.478371, 41.087976 ], [ -83.478373, 41.090722 ], [ -83.478389, 41.092073 ], [ -83.478388, 41.093488 ], [ -83.480944, 41.093529 ], [ -83.483264, 41.093561 ], [ -83.484811, 41.093589 ], [ -83.487968, 41.093629 ], [ -83.487974, 41.093776 ], [ -83.487969, 41.094406 ], [ -83.487978, 41.0969 ], [ -83.488, 41.102729 ], [ -83.488044, 41.107407 ], [ -83.488043, 41.108131 ], [ -83.488044, 41.109387 ], [ -83.488064, 41.110421 ], [ -83.4881, 41.113886 ], [ -83.488102, 41.11492 ], [ -83.488113, 41.116224 ], [ -83.488126, 41.117124 ], [ -83.488129, 41.117593 ], [ -83.488153, 41.121387 ], [ -83.490495, 41.120208 ], [ -83.492366, 41.119262 ], [ -83.497548, 41.116643 ], [ -83.497563, 41.117153 ], [ -83.497561, 41.117873 ], [ -83.497569, 41.118773 ], [ -83.497563, 41.119447 ], [ -83.497563, 41.119523 ], [ -83.497566, 41.120099 ], [ -83.49757, 41.121156 ], [ -83.497592, 41.122729 ], [ -83.49759, 41.123216 ], [ -83.497589, 41.12336 ], [ -83.497598, 41.12417 ], [ -83.497595, 41.125474 ], [ -83.497612, 41.127589 ], [ -83.497642, 41.129927 ], [ -83.497646, 41.13049 ], [ -83.49995, 41.129918 ], [ -83.506967, 41.128233 ], [ -83.516237, 41.12537 ], [ -83.516234, 41.125601 ], [ -83.516233, 41.126726 ], [ -83.516218, 41.129383 ], [ -83.516214, 41.132175 ], [ -83.516188, 41.134066 ], [ -83.516186, 41.134831 ], [ -83.516156, 41.137421 ], [ -83.519669, 41.137419 ], [ -83.520097, 41.137424 ], [ -83.523717, 41.137442 ], [ -83.52491, 41.13744 ], [ -83.525174, 41.137448 ], [ -83.525246, 41.137457 ], [ -83.525314, 41.137471 ], [ -83.525372, 41.137494 ], [ -83.525467, 41.137551 ], [ -83.525568, 41.137629 ], [ -83.526394, 41.138324 ], [ -83.527683, 41.139382 ], [ -83.528547, 41.140099 ], [ -83.527435, 41.140683 ], [ -83.526985, 41.140817 ], [ -83.525784, 41.140992 ], [ -83.523982, 41.14105 ], [ -83.522001, 41.141541 ], [ -83.520801, 41.142194 ], [ -83.520561, 41.142216 ], [ -83.52044, 41.142422 ], [ -83.519974, 41.142645 ], [ -83.530343, 41.142781 ], [ -83.530413, 41.143925 ], [ -83.530462, 41.144961 ], [ -83.530482, 41.146044 ], [ -83.530469, 41.147667 ], [ -83.530455, 41.148208 ], [ -83.530416, 41.150868 ], [ -83.530402, 41.152492 ], [ -83.530374, 41.154611 ], [ -83.530366, 41.15548 ], [ -83.53121, 41.155283 ], [ -83.535111, 41.154396 ], [ -83.535131, 41.145624 ], [ -83.535137, 41.14284 ], [ -83.536717, 41.14288 ], [ -83.543815, 41.140422 ], [ -83.544674, 41.140352 ], [ -83.545014, 41.14032 ], [ -83.545264, 41.140287 ], [ -83.546606, 41.140078 ], [ -83.547131, 41.139993 ], [ -83.547362, 41.139946 ], [ -83.547474, 41.139918 ], [ -83.547588, 41.139889 ], [ -83.549252, 41.139396 ], [ -83.551629, 41.138676 ], [ -83.554174, 41.137911 ], [ -83.554507, 41.137814 ], [ -83.554754, 41.137749 ], [ -83.554852, 41.137732 ], [ -83.55508, 41.137719 ], [ -83.555317, 41.137715 ], [ -83.557341, 41.137731 ], [ -83.56264, 41.137748 ], [ -83.566689, 41.137794 ], [ -83.570558, 41.13785 ], [ -83.573331, 41.137888 ], [ -83.573341, 41.139087 ], [ -83.571661, 41.1412 ], [ -83.570426, 41.14274 ], [ -83.569538, 41.14386 ], [ -83.569149, 41.144367 ], [ -83.569037, 41.144527 ], [ -83.568964, 41.144651 ], [ -83.568923, 41.144737 ], [ -83.568893, 41.144825 ], [ -83.568872, 41.144915 ], [ -83.56886, 41.145005 ], [ -83.568844, 41.145231 ], [ -83.568813, 41.146086 ], [ -83.568792, 41.147212 ], [ -83.568757, 41.149651 ], [ -83.568789, 41.150729 ], [ -83.568806, 41.153163 ], [ -83.568812, 41.156182 ], [ -83.568796, 41.15776 ], [ -83.568762, 41.159523 ], [ -83.568986, 41.15952 ], [ -83.572625, 41.159546 ], [ -83.573068, 41.159552 ], [ -83.573221, 41.159554 ], [ -83.573339, 41.159562 ], [ -83.573395, 41.159577 ], [ -83.573442, 41.159607 ], [ -83.573466, 41.159646 ], [ -83.573461, 41.160188 ], [ -83.573447, 41.160413 ], [ -83.573442, 41.160638 ], [ -83.573425, 41.16136 ], [ -83.573399, 41.166137 ], [ -83.573403, 41.166408 ], [ -83.573414, 41.166588 ], [ -83.57343, 41.166722 ], [ -83.57351, 41.167072 ], [ -83.573716, 41.167079 ], [ -83.581008, 41.167192 ], [ -83.581865, 41.167174 ], [ -83.583157, 41.167146 ], [ -83.592263, 41.167228 ], [ -83.592615, 41.167193 ], [ -83.592716, 41.167194 ], [ -83.602179, 41.16729 ], [ -83.605133, 41.167321 ], [ -83.611906, 41.16739 ], [ -83.611903, 41.16727 ], [ -83.611887, 41.166724 ], [ -83.611886, 41.166182 ], [ -83.611909, 41.162693 ], [ -83.611908, 41.15981 ], [ -83.612035, 41.159813 ], [ -83.613168, 41.159821 ], [ -83.613583, 41.159829 ], [ -83.624416, 41.159925 ], [ -83.62537, 41.159929 ], [ -83.626472, 41.159927 ], [ -83.627217, 41.159925 ], [ -83.628946, 41.15993 ], [ -83.630793, 41.159942 ], [ -83.630946, 41.159944 ], [ -83.631258, 41.159948 ], [ -83.633355, 41.159955 ], [ -83.635203, 41.15995 ], [ -83.636395, 41.159954 ], [ -83.637706, 41.159949 ], [ -83.640785, 41.15997 ], [ -83.641579, 41.159979 ], [ -83.644082, 41.159969 ], [ -83.645214, 41.159971 ], [ -83.64587, 41.159965 ], [ -83.649324, 41.159964 ], [ -83.649322, 41.160361 ], [ -83.649316, 41.162209 ], [ -83.649319, 41.164327 ], [ -83.649314, 41.165228 ], [ -83.649325, 41.166399 ], [ -83.649307, 41.16766 ], [ -83.649469, 41.167662 ], [ -83.649607, 41.167671 ], [ -83.649877, 41.167691 ], [ -83.650135, 41.16771 ], [ -83.650211, 41.167716 ], [ -83.650751, 41.167694 ], [ -83.65098, 41.167685 ], [ -83.653576, 41.167715 ], [ -83.658183, 41.167768 ], [ -83.663774, 41.167834 ], [ -83.668933, 41.167894 ], [ -83.670795, 41.167916 ], [ -83.674548, 41.16796 ], [ -83.677837, 41.167998 ], [ -83.678747, 41.168064 ], [ -83.678795, 41.168058 ], [ -83.679167, 41.168014 ], [ -83.688512, 41.168127 ], [ -83.688574, 41.168126 ], [ -83.688598, 41.168927 ], [ -83.688609, 41.169189 ], [ -83.688626, 41.169606 ], [ -83.68863, 41.169829 ], [ -83.687336, 41.1705 ], [ -83.686959, 41.170704 ], [ -83.687124, 41.170921 ], [ -83.687781, 41.171898 ], [ -83.68792, 41.172133 ], [ -83.688155, 41.172129 ], [ -83.68887, 41.172132 ], [ -83.689303, 41.172137 ], [ -83.691313, 41.17216 ], [ -83.691283, 41.168948 ], [ -83.692955, 41.168491 ], [ -83.693633, 41.168318 ], [ -83.693709, 41.168296 ], [ -83.693913, 41.168238 ], [ -83.694074, 41.168177 ], [ -83.694105, 41.168162 ], [ -83.6981, 41.168188 ], [ -83.69898, 41.168194 ], [ -83.699141, 41.168195 ], [ -83.699153, 41.168195 ], [ -83.699167, 41.168195 ], [ -83.69918, 41.168195 ], [ -83.699377, 41.168197 ], [ -83.700277, 41.168203 ], [ -83.70184, 41.168213 ], [ -83.705344, 41.168236 ], [ -83.707217, 41.168248 ], [ -83.707231, 41.168201 ], [ -83.707266, 41.168113 ], [ -83.707314, 41.168029 ], [ -83.707373, 41.16795 ], [ -83.70754, 41.167763 ], [ -83.7076, 41.167687 ], [ -83.707651, 41.167607 ], [ -83.707692, 41.167524 ], [ -83.707722, 41.167438 ], [ -83.707742, 41.167351 ], [ -83.707759, 41.167217 ], [ -83.707769, 41.166993 ], [ -83.707787, 41.166002 ], [ -83.707837, 41.163932 ], [ -83.70785, 41.163072 ], [ -83.707853, 41.162599 ], [ -83.70786, 41.161765 ], [ -83.707866, 41.160905 ], [ -83.707873, 41.160331 ], [ -83.707865, 41.160134 ], [ -83.708035, 41.160102 ], [ -83.708338, 41.159853 ], [ -83.708519, 41.159805 ], [ -83.709267, 41.159246 ], [ -83.709803, 41.158458 ], [ -83.709648, 41.157948 ], [ -83.709765, 41.157507 ], [ -83.71105, 41.15616 ], [ -83.71153, 41.15604 ], [ -83.71183, 41.155854 ], [ -83.712731, 41.155845 ], [ -83.713632, 41.155537 ], [ -83.714321, 41.155071 ], [ -83.716418, 41.15351 ], [ -83.717498, 41.152803 ], [ -83.717499, 41.152999 ], [ -83.717498, 41.15324 ], [ -83.727129, 41.15326 ], [ -83.727139, 41.155651 ], [ -83.727154, 41.159775 ], [ -83.727815, 41.159501 ], [ -83.728902, 41.159033 ], [ -83.730553, 41.158315 ], [ -83.731589, 41.15787 ], [ -83.733045, 41.157255 ], [ -83.733987, 41.15687 ], [ -83.734244, 41.156756 ], [ -83.734443, 41.156658 ], [ -83.734589, 41.156579 ], [ -83.734823, 41.15644 ], [ -83.73514, 41.156235 ], [ -83.735675, 41.155878 ], [ -83.736517, 41.155306 ], [ -83.736699, 41.15519 ], [ -83.736839, 41.155107 ], [ -83.737033, 41.155003 ], [ -83.737283, 41.15488 ], [ -83.73769, 41.154693 ], [ -83.738103, 41.154514 ], [ -83.738993, 41.154149 ], [ -83.741003, 41.153363 ], [ -83.741165, 41.153307 ], [ -83.741277, 41.153276 ], [ -83.741391, 41.153251 ], [ -83.741508, 41.153235 ], [ -83.741625, 41.153224 ], [ -83.741863, 41.153216 ], [ -83.743293, 41.153213 ], [ -83.743472, 41.153207 ], [ -83.74359, 41.153197 ], [ -83.743707, 41.153181 ], [ -83.743822, 41.153158 ], [ -83.743933, 41.153127 ], [ -83.744094, 41.153068 ], [ -83.744299, 41.152976 ], [ -83.745358, 41.152474 ], [ -83.745757, 41.152277 ], [ -83.74616, 41.15207 ], [ -83.746496, 41.151898 ], [ -83.747702, 41.151238 ], [ -83.748575, 41.150768 ], [ -83.750553, 41.149687 ], [ -83.750751, 41.149586 ], [ -83.750904, 41.149518 ], [ -83.751065, 41.149459 ], [ -83.751175, 41.149424 ], [ -83.751342, 41.149378 ], [ -83.751626, 41.14931 ], [ -83.752768, 41.149054 ], [ -83.75305, 41.148982 ], [ -83.753329, 41.148903 ], [ -83.753602, 41.148814 ], [ -83.753969, 41.148682 ], [ -83.754839, 41.14837 ], [ -83.755323, 41.148196 ], [ -83.755535, 41.148114 ], [ -83.755729, 41.148025 ], [ -83.755742, 41.148128 ], [ -83.755747, 41.148263 ], [ -83.755739, 41.148551 ], [ -83.75571, 41.149523 ], [ -83.755708, 41.150153 ], [ -83.755718, 41.151491 ], [ -83.755722, 41.151819 ], [ -83.755759, 41.154159 ], [ -83.755769, 41.157131 ], [ -83.755779, 41.158481 ], [ -83.755771, 41.159831 ], [ -83.755802, 41.160821 ], [ -83.755811, 41.161361 ], [ -83.755809, 41.162442 ], [ -83.755838, 41.168377 ], [ -83.758268, 41.168364 ], [ -83.758576, 41.168361 ], [ -83.761128, 41.168337 ], [ -83.762915, 41.168332 ], [ -83.764167, 41.168324 ], [ -83.764763, 41.168331 ], [ -83.765123, 41.168345 ], [ -83.765321, 41.168349 ], [ -83.7686, 41.168336 ], [ -83.768874, 41.168332 ], [ -83.768901, 41.168332 ], [ -83.76892, 41.168331 ], [ -83.768936, 41.168331 ], [ -83.769402, 41.168323 ], [ -83.769462, 41.168322 ], [ -83.769483, 41.168322 ], [ -83.769675, 41.168319 ], [ -83.770149, 41.168311 ], [ -83.774942, 41.168298 ], [ -83.775634, 41.168296 ], [ -83.780247, 41.168289 ], [ -83.780081, 41.168373 ], [ -83.77993, 41.168782 ], [ -83.777612, 41.168821 ], [ -83.777037, 41.169727 ], [ -83.776886, 41.170114 ], [ -83.77628, 41.171067 ], [ -83.776129, 41.171408 ], [ -83.776188, 41.171703 ], [ -83.776369, 41.172 ], [ -83.776609, 41.172183 ], [ -83.776758, 41.172478 ], [ -83.775912, 41.173044 ], [ -83.77585, 41.173476 ], [ -83.776031, 41.173794 ], [ -83.776059, 41.1745 ], [ -83.77681, 41.175161 ], [ -83.776837, 41.175753 ], [ -83.776443, 41.176433 ], [ -83.77566, 41.176977 ], [ -83.775237, 41.177634 ], [ -83.775265, 41.17793 ], [ -83.775114, 41.178112 ], [ -83.773336, 41.178811 ], [ -83.77267, 41.179924 ], [ -83.772186, 41.180537 ], [ -83.772154, 41.181104 ], [ -83.772785, 41.181697 ], [ -83.772814, 41.182015 ], [ -83.772512, 41.182287 ], [ -83.771908, 41.182513 ], [ -83.771391, 41.182856 ], [ -83.773602, 41.182848 ], [ -83.778076, 41.182802 ], [ -83.779317, 41.182792 ], [ -83.779468, 41.186518 ], [ -83.77474, 41.186523 ], [ -83.774734, 41.189757 ], [ -83.774734, 41.190067 ], [ -83.774734, 41.191098 ], [ -83.774734, 41.191315 ], [ -83.774769, 41.193766 ], [ -83.779536, 41.193704 ], [ -83.779596, 41.197234 ], [ -83.783125, 41.197191 ], [ -83.784339, 41.197187 ], [ -83.789305, 41.19708 ], [ -83.789313, 41.193618 ], [ -83.794112, 41.193634 ], [ -83.794135, 41.193034 ], [ -83.795735, 41.193198 ], [ -83.797232, 41.193352 ], [ -83.801133, 41.193737 ], [ -83.803571, 41.193983 ], [ -83.805216, 41.194149 ], [ -83.809161, 41.194533 ], [ -83.812488, 41.194867 ], [ -83.813222, 41.194945 ], [ -83.813211, 41.195407 ], [ -83.813248, 41.198742 ], [ -83.813287, 41.201311 ], [ -83.813321, 41.20433 ], [ -83.813339, 41.204585 ], [ -83.813617, 41.204584 ], [ -83.817401, 41.204574 ], [ -83.818522, 41.204568 ], [ -83.819607, 41.204562 ], [ -83.822823, 41.204553 ], [ -83.822815, 41.204588 ], [ -83.822807, 41.204633 ], [ -83.822795, 41.204722 ], [ -83.822791, 41.205126 ], [ -83.822833, 41.207603 ], [ -83.822847, 41.208819 ], [ -83.822889, 41.211391 ], [ -83.822895, 41.211754 ], [ -83.8229, 41.212557 ], [ -83.822917, 41.213368 ], [ -83.822985, 41.218683 ], [ -83.823063, 41.223186 ], [ -83.823104, 41.224762 ], [ -83.823127, 41.225888 ], [ -83.823126, 41.225923 ], [ -83.823119, 41.22629 ], [ -83.82322, 41.226287 ], [ -83.823535, 41.226289 ], [ -83.825546, 41.226301 ], [ -83.827753, 41.226306 ], [ -83.827902, 41.226307 ], [ -83.832752, 41.226344 ], [ -83.83313, 41.226345 ], [ -83.835088, 41.226353 ], [ -83.83795, 41.226357 ], [ -83.83882, 41.226361 ], [ -83.838243, 41.226731 ], [ -83.837486, 41.227806 ], [ -83.836457, 41.228881 ], [ -83.834912, 41.229956 ], [ -83.834518, 41.230093 ], [ -83.83361, 41.230711 ], [ -83.833065, 41.231351 ], [ -83.832853, 41.231374 ], [ -83.832793, 41.231626 ], [ -83.83249, 41.231854 ], [ -83.832339, 41.232129 ], [ -83.832521, 41.233021 ], [ -83.832643, 41.234827 ], [ -83.832764, 41.235307 ], [ -83.832765, 41.238531 ], [ -83.833886, 41.237868 ], [ -83.837157, 41.236929 ], [ -83.838216, 41.236517 ], [ -83.84073, 41.235282 ], [ -83.841396, 41.235145 ], [ -83.842488, 41.235103 ], [ -83.842474, 41.236243 ], [ -83.84247, 41.23764 ], [ -83.842478, 41.240466 ], [ -83.842479, 41.240889 ], [ -83.842824, 41.240894 ], [ -83.8429, 41.240895 ], [ -83.844392, 41.240897 ], [ -83.854836, 41.240869 ], [ -83.857164, 41.240854 ], [ -83.861342, 41.240851 ], [ -83.861938, 41.240844 ], [ -83.862036, 41.240846 ], [ -83.862128, 41.246024 ], [ -83.862167, 41.247375 ], [ -83.862179, 41.248038 ], [ -83.862206, 41.249573 ], [ -83.862215, 41.250039 ], [ -83.862237, 41.251293 ], [ -83.862319, 41.255203 ], [ -83.862982, 41.255199 ], [ -83.863966, 41.255192 ], [ -83.864674, 41.255192 ], [ -83.86498, 41.255192 ], [ -83.865153, 41.255191 ], [ -83.868142, 41.255178 ], [ -83.872341, 41.255156 ], [ -83.87918, 41.255113 ], [ -83.882256, 41.255097 ], [ -83.882264, 41.25578 ], [ -83.882265, 41.255841 ], [ -83.882265, 41.25586 ], [ -83.882265, 41.255884 ], [ -83.88228, 41.257273 ], [ -83.882291, 41.26002 ], [ -83.882305, 41.260983 ], [ -83.882305, 41.260993 ], [ -83.882306, 41.261023 ], [ -83.882306, 41.261047 ], [ -83.882311, 41.261377 ], [ -83.882311, 41.261394 ], [ -83.882311, 41.261411 ], [ -83.882315, 41.261686 ], [ -83.882336, 41.262618 ], [ -83.882338, 41.262708 ], [ -83.88238, 41.264523 ], [ -83.882401, 41.265255 ], [ -83.882401, 41.265268 ], [ -83.882415, 41.265731 ], [ -83.882418, 41.265829 ], [ -83.882428, 41.266313 ], [ -83.882429, 41.266379 ], [ -83.882441, 41.266958 ], [ -83.882496, 41.269608 ], [ -83.882552, 41.269604 ], [ -83.887261, 41.269592 ], [ -83.892127, 41.269573 ], [ -83.89418, 41.269545 ], [ -83.893937, 41.269652 ], [ -83.893695, 41.269773 ], [ -83.893505, 41.269861 ], [ -83.893146, 41.270087 ], [ -83.89277, 41.270377 ], [ -83.892363, 41.270712 ], [ -83.892347, 41.270727 ], [ -83.892327, 41.270743 ], [ -83.892305, 41.270756 ], [ -83.892247, 41.270785 ], [ -83.892216, 41.270797 ], [ -83.892181, 41.270807 ], [ -83.89204, 41.271065 ], [ -83.891955, 41.271257 ], [ -83.891924, 41.271363 ], [ -83.891897, 41.271435 ], [ -83.891883, 41.271488 ], [ -83.891847, 41.271569 ], [ -83.891696, 41.271727 ], [ -83.891183, 41.272267 ], [ -83.891092, 41.272347 ], [ -83.891018, 41.272399 ], [ -83.890927, 41.272435 ], [ -83.890766, 41.272454 ], [ -83.890658, 41.272468 ], [ -83.890519, 41.27251 ], [ -83.89042, 41.272563 ], [ -83.890223, 41.272675 ], [ -83.890125, 41.272743 ], [ -83.890025, 41.272847 ], [ -83.889964, 41.272968 ], [ -83.889854, 41.273251 ], [ -83.889824, 41.273316 ], [ -83.889806, 41.273349 ], [ -83.889771, 41.273381 ], [ -83.889737, 41.273409 ], [ -83.889638, 41.273454 ], [ -83.889386, 41.273536 ], [ -83.889324, 41.273563 ], [ -83.889261, 41.273619 ], [ -83.889237, 41.273668 ], [ -83.889222, 41.273746 ], [ -83.889238, 41.273833 ], [ -83.889368, 41.274021 ], [ -83.889475, 41.274145 ], [ -83.889575, 41.274231 ], [ -83.889701, 41.274337 ], [ -83.889792, 41.274398 ], [ -83.88986, 41.274449 ], [ -83.889913, 41.274483 ], [ -83.88996, 41.274534 ], [ -83.889981, 41.274622 ], [ -83.889967, 41.274683 ], [ -83.889948, 41.274745 ], [ -83.889901, 41.274809 ], [ -83.88981, 41.274877 ], [ -83.889643, 41.275031 ], [ -83.889353, 41.275335 ], [ -83.889236, 41.275513 ], [ -83.889194, 41.275662 ], [ -83.889188, 41.275763 ], [ -83.889178, 41.275884 ], [ -83.889183, 41.275974 ], [ -83.888889, 41.276544 ], [ -83.888801, 41.276701 ], [ -83.888695, 41.276843 ], [ -83.88857, 41.276929 ], [ -83.888427, 41.277015 ], [ -83.888223, 41.277055 ], [ -83.888057, 41.277135 ], [ -83.887869, 41.277235 ], [ -83.887791, 41.277351 ], [ -83.887776, 41.277479 ], [ -83.887772, 41.277667 ], [ -83.887771, 41.277961 ], [ -83.887738, 41.278187 ], [ -83.887708, 41.27825 ], [ -83.88768, 41.278268 ], [ -83.887621, 41.278295 ], [ -83.887517, 41.278299 ], [ -83.887415, 41.278289 ], [ -83.887202, 41.27824 ], [ -83.88715, 41.278198 ], [ -83.887019, 41.278131 ], [ -83.886936, 41.278104 ], [ -83.886823, 41.278084 ], [ -83.886717, 41.278069 ], [ -83.886648, 41.278067 ], [ -83.886587, 41.278081 ], [ -83.886321, 41.278293 ], [ -83.885794, 41.279215 ], [ -83.885654, 41.279447 ], [ -83.885595, 41.279632 ], [ -83.88556, 41.279915 ], [ -83.885509, 41.280251 ], [ -83.885338, 41.28074 ], [ -83.885367, 41.280869 ], [ -83.885462, 41.280979 ], [ -83.885952, 41.281337 ], [ -83.886016, 41.281494 ], [ -83.886023, 41.281592 ], [ -83.886025, 41.281659 ], [ -83.885841, 41.282058 ], [ -83.885848, 41.282165 ], [ -83.885967, 41.282386 ], [ -83.886305, 41.282855 ], [ -83.886355, 41.283021 ], [ -83.886374, 41.283175 ], [ -83.886361, 41.283666 ], [ -83.886348, 41.283967 ], [ -83.886332, 41.284182 ], [ -83.887491, 41.28417 ], [ -83.887645, 41.284173 ], [ -83.889807, 41.284157 ], [ -83.890688, 41.284156 ], [ -83.890661, 41.283825 ], [ -83.890704, 41.283583 ], [ -83.890762, 41.283418 ], [ -83.890848, 41.283305 ], [ -83.891005, 41.28315 ], [ -83.891187, 41.283045 ], [ -83.891474, 41.282907 ], [ -83.891844, 41.282721 ], [ -83.892397, 41.282424 ], [ -83.892531, 41.282347 ], [ -83.892704, 41.282195 ], [ -83.892865, 41.282034 ], [ -83.893008, 41.281853 ], [ -83.893228, 41.281614 ], [ -83.893527, 41.281457 ], [ -83.893897, 41.281287 ], [ -83.894263, 41.281086 ], [ -83.894703, 41.280805 ], [ -83.896219, 41.279897 ], [ -83.89742, 41.27932 ], [ -83.897505, 41.279296 ], [ -83.897581, 41.279296 ], [ -83.897657, 41.27931 ], [ -83.897724, 41.279336 ], [ -83.89776, 41.279374 ], [ -83.897848, 41.279432 ], [ -83.897909, 41.279487 ], [ -83.898023, 41.279603 ], [ -83.898082, 41.279651 ], [ -83.898199, 41.279704 ], [ -83.898333, 41.279732 ], [ -83.898437, 41.279752 ], [ -83.89857, 41.279775 ], [ -83.898696, 41.279802 ], [ -83.898769, 41.279825 ], [ -83.898848, 41.279852 ], [ -83.898942, 41.279902 ], [ -83.899194, 41.280068 ], [ -83.899241, 41.280086 ], [ -83.899345, 41.280097 ], [ -83.899435, 41.280092 ], [ -83.899507, 41.280084 ], [ -83.899569, 41.280063 ], [ -83.899634, 41.280036 ], [ -83.899691, 41.280003 ], [ -83.899752, 41.279966 ], [ -83.899799, 41.279929 ], [ -83.899828, 41.279903 ], [ -83.899902, 41.279821 ], [ -83.899946, 41.279757 ], [ -83.900027, 41.279659 ], [ -83.900099, 41.279579 ], [ -83.900166, 41.279513 ], [ -83.900224, 41.279461 ], [ -83.90035, 41.279357 ], [ -83.900503, 41.279235 ], [ -83.900639, 41.279118 ], [ -83.900661, 41.279078 ], [ -83.900675, 41.279027 ], [ -83.900682, 41.278983 ], [ -83.900614, 41.278663 ], [ -83.90059, 41.278528 ], [ -83.900583, 41.278461 ], [ -83.90058, 41.278374 ], [ -83.900593, 41.27826 ], [ -83.900607, 41.278222 ], [ -83.900628, 41.278182 ], [ -83.900668, 41.278147 ], [ -83.900731, 41.278099 ], [ -83.900849, 41.278023 ], [ -83.901003, 41.277931 ], [ -83.901255, 41.277806 ], [ -83.901534, 41.277664 ], [ -83.901592, 41.27762 ], [ -83.901624, 41.277592 ], [ -83.901659, 41.277556 ], [ -83.901699, 41.277506 ], [ -83.901721, 41.277485 ], [ -83.901747, 41.277467 ], [ -83.901796, 41.277451 ], [ -83.901855, 41.277435 ], [ -83.901914, 41.277422 ], [ -83.901937, 41.277871 ], [ -83.902047, 41.28409 ], [ -83.903402, 41.284087 ], [ -83.908482, 41.284039 ], [ -83.911773, 41.284003 ], [ -83.91312, 41.283988 ], [ -83.91521, 41.283972 ], [ -83.917366, 41.283964 ], [ -83.917602, 41.283958 ], [ -83.921425, 41.283915 ], [ -83.921518, 41.287522 ], [ -83.921536, 41.290522 ], [ -83.921532, 41.291863 ], [ -83.921539, 41.294994 ], [ -83.921538, 41.295433 ], [ -83.921545, 41.296472 ], [ -83.92156, 41.297464 ], [ -83.921589, 41.298081 ], [ -83.921598, 41.298331 ], [ -83.92161, 41.298452 ], [ -83.921731, 41.298454 ], [ -83.923852, 41.298442 ], [ -83.92454, 41.298441 ], [ -83.929246, 41.29842 ], [ -83.931282, 41.29841 ], [ -83.931789, 41.29841 ], [ -83.932271, 41.298409 ], [ -83.932747, 41.298408 ], [ -83.933226, 41.298403 ], [ -83.933885, 41.298411 ], [ -83.934294, 41.298425 ], [ -83.93497, 41.298439 ], [ -83.935635, 41.298429 ], [ -83.94061, 41.298408 ], [ -83.941037, 41.298405 ], [ -83.941136, 41.298404 ], [ -83.941367, 41.298402 ], [ -83.94361, 41.298374 ], [ -83.945726, 41.298349 ], [ -83.94759, 41.298317 ], [ -83.950094, 41.298283 ], [ -83.957483, 41.298179 ], [ -83.95783, 41.298172 ], [ -83.958615, 41.298161 ], [ -83.958976, 41.312712 ], [ -83.960576, 41.312692 ], [ -83.960683, 41.312693 ], [ -83.960951, 41.312687 ], [ -83.962558, 41.312674 ], [ -83.967312, 41.312641 ], [ -83.970271, 41.312616 ], [ -83.970729, 41.312617 ], [ -83.971735, 41.312614 ], [ -83.97523, 41.312593 ], [ -83.97544, 41.31259 ], [ -83.977682, 41.31258 ], [ -83.979748, 41.312588 ], [ -83.979955, 41.312596 ], [ -83.979956, 41.312761 ], [ -83.979966, 41.313398 ], [ -83.979967, 41.313528 ], [ -83.979981, 41.314467 ], [ -83.980003, 41.315834 ], [ -83.98005, 41.318073 ], [ -83.980099, 41.321053 ], [ -83.980116, 41.321941 ], [ -83.980182, 41.325757 ], [ -83.980201, 41.327152 ], [ -83.980315, 41.327154 ], [ -83.981794, 41.327148 ], [ -83.983451, 41.327145 ], [ -83.987111, 41.327121 ], [ -83.987406, 41.32712 ], [ -83.987917, 41.327115 ], [ -83.98951, 41.327107 ], [ -83.989846, 41.327104 ], [ -83.993745, 41.32709 ], [ -83.995193, 41.327082 ], [ -83.995912, 41.327085 ], [ -83.996272, 41.327094 ], [ -83.996417, 41.327103 ], [ -83.996467, 41.327107 ], [ -83.996659, 41.327123 ], [ -83.996913, 41.32715 ], [ -83.997204, 41.327178 ], [ -83.997451, 41.327203 ], [ -83.997732, 41.327233 ], [ -83.998041, 41.327263 ], [ -83.99826, 41.327282 ], [ -83.998477, 41.327297 ], [ -83.998636, 41.327305 ], [ -83.99885, 41.327311 ], [ -83.999082, 41.32731 ], [ -83.99926, 41.327306 ], [ -83.999422, 41.327298 ], [ -83.999469, 41.327296 ], [ -83.999845, 41.327283 ], [ -84.001024, 41.327232 ], [ -84.001704, 41.327207 ], [ -84.003476, 41.327148 ], [ -84.004002, 41.327129 ], [ -84.004393, 41.327112 ], [ -84.004752, 41.3271 ], [ -84.005403, 41.327083 ], [ -84.006302, 41.32705 ], [ -84.007094, 41.327022 ], [ -84.008646, 41.326973 ], [ -84.009427, 41.32696 ], [ -84.015199, 41.32692 ], [ -84.01588, 41.326917 ], [ -84.017779, 41.326904 ], [ -84.018532, 41.326905 ], [ -84.018552, 41.327944 ], [ -84.018568, 41.328701 ], [ -84.018586, 41.329637 ], [ -84.018597, 41.33016 ], [ -84.0186, 41.330628 ], [ -84.018593, 41.331138 ], [ -84.018579, 41.331614 ], [ -84.018614, 41.333227 ], [ -84.018632, 41.33419 ], [ -84.018651, 41.334971 ], [ -84.018695, 41.336314 ], [ -84.018719, 41.337493 ], [ -84.018728, 41.338593 ], [ -84.018746, 41.339702 ], [ -84.018759, 41.340803 ], [ -84.018772, 41.341568 ], [ -84.018778, 41.341812 ], [ -84.018991, 41.341814 ], [ -84.019115, 41.34181 ], [ -84.019725, 41.341798 ], [ -84.020111, 41.341788 ], [ -84.020855, 41.341779 ], [ -84.02292, 41.341758 ], [ -84.024919, 41.34174 ], [ -84.027676, 41.341722 ], [ -84.028658, 41.341718 ], [ -84.032883, 41.341709 ], [ -84.033108, 41.341711 ], [ -84.034111, 41.341707 ], [ -84.038109, 41.34171 ], [ -84.038296, 41.34171 ], [ -84.03886, 41.341715 ], [ -84.039782, 41.341712 ], [ -84.04038, 41.341711 ], [ -84.040697, 41.341708 ], [ -84.041147, 41.341707 ], [ -84.041828, 41.341699 ], [ -84.04293, 41.341692 ], [ -84.044021, 41.341687 ], [ -84.046039, 41.341683 ], [ -84.046867, 41.34168 ], [ -84.047409, 41.341679 ], [ -84.047832, 41.341686 ], [ -84.048059, 41.341681 ], [ -84.048195, 41.341674 ], [ -84.048592, 41.341679 ], [ -84.049285, 41.341678 ], [ -84.050782, 41.34167 ], [ -84.051569, 41.341667 ], [ -84.052347, 41.341662 ], [ -84.053156, 41.341662 ], [ -84.053947, 41.341658 ], [ -84.054729, 41.341657 ], [ -84.055519, 41.341654 ], [ -84.056073, 41.341649 ], [ -84.056577, 41.341647 ], [ -84.056906, 41.341641 ], [ -84.057585, 41.341627 ], [ -84.057579, 41.341527 ], [ -84.057574, 41.341484 ], [ -84.057567, 41.341441 ], [ -84.05754, 41.341346 ], [ -84.05752, 41.341285 ], [ -84.057496, 41.341186 ], [ -84.057481, 41.341096 ], [ -84.05747, 41.341037 ], [ -84.057463, 41.340985 ], [ -84.057459, 41.340941 ], [ -84.057457, 41.340902 ], [ -84.057456, 41.340854 ], [ -84.057444, 41.340555 ], [ -84.057433, 41.340136 ], [ -84.057433, 41.34004 ], [ -84.057427, 41.339636 ], [ -84.057419, 41.339406 ], [ -84.057415, 41.33917 ], [ -84.057406, 41.338803 ], [ -84.057406, 41.338447 ], [ -84.057396, 41.338181 ], [ -84.057396, 41.33793 ], [ -84.057393, 41.337706 ], [ -84.057395, 41.33766 ], [ -84.057389, 41.33757 ], [ -84.057369, 41.337466 ], [ -84.057365, 41.337427 ], [ -84.057357, 41.337261 ], [ -84.057362, 41.337163 ], [ -84.057369, 41.337085 ], [ -84.057368, 41.337025 ], [ -84.057368, 41.336854 ], [ -84.057362, 41.336657 ], [ -84.057355, 41.336219 ], [ -84.057349, 41.335475 ], [ -84.057346, 41.335213 ], [ -84.057339, 41.334883 ], [ -84.057407, 41.334901 ], [ -84.057511, 41.334922 ], [ -84.057658, 41.334958 ], [ -84.057762, 41.334987 ], [ -84.057807, 41.335006 ], [ -84.057846, 41.335028 ], [ -84.057919, 41.33509 ], [ -84.057973, 41.335168 ], [ -84.057987, 41.335254 ], [ -84.057971, 41.335353 ], [ -84.057924, 41.335466 ], [ -84.057866, 41.335668 ], [ -84.05786, 41.335818 ], [ -84.057858, 41.335915 ], [ -84.057872, 41.336002 ], [ -84.0579, 41.336066 ], [ -84.057945, 41.336122 ], [ -84.058015, 41.336173 ], [ -84.058104, 41.336203 ], [ -84.058242, 41.336224 ], [ -84.058344, 41.336232 ], [ -84.0585, 41.336236 ], [ -84.058954, 41.336184 ], [ -84.059362, 41.336098 ], [ -84.059572, 41.336028 ], [ -84.059668, 41.335981 ], [ -84.059779, 41.335915 ], [ -84.060011, 41.335782 ], [ -84.060234, 41.335656 ], [ -84.060427, 41.335577 ], [ -84.060518, 41.335561 ], [ -84.060747, 41.335558 ], [ -84.060962, 41.335575 ], [ -84.06116, 41.335613 ], [ -84.062141, 41.335975 ], [ -84.062607, 41.336248 ], [ -84.063167, 41.336504 ], [ -84.063536, 41.336657 ], [ -84.063683, 41.336712 ], [ -84.063816, 41.336743 ], [ -84.063987, 41.336764 ], [ -84.064144, 41.336768 ], [ -84.064376, 41.336752 ], [ -84.064767, 41.336705 ], [ -84.065521, 41.336573 ], [ -84.066033, 41.33649 ], [ -84.066229, 41.336457 ], [ -84.066375, 41.336441 ], [ -84.066474, 41.336428 ], [ -84.066784, 41.336406 ], [ -84.066951, 41.336393 ], [ -84.067202, 41.336386 ], [ -84.06754, 41.336399 ], [ -84.068363, 41.336823 ], [ -84.068525, 41.33688 ], [ -84.068847, 41.336994 ], [ -84.069391, 41.337167 ], [ -84.069831, 41.337275 ], [ -84.070107, 41.337397 ], [ -84.070434, 41.337556 ], [ -84.070801, 41.337742 ], [ -84.071018, 41.337862 ], [ -84.071154, 41.337971 ], [ -84.07117, 41.338148 ], [ -84.071085, 41.338464 ], [ -84.071055, 41.338622 ], [ -84.071074, 41.338711 ], [ -84.071131, 41.338756 ], [ -84.071421, 41.338826 ], [ -84.071877, 41.338846 ], [ -84.072253, 41.338829 ], [ -84.072616, 41.338715 ], [ -84.072856, 41.338597 ], [ -84.073138, 41.338578 ], [ -84.073511, 41.338623 ], [ -84.074188, 41.338684 ], [ -84.074679, 41.338723 ], [ -84.075302, 41.33881 ], [ -84.075618, 41.338835 ], [ -84.076082, 41.338944 ], [ -84.076518, 41.339133 ], [ -84.076721, 41.339245 ], [ -84.076685, 41.337425 ], [ -84.076649, 41.336023 ], [ -84.076639, 41.335631 ], [ -84.076579, 41.332853 ], [ -84.076564, 41.331989 ], [ -84.076504, 41.329065 ], [ -84.076469, 41.327312 ], [ -84.076458, 41.326536 ], [ -84.076587, 41.326537 ], [ -84.077579, 41.326537 ], [ -84.078839, 41.326528 ], [ -84.081433, 41.326512 ], [ -84.08602, 41.326491 ], [ -84.086016, 41.32603 ], [ -84.085959, 41.32376 ], [ -84.085942, 41.322904 ], [ -84.085934, 41.32276 ], [ -84.08593, 41.322401 ], [ -84.085923, 41.322288 ], [ -84.085917, 41.322071 ], [ -84.085923, 41.321833 ], [ -84.085912, 41.32172 ], [ -84.085904, 41.321338 ], [ -84.085883, 41.320481 ], [ -84.085857, 41.319528 ], [ -84.085846, 41.31925 ], [ -84.085845, 41.318871 ], [ -84.0858, 41.317041 ], [ -84.085755, 41.315437 ], [ -84.085744, 41.315103 ], [ -84.08574, 41.314604 ], [ -84.085726, 41.313887 ], [ -84.085716, 41.313324 ], [ -84.085695, 41.312323 ], [ -84.08568, 41.312022 ], [ -84.08567, 41.311973 ], [ -84.085623, 41.310049 ], [ -84.085592, 41.308565 ], [ -84.085581, 41.307953 ], [ -84.085564, 41.307371 ], [ -84.08555, 41.306384 ], [ -84.085545, 41.305871 ], [ -84.085527, 41.30533 ], [ -84.08552, 41.304788 ], [ -84.092377, 41.304809 ], [ -84.095094, 41.304674 ], [ -84.095071, 41.302262 ], [ -84.095071, 41.301997 ], [ -84.095067, 41.301736 ], [ -84.095034, 41.299103 ], [ -84.095002, 41.297415 ], [ -84.095073, 41.297416 ], [ -84.09512, 41.297412 ], [ -84.097682, 41.297392 ], [ -84.098758, 41.297393 ], [ -84.099937, 41.297386 ], [ -84.101951, 41.297385 ], [ -84.102256, 41.29738 ], [ -84.103553, 41.297366 ], [ -84.104944, 41.297374 ], [ -84.106003, 41.297361 ], [ -84.107507, 41.297376 ], [ -84.107831, 41.297375 ], [ -84.110094, 41.297367 ], [ -84.111691, 41.297365 ], [ -84.111875, 41.297367 ], [ -84.112035, 41.297369 ], [ -84.112339, 41.297369 ], [ -84.113207, 41.297372 ], [ -84.114329, 41.297373 ], [ -84.114389, 41.297373 ], [ -84.114999, 41.297369 ], [ -84.116308, 41.297357 ], [ -84.116769, 41.297353 ], [ -84.117444, 41.297339 ], [ -84.117507, 41.29733 ], [ -84.11789, 41.297319 ], [ -84.126595, 41.297189 ], [ -84.128059, 41.29717 ], [ -84.131629, 41.297104 ], [ -84.133856, 41.297063 ], [ -84.136946, 41.29707 ], [ -84.139336, 41.297071 ], [ -84.144341, 41.297067 ], [ -84.145827, 41.297062 ], [ -84.146158, 41.29706 ], [ -84.148459, 41.297042 ], [ -84.150324, 41.297033 ], [ -84.150898, 41.297031 ], [ -84.151578, 41.297027 ], [ -84.152661, 41.297017 ], [ -84.155701, 41.297002 ], [ -84.157161, 41.296998 ], [ -84.1591, 41.297005 ], [ -84.159933, 41.296997 ], [ -84.160206, 41.296988 ], [ -84.1609, 41.296967 ], [ -84.1615, 41.296953 ], [ -84.162583, 41.29696 ], [ -84.162495, 41.296878 ], [ -84.16242, 41.296669 ], [ -84.162409, 41.296476 ], [ -84.162422, 41.296177 ], [ -84.162507, 41.295952 ], [ -84.16262, 41.295781 ], [ -84.162792, 41.295619 ], [ -84.1628, 41.295611 ], [ -84.162912, 41.295516 ], [ -84.163091, 41.295427 ], [ -84.163249, 41.29538 ], [ -84.163387, 41.295345 ], [ -84.163641, 41.295231 ], [ -84.163852, 41.29506 ], [ -84.163938, 41.294916 ], [ -84.163968, 41.294804 ], [ -84.16404, 41.294048 ], [ -84.164021, 41.293801 ], [ -84.164055, 41.293588 ], [ -84.164125, 41.293353 ], [ -84.164279, 41.292896 ], [ -84.16431, 41.29283 ], [ -84.16447, 41.292619 ], [ -84.164757, 41.292428 ], [ -84.165273, 41.292175 ], [ -84.16545, 41.292081 ], [ -84.165529, 41.292003 ], [ -84.165595, 41.291889 ], [ -84.165632, 41.291789 ], [ -84.165642, 41.29171 ], [ -84.165688, 41.291606 ], [ -84.165843, 41.291473 ], [ -84.165961, 41.291378 ], [ -84.166028, 41.291294 ], [ -84.166048, 41.29112 ], [ -84.166036, 41.29104 ], [ -84.16601, 41.290971 ], [ -84.165922, 41.290869 ], [ -84.165882, 41.290793 ], [ -84.165872, 41.290647 ], [ -84.16589, 41.290512 ], [ -84.165879, 41.290457 ], [ -84.165818, 41.290384 ], [ -84.165437, 41.290158 ], [ -84.16518, 41.289988 ], [ -84.165146, 41.289949 ], [ -84.165128, 41.289883 ], [ -84.165138, 41.289775 ], [ -84.165195, 41.289649 ], [ -84.165267, 41.289516 ], [ -84.165413, 41.28933 ], [ -84.165551, 41.289118 ], [ -84.165627, 41.289004 ], [ -84.165673, 41.288911 ], [ -84.165702, 41.288821 ], [ -84.1657, 41.288736 ], [ -84.165664, 41.288675 ], [ -84.165598, 41.288617 ], [ -84.165507, 41.288581 ], [ -84.165418, 41.288517 ], [ -84.16537, 41.288442 ], [ -84.165321, 41.288368 ], [ -84.165268, 41.288291 ], [ -84.165212, 41.288174 ], [ -84.165198, 41.288041 ], [ -84.165211, 41.287935 ], [ -84.165275, 41.287849 ], [ -84.16537, 41.28779 ], [ -84.165489, 41.287733 ], [ -84.165573, 41.287656 ], [ -84.165658, 41.287543 ], [ -84.165677, 41.287483 ], [ -84.165679, 41.287431 ], [ -84.165638, 41.287358 ], [ -84.165563, 41.287235 ], [ -84.165538, 41.287064 ], [ -84.165548, 41.286913 ], [ -84.165601, 41.286817 ], [ -84.165664, 41.286755 ], [ -84.165795, 41.286689 ], [ -84.165938, 41.286653 ], [ -84.166137, 41.286633 ], [ -84.166237, 41.286632 ], [ -84.166319, 41.286649 ], [ -84.166392, 41.286669 ], [ -84.166519, 41.286698 ], [ -84.166785, 41.286727 ], [ -84.166888, 41.286722 ], [ -84.166929, 41.286693 ], [ -84.166958, 41.286618 ], [ -84.166942, 41.286533 ], [ -84.171741, 41.286524 ], [ -84.171771, 41.288444 ], [ -84.171794, 41.289625 ], [ -84.171805, 41.290109 ], [ -84.171842, 41.291552 ], [ -84.171888, 41.293668 ], [ -84.171895, 41.294074 ], [ -84.171902, 41.294578 ], [ -84.171924, 41.295664 ], [ -84.171957, 41.29689 ], [ -84.172642, 41.296892 ], [ -84.173314, 41.296894 ], [ -84.175188, 41.296881 ], [ -84.17593, 41.296872 ], [ -84.176672, 41.29686 ], [ -84.177415, 41.296855 ], [ -84.178161, 41.296846 ], [ -84.17964, 41.296835 ], [ -84.181167, 41.296818 ], [ -84.181956, 41.296805 ], [ -84.183604, 41.29678 ], [ -84.184224, 41.296766 ], [ -84.18507, 41.296748 ], [ -84.188883, 41.296653 ], [ -84.190265, 41.296616 ], [ -84.191106, 41.296604 ], [ -84.193846, 41.296584 ], [ -84.19499, 41.296582 ], [ -84.197862, 41.29657 ], [ -84.198296, 41.296569 ], [ -84.200427, 41.29656 ], [ -84.201284, 41.296554 ], [ -84.202504, 41.296547 ], [ -84.203768, 41.296541 ], [ -84.204875, 41.296529 ], [ -84.205834, 41.29652 ], [ -84.207941, 41.296493 ], [ -84.210375, 41.296475 ], [ -84.210508, 41.296487 ], [ -84.212636, 41.296485 ], [ -84.213024, 41.296484 ], [ -84.213592, 41.296485 ], [ -84.214604, 41.296485 ], [ -84.215386, 41.296482 ], [ -84.216906, 41.296466 ], [ -84.218751, 41.296438 ], [ -84.220193, 41.296424 ], [ -84.221628, 41.296416 ], [ -84.223112, 41.29641 ], [ -84.224525, 41.296407 ], [ -84.225629, 41.296399 ], [ -84.226804, 41.296395 ], [ -84.227223, 41.296392 ], [ -84.227305, 41.296375 ], [ -84.227342, 41.296349 ], [ -84.227366, 41.296286 ], [ -84.227375, 41.296224 ], [ -84.22737, 41.29603 ], [ -84.227473, 41.296656 ], [ -84.227555, 41.297925 ], [ -84.227517, 41.29822 ], [ -84.227452, 41.300188 ], [ -84.22745, 41.300275 ], [ -84.227391, 41.301222 ], [ -84.227206, 41.301201 ], [ -84.2257, 41.302066 ], [ -84.224149, 41.3029 ], [ -84.222901, 41.303974 ], [ -84.222715, 41.304965 ], [ -84.222177, 41.305817 ], [ -84.221615, 41.306933 ], [ -84.220539, 41.308086 ], [ -84.219295, 41.309288 ], [ -84.217705, 41.31038 ], [ -84.215604, 41.311589 ], [ -84.214123, 41.312522 ], [ -84.212806, 41.313123 ], [ -84.211902, 41.313687 ], [ -84.211596, 41.314057 ], [ -84.210765, 41.314715 ], [ -84.210945, 41.314785 ], [ -84.211313, 41.314854 ], [ -84.210902, 41.315162 ], [ -84.210615, 41.315374 ], [ -84.210246, 41.31561 ], [ -84.209863, 41.315847 ], [ -84.209554, 41.316011 ], [ -84.209447, 41.316086 ], [ -84.209338, 41.316202 ], [ -84.209218, 41.316334 ], [ -84.209133, 41.316411 ], [ -84.209005, 41.316516 ], [ -84.208873, 41.316673 ], [ -84.208776, 41.316797 ], [ -84.208661, 41.316951 ], [ -84.208463, 41.317208 ], [ -84.208424, 41.317286 ], [ -84.208417, 41.317351 ], [ -84.208429, 41.317437 ], [ -84.208427, 41.31749 ], [ -84.208406, 41.317545 ], [ -84.20836, 41.31759 ], [ -84.208276, 41.317629 ], [ -84.208196, 41.317659 ], [ -84.208128, 41.317689 ], [ -84.208082, 41.31772 ], [ -84.208014, 41.317799 ], [ -84.207801, 41.318061 ], [ -84.207661, 41.31826 ], [ -84.207558, 41.318474 ], [ -84.207412, 41.318657 ], [ -84.207268, 41.318818 ], [ -84.206826, 41.319265 ], [ -84.206664, 41.31942 ], [ -84.206552, 41.319491 ], [ -84.206265, 41.319665 ], [ -84.206257, 41.31987 ], [ -84.20583, 41.321272 ], [ -84.206036, 41.321143 ], [ -84.206216, 41.321025 ], [ -84.206384, 41.32089 ], [ -84.206504, 41.32079 ], [ -84.206621, 41.320689 ], [ -84.206813, 41.320496 ], [ -84.20704, 41.320264 ], [ -84.207184, 41.320119 ], [ -84.207487, 41.319809 ], [ -84.207713, 41.319588 ], [ -84.207965, 41.319332 ], [ -84.208194, 41.319096 ], [ -84.208425, 41.318865 ], [ -84.20865, 41.318655 ], [ -84.20883, 41.318508 ], [ -84.208988, 41.318383 ], [ -84.209151, 41.318267 ], [ -84.20934, 41.318137 ], [ -84.209622, 41.317959 ], [ -84.210348, 41.317527 ], [ -84.210508, 41.317424 ], [ -84.210642, 41.317334 ], [ -84.210804, 41.317221 ], [ -84.210962, 41.317104 ], [ -84.211082, 41.317014 ], [ -84.211249, 41.316885 ], [ -84.211401, 41.316762 ], [ -84.211785, 41.316442 ], [ -84.211998, 41.316274 ], [ -84.212219, 41.316054 ], [ -84.212388, 41.315879 ], [ -84.212537, 41.315713 ], [ -84.212676, 41.315546 ], [ -84.212983, 41.315135 ], [ -84.21589, 41.315761 ], [ -84.215957, 41.315776 ], [ -84.227401, 41.317968 ], [ -84.227404, 41.318214 ], [ -84.227402, 41.318458 ], [ -84.227378, 41.322037 ], [ -84.227352, 41.325927 ], [ -84.227356, 41.326483 ], [ -84.227362, 41.327003 ], [ -84.227355, 41.327575 ], [ -84.227354, 41.328151 ], [ -84.227358, 41.328515 ], [ -84.227363, 41.329184 ], [ -84.227364, 41.329342 ], [ -84.227365, 41.329492 ], [ -84.227364, 41.329794 ], [ -84.227371, 41.330372 ], [ -84.227369, 41.330675 ], [ -84.227367, 41.330841 ], [ -84.227646, 41.330868 ], [ -84.227874, 41.330882 ], [ -84.228053, 41.330901 ], [ -84.228303, 41.330929 ], [ -84.22855, 41.330942 ], [ -84.228771, 41.330942 ], [ -84.228872, 41.330951 ], [ -84.228974, 41.330977 ], [ -84.2291, 41.331018 ], [ -84.229328, 41.331111 ], [ -84.229781, 41.331346 ], [ -84.22989, 41.331392 ], [ -84.229985, 41.331418 ], [ -84.230144, 41.33144 ], [ -84.230349, 41.331457 ], [ -84.230637, 41.3315 ], [ -84.230804, 41.331528 ], [ -84.231195, 41.33161 ], [ -84.231381, 41.331647 ], [ -84.231544, 41.331667 ], [ -84.231732, 41.331675 ], [ -84.231948, 41.331673 ], [ -84.232049, 41.331665 ], [ -84.232125, 41.331641 ], [ -84.232304, 41.331569 ], [ -84.232506, 41.331522 ], [ -84.2326, 41.331504 ], [ -84.232658, 41.3315 ], [ -84.232725, 41.331504 ], [ -84.232788, 41.33151 ], [ -84.23288, 41.331507 ], [ -84.233278, 41.331481 ], [ -84.233772, 41.331442 ], [ -84.23419, 41.331418 ], [ -84.234493, 41.331406 ], [ -84.2349, 41.331392 ], [ -84.235004, 41.331389 ], [ -84.235136, 41.331391 ], [ -84.235257, 41.331386 ], [ -84.235336, 41.331373 ], [ -84.235579, 41.331302 ], [ -84.235818, 41.331215 ], [ -84.236347, 41.331057 ], [ -84.236662, 41.330951 ], [ -84.236882, 41.330859 ], [ -84.236964, 41.330842 ], [ -84.237026, 41.330841 ], [ -84.237108, 41.330848 ], [ -84.237244, 41.330878 ], [ -84.237697, 41.331005 ], [ -84.238281, 41.331196 ], [ -84.238453, 41.331239 ], [ -84.23852, 41.33124 ], [ -84.238579, 41.331235 ], [ -84.23861, 41.331223 ], [ -84.238651, 41.331193 ], [ -84.238699, 41.331107 ], [ -84.238755, 41.331043 ], [ -84.238802, 41.331009 ], [ -84.238833, 41.330997 ], [ -84.238919, 41.33099 ], [ -84.240638, 41.331065 ], [ -84.241581, 41.331067 ], [ -84.241948, 41.331061 ], [ -84.242437, 41.331056 ], [ -84.243084, 41.330983 ], [ -84.243306, 41.330944 ], [ -84.243555, 41.330895 ], [ -84.243684, 41.330883 ], [ -84.24381, 41.330884 ], [ -84.24406, 41.330911 ], [ -84.244136, 41.330906 ], [ -84.244298, 41.330879 ], [ -84.244426, 41.33084 ], [ -84.244631, 41.330747 ], [ -84.244887, 41.330637 ], [ -84.245192, 41.330508 ], [ -84.2453, 41.330474 ], [ -84.245489, 41.330441 ], [ -84.245842, 41.330365 ], [ -84.246413, 41.330196 ], [ -84.246486, 41.330175 ], [ -84.246783, 41.330085 ], [ -84.246767, 41.330965 ], [ -84.246767, 41.331519 ], [ -84.246762, 41.332077 ], [ -84.246761, 41.333202 ], [ -84.246756, 41.333767 ], [ -84.246756, 41.334325 ], [ -84.246759, 41.334875 ], [ -84.246753, 41.335448 ], [ -84.24675, 41.336015 ], [ -84.246752, 41.33674 ], [ -84.246721, 41.340486 ], [ -84.246631, 41.340496 ], [ -84.246629, 41.340651 ], [ -84.246627, 41.341107 ], [ -84.24662, 41.342181 ], [ -84.246622, 41.342345 ], [ -84.239339, 41.34554 ], [ -84.238956, 41.345697 ], [ -84.238076, 41.346078 ], [ -84.23642, 41.34683 ], [ -84.233767, 41.347971 ], [ -84.233811, 41.347985 ], [ -84.233879, 41.347986 ], [ -84.234073, 41.347981 ], [ -84.234339, 41.34796 ], [ -84.234526, 41.347955 ], [ -84.234766, 41.347899 ], [ -84.235066, 41.347878 ], [ -84.235678, 41.347959 ], [ -84.236477, 41.348086 ], [ -84.237404, 41.34825 ], [ -84.237616, 41.348245 ], [ -84.237765, 41.348272 ], [ -84.237881, 41.348317 ], [ -84.237947, 41.348385 ], [ -84.238037, 41.348476 ], [ -84.238127, 41.348563 ], [ -84.238206, 41.348602 ], [ -84.238312, 41.348619 ], [ -84.238475, 41.348604 ], [ -84.238599, 41.348551 ], [ -84.238841, 41.348421 ], [ -84.239341, 41.348417 ], [ -84.239546, 41.348644 ], [ -84.239694, 41.348934 ], [ -84.239736, 41.348998 ], [ -84.239803, 41.349051 ], [ -84.240068, 41.349264 ], [ -84.240533, 41.349584 ], [ -84.240892, 41.349822 ], [ -84.241027, 41.349865 ], [ -84.241133, 41.349879 ], [ -84.241256, 41.349859 ], [ -84.24213, 41.349497 ], [ -84.242343, 41.349402 ], [ -84.242395, 41.349377 ], [ -84.242453, 41.349368 ], [ -84.242485, 41.349366 ], [ -84.242518, 41.349367 ], [ -84.24258, 41.349376 ], [ -84.242657, 41.349403 ], [ -84.242729, 41.349454 ], [ -84.242903, 41.3496 ], [ -84.241211, 41.350315 ], [ -84.240195, 41.350746 ], [ -84.239075, 41.351225 ], [ -84.238716, 41.351385 ], [ -84.237993, 41.351705 ], [ -84.236905, 41.35219 ], [ -84.23581, 41.352675 ], [ -84.23472, 41.353162 ], [ -84.23254, 41.354127 ], [ -84.231662, 41.354523 ], [ -84.23036, 41.355092 ], [ -84.229664, 41.355403 ], [ -84.229571, 41.355456 ], [ -84.227503, 41.356361 ], [ -84.227531, 41.356609 ], [ -84.227643, 41.357562 ], [ -84.227611, 41.357652 ], [ -84.22756, 41.357834 ], [ -84.22755, 41.357988 ], [ -84.227549, 41.358498 ], [ -84.22755, 41.358748 ], [ -84.227552, 41.359344 ], [ -84.227563, 41.359704 ], [ -84.227563, 41.360254 ], [ -84.227565, 41.360505 ], [ -84.227584, 41.362308 ], [ -84.227586, 41.362616 ], [ -84.227601, 41.363512 ], [ -84.227634, 41.365523 ], [ -84.227638, 41.366717 ], [ -84.22766, 41.368501 ], [ -84.22767, 41.368786 ], [ -84.227679, 41.369478 ], [ -84.227681, 41.369568 ], [ -84.227687, 41.37026 ], [ -84.227698, 41.371456 ], [ -84.227703, 41.372018 ], [ -84.227705, 41.372246 ], [ -84.227718, 41.372878 ], [ -84.227724, 41.374557 ], [ -84.227729, 41.374762 ], [ -84.227728, 41.375061 ], [ -84.227756, 41.3785 ], [ -84.227773, 41.380568 ], [ -84.227803, 41.383444 ], [ -84.22781, 41.38416 ], [ -84.22781, 41.384306 ], [ -84.227902, 41.391411 ], [ -84.227968, 41.396141 ], [ -84.227975, 41.396612 ], [ -84.227981, 41.397041 ], [ -84.227982, 41.397238 ], [ -84.227987, 41.398071 ], [ -84.228024, 41.400622 ], [ -84.22805, 41.402359 ], [ -84.228084, 41.405249 ], [ -84.228097, 41.40597 ], [ -84.228126, 41.4076 ], [ -84.22813, 41.407745 ], [ -84.228136, 41.408376 ], [ -84.228176, 41.409976 ], [ -84.228203, 41.412318 ], [ -84.228218, 41.41324 ], [ -84.228302, 41.419198 ], [ -84.22832, 41.420102 ], [ -84.228325, 41.420427 ], [ -84.228332, 41.420622 ], [ -84.228361, 41.422615 ], [ -84.228431, 41.425976 ], [ -84.228454, 41.42781 ], [ -84.241787, 41.427811 ], [ -84.241908, 41.427811 ], [ -84.242187, 41.427811 ], [ -84.242404, 41.427811 ], [ -84.244124, 41.427808 ], [ -84.247188, 41.427803 ], [ -84.247499, 41.427808 ], [ -84.247636, 41.427809 ], [ -84.247781, 41.427813 ], [ -84.248015, 41.427818 ], [ -84.249961, 41.427811 ], [ -84.251635, 41.427801 ], [ -84.251962, 41.427799 ], [ -84.253947, 41.427789 ], [ -84.255641, 41.427778 ], [ -84.256217, 41.427774 ], [ -84.257418, 41.427773 ], [ -84.259393, 41.427772 ], [ -84.259538, 41.427772 ], [ -84.259801, 41.427773 ], [ -84.260364, 41.427772 ], [ -84.260925, 41.427769 ], [ -84.261488, 41.427766 ], [ -84.26205, 41.427765 ], [ -84.262613, 41.427761 ], [ -84.263184, 41.427761 ], [ -84.263699, 41.427757 ], [ -84.264265, 41.427757 ], [ -84.264918, 41.427756 ], [ -84.265303, 41.427755 ], [ -84.265624, 41.427756 ], [ -84.265944, 41.427758 ], [ -84.266267, 41.427758 ], [ -84.267077, 41.42776 ], [ -84.267267, 41.427756 ], [ -84.267387, 41.427747 ], [ -84.267508, 41.427744 ], [ -84.267821, 41.427741 ], [ -84.268316, 41.427738 ], [ -84.268835, 41.427733 ], [ -84.269372, 41.42773 ], [ -84.269876, 41.42773 ], [ -84.270491, 41.427729 ], [ -84.271458, 41.427729 ], [ -84.271684, 41.427728 ], [ -84.272198, 41.427727 ], [ -84.276233, 41.42772 ], [ -84.279421, 41.427706 ], [ -84.283684, 41.427683 ], [ -84.284025, 41.427685 ], [ -84.285027, 41.427685 ], [ -84.28563, 41.427687 ], [ -84.286017, 41.427683 ], [ -84.286131, 41.427676 ], [ -84.287073, 41.427681 ], [ -84.291932, 41.427662 ], [ -84.296627, 41.427644 ], [ -84.298469, 41.427636 ], [ -84.300672, 41.427631 ], [ -84.301756, 41.427621 ], [ -84.302551, 41.427619 ], [ -84.302643, 41.427619 ], [ -84.303572, 41.427617 ], [ -84.303641, 41.427617 ], [ -84.304054, 41.427615 ], [ -84.304858, 41.42762 ], [ -84.305462, 41.427625 ], [ -84.306038, 41.427624 ], [ -84.305628, 41.428194 ], [ -84.305651, 41.432878 ], [ -84.30566, 41.436478 ], [ -84.305661, 41.436889 ], [ -84.305663, 41.437548 ], [ -84.305667, 41.44065 ], [ -84.305672, 41.441984 ], [ -84.305675, 41.442113 ], [ -84.304897, 41.442135 ], [ -84.304576, 41.442148 ], [ -84.304083, 41.442154 ], [ -84.303516, 41.442156 ], [ -84.302452, 41.442156 ], [ -84.301951, 41.442157 ], [ -84.296033, 41.44216 ], [ -84.290181, 41.44217 ], [ -84.288661, 41.442179 ], [ -84.286415, 41.442177 ], [ -84.286418, 41.442502 ], [ -84.286433, 41.442977 ], [ -84.286436, 41.44325 ], [ -84.286442, 41.443477 ], [ -84.286442, 41.443743 ], [ -84.286438, 41.44409 ], [ -84.286434, 41.444394 ], [ -84.286431, 41.444517 ], [ -84.286426, 41.445313 ], [ -84.286428, 41.445842 ], [ -84.286427, 41.446089 ], [ -84.28643, 41.44614 ], [ -84.286978, 41.446291 ], [ -84.296086, 41.448953 ], [ -84.296767, 41.449157 ], [ -84.29863, 41.449713 ], [ -84.298827, 41.449771 ], [ -84.300645, 41.450315 ], [ -84.301626, 41.450607 ], [ -84.303198, 41.451069 ], [ -84.30431, 41.4514 ], [ -84.305672, 41.451789 ], [ -84.305764, 41.451815 ], [ -84.306751, 41.452093 ], [ -84.308292, 41.452527 ], [ -84.313331, 41.453945 ], [ -84.315862, 41.45464 ], [ -84.31744, 41.455096 ], [ -84.318186, 41.455321 ], [ -84.322511, 41.456616 ], [ -84.325138, 41.457393 ], [ -84.332607, 41.459573 ], [ -84.334043, 41.459995 ], [ -84.334426, 41.460106 ], [ -84.335066, 41.460291 ], [ -84.335062, 41.460693 ], [ -84.33473, 41.462957 ], [ -84.334773, 41.466198 ], [ -84.334832, 41.466199 ], [ -84.33488, 41.466202 ], [ -84.33492, 41.466198 ], [ -84.334955, 41.466193 ], [ -84.334987, 41.46618 ], [ -84.335011, 41.466167 ], [ -84.33506, 41.466143 ], [ -84.335106, 41.466117 ], [ -84.335163, 41.466069 ], [ -84.33522, 41.466013 ], [ -84.335261, 41.465958 ], [ -84.335303, 41.46592 ], [ -84.335362, 41.465887 ], [ -84.335423, 41.465861 ], [ -84.335467, 41.465838 ], [ -84.335488, 41.46583 ], [ -84.335513, 41.465813 ], [ -84.335541, 41.46578 ], [ -84.33556, 41.465739 ], [ -84.335569, 41.465685 ], [ -84.335571, 41.465655 ], [ -84.33558, 41.465629 ], [ -84.335645, 41.465525 ], [ -84.33574, 41.465421 ], [ -84.335815, 41.46535 ], [ -84.33591, 41.465263 ], [ -84.336238, 41.464997 ], [ -84.336318, 41.46496 ], [ -84.33641, 41.464911 ], [ -84.336453, 41.464879 ], [ -84.336514, 41.464818 ], [ -84.336635, 41.464722 ], [ -84.336728, 41.464683 ], [ -84.336785, 41.46465 ], [ -84.336841, 41.464619 ], [ -84.336909, 41.464596 ], [ -84.337003, 41.464595 ], [ -84.337076, 41.464602 ], [ -84.337165, 41.464618 ], [ -84.337315, 41.464664 ], [ -84.337437, 41.464707 ], [ -84.337615, 41.464812 ], [ -84.337757, 41.464902 ], [ -84.338085, 41.465042 ], [ -84.338292, 41.465099 ], [ -84.338415, 41.465112 ], [ -84.338539, 41.465122 ], [ -84.338607, 41.465131 ], [ -84.338674, 41.465134 ], [ -84.338751, 41.465134 ], [ -84.338817, 41.465129 ], [ -84.338864, 41.465119 ], [ -84.338895, 41.465106 ], [ -84.338931, 41.465097 ], [ -84.338975, 41.465096 ], [ -84.33906, 41.465109 ], [ -84.339123, 41.465123 ], [ -84.339184, 41.465141 ], [ -84.339233, 41.465151 ], [ -84.339363, 41.465159 ], [ -84.339434, 41.465158 ], [ -84.339521, 41.465141 ], [ -84.339642, 41.465106 ], [ -84.339706, 41.465085 ], [ -84.339819, 41.465068 ], [ -84.339878, 41.465063 ], [ -84.33994, 41.465061 ], [ -84.339992, 41.465074 ], [ -84.340043, 41.465096 ], [ -84.34013, 41.465158 ], [ -84.340187, 41.465206 ], [ -84.340286, 41.465282 ], [ -84.340393, 41.465337 ], [ -84.340532, 41.465397 ], [ -84.340607, 41.465433 ], [ -84.340722, 41.465495 ], [ -84.340788, 41.465539 ], [ -84.340872, 41.465587 ], [ -84.340924, 41.46562 ], [ -84.340958, 41.465647 ], [ -84.340991, 41.465692 ], [ -84.341017, 41.465735 ], [ -84.341035, 41.465778 ], [ -84.341062, 41.465814 ], [ -84.341082, 41.465845 ], [ -84.341115, 41.465881 ], [ -84.341151, 41.465909 ], [ -84.341184, 41.465928 ], [ -84.34127, 41.465972 ], [ -84.341322, 41.465992 ], [ -84.341388, 41.466023 ], [ -84.341438, 41.466041 ], [ -84.341486, 41.466057 ], [ -84.341536, 41.466082 ], [ -84.341603, 41.466118 ], [ -84.341727, 41.466198 ], [ -84.341892, 41.466323 ], [ -84.34197, 41.466378 ], [ -84.342069, 41.466456 ], [ -84.34216, 41.466564 ], [ -84.342202, 41.466612 ], [ -84.342283, 41.46665 ], [ -84.342376, 41.466672 ], [ -84.342464, 41.466687 ], [ -84.342551, 41.466685 ], [ -84.342642, 41.466675 ], [ -84.342716, 41.466653 ], [ -84.342788, 41.466615 ], [ -84.342864, 41.466579 ], [ -84.34293, 41.466552 ], [ -84.343017, 41.466537 ], [ -84.343106, 41.466539 ], [ -84.343254, 41.466563 ], [ -84.343344, 41.466584 ], [ -84.343392, 41.466602 ], [ -84.343889, 41.466285 ], [ -84.344059, 41.466202 ], [ -84.344191, 41.466162 ], [ -84.344537, 41.466137 ], [ -84.345219, 41.466155 ], [ -84.34595, 41.466212 ], [ -84.346476, 41.466295 ], [ -84.346688, 41.466345 ], [ -84.346847, 41.466408 ], [ -84.346939, 41.466438 ], [ -84.347093, 41.466437 ], [ -84.347217, 41.466422 ], [ -84.347335, 41.46639 ], [ -84.34746, 41.466345 ], [ -84.347588, 41.466248 ], [ -84.347704, 41.466107 ], [ -84.347797, 41.466029 ], [ -84.347885, 41.466006 ], [ -84.347942, 41.465997 ], [ -84.348038, 41.466005 ], [ -84.34816, 41.466019 ], [ -84.348189, 41.466027 ], [ -84.348309, 41.466062 ], [ -84.348426, 41.466081 ], [ -84.348519, 41.466079 ], [ -84.34865, 41.466071 ], [ -84.348761, 41.466051 ], [ -84.348863, 41.466014 ], [ -84.349117, 41.465826 ], [ -84.349228, 41.465749 ], [ -84.349286, 41.46571 ], [ -84.349635, 41.465585 ], [ -84.349772, 41.465575 ], [ -84.349952, 41.465582 ], [ -84.350075, 41.465592 ], [ -84.350234, 41.465629 ], [ -84.350436, 41.465669 ], [ -84.350674, 41.465731 ], [ -84.351167, 41.465797 ], [ -84.351269, 41.465808 ], [ -84.351398, 41.465813 ], [ -84.351542, 41.465811 ], [ -84.351707, 41.46581 ], [ -84.351935, 41.465796 ], [ -84.352152, 41.46579 ], [ -84.352466, 41.465797 ], [ -84.352618, 41.465804 ], [ -84.352752, 41.465804 ], [ -84.353013, 41.465795 ], [ -84.353284, 41.465782 ], [ -84.353538, 41.465777 ], [ -84.353719, 41.465789 ], [ -84.353863, 41.465785 ], [ -84.354041, 41.465799 ], [ -84.354107, 41.465815 ], [ -84.354176, 41.465856 ], [ -84.35423, 41.465896 ], [ -84.354263, 41.465942 ], [ -84.354334, 41.466062 ], [ -84.354446, 41.466191 ], [ -84.354497, 41.466287 ], [ -84.354544, 41.466401 ], [ -84.354582, 41.466479 ], [ -84.354646, 41.466562 ], [ -84.354755, 41.466681 ], [ -84.354869, 41.466781 ], [ -84.355011, 41.4669 ], [ -84.355124, 41.467019 ], [ -84.355241, 41.467138 ], [ -84.355439, 41.4673 ], [ -84.355573, 41.46738 ], [ -84.355689, 41.467427 ], [ -84.355802, 41.467449 ], [ -84.356022, 41.467465 ], [ -84.356268, 41.467477 ], [ -84.356446, 41.467489 ], [ -84.356443, 41.467877 ], [ -84.356448, 41.468164 ], [ -84.356442, 41.468631 ], [ -84.35645, 41.469094 ], [ -84.356453, 41.470483 ], [ -84.356447, 41.470905 ], [ -84.356433, 41.470961 ], [ -84.356404, 41.471019 ], [ -84.356374, 41.471048 ], [ -84.356347, 41.471072 ], [ -84.356308, 41.471098 ], [ -84.35627, 41.471116 ], [ -84.356172, 41.471151 ], [ -84.356141, 41.471159 ], [ -84.356091, 41.471184 ], [ -84.356058, 41.471168 ], [ -84.356047, 41.471161 ], [ -84.356032, 41.471155 ], [ -84.356005, 41.471148 ], [ -84.35596, 41.471143 ], [ -84.355913, 41.471139 ], [ -84.355777, 41.471133 ], [ -84.355566, 41.471137 ], [ -84.35502, 41.471134 ], [ -84.354655, 41.471134 ], [ -84.354481, 41.471139 ], [ -84.353967, 41.471136 ], [ -84.353143, 41.471128 ], [ -84.351579, 41.471132 ], [ -84.35087, 41.47113 ], [ -84.350279, 41.471132 ], [ -84.348583, 41.471127 ], [ -84.348449, 41.471129 ], [ -84.348415, 41.471129 ], [ -84.347596, 41.471119 ], [ -84.346838, 41.471119 ], [ -84.34484, 41.471111 ], [ -84.344874, 41.471185 ], [ -84.344936, 41.47125 ], [ -84.34502, 41.471312 ], [ -84.345147, 41.471354 ], [ -84.345262, 41.47138 ], [ -84.345437, 41.471406 ], [ -84.345493, 41.471422 ], [ -84.345605, 41.471462 ], [ -84.345752, 41.471463 ], [ -84.345868, 41.47148 ], [ -84.345991, 41.471478 ], [ -84.346135, 41.471493 ], [ -84.346291, 41.471511 ], [ -84.346398, 41.471525 ], [ -84.346559, 41.471569 ], [ -84.346684, 41.4716 ], [ -84.346776, 41.471657 ], [ -84.346879, 41.471742 ], [ -84.34696, 41.471836 ], [ -84.347017, 41.471993 ], [ -84.347041, 41.472166 ], [ -84.347035, 41.47231 ], [ -84.34701, 41.472461 ], [ -84.346981, 41.472564 ], [ -84.346942, 41.47267 ], [ -84.346913, 41.472773 ], [ -84.346861, 41.47288 ], [ -84.346834, 41.472939 ], [ -84.346796, 41.473013 ], [ -84.346711, 41.473101 ], [ -84.346607, 41.47317 ], [ -84.34638, 41.473264 ], [ -84.346141, 41.473341 ], [ -84.345911, 41.473426 ], [ -84.345681, 41.47348 ], [ -84.345239, 41.473632 ], [ -84.345124, 41.473677 ], [ -84.345004, 41.473737 ], [ -84.344889, 41.47379 ], [ -84.344657, 41.473969 ], [ -84.344449, 41.474137 ], [ -84.344214, 41.474376 ], [ -84.347401, 41.474359 ], [ -84.348254, 41.474355 ], [ -84.354942, 41.474321 ], [ -84.354778, 41.474775 ], [ -84.354694, 41.474994 ], [ -84.354571, 41.475348 ], [ -84.354493, 41.475561 ], [ -84.354303, 41.476098 ], [ -84.354219, 41.476347 ], [ -84.354132, 41.476581 ], [ -84.354097, 41.476659 ], [ -84.353913, 41.477202 ], [ -84.3538, 41.477505 ], [ -84.353667, 41.477902 ], [ -84.353564, 41.478197 ], [ -84.353492, 41.478407 ], [ -84.353321, 41.478897 ], [ -84.353141, 41.479393 ], [ -84.352767, 41.480437 ], [ -84.352503, 41.481206 ], [ -84.352438, 41.481363 ], [ -84.35222, 41.481997 ], [ -84.352154, 41.482167 ], [ -84.35201, 41.482602 ], [ -84.351844, 41.483055 ], [ -84.351708, 41.483465 ], [ -84.351553, 41.483901 ], [ -84.351203, 41.484853 ], [ -84.350532, 41.486733 ], [ -84.350446, 41.486998 ], [ -84.350274, 41.48748 ], [ -84.35015, 41.48781 ], [ -84.350068, 41.488042 ], [ -84.349919, 41.488468 ], [ -84.34972, 41.489002 ], [ -84.34952, 41.489559 ], [ -84.34932, 41.490122 ], [ -84.349111, 41.490699 ], [ -84.349026, 41.490968 ], [ -84.348755, 41.491707 ], [ -84.348587, 41.492201 ], [ -84.3485, 41.49245 ], [ -84.348451, 41.492587 ], [ -84.348436, 41.49264 ], [ -84.348415, 41.492728 ], [ -84.348405, 41.492774 ], [ -84.348385, 41.492877 ], [ -84.348154, 41.492885 ], [ -84.347788, 41.492881 ], [ -84.346555, 41.492871 ], [ -84.344652, 41.492861 ], [ -84.343806, 41.492861 ], [ -84.34319, 41.492856 ], [ -84.342707, 41.492858 ], [ -84.341934, 41.492854 ], [ -84.341931, 41.493416 ], [ -84.341933, 41.493865 ], [ -84.341935, 41.494261 ], [ -84.341935, 41.494602 ], [ -84.341934, 41.495372 ], [ -84.341942, 41.496159 ], [ -84.341951, 41.496939 ], [ -84.341952, 41.497787 ], [ -84.341958, 41.49867 ], [ -84.341955, 41.499159 ], [ -84.341967, 41.50002 ], [ -84.341977, 41.500081 ], [ -84.341997, 41.500128 ], [ -84.341967, 41.500189 ], [ -84.341955, 41.500222 ], [ -84.341944, 41.500272 ], [ -84.341945, 41.500346 ], [ -84.341947, 41.500404 ], [ -84.341959, 41.502523 ], [ -84.341959, 41.50259 ], [ -84.342018, 41.507505 ], [ -84.342008, 41.507657 ], [ -84.342049, 41.513947 ], [ -84.342051, 41.514107 ], [ -84.346555, 41.514104 ], [ -84.347094, 41.514098 ], [ -84.361224, 41.514084 ], [ -84.370659, 41.51407 ], [ -84.37101, 41.514071 ], [ -84.371019, 41.515284 ], [ -84.371021, 41.515794 ], [ -84.371035, 41.517061 ], [ -84.37105, 41.518055 ], [ -84.371067, 41.519744 ], [ -84.371075, 41.520639 ], [ -84.37109, 41.521304 ], [ -84.372327, 41.521298 ], [ -84.374893, 41.521283 ], [ -84.376049, 41.521281 ], [ -84.377274, 41.521268 ], [ -84.378361, 41.521264 ], [ -84.378373, 41.52337 ], [ -84.378379, 41.52463 ], [ -84.378384, 41.527125 ], [ -84.378402, 41.528499 ], [ -84.37769, 41.528501 ], [ -84.376701, 41.52851 ], [ -84.374583, 41.528522 ], [ -84.373687, 41.528525 ], [ -84.372306, 41.528534 ], [ -84.371707, 41.528533 ], [ -84.37134, 41.528534 ], [ -84.371154, 41.52854 ], [ -84.371173, 41.529393 ], [ -84.371176, 41.530026 ], [ -84.371177, 41.530614 ], [ -84.371182, 41.531318 ], [ -84.371196, 41.531753 ], [ -84.371192, 41.532327 ], [ -84.371207, 41.532951 ], [ -84.371203, 41.533508 ], [ -84.371207, 41.533778 ], [ -84.371211, 41.534054 ], [ -84.371223, 41.5347 ], [ -84.371248, 41.537076 ], [ -84.371257, 41.537112 ], [ -84.371273, 41.537148 ], [ -84.371301, 41.537191 ], [ -84.371346, 41.537237 ], [ -84.371399, 41.537272 ], [ -84.371447, 41.537296 ], [ -84.371489, 41.537311 ], [ -84.371544, 41.537329 ], [ -84.371599, 41.537341 ], [ -84.371658, 41.537348 ], [ -84.372135, 41.537398 ], [ -84.373605, 41.537541 ], [ -84.374212, 41.53761 ], [ -84.374954, 41.537687 ], [ -84.375484, 41.537743 ], [ -84.375996, 41.537803 ], [ -84.376759, 41.53789 ], [ -84.379699, 41.538218 ], [ -84.380378, 41.538304 ], [ -84.380518, 41.538317 ], [ -84.380661, 41.538321 ], [ -84.38075, 41.538321 ], [ -84.380824, 41.54147 ], [ -84.380811, 41.54191 ], [ -84.380719, 41.542967 ], [ -84.380863, 41.546677 ], [ -84.380897, 41.546936 ], [ -84.380906, 41.547307 ], [ -84.380911, 41.547925 ], [ -84.380898, 41.548322 ], [ -84.380897, 41.548373 ], [ -84.380881, 41.548934 ], [ -84.380876, 41.549295 ], [ -84.380864, 41.549612 ], [ -84.380853, 41.54972 ], [ -84.380915, 41.555207 ], [ -84.381098, 41.557449 ], [ -84.381463, 41.557451 ], [ -84.381769, 41.557454 ], [ -84.382197, 41.557447 ], [ -84.382812, 41.557459 ], [ -84.383023, 41.557453 ], [ -84.383455, 41.55745 ], [ -84.384027, 41.557455 ], [ -84.385111, 41.557457 ], [ -84.386305, 41.55745 ], [ -84.387726, 41.557451 ], [ -84.388952, 41.557442 ], [ -84.389939, 41.557448 ], [ -84.389913, 41.557718 ], [ -84.389836, 41.55805 ], [ -84.389708, 41.558393 ], [ -84.389507, 41.558936 ], [ -84.389185, 41.559809 ], [ -84.388761, 41.560917 ], [ -84.388302, 41.562162 ], [ -84.388272, 41.562241 ], [ -84.388078, 41.562748 ], [ -84.388021, 41.562898 ], [ -84.38794, 41.563111 ], [ -84.387844, 41.563382 ], [ -84.387641, 41.564082 ], [ -84.387557, 41.564461 ], [ -84.387542, 41.564543 ], [ -84.387524, 41.564645 ], [ -84.387484, 41.564874 ], [ -84.387339, 41.56589 ], [ -84.38728, 41.566364 ], [ -84.387228, 41.566716 ], [ -84.387196, 41.566969 ], [ -84.387175, 41.567146 ], [ -84.386977, 41.569542 ], [ -84.38692, 41.570223 ], [ -84.386859, 41.570805 ], [ -84.38684, 41.571077 ], [ -84.386819, 41.571361 ], [ -84.386828, 41.572023 ], [ -84.38684, 41.572102 ], [ -84.386307, 41.579263 ], [ -84.386137, 41.581765 ], [ -84.386124, 41.582143 ], [ -84.385849, 41.586471 ], [ -84.385384, 41.586442 ], [ -84.384329, 41.586448 ], [ -84.382756, 41.586445 ], [ -84.38163, 41.586455 ], [ -84.380988, 41.586462 ], [ -84.381028, 41.590561 ], [ -84.381046, 41.592301 ], [ -84.381096, 41.598376 ], [ -84.381172, 41.600004 ], [ -84.381168, 41.600189 ], [ -84.381171, 41.600698 ], [ -84.381175, 41.601244 ], [ -84.381186, 41.601316 ], [ -84.38119, 41.6014 ], [ -84.381196, 41.601692 ], [ -84.3812, 41.60192 ], [ -84.381198, 41.602053 ], [ -84.381196, 41.602204 ], [ -84.380697, 41.602065 ], [ -84.37933, 41.601689 ], [ -84.378858, 41.601555 ], [ -84.378736, 41.601524 ], [ -84.378542, 41.601468 ], [ -84.37819, 41.601376 ], [ -84.377933, 41.601313 ], [ -84.377721, 41.601282 ], [ -84.377505, 41.601268 ], [ -84.377334, 41.601266 ], [ -84.377025, 41.601264 ], [ -84.376352, 41.601277 ], [ -84.3753, 41.601279 ], [ -84.374427, 41.601277 ], [ -84.373285, 41.601289 ], [ -84.371579, 41.601301 ], [ -84.371569, 41.601634 ], [ -84.371563, 41.602217 ], [ -84.371564, 41.602663 ], [ -84.371565, 41.603149 ], [ -84.371569, 41.603892 ], [ -84.371573, 41.604237 ], [ -84.371578, 41.604721 ], [ -84.37161, 41.607531 ], [ -84.37162, 41.608049 ], [ -84.371625, 41.608375 ], [ -84.371623, 41.608956 ], [ -84.371634, 41.609582 ], [ -84.371647, 41.610128 ], [ -84.37166, 41.61091 ], [ -84.371662, 41.611512 ], [ -84.371674, 41.612276 ], [ -84.371681, 41.612971 ], [ -84.371695, 41.6139 ], [ -84.371712, 41.614712 ], [ -84.37171, 41.61499 ], [ -84.371717, 41.615726 ], [ -84.371721, 41.616233 ], [ -84.371735, 41.616405 ], [ -84.371776, 41.616616 ], [ -84.371797, 41.616687 ], [ -84.371819, 41.616753 ], [ -84.371884, 41.616906 ], [ -84.371917, 41.617005 ], [ -84.371938, 41.617089 ], [ -84.371967, 41.617225 ], [ -84.37199, 41.617351 ], [ -84.372013, 41.617515 ], [ -84.372026, 41.617786 ], [ -84.372033, 41.618088 ], [ -84.372053, 41.618829 ], [ -84.372071, 41.619658 ], [ -84.372086, 41.620208 ], [ -84.372092, 41.620745 ], [ -84.372097, 41.621222 ], [ -84.372104, 41.621702 ], [ -84.372121, 41.622188 ], [ -84.372135, 41.622547 ], [ -84.372138, 41.622644 ], [ -84.37193, 41.622653 ], [ -84.371381, 41.622658 ], [ -84.370591, 41.622662 ], [ -84.369535, 41.622678 ], [ -84.368549, 41.622678 ], [ -84.368259, 41.622679 ], [ -84.367883, 41.622682 ], [ -84.36765, 41.622686 ], [ -84.367289, 41.622684 ], [ -84.366811, 41.62269 ], [ -84.366187, 41.622695 ], [ -84.365523, 41.622699 ], [ -84.364665, 41.622686 ], [ -84.364448, 41.622678 ], [ -84.363762, 41.622653 ], [ -84.363414, 41.622638 ], [ -84.363387, 41.623444 ], [ -84.363403, 41.624073 ], [ -84.363413, 41.624419 ], [ -84.363411, 41.624587 ], [ -84.363425, 41.625098 ], [ -84.363437, 41.625765 ], [ -84.363464, 41.627479 ], [ -84.363473, 41.627977 ], [ -84.363495, 41.628613 ], [ -84.363507, 41.629327 ], [ -84.363511, 41.629627 ], [ -84.363517, 41.630184 ], [ -84.363521, 41.630532 ], [ -84.363529, 41.630895 ], [ -84.36353, 41.631014 ], [ -84.363532, 41.631349 ], [ -84.363538, 41.631783 ], [ -84.363546, 41.632015 ], [ -84.363551, 41.63213 ], [ -84.363555, 41.632437 ], [ -84.363554, 41.632546 ], [ -84.363558, 41.632991 ], [ -84.363563, 41.633409 ], [ -84.36357, 41.63383 ], [ -84.363576, 41.634257 ], [ -84.363589, 41.635037 ], [ -84.363601, 41.635592 ], [ -84.363607, 41.635973 ], [ -84.36361, 41.636361 ], [ -84.363616, 41.636741 ], [ -84.363622, 41.637193 ], [ -84.365009, 41.637174 ], [ -84.365783, 41.637162 ], [ -84.366372, 41.637161 ], [ -84.367365, 41.637156 ], [ -84.367499, 41.637158 ], [ -84.367964, 41.63716 ], [ -84.368718, 41.637152 ], [ -84.369648, 41.637144 ], [ -84.370008, 41.637143 ], [ -84.371701, 41.637135 ], [ -84.374029, 41.63711 ], [ -84.374547, 41.637103 ], [ -84.374684, 41.637103 ], [ -84.374878, 41.637106 ], [ -84.375674, 41.637096 ], [ -84.376907, 41.637094 ], [ -84.377642, 41.637075 ], [ -84.377706, 41.637076 ], [ -84.378051, 41.637072 ], [ -84.378455, 41.63707 ], [ -84.378871, 41.637075 ], [ -84.379328, 41.637079 ], [ -84.379331, 41.637724 ], [ -84.379342, 41.638052 ], [ -84.379349, 41.638326 ], [ -84.379364, 41.638589 ], [ -84.379367, 41.638745 ], [ -84.379376, 41.639004 ], [ -84.379377, 41.639107 ], [ -84.37938, 41.639215 ], [ -84.379527, 41.639203 ], [ -84.379659, 41.639209 ], [ -84.379832, 41.63922 ], [ -84.379917, 41.639218 ], [ -84.380078, 41.639188 ], [ -84.380254, 41.639136 ], [ -84.380429, 41.639053 ], [ -84.380648, 41.63896 ], [ -84.380646, 41.638868 ], [ -84.380658, 41.638785 ], [ -84.380731, 41.638692 ], [ -84.380823, 41.638624 ], [ -84.380993, 41.638581 ], [ -84.381141, 41.638565 ], [ -84.381332, 41.638559 ], [ -84.381679, 41.638538 ], [ -84.381751, 41.638525 ], [ -84.381824, 41.638496 ], [ -84.381885, 41.638432 ], [ -84.381985, 41.638311 ], [ -84.382148, 41.638146 ], [ -84.382467, 41.63787 ], [ -84.382703, 41.637756 ], [ -84.383112, 41.637664 ], [ -84.383358, 41.63754 ], [ -84.383639, 41.637459 ], [ -84.383851, 41.637441 ], [ -84.384109, 41.637466 ], [ -84.384277, 41.637502 ], [ -84.384601, 41.63767 ], [ -84.38479, 41.637825 ], [ -84.385027, 41.638005 ], [ -84.385206, 41.638148 ], [ -84.385498, 41.638416 ], [ -84.385557, 41.638524 ], [ -84.385607, 41.638633 ], [ -84.385578, 41.638747 ], [ -84.385533, 41.638849 ], [ -84.385439, 41.639271 ], [ -84.385422, 41.63946 ], [ -84.38545, 41.639647 ], [ -84.385467, 41.639868 ], [ -84.385463, 41.639977 ], [ -84.385438, 41.640046 ], [ -84.385385, 41.640106 ], [ -84.385239, 41.640188 ], [ -84.385012, 41.640306 ], [ -84.384602, 41.640508 ], [ -84.384557, 41.640539 ], [ -84.384494, 41.640617 ], [ -84.384481, 41.640635 ], [ -84.384471, 41.640671 ], [ -84.384482, 41.64072 ], [ -84.384499, 41.640743 ], [ -84.384532, 41.640813 ], [ -84.384549, 41.640867 ], [ -84.384544, 41.640906 ], [ -84.384534, 41.640963 ], [ -84.384458, 41.641202 ], [ -84.384365, 41.641501 ], [ -84.384364, 41.641552 ], [ -84.384384, 41.641598 ], [ -84.384441, 41.641643 ], [ -84.384709, 41.641818 ], [ -84.384789, 41.641905 ], [ -84.384883, 41.641991 ], [ -84.385019, 41.642082 ], [ -84.385499, 41.642288 ], [ -84.385824, 41.642425 ], [ -84.386042, 41.642456 ], [ -84.386241, 41.642438 ], [ -84.386367, 41.642343 ], [ -84.386666, 41.642109 ], [ -84.386789, 41.642 ], [ -84.386858, 41.641909 ], [ -84.386889, 41.64186 ], [ -84.386915, 41.641811 ], [ -84.386944, 41.641705 ], [ -84.387033, 41.640352 ], [ -84.387155, 41.639919 ], [ -84.387457, 41.639577 ], [ -84.387637, 41.639336 ], [ -84.387689, 41.639286 ], [ -84.387849, 41.639191 ], [ -84.388058, 41.639063 ], [ -84.388282, 41.638949 ], [ -84.38846, 41.638876 ], [ -84.388831, 41.638843 ], [ -84.389353, 41.638819 ], [ -84.389636, 41.63881 ], [ -84.390004, 41.638802 ], [ -84.390419, 41.638839 ], [ -84.390831, 41.639014 ], [ -84.391223, 41.639244 ], [ -84.391382, 41.639482 ], [ -84.391335, 41.639693 ], [ -84.391175, 41.639845 ], [ -84.390958, 41.640068 ], [ -84.390677, 41.640469 ], [ -84.390587, 41.640599 ], [ -84.390414, 41.640783 ], [ -84.390161, 41.641084 ], [ -84.38998, 41.641365 ], [ -84.389972, 41.641566 ], [ -84.39004, 41.641752 ], [ -84.390108, 41.641823 ], [ -84.390319, 41.642032 ], [ -84.390514, 41.642101 ], [ -84.390608, 41.642094 ], [ -84.390837, 41.642004 ], [ -84.391344, 41.641929 ], [ -84.391612, 41.641908 ], [ -84.391863, 41.641936 ], [ -84.392127, 41.642002 ], [ -84.392377, 41.642053 ], [ -84.392554, 41.642019 ], [ -84.392865, 41.641934 ], [ -84.393092, 41.641799 ], [ -84.393251, 41.641659 ], [ -84.393565, 41.641541 ], [ -84.393597, 41.641528 ], [ -84.393645, 41.641521 ], [ -84.393689, 41.64152 ], [ -84.393722, 41.641528 ], [ -84.393784, 41.641552 ], [ -84.393946, 41.641597 ], [ -84.393972, 41.6416 ], [ -84.394007, 41.641599 ], [ -84.394047, 41.641596 ], [ -84.394075, 41.641588 ], [ -84.394174, 41.641548 ], [ -84.394319, 41.641445 ], [ -84.394654, 41.641191 ], [ -84.394805, 41.64116 ], [ -84.394922, 41.641173 ], [ -84.395024, 41.641219 ], [ -84.395151, 41.641338 ], [ -84.395203, 41.641393 ], [ -84.395222, 41.641407 ], [ -84.395252, 41.64142 ], [ -84.395286, 41.641428 ], [ -84.395326, 41.641425 ], [ -84.395415, 41.641402 ], [ -84.395596, 41.641365 ], [ -84.39614, 41.641262 ], [ -84.396334, 41.641258 ], [ -84.396458, 41.641279 ], [ -84.396528, 41.641311 ], [ -84.39657, 41.641324 ], [ -84.39666, 41.64138 ], [ -84.396945, 41.641562 ], [ -84.397031, 41.64161 ], [ -84.397204, 41.641673 ], [ -84.397381, 41.641712 ], [ -84.397507, 41.641744 ], [ -84.39756, 41.641753 ], [ -84.397628, 41.641753 ], [ -84.397703, 41.641743 ], [ -84.397892, 41.641724 ], [ -84.398285, 41.641721 ], [ -84.398686, 41.641715 ], [ -84.399385, 41.641672 ], [ -84.399952, 41.641635 ], [ -84.400053, 41.641621 ], [ -84.40017, 41.64159 ], [ -84.40026, 41.641572 ], [ -84.40035, 41.641549 ], [ -84.400456, 41.64153 ], [ -84.400644, 41.641522 ], [ -84.400938, 41.64152 ], [ -84.401045, 41.641498 ], [ -84.401156, 41.641496 ], [ -84.401261, 41.641503 ], [ -84.401354, 41.641517 ], [ -84.40142, 41.64154 ], [ -84.401469, 41.641566 ], [ -84.401496, 41.641575 ], [ -84.401563, 41.64158 ], [ -84.401624, 41.641569 ], [ -84.401734, 41.641523 ], [ -84.401889, 41.641455 ], [ -84.40209, 41.641293 ], [ -84.402302, 41.641094 ], [ -84.402368, 41.641 ], [ -84.402395, 41.640884 ], [ -84.402388, 41.640768 ], [ -84.402281, 41.640404 ], [ -84.402207, 41.640206 ], [ -84.402172, 41.640162 ], [ -84.402081, 41.640095 ], [ -84.401655, 41.639829 ], [ -84.401637, 41.639741 ], [ -84.401645, 41.639666 ], [ -84.401677, 41.639567 ], [ -84.401765, 41.639436 ], [ -84.401809, 41.639317 ], [ -84.401864, 41.639194 ], [ -84.401887, 41.639036 ], [ -84.40187, 41.63889 ], [ -84.401818, 41.638673 ], [ -84.401788, 41.638376 ], [ -84.401894, 41.637833 ], [ -84.401853, 41.637634 ], [ -84.401746, 41.637164 ], [ -84.401701, 41.636941 ], [ -84.401558, 41.63648 ], [ -84.401538, 41.636412 ], [ -84.401537, 41.636328 ], [ -84.401573, 41.636225 ], [ -84.401625, 41.636155 ], [ -84.401699, 41.636093 ], [ -84.401879, 41.635973 ], [ -84.401999, 41.635905 ], [ -84.402127, 41.63584 ], [ -84.402277, 41.635786 ], [ -84.402515, 41.635778 ], [ -84.402762, 41.635794 ], [ -84.402873, 41.635813 ], [ -84.403039, 41.635831 ], [ -84.403096, 41.635852 ], [ -84.403206, 41.635898 ], [ -84.403304, 41.635927 ], [ -84.403431, 41.636011 ], [ -84.403539, 41.636108 ], [ -84.403612, 41.6362 ], [ -84.403709, 41.63634 ], [ -84.403754, 41.636462 ], [ -84.403865, 41.636704 ], [ -84.403983, 41.636797 ], [ -84.40408, 41.63684 ], [ -84.404357, 41.63686 ], [ -84.404502, 41.636833 ], [ -84.40477, 41.636758 ], [ -84.404879, 41.636723 ], [ -84.405246, 41.636647 ], [ -84.40558, 41.636584 ], [ -84.405982, 41.63653 ], [ -84.406099, 41.636525 ], [ -84.406312, 41.636574 ], [ -84.406553, 41.636627 ], [ -84.406756, 41.636698 ], [ -84.406929, 41.636766 ], [ -84.407015, 41.636839 ], [ -84.407166, 41.637007 ], [ -84.407386, 41.637332 ], [ -84.407487, 41.637509 ], [ -84.407579, 41.637715 ], [ -84.407585, 41.637836 ], [ -84.407611, 41.637891 ], [ -84.407641, 41.637959 ], [ -84.407672, 41.638005 ], [ -84.407726, 41.638058 ], [ -84.407774, 41.638087 ], [ -84.407842, 41.638106 ], [ -84.407898, 41.638123 ], [ -84.407951, 41.638127 ], [ -84.40802, 41.638129 ], [ -84.408089, 41.638112 ], [ -84.408167, 41.638089 ], [ -84.40821, 41.638033 ], [ -84.408317, 41.63791 ], [ -84.408423, 41.637685 ], [ -84.408605, 41.637391 ], [ -84.40868, 41.637256 ], [ -84.408734, 41.637117 ], [ -84.408828, 41.636885 ], [ -84.409481, 41.636891 ], [ -84.409614, 41.636892 ], [ -84.410679, 41.636902 ], [ -84.411348, 41.636907 ], [ -84.411593, 41.636908 ], [ -84.413267, 41.636916 ], [ -84.41307, 41.637738 ], [ -84.412882, 41.638525 ], [ -84.412616, 41.63966 ], [ -84.412445, 41.64039 ], [ -84.412027, 41.64217 ], [ -84.411468, 41.644572 ], [ -84.411053, 41.646467 ], [ -84.411007, 41.646683 ], [ -84.410815, 41.647581 ], [ -84.410558, 41.648765 ], [ -84.410038, 41.651103 ], [ -84.409963, 41.65144 ], [ -84.411967, 41.651425 ], [ -84.412036, 41.651065 ], [ -84.412189, 41.650517 ], [ -84.412229, 41.65037 ], [ -84.412314, 41.649899 ], [ -84.412415, 41.649219 ], [ -84.412448, 41.649162 ], [ -84.41248, 41.649115 ], [ -84.412528, 41.649059 ], [ -84.412653, 41.648959 ], [ -84.412713, 41.648887 ], [ -84.412763, 41.648822 ], [ -84.412795, 41.648687 ], [ -84.412825, 41.648608 ], [ -84.41287, 41.64854 ], [ -84.412913, 41.648487 ], [ -84.412997, 41.648404 ], [ -84.413083, 41.648343 ], [ -84.413175, 41.6483 ], [ -84.413305, 41.648246 ], [ -84.413407, 41.648248 ], [ -84.413513, 41.648262 ], [ -84.413612, 41.648264 ], [ -84.413684, 41.64826 ], [ -84.413742, 41.648236 ], [ -84.413793, 41.648191 ], [ -84.413871, 41.648147 ], [ -84.413996, 41.648096 ], [ -84.414347, 41.647965 ], [ -84.414705, 41.647785 ], [ -84.414842, 41.647691 ], [ -84.414898, 41.647621 ], [ -84.414939, 41.647543 ], [ -84.414969, 41.647455 ], [ -84.415022, 41.647357 ], [ -84.415111, 41.647288 ], [ -84.415331, 41.647179 ], [ -84.41546, 41.647108 ], [ -84.415499, 41.647066 ], [ -84.415541, 41.646979 ], [ -84.415559, 41.646905 ], [ -84.415555, 41.64676 ], [ -84.415562, 41.646578 ], [ -84.415561, 41.646421 ], [ -84.415508, 41.646193 ], [ -84.415439, 41.645924 ], [ -84.415436, 41.645787 ], [ -84.415448, 41.645685 ], [ -84.415484, 41.645583 ], [ -84.415534, 41.645485 ], [ -84.415563, 41.64542 ], [ -84.415581, 41.645355 ], [ -84.415584, 41.645287 ], [ -84.415567, 41.645224 ], [ -84.415543, 41.645163 ], [ -84.415544, 41.645095 ], [ -84.415561, 41.645041 ], [ -84.415604, 41.645025 ], [ -84.415646, 41.645012 ], [ -84.415727, 41.644985 ], [ -84.415792, 41.644961 ], [ -84.415865, 41.644949 ], [ -84.415956, 41.644936 ], [ -84.416108, 41.644934 ], [ -84.4162, 41.64497 ], [ -84.416275, 41.645001 ], [ -84.416335, 41.645022 ], [ -84.416398, 41.645052 ], [ -84.416526, 41.645089 ], [ -84.416658, 41.6451 ], [ -84.416879, 41.645134 ], [ -84.416985, 41.645136 ], [ -84.417069, 41.645129 ], [ -84.417176, 41.645115 ], [ -84.417264, 41.645091 ], [ -84.417365, 41.645042 ], [ -84.41745, 41.64499 ], [ -84.417541, 41.644907 ], [ -84.417656, 41.644781 ], [ -84.417921, 41.644465 ], [ -84.418319, 41.643965 ], [ -84.418497, 41.643726 ], [ -84.418635, 41.643563 ], [ -84.418821, 41.643428 ], [ -84.419073, 41.643274 ], [ -84.419601, 41.642925 ], [ -84.419995, 41.642717 ], [ -84.420372, 41.642544 ], [ -84.420751, 41.642312 ], [ -84.421373, 41.642037 ], [ -84.422145, 41.641825 ], [ -84.424333, 41.641116 ], [ -84.424703, 41.640976 ], [ -84.425094, 41.640864 ], [ -84.426157, 41.640573 ], [ -84.426404, 41.640449 ], [ -84.426621, 41.640264 ], [ -84.426827, 41.640078 ], [ -84.426968, 41.639868 ], [ -84.427042, 41.639715 ], [ -84.427109, 41.639505 ], [ -84.427082, 41.639126 ], [ -84.426901, 41.638432 ], [ -84.427669, 41.638412 ], [ -84.42792, 41.638382 ], [ -84.428275, 41.63833 ], [ -84.428646, 41.638242 ], [ -84.429218, 41.638079 ], [ -84.430272, 41.637739 ], [ -84.431305, 41.637394 ], [ -84.431788, 41.637185 ], [ -84.432162, 41.637049 ], [ -84.432371, 41.63701 ], [ -84.432489, 41.637009 ], [ -84.432643, 41.637016 ], [ -84.432829, 41.637044 ], [ -84.433035, 41.637089 ], [ -84.433174, 41.637092 ], [ -84.433377, 41.637092 ], [ -84.433627, 41.63711 ], [ -84.433807, 41.637146 ], [ -84.433965, 41.637193 ], [ -84.43435, 41.637438 ], [ -84.434576, 41.637535 ], [ -84.434733, 41.63759 ], [ -84.43493, 41.637619 ], [ -84.435063, 41.637614 ], [ -84.435245, 41.637618 ], [ -84.435404, 41.637629 ], [ -84.43559, 41.637658 ], [ -84.435811, 41.637719 ], [ -84.436018, 41.637763 ], [ -84.43637, 41.637771 ], [ -84.436957, 41.63776 ], [ -84.43727, 41.637732 ], [ -84.4376, 41.637683 ], [ -84.437891, 41.637603 ], [ -84.43822, 41.63751 ], [ -84.438699, 41.637358 ], [ -84.438886, 41.637305 ], [ -84.439214, 41.63724 ], [ -84.441129, 41.637101 ], [ -84.442196, 41.637087 ], [ -84.443124, 41.63704 ], [ -84.443677, 41.636938 ], [ -84.444063, 41.63687 ], [ -84.44432, 41.636832 ], [ -84.445348, 41.636859 ], [ -84.446426, 41.63684 ], [ -84.446705, 41.636825 ], [ -84.446924, 41.636796 ], [ -84.447149, 41.636771 ], [ -84.44736, 41.636758 ], [ -84.447419, 41.636757 ], [ -84.447471, 41.636751 ], [ -84.447514, 41.636743 ], [ -84.447597, 41.636722 ], [ -84.44765, 41.636712 ], [ -84.447671, 41.636705 ], [ -84.447708, 41.636704 ], [ -84.447738, 41.636709 ], [ -84.447765, 41.636719 ], [ -84.447807, 41.63674 ], [ -84.447844, 41.636748 ], [ -84.447877, 41.636751 ], [ -84.447905, 41.636742 ], [ -84.447942, 41.636727 ], [ -84.447976, 41.636721 ], [ -84.448022, 41.636715 ], [ -84.448241, 41.636732 ], [ -84.448287, 41.636744 ], [ -84.448348, 41.636743 ], [ -84.448397, 41.636746 ], [ -84.448424, 41.636752 ], [ -84.44847, 41.636755 ], [ -84.448488, 41.636758 ], [ -84.448518, 41.636765 ], [ -84.448561, 41.636771 ], [ -84.448591, 41.636771 ], [ -84.449157, 41.636821 ], [ -84.449374, 41.636835 ], [ -84.449407, 41.636835 ], [ -84.449444, 41.636829 ], [ -84.449493, 41.636823 ], [ -84.44953, 41.636815 ], [ -84.449636, 41.636781 ], [ -84.449673, 41.63677 ], [ -84.449783, 41.636761 ], [ -84.449911, 41.636773 ], [ -84.449984, 41.636784 ], [ -84.450277, 41.636781 ], [ -84.450339, 41.636774 ], [ -84.450401, 41.636754 ], [ -84.450493, 41.636731 ], [ -84.450558, 41.636707 ], [ -84.450617, 41.636677 ], [ -84.450684, 41.636628 ], [ -84.450706, 41.636608 ], [ -84.450777, 41.636504 ], [ -84.45081, 41.636436 ], [ -84.450865, 41.636373 ], [ -84.450949, 41.636313 ], [ -84.45099, 41.636287 ], [ -84.451044, 41.636251 ], [ -84.451082, 41.636213 ], [ -84.451108, 41.636168 ], [ -84.451137, 41.636129 ], [ -84.451162, 41.636103 ], [ -84.451212, 41.636079 ], [ -84.451355, 41.63602 ], [ -84.451432, 41.636003 ], [ -84.451555, 41.635981 ], [ -84.45161, 41.63598 ], [ -84.45169, 41.635984 ], [ -84.451839, 41.635983 ], [ -84.451934, 41.635978 ], [ -84.452032, 41.635971 ], [ -84.45226, 41.635923 ], [ -84.45235, 41.6359 ], [ -84.452439, 41.635879 ], [ -84.452501, 41.635848 ], [ -84.45256, 41.635829 ], [ -84.452707, 41.63577 ], [ -84.452751, 41.635775 ], [ -84.452788, 41.635782 ], [ -84.452817, 41.635785 ], [ -84.452846, 41.635786 ], [ -84.45289, 41.635778 ], [ -84.452915, 41.635772 ], [ -84.452949, 41.635757 ], [ -84.452971, 41.635737 ], [ -84.452991, 41.635716 ], [ -84.453012, 41.635705 ], [ -84.453032, 41.635711 ], [ -84.453055, 41.635714 ], [ -84.453082, 41.635713 ], [ -84.453118, 41.635701 ], [ -84.45314, 41.635688 ], [ -84.453184, 41.635665 ], [ -84.453212, 41.635657 ], [ -84.453229, 41.635649 ], [ -84.453237, 41.635642 ], [ -84.453261, 41.635625 ], [ -84.453317, 41.635621 ], [ -84.453388, 41.635609 ], [ -84.453497, 41.635612 ], [ -84.45355, 41.635599 ], [ -84.453572, 41.635586 ], [ -84.453592, 41.635527 ], [ -84.453612, 41.635495 ], [ -84.453773, 41.635419 ], [ -84.453916, 41.635362 ], [ -84.453993, 41.635359 ], [ -84.454229, 41.635387 ], [ -84.454575, 41.635476 ], [ -84.454912, 41.635583 ], [ -84.455196, 41.635668 ], [ -84.455471, 41.635738 ], [ -84.455608, 41.635753 ], [ -84.455725, 41.635758 ], [ -84.455869, 41.635752 ], [ -84.45598, 41.635781 ], [ -84.456077, 41.635817 ], [ -84.456162, 41.635874 ], [ -84.456231, 41.635983 ], [ -84.456341, 41.636128 ], [ -84.456485, 41.636267 ], [ -84.456585, 41.636349 ], [ -84.456557, 41.635441 ], [ -84.456545, 41.635051 ], [ -84.457184, 41.635162 ], [ -84.457776, 41.635278 ], [ -84.458803, 41.635488 ], [ -84.459895, 41.635703 ], [ -84.460983, 41.635916 ], [ -84.461534, 41.636027 ], [ -84.46156, 41.636032 ], [ -84.461814, 41.636083 ], [ -84.462068, 41.636134 ], [ -84.463865, 41.636488 ], [ -84.46461, 41.636643 ], [ -84.464802, 41.636681 ], [ -84.464848, 41.63669 ], [ -84.465036, 41.636719 ], [ -84.465101, 41.636728 ], [ -84.465242, 41.636746 ], [ -84.465463, 41.636771 ], [ -84.465798, 41.636777 ], [ -84.466267, 41.636779 ], [ -84.466403, 41.636777 ], [ -84.467018, 41.63677 ], [ -84.467808, 41.636768 ], [ -84.468398, 41.636768 ], [ -84.46853, 41.636768 ], [ -84.468741, 41.636768 ], [ -84.470168, 41.636769 ], [ -84.47134, 41.636766 ], [ -84.472116, 41.636764 ], [ -84.472524, 41.636763 ], [ -84.473252, 41.636761 ], [ -84.475282, 41.636745 ], [ -84.475967, 41.636747 ], [ -84.475959, 41.636537 ], [ -84.475952, 41.635846 ], [ -84.475941, 41.633766 ], [ -84.475933, 41.63265 ], [ -84.475888, 41.628386 ], [ -84.475878, 41.627329 ], [ -84.475873, 41.626726 ], [ -84.475863, 41.625693 ], [ -84.475857, 41.625298 ], [ -84.475854, 41.624899 ], [ -84.47584, 41.624294 ], [ -84.475836, 41.624114 ], [ -84.47584, 41.623729 ], [ -84.475837, 41.623341 ], [ -84.475823, 41.622955 ], [ -84.475833, 41.622605 ], [ -84.475843, 41.62236 ], [ -84.475857, 41.622316 ], [ -84.475887, 41.62227 ], [ -84.475922, 41.622203 ], [ -84.477067, 41.622211 ], [ -84.477109, 41.622211 ], [ -84.477201, 41.622212 ], [ -84.478372, 41.622204 ], [ -84.479782, 41.6222 ], [ -84.479888, 41.622199 ], [ -84.480823, 41.622194 ], [ -84.481984, 41.622195 ], [ -84.483641, 41.622193 ], [ -84.484957, 41.622179 ], [ -84.485637, 41.622178 ], [ -84.487667, 41.622178 ], [ -84.489036, 41.622172 ], [ -84.49167, 41.622154 ], [ -84.492965, 41.622137 ], [ -84.494365, 41.622123 ], [ -84.495714, 41.62212 ], [ -84.495682, 41.623395 ], [ -84.495669, 41.623911 ], [ -84.495635, 41.62524 ], [ -84.495635, 41.625384 ], [ -84.495636, 41.625731 ], [ -84.495636, 41.625887 ], [ -84.495574, 41.628402 ], [ -84.495553, 41.62923 ], [ -84.495551, 41.629329 ], [ -84.495543, 41.629641 ], [ -84.495509, 41.63122 ], [ -84.495498, 41.63173 ], [ -84.495499, 41.632061 ], [ -84.495489, 41.632784 ], [ -84.49418, 41.633421 ], [ -84.490578, 41.635175 ], [ -84.48742, 41.636728 ], [ -84.488038, 41.636734 ], [ -84.488777, 41.636731 ], [ -84.489082, 41.636729 ], [ -84.490251, 41.636723 ], [ -84.4906, 41.636721 ], [ -84.491741, 41.636716 ], [ -84.491943, 41.636717 ], [ -84.492875, 41.636721 ], [ -84.492913, 41.636721 ], [ -84.493877, 41.636712 ], [ -84.493879, 41.636983 ], [ -84.493876, 41.637192 ], [ -84.493878, 41.637302 ], [ -84.493882, 41.637328 ], [ -84.493888, 41.637355 ], [ -84.493909, 41.63738 ], [ -84.493931, 41.637398 ], [ -84.493962, 41.637414 ], [ -84.494042, 41.637427 ], [ -84.494105, 41.637429 ], [ -84.494792, 41.637412 ], [ -84.49539, 41.637404 ], [ -84.495395, 41.638328 ], [ -84.495407, 41.638903 ], [ -84.495421, 41.639479 ], [ -84.495421, 41.639546 ], [ -84.495503, 41.639507 ], [ -84.495899, 41.639331 ], [ -84.496342, 41.639136 ], [ -84.496556, 41.639051 ], [ -84.500092, 41.639047 ], [ -84.500092, 41.636675 ], [ -84.50078, 41.636671 ], [ -84.503995, 41.636654 ], [ -84.507442, 41.636635 ], [ -84.5081, 41.636635 ], [ -84.5089, 41.636633 ], [ -84.509782, 41.636626 ], [ -84.511172, 41.636614 ], [ -84.514767, 41.636605 ], [ -84.514768, 41.639773 ], [ -84.514768, 41.640767 ], [ -84.514765, 41.642092 ], [ -84.514763, 41.642878 ], [ -84.514762, 41.64332 ], [ -84.514761, 41.643499 ], [ -84.514758, 41.645599 ], [ -84.514752, 41.646628 ], [ -84.51475, 41.647078 ], [ -84.514749, 41.647288 ], [ -84.514742, 41.649558 ], [ -84.514737, 41.650163 ], [ -84.514738, 41.651144 ], [ -84.514742, 41.651863 ], [ -84.514748, 41.653142 ], [ -84.514746, 41.653298 ], [ -84.514745, 41.653374 ], [ -84.514754, 41.654186 ], [ -84.514747, 41.656772 ], [ -84.51474, 41.657273 ], [ -84.51474, 41.657367 ], [ -84.514744, 41.657923 ], [ -84.514743, 41.658091 ], [ -84.514742, 41.658363 ], [ -84.514741, 41.659002 ], [ -84.514732, 41.659565 ], [ -84.514735, 41.660139 ], [ -84.514727, 41.660714 ], [ -84.514735, 41.661163 ], [ -84.514726, 41.662764 ], [ -84.514732, 41.664463 ], [ -84.514738, 41.665707 ], [ -84.514733, 41.668212 ], [ -84.514733, 41.668743 ], [ -84.514741, 41.670489 ], [ -84.514734, 41.671746 ], [ -84.514733, 41.672321 ], [ -84.514733, 41.672491 ], [ -84.514733, 41.672868 ], [ -84.514737, 41.67381 ], [ -84.514735, 41.674075 ], [ -84.51473, 41.674151 ], [ -84.514725, 41.674231 ], [ -84.51472, 41.674368 ], [ -84.514725, 41.674899 ], [ -84.514729, 41.6761 ], [ -84.514728, 41.67678 ], [ -84.514725, 41.677826 ], [ -84.514727, 41.677938 ], [ -84.514717, 41.679534 ], [ -84.514789, 41.679593 ], [ -84.514854, 41.679625 ], [ -84.514923, 41.679645 ], [ -84.515003, 41.679663 ], [ -84.514915, 41.67971 ], [ -84.514818, 41.679786 ], [ -84.514753, 41.67987 ], [ -84.514706, 41.679955 ], [ -84.514679, 41.680004 ], [ -84.514657, 41.680054 ], [ -84.514634, 41.68009 ], [ -84.514589, 41.680144 ], [ -84.514519, 41.680195 ], [ -84.514441, 41.680235 ], [ -84.514342, 41.680271 ], [ -84.514248, 41.680285 ], [ -84.514073, 41.680295 ], [ -84.513712, 41.680296 ], [ -84.509833, 41.680314 ], [ -84.50983, 41.681558 ], [ -84.509827, 41.682832 ], [ -84.509836, 41.685062 ], [ -84.509826, 41.686517 ], [ -84.509838, 41.686844 ], [ -84.509849, 41.687211 ], [ -84.509853, 41.687351 ], [ -84.509853, 41.687505 ], [ -84.50985, 41.689071 ], [ -84.509851, 41.689649 ], [ -84.509861, 41.689892 ], [ -84.509872, 41.690088 ], [ -84.509872, 41.690163 ], [ -84.509864, 41.690228 ], [ -84.509846, 41.690285 ], [ -84.509812, 41.690347 ], [ -84.50973, 41.690427 ], [ -84.50955, 41.690567 ], [ -84.509501, 41.690617 ], [ -84.509459, 41.690676 ], [ -84.509421, 41.690738 ], [ -84.509395, 41.690789 ], [ -84.50939, 41.690828 ], [ -84.509364, 41.691103 ], [ -84.509362, 41.691263 ], [ -84.509364, 41.691353 ], [ -84.509383, 41.691473 ], [ -84.509465, 41.691771 ], [ -84.509495, 41.691905 ], [ -84.509506, 41.69198 ], [ -84.50953, 41.692271 ], [ -84.509538, 41.692415 ], [ -84.509536, 41.692585 ], [ -84.50953, 41.692753 ], [ -84.509521, 41.692946 ], [ -84.50951, 41.693041 ], [ -84.509481, 41.693129 ], [ -84.509435, 41.69323 ], [ -84.509364, 41.693345 ], [ -84.509301, 41.693421 ], [ -84.509215, 41.693536 ], [ -84.50917, 41.693608 ], [ -84.509129, 41.693696 ], [ -84.5091, 41.693788 ], [ -84.50906, 41.69395 ], [ -84.509031, 41.69408 ], [ -84.50898, 41.694381 ], [ -84.508941, 41.694662 ], [ -84.508929, 41.694778 ], [ -84.508929, 41.69486 ], [ -84.510412, 41.694854 ], [ -84.514672, 41.694845 ], [ -84.514697, 41.695322 ], [ -84.514702, 41.696018 ], [ -84.514698, 41.696752 ], [ -84.514697, 41.696967 ], [ -84.514696, 41.697259 ], [ -84.514665, 41.699851 ], [ -84.514658, 41.700502 ], [ -84.514653, 41.701671 ], [ -84.514654, 41.702194 ], [ -84.514661, 41.702353 ], [ -84.514609, 41.703242 ], [ -84.514905, 41.703254 ], [ -84.5208, 41.703128 ], [ -84.533953, 41.70282 ], [ -84.534091, 41.702843 ], [ -84.553398, 41.702381 ], [ -84.55673, 41.702303 ], [ -84.560886, 41.702204 ], [ -84.562085, 41.702175 ], [ -84.569528, 41.701996 ], [ -84.572789, 41.701919 ], [ -84.580315, 41.701737 ], [ -84.587417, 41.701563 ], [ -84.587609, 41.701558 ], [ -84.589617, 41.701508 ], [ -84.59099, 41.701475 ], [ -84.591305, 41.701467 ], [ -84.591956, 41.701452 ], [ -84.592451, 41.70144 ], [ -84.594078, 41.701438 ], [ -84.602175, 41.7014 ], [ -84.611912, 41.701221 ], [ -84.621541, 41.701075 ], [ -84.624957, 41.701009 ], [ -84.631157, 41.700851 ], [ -84.632016, 41.700833 ], [ -84.633425, 41.700805 ], [ -84.650752, 41.700289 ], [ -84.670182, 41.699973 ], [ -84.672315, 41.699939 ], [ -84.675948, 41.699881 ], [ -84.67652, 41.699872 ], [ -84.680005, 41.699816 ], [ -84.681149, 41.699797 ], [ -84.682567, 41.699763 ], [ -84.683132, 41.699749 ], [ -84.685175, 41.699699 ], [ -84.68543, 41.699693 ], [ -84.685691, 41.699686 ], [ -84.686039, 41.699678 ], [ -84.688926, 41.699607 ], [ -84.689352, 41.699596 ], [ -84.689414, 41.699595 ], [ -84.693959, 41.699483 ], [ -84.708711, 41.699121 ], [ -84.718391, 41.698971 ], [ -84.722136, 41.698844 ], [ -84.733201, 41.698538 ], [ -84.745121, 41.698207 ], [ -84.747529, 41.698125 ], [ -84.750007, 41.698041 ], [ -84.752048, 41.697972 ], [ -84.767097, 41.697449 ], [ -84.781616, 41.696958 ], [ -84.786123, 41.696804 ], [ -84.786467, 41.696799 ], [ -84.789427, 41.69669 ], [ -84.793283, 41.696557 ], [ -84.796168, 41.696507 ], [ -84.79691, 41.696432 ], [ -84.798461, 41.696378 ], [ -84.805972, 41.696118 ], [ -84.805996, 41.696118 ], [ -84.805999, 41.697381 ], [ -84.805975, 41.699801 ], [ -84.805971, 41.701407 ], [ -84.805952, 41.701895 ], [ -84.805946, 41.702678 ], [ -84.805945, 41.70274 ], [ -84.805908, 41.707353 ], [ -84.805898, 41.70751 ], [ -84.805991, 41.712034 ], [ -84.805925, 41.720476 ], [ -84.805925, 41.72062 ], [ -84.805946, 41.728458 ], [ -84.805921, 41.732926 ], [ -84.805922, 41.732976 ], [ -84.806043, 41.737528 ], [ -84.80605, 41.737633 ], [ -84.805989, 41.739023 ], [ -84.806008, 41.739969 ], [ -84.805928, 41.743044 ], [ -84.80592, 41.743521 ], [ -84.805914, 41.743666 ], [ -84.80591, 41.74375 ], [ -84.805903, 41.744078 ], [ -84.805894, 41.744919 ], [ -84.80589, 41.745421 ], [ -84.805876, 41.746764 ], [ -84.805868, 41.747442 ], [ -84.805868, 41.747524 ], [ -84.80586, 41.748284 ], [ -84.805859, 41.748334 ], [ -84.805858, 41.748484 ], [ -84.805858, 41.748535 ], [ -84.805856, 41.748673 ], [ -84.805854, 41.748811 ], [ -84.805846, 41.749642 ], [ -84.805844, 41.74992 ], [ -84.805838, 41.750401 ], [ -84.805824, 41.751846 ], [ -84.805821, 41.752176 ], [ -84.805823, 41.752328 ], [ -84.805885, 41.760171 ], [ -84.806314, 41.760162 ], [ -84.810008, 41.760018 ], [ -84.810028, 41.760017 ], [ -84.818753, 41.760058 ], [ -84.819458, 41.760052 ], [ -84.819944, 41.760044 ], [ -84.820013, 41.760026 ], [ -84.82015, 41.760017 ], [ -84.82034, 41.760021 ], [ -84.820585, 41.760035 ], [ -84.820714, 41.760036 ], [ -84.821243, 41.76005 ], [ -84.825117, 41.76 ], [ -84.82513, 41.759999 ], [ -84.826782, 41.759992 ], [ -84.826841, 41.759992 ], [ -84.830052, 41.759995 ], [ -84.836682, 41.759994 ], [ -84.844766, 41.759975 ], [ -84.854445, 41.759954 ], [ -84.859681, 41.759916 ], [ -84.8601, 41.759906 ], [ -84.860137, 41.759906 ], [ -84.860757, 41.759907 ], [ -84.861156, 41.759908 ], [ -84.863689, 41.759914 ], [ -84.864075, 41.759913 ], [ -84.86442, 41.759914 ], [ -84.86615, 41.759915 ], [ -84.869152, 41.759917 ], [ -84.87019, 41.759905 ], [ -84.87093, 41.759909 ], [ -84.872043, 41.759907 ], [ -84.873194, 41.759906 ], [ -84.87495, 41.75988 ], [ -84.883113, 41.75986 ], [ -84.883682, 41.759866 ], [ -84.899443, 41.759813 ], [ -84.899592, 41.759762 ], [ -84.89977, 41.759751 ], [ -84.90302, 41.759752 ], [ -84.907868, 41.759759 ], [ -84.910795, 41.759745 ], [ -84.917293, 41.759719 ], [ -84.917723, 41.759718 ], [ -84.922454, 41.759718 ], [ -84.924905, 41.759708 ], [ -84.932283, 41.759724 ], [ -84.932384, 41.759724 ], [ -84.940206, 41.759723 ], [ -84.941852, 41.759716 ], [ -84.942237, 41.759714 ], [ -84.942468, 41.759713 ], [ -84.947701, 41.759681 ], [ -84.959854, 41.759605 ], [ -84.961325, 41.759613 ], [ -84.961343, 41.759613 ], [ -84.971377, 41.759548 ], [ -84.972124, 41.759544 ], [ -84.980969, 41.759491 ], [ -84.989477, 41.759565 ], [ -84.989497, 41.759564 ], [ -84.989813, 41.759562 ], [ -84.989844, 41.759562 ], [ -84.992662, 41.759594 ], [ -84.992692, 41.759594 ], [ -84.996079, 41.759622 ], [ -84.996178, 41.759623 ], [ -84.996268, 41.759623 ], [ -84.996718, 41.759624 ], [ -84.996811, 41.759625 ], [ -84.997353, 41.75963 ], [ -84.997758, 41.759637 ], [ -84.998124, 41.759639 ], [ -84.999968, 41.759653 ], [ -85.00005, 41.759655 ], [ -85.000448, 41.759657 ], [ -85.00333, 41.759678 ], [ -85.013172, 41.759752 ], [ -85.016093, 41.759775 ], [ -85.016453, 41.759781 ], [ -85.01671, 41.759781 ], [ -85.016737, 41.759781 ], [ -85.01675, 41.759782 ], [ -85.019693, 41.759731 ], [ -85.019794, 41.759731 ], [ -85.032575, 41.759697 ], [ -85.037908, 41.759684 ], [ -85.039286, 41.759683 ], [ -85.048873, 41.759631 ], [ -85.04897, 41.759631 ], [ -85.049042, 41.759631 ], [ -85.053063, 41.759638 ], [ -85.053101, 41.759638 ], [ -85.056764, 41.759619 ], [ -85.056928, 41.759617 ], [ -85.057421, 41.759615 ], [ -85.057586, 41.759615 ], [ -85.057825, 41.759613 ], [ -85.058543, 41.75961 ], [ -85.058783, 41.759609 ], [ -85.059278, 41.75961 ], [ -85.059787, 41.759612 ], [ -85.060766, 41.759612 ], [ -85.060895, 41.759613 ], [ -85.061262, 41.759614 ], [ -85.061628, 41.759616 ], [ -85.061711, 41.759616 ], [ -85.063061, 41.759618 ], [ -85.063144, 41.759619 ], [ -85.063511, 41.759616 ], [ -85.063877, 41.759618 ], [ -85.066041, 41.759623 ], [ -85.06611, 41.759624 ], [ -85.074455, 41.759642 ], [ -85.078263, 41.759647 ], [ -85.07829, 41.759648 ], [ -85.083814, 41.75966 ], [ -85.083974, 41.759658 ], [ -85.085472, 41.75966 ], [ -85.085583, 41.759662 ], [ -85.086066, 41.759662 ], [ -85.087518, 41.759664 ], [ -85.087921, 41.759665 ], [ -85.088002, 41.759666 ], [ -85.088421, 41.759666 ], [ -85.089679, 41.759668 ], [ -85.09005, 41.759675 ], [ -85.090099, 41.75967 ], [ -85.090676, 41.759671 ], [ -85.092409, 41.759674 ], [ -85.092879, 41.759675 ], [ -85.092906, 41.759676 ], [ -85.092987, 41.759676 ], [ -85.093779, 41.759677 ], [ -85.093967, 41.759676 ], [ -85.096907, 41.759672 ], [ -85.097591, 41.759672 ], [ -85.0978, 41.759671 ], [ -85.097888, 41.759673 ], [ -85.097902, 41.759673 ], [ -85.097944, 41.759673 ], [ -85.097958, 41.759674 ], [ -85.098031, 41.759673 ], [ -85.09825, 41.759671 ], [ -85.098324, 41.759671 ], [ -85.098837, 41.759671 ], [ -85.100378, 41.759671 ], [ -85.100508, 41.759671 ], [ -85.100892, 41.759669 ], [ -85.101241, 41.75967 ], [ -85.101544, 41.759669 ], [ -85.1035, 41.759666 ], [ -85.103758, 41.759666 ], [ -85.104153, 41.759664 ], [ -85.104491, 41.759665 ], [ -85.107031, 41.759662 ], [ -85.107398, 41.759659 ], [ -85.107763, 41.75966 ], [ -85.111814, 41.759659 ], [ -85.117275, 41.759605 ], [ -85.122507, 41.759623 ], [ -85.122851, 41.75962 ], [ -85.12293, 41.759613 ], [ -85.136709, 41.759589 ], [ -85.156179, 41.759538 ], [ -85.172234, 41.759633 ], [ -85.173078, 41.759633 ], [ -85.174117, 41.759618 ], [ -85.174591, 41.759607 ], [ -85.174891, 41.759603 ], [ -85.175616, 41.759619 ], [ -85.181897, 41.759619 ], [ -85.183535, 41.759605 ], [ -85.184605, 41.759604 ], [ -85.189301, 41.759601 ], [ -85.190711, 41.75961 ], [ -85.193467, 41.759617 ], [ -85.194279, 41.759635 ], [ -85.196624, 41.75964 ], [ -85.196774, 41.759644 ], [ -85.197023, 41.759645 ], [ -85.199319, 41.759651 ], [ -85.200835, 41.759635 ], [ -85.201324, 41.759635 ], [ -85.202344, 41.759634 ], [ -85.207954, 41.759672 ], [ -85.211706, 41.759666 ], [ -85.213762, 41.759676 ], [ -85.213834, 41.759676 ], [ -85.215103, 41.759679 ], [ -85.215508, 41.759668 ], [ -85.217198, 41.759687 ], [ -85.220004, 41.759686 ], [ -85.223829, 41.759696 ], [ -85.22545, 41.759707 ], [ -85.225522, 41.759707 ], [ -85.230939, 41.759703 ], [ -85.232387, 41.759733 ], [ -85.232423, 41.759733 ], [ -85.23331, 41.759742 ], [ -85.234777, 41.75976 ], [ -85.235473, 41.759766 ], [ -85.24998, 41.759799 ], [ -85.252543, 41.759779 ], [ -85.254142, 41.759763 ], [ -85.271157, 41.759845 ], [ -85.272298, 41.759869 ], [ -85.272397, 41.759854 ], [ -85.272456, 41.759845 ], [ -85.272697, 41.759845 ], [ -85.273013, 41.759862 ], [ -85.273442, 41.759899 ], [ -85.273638, 41.759867 ], [ -85.273731, 41.759813 ], [ -85.273814, 41.759813 ], [ -85.286618, 41.759793 ], [ -85.292179, 41.759889 ], [ -85.298409, 41.759832 ], [ -85.298574, 41.759831 ], [ -85.298887, 41.759831 ], [ -85.301312, 41.759871 ], [ -85.301498, 41.759872 ], [ -85.303682, 41.759893 ], [ -85.306561, 41.759908 ], [ -85.308013, 41.75991 ], [ -85.308274, 41.759947 ], [ -85.311526, 41.759928 ], [ -85.311756, 41.759931 ], [ -85.318233, 41.759888 ], [ -85.321324, 41.759901 ], [ -85.323167, 41.75989 ], [ -85.324712, 41.759885 ], [ -85.326245, 41.759894 ], [ -85.32864, 41.759891 ], [ -85.330586, 41.759919 ], [ -85.330712, 41.759921 ], [ -85.330868, 41.759882 ], [ -85.33799, 41.75992 ], [ -85.350123, 41.759861 ], [ -85.355024, 41.759862 ], [ -85.359782, 41.759845 ], [ -85.363172, 41.759853 ], [ -85.364976, 41.759853 ], [ -85.365235, 41.759853 ], [ -85.367074, 41.759856 ], [ -85.368023, 41.759867 ], [ -85.368309, 41.75987 ], [ -85.368666, 41.759874 ], [ -85.369019, 41.759879 ], [ -85.369517, 41.759899 ], [ -85.369668, 41.759905 ], [ -85.369691, 41.759906 ], [ -85.371799, 41.759874 ], [ -85.379238, 41.759763 ], [ -85.389059, 41.759698 ], [ -85.38925, 41.759699 ], [ -85.3969, 41.759759 ], [ -85.397584, 41.759772 ], [ -85.397657, 41.759772 ], [ -85.39773, 41.759771 ], [ -85.408749, 41.759849 ], [ -85.418433, 41.759685 ], [ -85.420609, 41.759674 ], [ -85.423422, 41.759653 ], [ -85.425404, 41.759639 ], [ -85.425606, 41.759638 ], [ -85.425648, 41.759638 ], [ -85.427301, 41.759627 ], [ -85.427535, 41.759655 ], [ -85.427843, 41.759655 ], [ -85.428555, 41.759645 ], [ -85.429443, 41.759631 ], [ -85.430716, 41.759626 ], [ -85.431194, 41.759625 ], [ -85.431343, 41.759624 ], [ -85.432355, 41.759621 ], [ -85.432436, 41.759615 ], [ -85.432533, 41.759608 ], [ -85.44115, 41.759598 ], [ -85.447756, 41.759591 ], [ -85.467171, 41.759463 ], [ -85.474743, 41.759456 ], [ -85.477156, 41.759235 ], [ -85.486638, 41.759266 ], [ -85.492948, 41.75928 ], [ -85.499916, 41.759388 ], [ -85.500018, 41.759389 ], [ -85.50012, 41.75939 ], [ -85.500511, 41.759384 ], [ -85.50119, 41.759374 ], [ -85.505958, 41.75931 ], [ -85.515624, 41.759312 ], [ -85.516005, 41.759312 ], [ -85.516113, 41.759321 ], [ -85.51794, 41.759317 ], [ -85.51823, 41.759328 ], [ -85.518262, 41.759349 ], [ -85.525757, 41.759355 ], [ -85.543599, 41.759433 ], [ -85.54536, 41.75944 ], [ -85.554339, 41.759344 ], [ -85.555725, 41.759329 ], [ -85.556728, 41.759318 ], [ -85.556911, 41.759316 ], [ -85.557094, 41.759315 ] ], [ [ -83.971662, 44.528681 ], [ -83.972078, 44.529138 ], [ -83.972318, 44.529394 ], [ -83.972654, 44.529763 ], [ -83.972716, 44.529833 ], [ -83.973436, 44.530764 ], [ -83.973714, 44.531124 ], [ -83.973921, 44.53143 ], [ -83.974138, 44.531819 ], [ -83.974191, 44.531956 ], [ -83.974343, 44.532465 ], [ -83.975053, 44.535279 ], [ -83.975095, 44.535589 ], [ -83.975112, 44.535718 ], [ -83.97514, 44.535871 ], [ -83.975264, 44.536149 ], [ -83.975416, 44.536395 ], [ -83.975541, 44.536552 ], [ -83.97561, 44.536624 ], [ -83.975758, 44.536743 ], [ -83.975915, 44.536836 ], [ -83.976146, 44.536957 ], [ -83.97679, 44.537255 ], [ -83.976734, 44.537312 ], [ -83.976638, 44.537368 ], [ -83.97646, 44.537432 ], [ -83.976337, 44.537443 ], [ -83.975756, 44.537497 ], [ -83.975695, 44.537495 ], [ -83.975596, 44.537476 ], [ -83.9755, 44.537444 ], [ -83.975296, 44.537331 ], [ -83.975179, 44.53725 ], [ -83.974914, 44.537066 ], [ -83.974751, 44.536903 ], [ -83.974543, 44.536618 ], [ -83.974339, 44.536282 ], [ -83.974065, 44.535771 ], [ -83.97396, 44.53571 ], [ -83.973848, 44.535688 ], [ -83.973193, 44.535663 ], [ -83.971956, 44.535666 ], [ -83.971754, 44.535678 ], [ -83.971536, 44.535706 ], [ -83.971195, 44.535784 ], [ -83.970829, 44.535859 ], [ -83.970806, 44.535862 ], [ -83.970408, 44.535922 ], [ -83.970154, 44.535944 ], [ -83.969211, 44.535983 ], [ -83.969087, 44.535985 ], [ -83.968916, 44.536096 ], [ -83.968508, 44.536288 ], [ -83.968297, 44.53641 ], [ -83.968151, 44.536536 ], [ -83.967883, 44.536807 ], [ -83.96776, 44.536948 ], [ -83.967636, 44.537156 ], [ -83.967494, 44.537332 ], [ -83.967278, 44.537633 ], [ -83.967182, 44.537796 ], [ -83.967148, 44.537899 ], [ -83.967138, 44.537969 ], [ -83.967138, 44.538041 ], [ -83.967164, 44.538257 ], [ -83.967167, 44.538282 ], [ -83.967202, 44.538448 ], [ -83.967226, 44.538517 ], [ -83.967274, 44.538617 ], [ -83.967338, 44.538707 ], [ -83.967565, 44.538963 ], [ -83.967619, 44.539037 ], [ -83.967653, 44.539104 ], [ -83.967734, 44.53935 ], [ -83.967754, 44.539459 ], [ -83.967768, 44.539632 ], [ -83.967777, 44.539665 ], [ -83.967847, 44.539805 ], [ -83.96788, 44.539852 ], [ -83.967968, 44.539926 ], [ -83.968367, 44.540152 ], [ -83.968501, 44.540252 ], [ -83.968593, 44.540347 ], [ -83.968628, 44.540398 ], [ -83.968668, 44.540485 ], [ -83.968681, 44.540577 ], [ -83.968667, 44.540629 ], [ -83.968622, 44.540705 ], [ -83.968538, 44.540791 ], [ -83.968353, 44.540937 ], [ -83.96806, 44.541137 ], [ -83.967902, 44.541236 ], [ -83.96777, 44.541334 ], [ -83.967518, 44.541537 ], [ -83.967382, 44.541631 ], [ -83.967, 44.541853 ], [ -83.966805, 44.541988 ], [ -83.966671, 44.542101 ], [ -83.966583, 44.542195 ], [ -83.966501, 44.542308 ], [ -83.966466, 44.542381 ], [ -83.966374, 44.542676 ], [ -83.966355, 44.54283 ], [ -83.966353, 44.542929 ], [ -83.966382, 44.543374 ], [ -83.966382, 44.543509 ], [ -83.966324, 44.544737 ], [ -83.966326, 44.544922 ], [ -83.966361, 44.545312 ], [ -83.966365, 44.545651 ], [ -83.966352, 44.546015 ], [ -83.966329, 44.54619 ], [ -83.966295, 44.546364 ], [ -83.966125, 44.546942 ], [ -83.966063, 44.547176 ], [ -83.966035, 44.547503 ], [ -83.965985, 44.547713 ], [ -83.965958, 44.547906 ], [ -83.965912, 44.548052 ], [ -83.965837, 44.548211 ], [ -83.965807, 44.548307 ], [ -83.965758, 44.54872 ], [ -83.965753, 44.549041 ], [ -83.965759, 44.549102 ], [ -83.96582, 44.549098 ], [ -83.965897, 44.549106 ], [ -83.966012, 44.549135 ], [ -83.966267, 44.549211 ], [ -83.966495, 44.549267 ], [ -83.966725, 44.5493 ], [ -83.967085, 44.549308 ], [ -83.967342, 44.54929 ], [ -83.967645, 44.549285 ], [ -83.967796, 44.549297 ], [ -83.967922, 44.549327 ], [ -83.96816, 44.549437 ], [ -83.96837, 44.549556 ], [ -83.968504, 44.549633 ], [ -83.968835, 44.549835 ], [ -83.969112, 44.54997 ], [ -83.969433, 44.550092 ], [ -83.969749, 44.550193 ], [ -83.970359, 44.550368 ], [ -83.970956, 44.550524 ], [ -83.971337, 44.550641 ], [ -83.971571, 44.55074 ], [ -83.971884, 44.550896 ], [ -83.972078, 44.551002 ], [ -83.972451, 44.551225 ], [ -83.972788, 44.55139 ], [ -83.972923, 44.551446 ], [ -83.973172, 44.551532 ], [ -83.973515, 44.551619 ], [ -83.973811, 44.551664 ], [ -83.974038, 44.551678 ], [ -83.974381, 44.551682 ], [ -83.974763, 44.551676 ], [ -83.975145, 44.551639 ], [ -83.976013, 44.551501 ], [ -83.9762, 44.551472 ], [ -83.976362, 44.551463 ], [ -83.976493, 44.551469 ], [ -83.976657, 44.551503 ], [ -83.976852, 44.551579 ], [ -83.97701, 44.551676 ], [ -83.977122, 44.551788 ], [ -83.977506, 44.552246 ], [ -83.977596, 44.552333 ], [ -83.977695, 44.552405 ], [ -83.977803, 44.552466 ], [ -83.977902, 44.552504 ], [ -83.978176, 44.552573 ], [ -83.978307, 44.552607 ], [ -83.978498, 44.55263 ], [ -83.978758, 44.552649 ], [ -83.979003, 44.55266 ], [ -83.979495, 44.552666 ], [ -83.980382, 44.552662 ], [ -83.980724, 44.552642 ], [ -83.980868, 44.552624 ], [ -83.980991, 44.552599 ], [ -83.981352, 44.552492 ], [ -83.98153, 44.552422 ], [ -83.981691, 44.552344 ], [ -83.981886, 44.552228 ], [ -83.98198, 44.552161 ], [ -83.982235, 44.55194 ], [ -83.982513, 44.551735 ], [ -83.982712, 44.551609 ], [ -83.982929, 44.551504 ], [ -83.983158, 44.55142 ], [ -83.983438, 44.551345 ], [ -83.983851, 44.551266 ], [ -83.984116, 44.551241 ], [ -83.984375, 44.551238 ], [ -83.984542, 44.551248 ], [ -83.984863, 44.551285 ], [ -83.985016, 44.551309 ], [ -83.986239, 44.551564 ], [ -83.986282, 44.551573 ], [ -83.986908, 44.551685 ], [ -83.987114, 44.551728 ], [ -83.987665, 44.551875 ], [ -83.988268, 44.552012 ], [ -83.988338, 44.551824 ], [ -83.988384, 44.551665 ], [ -83.988412, 44.551378 ], [ -83.988424, 44.551164 ], [ -83.988362, 44.550266 ], [ -83.988292, 44.549695 ], [ -83.988262, 44.549543 ], [ -83.988182, 44.549284 ], [ -83.988178, 44.54919 ], [ -83.988195, 44.549022 ], [ -83.988334, 44.548394 ], [ -83.988419, 44.548118 ], [ -83.988553, 44.54778 ], [ -83.988668, 44.54756 ], [ -83.988946, 44.547155 ], [ -83.989019, 44.547024 ], [ -83.989033, 44.546975 ], [ -83.989033, 44.546862 ], [ -83.988986, 44.546709 ], [ -83.988791, 44.546331 ], [ -83.988592, 44.545978 ], [ -83.988495, 44.545769 ], [ -83.988187, 44.544875 ], [ -83.98818, 44.544807 ], [ -83.988185, 44.544246 ], [ -83.988234, 44.542908 ], [ -83.994466, 44.546509 ], [ -83.995887, 44.547304 ], [ -83.996606, 44.54773 ], [ -83.997304, 44.548188 ], [ -83.997218, 44.548232 ], [ -83.99718, 44.548277 ], [ -83.997173, 44.548306 ], [ -83.997177, 44.54834 ], [ -83.997214, 44.54843 ], [ -83.997241, 44.548469 ], [ -83.997513, 44.548783 ], [ -83.997897, 44.549266 ], [ -83.998161, 44.549577 ], [ -83.998285, 44.549735 ], [ -83.998429, 44.549942 ], [ -83.998494, 44.550084 ], [ -83.998507, 44.550148 ], [ -83.998521, 44.550293 ], [ -83.998559, 44.550904 ], [ -83.998568, 44.551277 ], [ -83.998567, 44.551427 ], [ -83.998565, 44.552025 ], [ -83.998577, 44.553603 ], [ -83.998557, 44.553912 ], [ -83.998501, 44.554519 ], [ -83.998479, 44.554973 ], [ -83.998475, 44.555222 ], [ -83.998495, 44.555648 ], [ -83.998498, 44.556006 ], [ -83.998437, 44.558974 ], [ -83.998409, 44.559843 ], [ -83.998366, 44.560587 ], [ -83.998302, 44.561546 ], [ -83.998245, 44.562019 ], [ -83.998219, 44.562339 ], [ -83.998198, 44.562498 ], [ -83.998149, 44.56269 ], [ -83.998115, 44.562828 ], [ -83.997976, 44.563255 ], [ -83.99796, 44.563385 ], [ -83.997972, 44.563573 ], [ -83.997996, 44.563689 ], [ -83.99802, 44.563744 ], [ -83.9981, 44.563855 ], [ -83.998127, 44.563921 ], [ -83.998143, 44.563988 ], [ -83.998152, 44.56407 ], [ -83.998159, 44.564332 ], [ -83.998158, 44.565006 ], [ -83.998133, 44.56553 ], [ -83.998139, 44.565678 ], [ -83.998158, 44.565839 ], [ -83.998174, 44.566051 ], [ -83.998178, 44.566264 ], [ -83.998171, 44.56638 ], [ -83.998165, 44.566464 ], [ -83.998153, 44.567352 ], [ -83.998158, 44.567568 ], [ -83.9982, 44.568243 ], [ -83.998188, 44.568625 ], [ -83.998194, 44.568716 ], [ -83.998214, 44.568797 ], [ -83.998233, 44.568847 ], [ -83.998264, 44.568905 ], [ -83.998446, 44.56914 ], [ -83.998567, 44.569277 ], [ -83.998702, 44.569394 ], [ -83.998774, 44.569445 ], [ -83.998884, 44.569514 ], [ -83.998997, 44.569573 ], [ -83.99911, 44.569621 ], [ -83.999936, 44.569902 ], [ -84.000005, 44.569942 ], [ -84.000078, 44.570008 ], [ -84.000143, 44.570099 ], [ -84.00022, 44.570243 ], [ -84.000415, 44.570669 ], [ -84.000484, 44.570787 ], [ -84.000866, 44.571385 ], [ -84.001145, 44.571847 ], [ -84.00136, 44.572168 ], [ -84.001681, 44.572612 ], [ -84.002383, 44.573532 ], [ -84.002697, 44.573963 ], [ -84.002797, 44.574125 ], [ -84.002843, 44.574228 ], [ -84.002858, 44.574281 ], [ -84.002867, 44.574382 ], [ -84.002882, 44.575066 ], [ -84.00296, 44.576492 ], [ -84.00297, 44.576843 ], [ -84.002969, 44.577436 ], [ -84.002975, 44.5776 ], [ -84.00298, 44.577708 ], [ -84.003012, 44.578173 ], [ -84.003057, 44.578632 ], [ -84.003146, 44.579309 ], [ -84.003177, 44.579581 ], [ -84.003208, 44.580089 ], [ -84.003219, 44.580432 ], [ -84.003221, 44.580775 ], [ -84.003229, 44.580876 ], [ -84.003118, 44.58088 ], [ -84.001614, 44.58088 ], [ -84.001152, 44.580866 ], [ -84.000944, 44.580864 ], [ -84.00084, 44.58087 ], [ -84.000625, 44.580906 ], [ -84.000498, 44.58094 ], [ -84.00037, 44.581003 ], [ -84.000254, 44.581074 ], [ -84.000067, 44.581204 ], [ -83.999994, 44.581256 ], [ -83.999787, 44.581391 ], [ -83.999639, 44.581471 ], [ -83.999485, 44.581546 ], [ -83.999325, 44.581613 ], [ -83.999003, 44.581729 ], [ -83.998648, 44.581843 ], [ -83.998292, 44.581948 ], [ -83.998128, 44.581982 ], [ -83.998023, 44.581988 ], [ -83.997835, 44.58199 ], [ -83.997672, 44.581982 ], [ -83.997614, 44.581969 ], [ -83.997502, 44.581933 ], [ -83.99741, 44.581895 ], [ -83.997168, 44.581764 ], [ -83.996823, 44.581546 ], [ -83.996596, 44.581416 ], [ -83.995949, 44.581093 ], [ -83.995725, 44.580997 ], [ -83.995575, 44.580945 ], [ -83.995497, 44.580924 ], [ -83.995377, 44.580904 ], [ -83.994953, 44.580885 ], [ -83.994445, 44.580898 ], [ -83.993449, 44.580888 ], [ -83.992795, 44.580905 ], [ -83.991987, 44.580896 ], [ -83.991345, 44.580897 ], [ -83.990751, 44.580889 ], [ -83.990504, 44.580887 ], [ -83.989381, 44.580884 ], [ -83.98859, 44.580876 ], [ -83.987507, 44.5809 ], [ -83.987536, 44.581191 ], [ -83.987653, 44.5816 ], [ -83.987736, 44.581997 ], [ -83.987816, 44.582308 ], [ -83.987862, 44.582509 ], [ -83.987953, 44.583075 ], [ -83.988, 44.583792 ], [ -83.988003, 44.583825 ], [ -83.988006, 44.584349 ], [ -83.987991, 44.585159 ], [ -83.988037, 44.586328 ], [ -83.988071, 44.587023 ], [ -83.988071, 44.58718 ], [ -83.988062, 44.587258 ], [ -83.988043, 44.587335 ], [ -83.987958, 44.587613 ], [ -83.987817, 44.587985 ], [ -83.987779, 44.5881 ], [ -83.987714, 44.588355 ], [ -83.987708, 44.588425 ], [ -83.98772, 44.588539 ], [ -83.987755, 44.588659 ], [ -83.987814, 44.588783 ], [ -83.987849, 44.588838 ], [ -83.987912, 44.588919 ], [ -83.988077, 44.58905 ], [ -83.988174, 44.58912 ], [ -83.988304, 44.589256 ], [ -83.98836, 44.589358 ], [ -83.98837, 44.589428 ], [ -83.988365, 44.589494 ], [ -83.98834, 44.589582 ], [ -83.988182, 44.589941 ], [ -83.988151, 44.590059 ], [ -83.988139, 44.590157 ], [ -83.988136, 44.590619 ], [ -83.988159, 44.592273 ], [ -83.98816, 44.592302 ], [ -83.988156, 44.592857 ], [ -83.988148, 44.592929 ], [ -83.988054, 44.593212 ], [ -83.987954, 44.593407 ], [ -83.987766, 44.593679 ], [ -83.987452, 44.594069 ], [ -83.987415, 44.594146 ], [ -83.987399, 44.594291 ], [ -83.987474, 44.594677 ], [ -83.987517, 44.594988 ], [ -83.987553, 44.595044 ], [ -83.987565, 44.595099 ], [ -83.987559, 44.595411 ], [ -83.987545, 44.595501 ], [ -83.987491, 44.59568 ], [ -83.987425, 44.595964 ], [ -83.987357, 44.596202 ], [ -83.987296, 44.596379 ], [ -83.987235, 44.596511 ], [ -83.98721, 44.596567 ], [ -83.987167, 44.596743 ], [ -83.98716, 44.596831 ], [ -83.987166, 44.597 ], [ -83.987177, 44.597082 ], [ -83.987297, 44.597545 ], [ -83.987318, 44.597665 ], [ -83.987285, 44.598217 ], [ -83.987271, 44.598337 ], [ -83.987232, 44.598534 ], [ -83.98722, 44.598663 ], [ -83.98722, 44.598793 ], [ -83.987237, 44.598927 ], [ -83.987263, 44.599037 ], [ -83.987298, 44.599146 ], [ -83.987566, 44.599722 ], [ -83.987662, 44.599871 ], [ -83.987716, 44.59994 ], [ -83.987779, 44.600003 ], [ -83.987919, 44.600106 ], [ -83.988094, 44.600197 ], [ -83.988287, 44.600276 ], [ -83.988512, 44.600346 ], [ -83.988756, 44.600459 ], [ -83.988863, 44.600509 ], [ -83.988933, 44.600552 ], [ -83.989129, 44.600695 ], [ -83.99004, 44.601384 ], [ -83.98933, 44.601795 ], [ -83.987671, 44.602705 ], [ -83.987177, 44.602994 ], [ -83.986882, 44.603189 ], [ -83.986775, 44.603268 ], [ -83.986612, 44.603405 ], [ -83.986092, 44.603938 ], [ -83.98569, 44.604362 ], [ -83.985318, 44.604715 ], [ -83.985242, 44.604788 ], [ -83.985141, 44.604877 ], [ -83.985043, 44.604949 ], [ -83.984937, 44.605017 ], [ -83.984678, 44.605146 ], [ -83.984177, 44.605405 ], [ -83.983748, 44.605613 ], [ -83.983404, 44.605769 ], [ -83.982214, 44.606282 ], [ -83.98201, 44.606375 ], [ -83.981398, 44.606709 ], [ -83.981262, 44.606793 ], [ -83.981145, 44.606878 ], [ -83.98092, 44.607058 ], [ -83.98029, 44.607545 ], [ -83.979809, 44.60794 ], [ -83.979459, 44.608215 ], [ -83.978993, 44.608613 ], [ -83.978782, 44.608772 ], [ -83.978587, 44.608898 ], [ -83.978453, 44.608966 ], [ -83.978044, 44.609153 ], [ -83.977906, 44.609211 ], [ -83.977762, 44.609262 ], [ -83.977531, 44.609328 ], [ -83.977412, 44.609354 ], [ -83.977154, 44.609384 ], [ -83.977015, 44.609392 ], [ -83.976735, 44.609395 ], [ -83.97645, 44.60939 ], [ -83.975879, 44.609367 ], [ -83.975005, 44.609372 ], [ -83.974822, 44.609388 ], [ -83.974732, 44.609409 ], [ -83.97465, 44.609435 ], [ -83.973918, 44.609708 ], [ -83.973669, 44.609813 ], [ -83.97305, 44.610084 ], [ -83.972665, 44.610243 ], [ -83.972293, 44.610385 ], [ -83.972111, 44.610461 ], [ -83.971887, 44.610563 ], [ -83.97182, 44.610604 ], [ -83.971747, 44.610663 ], [ -83.971402, 44.611003 ], [ -83.971236, 44.611188 ], [ -83.971069, 44.611423 ], [ -83.970787, 44.611727 ], [ -83.970595, 44.611883 ], [ -83.970468, 44.611969 ], [ -83.97011, 44.612181 ], [ -83.970064, 44.612206 ], [ -83.969842, 44.612332 ], [ -83.96924, 44.612659 ], [ -83.968758, 44.612928 ], [ -83.966833, 44.614053 ], [ -83.96652, 44.61422 ], [ -83.966256, 44.614374 ], [ -83.966056, 44.614462 ], [ -83.965825, 44.614549 ], [ -83.965695, 44.614591 ], [ -83.965593, 44.614616 ], [ -83.965238, 44.614691 ], [ -83.965093, 44.614726 ], [ -83.964878, 44.614789 ], [ -83.964834, 44.614827 ], [ -83.964701, 44.614943 ], [ -83.964658, 44.614982 ], [ -83.964953, 44.615083 ], [ -83.965281, 44.615158 ], [ -83.965393, 44.615197 ], [ -83.965591, 44.615279 ], [ -83.965795, 44.615378 ], [ -83.966016, 44.615507 ], [ -83.966224, 44.615646 ], [ -83.966925, 44.616143 ], [ -83.967029, 44.616205 ], [ -83.967201, 44.616282 ], [ -83.967708, 44.616488 ], [ -83.967901, 44.616556 ], [ -83.968353, 44.616695 ], [ -83.968555, 44.616778 ], [ -83.96864, 44.616821 ], [ -83.96881, 44.61693 ], [ -83.968915, 44.617008 ], [ -83.969045, 44.617117 ], [ -83.96956, 44.617552 ], [ -83.96987, 44.617837 ], [ -83.970209, 44.618093 ], [ -83.97048, 44.618276 ], [ -83.970856, 44.618493 ], [ -83.971102, 44.618621 ], [ -83.971459, 44.61877 ], [ -83.971627, 44.618833 ], [ -83.971899, 44.618916 ], [ -83.971964, 44.618937 ], [ -83.972791, 44.619129 ], [ -83.973321, 44.619237 ], [ -83.973877, 44.619331 ], [ -83.974261, 44.619367 ], [ -83.974597, 44.619414 ], [ -83.975495, 44.619606 ], [ -83.97557, 44.619629 ], [ -83.976244, 44.619826 ], [ -83.976515, 44.619899 ], [ -83.977148, 44.620029 ], [ -83.977296, 44.620063 ], [ -83.978338, 44.620331 ], [ -83.978879, 44.620474 ], [ -83.979306, 44.620604 ], [ -83.979495, 44.620672 ], [ -83.979778, 44.620787 ], [ -83.97995, 44.62087 ], [ -83.980347, 44.621092 ], [ -83.980928, 44.621442 ], [ -83.981299, 44.621648 ], [ -83.981464, 44.621719 ], [ -83.981657, 44.621779 ], [ -83.981852, 44.621819 ], [ -83.98216, 44.621853 ], [ -83.982231, 44.621866 ], [ -83.982291, 44.621888 ], [ -83.982712, 44.622108 ], [ -83.982829, 44.62217 ], [ -83.983532, 44.622525 ], [ -83.983762, 44.622652 ], [ -83.984611, 44.623042 ], [ -83.984795, 44.623114 ], [ -83.985272, 44.623245 ], [ -83.985463, 44.623282 ], [ -83.985881, 44.623348 ], [ -83.985986, 44.623369 ], [ -83.98614, 44.623417 ], [ -83.986356, 44.623513 ], [ -83.986657, 44.623674 ], [ -83.986885, 44.623811 ], [ -83.98714, 44.623977 ], [ -83.98721, 44.624018 ], [ -83.987236, 44.624068 ], [ -83.987278, 44.624192 ], [ -83.987309, 44.624329 ], [ -83.987319, 44.624454 ], [ -83.987314, 44.624509 ], [ -83.987292, 44.624562 ], [ -83.987269, 44.624602 ], [ -83.987164, 44.62479 ], [ -83.987064, 44.624989 ], [ -83.98702, 44.625094 ], [ -83.986984, 44.6252 ], [ -83.986877, 44.625886 ], [ -83.986797, 44.626215 ], [ -83.986759, 44.626349 ], [ -83.986665, 44.626691 ], [ -83.986624, 44.626878 ], [ -83.986617, 44.626944 ], [ -83.986596, 44.627002 ], [ -83.986544, 44.627201 ], [ -83.986528, 44.627267 ], [ -83.986388, 44.627814 ], [ -83.986296, 44.628051 ], [ -83.986223, 44.628194 ], [ -83.986054, 44.628532 ], [ -83.985833, 44.628849 ], [ -83.985594, 44.62913 ], [ -83.985377, 44.629374 ], [ -83.985157, 44.629546 ], [ -83.984963, 44.629674 ], [ -83.984741, 44.629764 ], [ -83.984631, 44.629813 ], [ -83.984573, 44.629833 ], [ -83.984543, 44.629853 ], [ -83.984465, 44.629883 ], [ -83.984147, 44.630005 ], [ -83.984069, 44.630041 ], [ -83.983739, 44.630197 ], [ -83.983607, 44.630275 ], [ -83.98356, 44.630331 ], [ -83.983431, 44.630501 ], [ -83.983334, 44.630646 ], [ -83.983506, 44.630763 ], [ -83.983663, 44.631003 ], [ -83.983668, 44.631022 ], [ -83.983679, 44.631041 ], [ -83.983687, 44.631086 ], [ -83.983695, 44.631114 ], [ -83.983804, 44.631492 ], [ -83.984178, 44.632885 ], [ -83.984251, 44.633154 ], [ -83.984316, 44.633366 ], [ -83.984328, 44.633478 ], [ -83.984343, 44.633625 ], [ -83.984363, 44.633908 ], [ -83.984357, 44.6341 ], [ -83.984391, 44.634433 ], [ -83.984482, 44.634918 ], [ -83.984531, 44.635097 ], [ -83.984625, 44.635391 ], [ -83.984671, 44.635504 ], [ -83.984705, 44.635565 ], [ -83.98478, 44.635669 ], [ -83.984833, 44.635741 ], [ -83.985016, 44.635944 ], [ -83.985122, 44.636037 ], [ -83.985242, 44.636124 ], [ -83.985446, 44.636249 ], [ -83.988035, 44.637606 ], [ -83.9884, 44.637788 ], [ -83.988637, 44.637896 ], [ -83.989069, 44.638074 ], [ -83.989265, 44.638141 ], [ -83.989445, 44.638189 ], [ -83.989737, 44.638241 ], [ -83.990318, 44.638285 ], [ -83.990895, 44.638304 ], [ -83.991699, 44.638331 ], [ -83.991901, 44.638347 ], [ -83.991998, 44.638358 ], [ -83.99217, 44.638396 ], [ -83.992319, 44.638441 ], [ -83.992473, 44.63851 ], [ -83.992534, 44.638548 ], [ -83.992628, 44.63863 ], [ -83.992957, 44.638959 ], [ -83.993204, 44.638856 ], [ -83.993416, 44.638753 ], [ -83.993473, 44.638736 ], [ -83.993554, 44.638728 ], [ -83.993623, 44.638736 ], [ -83.994209, 44.63885 ], [ -83.994335, 44.638871 ], [ -83.994531, 44.638895 ], [ -83.994979, 44.638924 ], [ -83.995338, 44.638938 ], [ -83.995697, 44.638929 ], [ -83.995917, 44.638908 ], [ -83.996006, 44.638895 ], [ -83.996275, 44.638856 ], [ -83.996693, 44.638775 ], [ -83.997033, 44.638704 ], [ -83.997368, 44.638625 ], [ -83.997638, 44.638551 ], [ -83.998233, 44.638401 ], [ -83.998426, 44.638356 ], [ -83.998782, 44.638312 ], [ -83.99906, 44.638292 ], [ -83.999582, 44.638281 ], [ -84.000949, 44.638266 ], [ -84.003319, 44.638255 ], [ -84.005284, 44.638231 ], [ -84.005942, 44.638224 ], [ -84.008158, 44.638209 ], [ -84.008399, 44.638211 ], [ -84.010467, 44.638201 ], [ -84.010681, 44.6382 ], [ -84.011523, 44.638179 ], [ -84.011742, 44.63818 ], [ -84.014714, 44.638134 ], [ -84.015091, 44.638136 ], [ -84.015342, 44.638147 ], [ -84.015629, 44.638171 ], [ -84.015917, 44.638206 ], [ -84.016649, 44.638325 ], [ -84.018435, 44.638591 ], [ -84.018704, 44.638635 ], [ -84.018761, 44.638639 ], [ -84.018934, 44.638652 ], [ -84.018992, 44.638657 ], [ -84.018976, 44.638024 ], [ -84.018957, 44.637693 ], [ -84.018914, 44.637163 ], [ -84.018869, 44.636606 ], [ -84.018826, 44.635867 ], [ -84.018819, 44.635534 ], [ -84.0188, 44.635358 ], [ -84.018714, 44.63488 ], [ -84.018709, 44.634855 ], [ -84.018674, 44.634703 ], [ -84.018634, 44.634475 ], [ -84.018617, 44.634275 ], [ -84.018632, 44.633949 ], [ -84.018684, 44.633703 ], [ -84.018725, 44.633568 ], [ -84.018976, 44.632958 ], [ -84.019011, 44.632816 ], [ -84.019015, 44.632763 ], [ -84.019026, 44.632651 ], [ -84.019014, 44.632398 ], [ -84.018952, 44.632085 ], [ -84.018895, 44.6319 ], [ -84.018787, 44.631634 ], [ -84.018693, 44.631403 ], [ -84.018655, 44.631333 ], [ -84.018633, 44.631293 ], [ -84.018567, 44.631141 ], [ -84.018317, 44.630559 ], [ -84.018234, 44.630366 ], [ -84.018202, 44.630303 ], [ -84.018114, 44.630088 ], [ -84.017946, 44.629674 ], [ -84.017796, 44.629241 ], [ -84.017767, 44.629156 ], [ -84.01772, 44.628968 ], [ -84.01772, 44.628951 ], [ -84.017718, 44.628853 ], [ -84.017741, 44.628515 ], [ -84.017743, 44.628455 ], [ -84.017782, 44.627593 ], [ -84.017829, 44.626967 ], [ -84.017856, 44.626844 ], [ -84.017881, 44.626769 ], [ -84.017956, 44.626605 ], [ -84.018, 44.626503 ], [ -84.018016, 44.626483 ], [ -84.018209, 44.626141 ], [ -84.018336, 44.625918 ], [ -84.018541, 44.625599 ], [ -84.01865, 44.625375 ], [ -84.018691, 44.625258 ], [ -84.018732, 44.625068 ], [ -84.018732, 44.625019 ], [ -84.018735, 44.624873 ], [ -84.018726, 44.62473 ], [ -84.018705, 44.624604 ], [ -84.018755, 44.624592 ], [ -84.018911, 44.624565 ], [ -84.019395, 44.624484 ], [ -84.019527, 44.624444 ], [ -84.019619, 44.624417 ], [ -84.01972, 44.624363 ], [ -84.019829, 44.624304 ], [ -84.019885, 44.624268 ], [ -84.020028, 44.624156 ], [ -84.020206, 44.623978 ], [ -84.020255, 44.623916 ], [ -84.020359, 44.623785 ], [ -84.020696, 44.623472 ], [ -84.020878, 44.623291 ], [ -84.02129, 44.622954 ], [ -84.021819, 44.622507 ], [ -84.021969, 44.622381 ], [ -84.022355, 44.62208 ], [ -84.022369, 44.622069 ], [ -84.022424, 44.622024 ], [ -84.022572, 44.621917 ], [ -84.022694, 44.621829 ], [ -84.023059, 44.621598 ], [ -84.023153, 44.621513 ], [ -84.023186, 44.621472 ], [ -84.023263, 44.62138 ], [ -84.023303, 44.621346 ], [ -84.023351, 44.621281 ], [ -84.02405, 44.620343 ], [ -84.025049, 44.619029 ], [ -84.025302, 44.618717 ], [ -84.025331, 44.618682 ], [ -84.025418, 44.618554 ], [ -84.025609, 44.618238 ], [ -84.02567, 44.618147 ], [ -84.025945, 44.617843 ], [ -84.025969, 44.617827 ], [ -84.025987, 44.617815 ], [ -84.02682, 44.617158 ], [ -84.026957, 44.61705 ], [ -84.027715, 44.616419 ], [ -84.027842, 44.616112 ], [ -84.027909, 44.61592 ], [ -84.027929, 44.615834 ], [ -84.027949, 44.615699 ], [ -84.027951, 44.615683 ], [ -84.027954, 44.61549 ], [ -84.02796, 44.615388 ], [ -84.027965, 44.615328 ], [ -84.0281, 44.614743 ], [ -84.028135, 44.614528 ], [ -84.028178, 44.614427 ], [ -84.028308, 44.614216 ], [ -84.028501, 44.613929 ], [ -84.029282, 44.612896 ], [ -84.029353, 44.612821 ], [ -84.029433, 44.612752 ], [ -84.029613, 44.612634 ], [ -84.029731, 44.612573 ], [ -84.029982, 44.612468 ], [ -84.03041, 44.612305 ], [ -84.03066, 44.612193 ], [ -84.030839, 44.6121 ], [ -84.031006, 44.611997 ], [ -84.031089, 44.611922 ], [ -84.031256, 44.611689 ], [ -84.03132, 44.611602 ], [ -84.031369, 44.611489 ], [ -84.031388, 44.611366 ], [ -84.031378, 44.611191 ], [ -84.031352, 44.611092 ], [ -84.031283, 44.610996 ], [ -84.031078, 44.610791 ], [ -84.030951, 44.610629 ], [ -84.030806, 44.610415 ], [ -84.03067, 44.610189 ], [ -84.030596, 44.610048 ], [ -84.030531, 44.609886 ], [ -84.030528, 44.609877 ], [ -84.030515, 44.609813 ], [ -84.030522, 44.60967 ], [ -84.030541, 44.609587 ], [ -84.030571, 44.609534 ], [ -84.030586, 44.609507 ], [ -84.030656, 44.609445 ], [ -84.030773, 44.609381 ], [ -84.030808, 44.609368 ], [ -84.030891, 44.609337 ], [ -84.031022, 44.609313 ], [ -84.03126, 44.609318 ], [ -84.031333, 44.609434 ], [ -84.031411, 44.60951 ], [ -84.031519, 44.609574 ], [ -84.031585, 44.609601 ], [ -84.031754, 44.609643 ], [ -84.03221, 44.609708 ], [ -84.032394, 44.609747 ], [ -84.032545, 44.609808 ], [ -84.032761, 44.609916 ], [ -84.033113, 44.61006 ], [ -84.033284, 44.610137 ], [ -84.033778, 44.610427 ], [ -84.033816, 44.610445 ], [ -84.033974, 44.610518 ], [ -84.034638, 44.610803 ], [ -84.034829, 44.610893 ], [ -84.035004, 44.610996 ], [ -84.035484, 44.611311 ], [ -84.035684, 44.611433 ], [ -84.035891, 44.61154 ], [ -84.036034, 44.611607 ], [ -84.036316, 44.611716 ], [ -84.036596, 44.6118 ], [ -84.036913, 44.611884 ], [ -84.037001, 44.6119 ], [ -84.037102, 44.611908 ], [ -84.037203, 44.611908 ], [ -84.037586, 44.611888 ], [ -84.03785, 44.611888 ], [ -84.038145, 44.611912 ], [ -84.038391, 44.611947 ], [ -84.038662, 44.61196 ], [ -84.038838, 44.611952 ], [ -84.03895, 44.611939 ], [ -84.03917, 44.611893 ], [ -84.039397, 44.611829 ], [ -84.039629, 44.611747 ], [ -84.039786, 44.611677 ], [ -84.039914, 44.611606 ], [ -84.040056, 44.611506 ], [ -84.040184, 44.611396 ], [ -84.040369, 44.611187 ], [ -84.040612, 44.61098 ], [ -84.040983, 44.61065 ], [ -84.041415, 44.61024 ], [ -84.041434, 44.610222 ], [ -84.041681, 44.609997 ], [ -84.041988, 44.609748 ], [ -84.042232, 44.609571 ], [ -84.04234, 44.609484 ], [ -84.042405, 44.609443 ], [ -84.0425, 44.609406 ], [ -84.042603, 44.60938 ], [ -84.042865, 44.609333 ], [ -84.042972, 44.609322 ], [ -84.043355, 44.609305 ], [ -84.043693, 44.609309 ], [ -84.043997, 44.609322 ], [ -84.044121, 44.609327 ], [ -84.044221, 44.609336 ], [ -84.044833, 44.609364 ], [ -84.045162, 44.609366 ], [ -84.045354, 44.609368 ], [ -84.046715, 44.609327 ], [ -84.046999, 44.609306 ], [ -84.047565, 44.609244 ], [ -84.048208, 44.609192 ], [ -84.048654, 44.609167 ], [ -84.048929, 44.609153 ], [ -84.049821, 44.609132 ], [ -84.050787, 44.609162 ], [ -84.05132, 44.609159 ], [ -84.054369, 44.609148 ], [ -84.055526, 44.609122 ], [ -84.055818, 44.609118 ], [ -84.055939, 44.609117 ], [ -84.056509, 44.609121 ], [ -84.057189, 44.609138 ], [ -84.057318, 44.609139 ], [ -84.057373, 44.609139 ], [ -84.0598, 44.60913 ], [ -84.059936, 44.60913 ], [ -84.060245, 44.60913 ], [ -84.061456, 44.609142 ], [ -84.062306, 44.609131 ], [ -84.062547, 44.609132 ], [ -84.062998, 44.60913 ], [ -84.063061, 44.609128 ], [ -84.063431, 44.609136 ], [ -84.063816, 44.609137 ], [ -84.064586, 44.609121 ], [ -84.06578, 44.609112 ], [ -84.067246, 44.609116 ], [ -84.068838, 44.609122 ], [ -84.069368, 44.609106 ], [ -84.069729, 44.609102 ], [ -84.069991, 44.609103 ], [ -84.070779, 44.609109 ], [ -84.071042, 44.609111 ], [ -84.071132, 44.609106 ], [ -84.073346, 44.609088 ], [ -84.074842, 44.609093 ], [ -84.076939, 44.609101 ], [ -84.077066, 44.609106 ], [ -84.077976, 44.609073 ], [ -84.080104, 44.609027 ], [ -84.08158, 44.60901 ], [ -84.083528, 44.608996 ], [ -84.085222, 44.608989 ], [ -84.086244, 44.608989 ], [ -84.087947, 44.60899 ], [ -84.089267, 44.608972 ], [ -84.090046, 44.608973 ], [ -84.09003, 44.608789 ], [ -84.09001, 44.604064 ], [ -84.089939, 44.601664 ], [ -84.08991, 44.597592 ], [ -84.089911, 44.597521 ], [ -84.089873, 44.595327 ], [ -84.089857, 44.594986 ], [ -84.089864, 44.594729 ], [ -84.089885, 44.594476 ], [ -84.084187, 44.594519 ], [ -84.081574, 44.594512 ], [ -84.08155, 44.59447 ], [ -84.081186, 44.594192 ], [ -84.080847, 44.593883 ], [ -84.080757, 44.593752 ], [ -84.08071, 44.593638 ], [ -84.080689, 44.592793 ], [ -84.080723, 44.592494 ], [ -84.080784, 44.590786 ], [ -84.080871, 44.587765 ], [ -84.080882, 44.585639 ], [ -84.080882, 44.585594 ], [ -84.080873, 44.585419 ], [ -84.080962, 44.584585 ], [ -84.080997, 44.584381 ], [ -84.080998, 44.584246 ], [ -84.080975, 44.584134 ], [ -84.080938, 44.584085 ], [ -84.080905, 44.584058 ], [ -84.080784, 44.583993 ], [ -84.080673, 44.583965 ], [ -84.080491, 44.583948 ], [ -84.08026, 44.583944 ], [ -84.079715, 44.583983 ], [ -84.079561, 44.584005 ], [ -84.079138, 44.584113 ], [ -84.078824, 44.584171 ], [ -84.078343, 44.584228 ], [ -84.07802, 44.584253 ], [ -84.077698, 44.584268 ], [ -84.077513, 44.584265 ], [ -84.076959, 44.584231 ], [ -84.075819, 44.584243 ], [ -84.075508, 44.584232 ], [ -84.075318, 44.584218 ], [ -84.074938, 44.584176 ], [ -84.074182, 44.584074 ], [ -84.072823, 44.583912 ], [ -84.072217, 44.583849 ], [ -84.071626, 44.583806 ], [ -84.071551, 44.583806 ], [ -84.071193, 44.583846 ], [ -84.071104, 44.583845 ], [ -84.070593, 44.583806 ], [ -84.070338, 44.583805 ], [ -84.070173, 44.583828 ], [ -84.070036, 44.583862 ], [ -84.069893, 44.583876 ], [ -84.069759, 44.583877 ], [ -84.069476, 44.583836 ], [ -84.069463, 44.583711 ], [ -84.06946, 44.583398 ], [ -84.069436, 44.580615 ], [ -84.068739, 44.580616 ], [ -84.066651, 44.58062 ], [ -84.065955, 44.580622 ], [ -84.06578, 44.580622 ], [ -84.065614, 44.580619 ], [ -84.065418, 44.580616 ], [ -84.064592, 44.580624 ], [ -84.064252, 44.580628 ], [ -84.063828, 44.580628 ], [ -84.062557, 44.580628 ], [ -84.062134, 44.580629 ], [ -84.061166, 44.58062 ], [ -84.060951, 44.580619 ], [ -84.059383, 44.580649 ], [ -84.058262, 44.580657 ], [ -84.058211, 44.580658 ], [ -84.057295, 44.580665 ], [ -84.057213, 44.580666 ], [ -84.055684, 44.580676 ], [ -84.054256, 44.580686 ], [ -84.050854, 44.580653 ], [ -84.049244, 44.580638 ], [ -84.049238, 44.580571 ], [ -84.049151, 44.578421 ], [ -84.049123, 44.577754 ], [ -84.049097, 44.577104 ], [ -84.04905, 44.574447 ], [ -84.049049, 44.573198 ], [ -84.04902, 44.572045 ], [ -84.049016, 44.570849 ], [ -84.049004, 44.570458 ], [ -84.048968, 44.569801 ], [ -84.048963, 44.569099 ], [ -84.048961, 44.568619 ], [ -84.048913, 44.566214 ], [ -84.049953, 44.56621 ], [ -84.050574, 44.566198 ], [ -84.053964, 44.566139 ], [ -84.055558, 44.566151 ], [ -84.055978, 44.566155 ], [ -84.05722, 44.566171 ], [ -84.057552, 44.566169 ], [ -84.058114, 44.56615 ], [ -84.058877, 44.566125 ], [ -84.059508, 44.566116 ], [ -84.060454, 44.566109 ], [ -84.060798, 44.566109 ], [ -84.061693, 44.566109 ], [ -84.069223, 44.566075 ], [ -84.081478, 44.565964 ], [ -84.087904, 44.565892 ], [ -84.088691, 44.5659 ], [ -84.089375, 44.565883 ], [ -84.090341, 44.565885 ], [ -84.093761, 44.565846 ], [ -84.094979, 44.56577 ], [ -84.096824, 44.565569 ], [ -84.09756, 44.565451 ], [ -84.099169, 44.565172 ], [ -84.101505, 44.564797 ], [ -84.102633, 44.564584 ], [ -84.103414, 44.564483 ], [ -84.10381, 44.56446 ], [ -84.103988, 44.564454 ], [ -84.104943, 44.564475 ], [ -84.105666, 44.564558 ], [ -84.106155, 44.564653 ], [ -84.107711, 44.564968 ], [ -84.108662, 44.56517 ], [ -84.109203, 44.565286 ], [ -84.109598, 44.565365 ], [ -84.110522, 44.56556 ], [ -84.110542, 44.565562 ], [ -84.111583, 44.565683 ], [ -84.112385, 44.565729 ], [ -84.113148, 44.565737 ], [ -84.113429, 44.565735 ], [ -84.114394, 44.565729 ], [ -84.114457, 44.565729 ], [ -84.114671, 44.565728 ], [ -84.115503, 44.565727 ], [ -84.115577, 44.565727 ], [ -84.115781, 44.565725 ], [ -84.116342, 44.56572 ], [ -84.118028, 44.565704 ], [ -84.11859, 44.5657 ], [ -84.118602, 44.565655 ], [ -84.118642, 44.565521 ], [ -84.118656, 44.565477 ], [ -84.118696, 44.565345 ], [ -84.118729, 44.565253 ], [ -84.118788, 44.565118 ], [ -84.118802, 44.565074 ], [ -84.118836, 44.565017 ], [ -84.118916, 44.564908 ], [ -84.118981, 44.564848 ], [ -84.119019, 44.564831 ], [ -84.119059, 44.564783 ], [ -84.119093, 44.564722 ], [ -84.119071, 44.564539 ], [ -84.119075, 44.564451 ], [ -84.119127, 44.56427 ], [ -84.1193, 44.564035 ], [ -84.119421, 44.563852 ], [ -84.119527, 44.563708 ], [ -84.119709, 44.563428 ], [ -84.119774, 44.563258 ], [ -84.119818, 44.56309 ], [ -84.119822, 44.562945 ], [ -84.119861, 44.562764 ], [ -84.119868, 44.562734 ], [ -84.119965, 44.56244 ], [ -84.120087, 44.562143 ], [ -84.120131, 44.562002 ], [ -84.120139, 44.56193 ], [ -84.120138, 44.561858 ], [ -84.120126, 44.561802 ], [ -84.120057, 44.561638 ], [ -84.119931, 44.561299 ], [ -84.119615, 44.560683 ], [ -84.119547, 44.560511 ], [ -84.119369, 44.560024 ], [ -84.119206, 44.559678 ], [ -84.119135, 44.559554 ], [ -84.119105, 44.559455 ], [ -84.119096, 44.559175 ], [ -84.119109, 44.558782 ], [ -84.119103, 44.558704 ], [ -84.119072, 44.558561 ], [ -84.119007, 44.558377 ], [ -84.118994, 44.558317 ], [ -84.118992, 44.558266 ], [ -84.118999, 44.558216 ], [ -84.119014, 44.55818 ], [ -84.119098, 44.558045 ], [ -84.119209, 44.557895 ], [ -84.119239, 44.557818 ], [ -84.119241, 44.557748 ], [ -84.119235, 44.557723 ], [ -84.119134, 44.557492 ], [ -84.119106, 44.557403 ], [ -84.119102, 44.557359 ], [ -84.11911, 44.557321 ], [ -84.119203, 44.557109 ], [ -84.119286, 44.556855 ], [ -84.11935, 44.556612 ], [ -84.119448, 44.556175 ], [ -84.119473, 44.556001 ], [ -84.119461, 44.555844 ], [ -84.119438, 44.555707 ], [ -84.119352, 44.555375 ], [ -84.1193, 44.555216 ], [ -84.119238, 44.55506 ], [ -84.119091, 44.554742 ], [ -84.119061, 44.554548 ], [ -84.118967, 44.554347 ], [ -84.118931, 44.554242 ], [ -84.118926, 44.554145 ], [ -84.118932, 44.554102 ], [ -84.118957, 44.55394 ], [ -84.11896, 44.553865 ], [ -84.118951, 44.553808 ], [ -84.118875, 44.553555 ], [ -84.11886, 44.553485 ], [ -84.118856, 44.553415 ], [ -84.118871, 44.553168 ], [ -84.118895, 44.553103 ], [ -84.118911, 44.553086 ], [ -84.119074, 44.552971 ], [ -84.119122, 44.552931 ], [ -84.119175, 44.552861 ], [ -84.119194, 44.552821 ], [ -84.119216, 44.55271 ], [ -84.119191, 44.552572 ], [ -84.119189, 44.552476 ], [ -84.119211, 44.552354 ], [ -84.119258, 44.552242 ], [ -84.119264, 44.55213 ], [ -84.119256, 44.55199 ], [ -84.11923, 44.551871 ], [ -84.119193, 44.551769 ], [ -84.119134, 44.551674 ], [ -84.119042, 44.551579 ], [ -84.118855, 44.55144 ], [ -84.118861, 44.551368 ], [ -84.118751, 44.551364 ], [ -84.118648, 44.551345 ], [ -84.11831, 44.551255 ], [ -84.11797, 44.55114 ], [ -84.117801, 44.551099 ], [ -84.116916, 44.550923 ], [ -84.116616, 44.550851 ], [ -84.116333, 44.550757 ], [ -84.115877, 44.550589 ], [ -84.115606, 44.550504 ], [ -84.115242, 44.550347 ], [ -84.115046, 44.550289 ], [ -84.114934, 44.550272 ], [ -84.114149, 44.55023 ], [ -84.11365, 44.550224 ], [ -84.113346, 44.55022 ], [ -84.113142, 44.550247 ], [ -84.112848, 44.550297 ], [ -84.112594, 44.55031 ], [ -84.112402, 44.550309 ], [ -84.11221, 44.550299 ], [ -84.111996, 44.550277 ], [ -84.111825, 44.550247 ], [ -84.111708, 44.550212 ], [ -84.111627, 44.550176 ], [ -84.111374, 44.550003 ], [ -84.111303, 44.549963 ], [ -84.111214, 44.549929 ], [ -84.111121, 44.549901 ], [ -84.111035, 44.549882 ], [ -84.110529, 44.549811 ], [ -84.110414, 44.549786 ], [ -84.110207, 44.549722 ], [ -84.110029, 44.549644 ], [ -84.109881, 44.549555 ], [ -84.109848, 44.549529 ], [ -84.109764, 44.54944 ], [ -84.109701, 44.549387 ], [ -84.109571, 44.549315 ], [ -84.109499, 44.549286 ], [ -84.109422, 44.549263 ], [ -84.109302, 44.54924 ], [ -84.109228, 44.549218 ], [ -84.109158, 44.54919 ], [ -84.108607, 44.54893 ], [ -84.108459, 44.548881 ], [ -84.108152, 44.548794 ], [ -84.107833, 44.548693 ], [ -84.10767, 44.54865 ], [ -84.107503, 44.548613 ], [ -84.107375, 44.548599 ], [ -84.107196, 44.548605 ], [ -84.107055, 44.548628 ], [ -84.106744, 44.548707 ], [ -84.106538, 44.548741 ], [ -84.106409, 44.548741 ], [ -84.106406, 44.548338 ], [ -84.106354, 44.548252 ], [ -84.106284, 44.547922 ], [ -84.106135, 44.547414 ], [ -84.105803, 44.546479 ], [ -84.105719, 44.546206 ], [ -84.105618, 44.545802 ], [ -84.10552, 44.545319 ], [ -84.105487, 44.545197 ], [ -84.105477, 44.545136 ], [ -84.105475, 44.54507 ], [ -84.105487, 44.544862 ], [ -84.105502, 44.544793 ], [ -84.105523, 44.544734 ], [ -84.105613, 44.544529 ], [ -84.105295, 44.54447 ], [ -84.105183, 44.544442 ], [ -84.105048, 44.544381 ], [ -84.104861, 44.544275 ], [ -84.104772, 44.544218 ], [ -84.104291, 44.543885 ], [ -84.104156, 44.543801 ], [ -84.104108, 44.543776 ], [ -84.104015, 44.543736 ], [ -84.103866, 44.543686 ], [ -84.103726, 44.543652 ], [ -84.10359, 44.543626 ], [ -84.103547, 44.543614 ], [ -84.103409, 44.543557 ], [ -84.103241, 44.543468 ], [ -84.103164, 44.543418 ], [ -84.103002, 44.543287 ], [ -84.102895, 44.543213 ], [ -84.102782, 44.543142 ], [ -84.102465, 44.542959 ], [ -84.102315, 44.542881 ], [ -84.102247, 44.542837 ], [ -84.102195, 44.542791 ], [ -84.102117, 44.542696 ], [ -84.102073, 44.542629 ], [ -84.102014, 44.542525 ], [ -84.101918, 44.542309 ], [ -84.101865, 44.542203 ], [ -84.10178, 44.542064 ], [ -84.101687, 44.541927 ], [ -84.101491, 44.541657 ], [ -84.101044, 44.540996 ], [ -84.099993, 44.539388 ], [ -84.099729, 44.538997 ], [ -84.099635, 44.53887 ], [ -84.099446, 44.538644 ], [ -84.099272, 44.538464 ], [ -84.099039, 44.538249 ], [ -84.099136, 44.53795 ], [ -84.099268, 44.537421 ], [ -84.099326, 44.53715 ], [ -84.099342, 44.537054 ], [ -84.099395, 44.53675 ], [ -84.099428, 44.536735 ], [ -84.09974, 44.536622 ], [ -84.100639, 44.53623 ], [ -84.1008, 44.536152 ], [ -84.100958, 44.53607 ], [ -84.101043, 44.536036 ], [ -84.101106, 44.536018 ], [ -84.101181, 44.535998 ], [ -84.101323, 44.535973 ], [ -84.10142, 44.535963 ], [ -84.101563, 44.535954 ], [ -84.101849, 44.535944 ], [ -84.102243, 44.535915 ], [ -84.102941, 44.535834 ], [ -84.103253, 44.535786 ], [ -84.103358, 44.535777 ], [ -84.103477, 44.535776 ], [ -84.104142, 44.535821 ], [ -84.104294, 44.535836 ], [ -84.104444, 44.535858 ], [ -84.104741, 44.535913 ], [ -84.104946, 44.535942 ], [ -84.105012, 44.535955 ], [ -84.105072, 44.535977 ], [ -84.10513, 44.536008 ], [ -84.105236, 44.536084 ], [ -84.105291, 44.536134 ], [ -84.105394, 44.536242 ], [ -84.105498, 44.536338 ], [ -84.105558, 44.53638 ], [ -84.105636, 44.536421 ], [ -84.10572, 44.536456 ], [ -84.105806, 44.536484 ], [ -84.105895, 44.536506 ], [ -84.106171, 44.53656 ], [ -84.106349, 44.536602 ], [ -84.106478, 44.536622 ], [ -84.106526, 44.53663 ], [ -84.106586, 44.536635 ], [ -84.106749, 44.53664 ], [ -84.106853, 44.536633 ], [ -84.107061, 44.536612 ], [ -84.107261, 44.536583 ], [ -84.107361, 44.536572 ], [ -84.107463, 44.536569 ], [ -84.107617, 44.536574 ], [ -84.107753, 44.536589 ], [ -84.107838, 44.536604 ], [ -84.107912, 44.536625 ], [ -84.108058, 44.536675 ], [ -84.10821, 44.53672 ], [ -84.108313, 44.536745 ], [ -84.108365, 44.53667 ], [ -84.10857, 44.536419 ], [ -84.108864, 44.536036 ], [ -84.108901, 44.535982 ], [ -84.109086, 44.535725 ], [ -84.109305, 44.535405 ], [ -84.109377, 44.53527 ], [ -84.109402, 44.535203 ], [ -84.109419, 44.535128 ], [ -84.109457, 44.534732 ], [ -84.10947, 44.534379 ], [ -84.109471, 44.534334 ], [ -84.109475, 44.534221 ], [ -84.109502, 44.533528 ], [ -84.109505, 44.533422 ], [ -84.10951, 44.53328 ], [ -84.109511, 44.533246 ], [ -84.10955, 44.532284 ], [ -84.109558, 44.532142 ], [ -84.109578, 44.531951 ], [ -84.109597, 44.531752 ], [ -84.109644, 44.531273 ], [ -84.109673, 44.531094 ], [ -84.109718, 44.530898 ], [ -84.109794, 44.530706 ], [ -84.109868, 44.530543 ], [ -84.110033, 44.530231 ], [ -84.110039, 44.530222 ], [ -84.110153, 44.530033 ], [ -84.110276, 44.529847 ], [ -84.110316, 44.529778 ], [ -84.110383, 44.529662 ], [ -84.110634, 44.529271 ], [ -84.111418, 44.527921 ], [ -84.111447, 44.527876 ], [ -84.111469, 44.527842 ], [ -84.11178, 44.527327 ], [ -84.111806, 44.527283 ], [ -84.112492, 44.525965 ], [ -84.112601, 44.525698 ], [ -84.113064, 44.524707 ], [ -84.113109, 44.524612 ], [ -84.113231, 44.524353 ], [ -84.113561, 44.523646 ], [ -84.113871, 44.52293 ], [ -84.114, 44.522607 ], [ -84.114045, 44.522448 ], [ -84.113739, 44.522443 ], [ -84.113306, 44.52245 ], [ -84.113244, 44.522451 ], [ -84.112546, 44.52247 ], [ -84.111321, 44.52247 ], [ -84.11081, 44.522475 ], [ -84.110056, 44.5225 ], [ -84.10968, 44.522521 ], [ -84.108517, 44.522616 ], [ -84.107413, 44.522702 ], [ -84.106824, 44.522754 ], [ -84.106629, 44.522772 ], [ -84.105986, 44.522839 ], [ -84.10539, 44.522892 ], [ -84.105058, 44.52292 ], [ -84.104898, 44.522934 ], [ -84.104469, 44.522957 ], [ -84.103974, 44.523006 ], [ -84.102193, 44.523147 ], [ -84.101668, 44.523165 ], [ -84.101354, 44.523167 ], [ -84.10128, 44.523165 ], [ -84.10104, 44.523162 ], [ -84.100516, 44.523145 ], [ -84.099886, 44.523112 ], [ -84.099094, 44.523079 ], [ -84.094561, 44.522911 ], [ -84.091695, 44.5228 ], [ -84.091461, 44.522791 ], [ -84.088501, 44.522683 ], [ -84.086987, 44.522637 ], [ -84.08613, 44.522618 ], [ -84.084719, 44.522599 ], [ -84.080898, 44.522594 ], [ -84.080178, 44.522576 ], [ -84.080176, 44.522524 ], [ -84.080187, 44.522418 ], [ -84.080204, 44.522336 ], [ -84.080422, 44.521958 ], [ -84.08045, 44.521897 ], [ -84.080524, 44.521701 ], [ -84.080563, 44.521562 ], [ -84.080658, 44.520999 ], [ -84.080835, 44.52018 ], [ -84.080858, 44.520042 ], [ -84.080878, 44.519801 ], [ -84.080876, 44.519677 ], [ -84.080865, 44.519615 ], [ -84.080819, 44.519501 ], [ -84.080783, 44.519436 ], [ -84.080696, 44.519306 ], [ -84.080644, 44.519242 ], [ -84.08659, 44.514621 ], [ -84.087135, 44.512833 ], [ -84.087179, 44.512672 ], [ -84.087155, 44.512603 ], [ -84.086995, 44.512268 ], [ -84.086932, 44.51213 ], [ -84.086903, 44.512052 ], [ -84.08686, 44.511989 ], [ -84.086763, 44.511858 ], [ -84.086712, 44.511797 ], [ -84.086648, 44.511743 ], [ -84.086583, 44.5117 ], [ -84.086512, 44.511648 ], [ -84.086351, 44.511552 ], [ -84.086265, 44.51151 ], [ -84.086182, 44.511469 ], [ -84.086089, 44.511429 ], [ -84.085824, 44.511318 ], [ -84.08565, 44.511259 ], [ -84.085568, 44.511228 ], [ -84.085322, 44.511169 ], [ -84.085242, 44.51115 ], [ -84.085176, 44.511101 ], [ -84.085108, 44.51105 ], [ -84.085032, 44.511005 ], [ -84.084887, 44.510906 ], [ -84.084799, 44.510876 ], [ -84.084715, 44.51084 ], [ -84.084621, 44.510813 ], [ -84.084534, 44.51077 ], [ -84.084381, 44.510689 ], [ -84.08432, 44.510647 ], [ -84.084243, 44.510604 ], [ -84.084178, 44.510543 ], [ -84.084111, 44.510478 ], [ -84.083946, 44.51037 ], [ -84.083859, 44.510319 ], [ -84.083774, 44.510263 ], [ -84.083689, 44.510222 ], [ -84.083515, 44.510119 ], [ -84.083439, 44.510064 ], [ -84.083367, 44.510009 ], [ -84.083293, 44.509954 ], [ -84.083228, 44.509898 ], [ -84.083085, 44.509795 ], [ -84.083015, 44.509731 ], [ -84.082856, 44.509612 ], [ -84.082779, 44.509554 ], [ -84.082649, 44.509442 ], [ -84.082598, 44.509384 ], [ -84.082542, 44.509329 ], [ -84.082424, 44.509202 ], [ -84.082366, 44.509122 ], [ -84.082146, 44.508789 ], [ -84.081865, 44.508461 ], [ -84.081776, 44.508342 ], [ -84.081738, 44.508274 ], [ -84.081541, 44.508054 ], [ -84.068322, 44.508118 ], [ -84.068246, 44.508118 ], [ -84.067787, 44.508125 ], [ -84.067676, 44.508127 ], [ -84.054199, 44.508335 ], [ -84.0541, 44.508336 ], [ -84.053971, 44.508338 ], [ -84.05385, 44.50834 ], [ -84.053101, 44.508354 ], [ -84.052983, 44.508357 ], [ -84.052852, 44.508359 ], [ -84.052787, 44.508361 ], [ -84.052771, 44.508361 ], [ -84.050603, 44.508533 ], [ -84.049969, 44.508652 ], [ -84.04989, 44.50865 ], [ -84.049543, 44.508608 ], [ -84.048741, 44.508548 ], [ -84.048054, 44.508504 ], [ -84.047916, 44.508491 ], [ -84.047541, 44.508474 ], [ -84.047541, 44.508439 ], [ -84.033751, 44.508606 ], [ -84.033381, 44.50861 ], [ -84.0281, 44.508673 ], [ -84.027774, 44.508677 ], [ -84.007246, 44.508861 ], [ -84.004394, 44.508901 ], [ -84.003965, 44.508907 ], [ -84.003896, 44.508924 ], [ -84.003809, 44.508909 ], [ -84.001213, 44.508944 ], [ -83.987743, 44.509134 ], [ -83.967309, 44.509181 ], [ -83.959319, 44.509215 ], [ -83.959395, 44.50929 ], [ -83.961016, 44.511331 ], [ -83.961394, 44.51184 ], [ -83.961563, 44.512089 ], [ -83.961689, 44.512331 ], [ -83.961762, 44.512526 ], [ -83.961806, 44.512682 ], [ -83.961868, 44.513426 ], [ -83.961881, 44.513516 ], [ -83.962024, 44.514004 ], [ -83.962145, 44.514596 ], [ -83.962323, 44.515692 ], [ -83.962433, 44.516281 ], [ -83.962572, 44.51723 ], [ -83.962714, 44.518058 ], [ -83.962822, 44.518845 ], [ -83.962971, 44.519705 ], [ -83.963092, 44.520524 ], [ -83.96327, 44.521481 ], [ -83.963327, 44.521649 ], [ -83.963534, 44.522054 ], [ -83.963627, 44.522192 ], [ -83.963886, 44.522432 ], [ -83.964076, 44.522577 ], [ -83.964334, 44.522744 ], [ -83.96466, 44.522969 ], [ -83.965018, 44.523217 ], [ -83.967011, 44.524546 ], [ -83.967797, 44.52507 ], [ -83.968194, 44.525335 ], [ -83.968593, 44.525617 ], [ -83.968784, 44.525765 ], [ -83.96909, 44.526018 ], [ -83.969307, 44.526215 ], [ -83.969512, 44.526419 ], [ -83.969826, 44.526773 ], [ -83.970674, 44.52763 ], [ -83.970771, 44.527728 ], [ -83.970959, 44.527959 ], [ -83.97118, 44.528206 ], [ -83.971323, 44.528347 ], [ -83.971662, 44.528681 ] ], [ [ -86.49047, 42.031644 ], [ -86.490496, 42.031688 ], [ -86.490542, 42.031745 ], [ -86.493609, 42.031725 ], [ -86.493334, 42.031425 ], [ -86.493207, 42.031302 ], [ -86.493105, 42.031218 ], [ -86.493023, 42.031167 ], [ -86.492813, 42.03109 ], [ -86.492687, 42.031066 ], [ -86.490523, 42.03106 ], [ -86.49046, 42.031163 ], [ -86.490444, 42.03125 ], [ -86.490453, 42.031574 ], [ -86.49047, 42.031644 ] ], [ [ -84.729396, 45.470812 ], [ -84.728828, 45.470747 ], [ -84.727977, 45.470421 ], [ -84.727202, 45.470404 ], [ -84.727126, 45.470361 ], [ -84.726903, 45.470236 ], [ -84.726519, 45.47015 ], [ -84.726565, 45.469863 ], [ -84.726804, 45.469523 ], [ -84.727679, 45.469211 ], [ -84.728186, 45.468947 ], [ -84.728148, 45.468833 ], [ -84.728163, 45.468698 ], [ -84.728532, 45.468645 ], [ -84.728486, 45.468299 ], [ -84.728102, 45.468277 ], [ -84.728064, 45.468201 ], [ -84.728571, 45.468072 ], [ -84.728702, 45.467835 ], [ -84.728379, 45.467985 ], [ -84.727941, 45.468082 ], [ -84.727435, 45.468444 ], [ -84.726644, 45.468367 ], [ -84.726905, 45.468184 ], [ -84.726867, 45.468032 ], [ -84.726637, 45.468032 ], [ -84.726392, 45.467843 ], [ -84.725993, 45.467885 ], [ -84.725832, 45.467766 ], [ -84.725747, 45.467901 ], [ -84.725517, 45.46789 ], [ -84.725417, 45.468139 ], [ -84.725916, 45.468037 ], [ -84.726031, 45.468064 ], [ -84.726153, 45.46815 ], [ -84.726084, 45.468291 ], [ -84.725785, 45.468344 ], [ -84.725309, 45.468549 ], [ -84.724718, 45.468586 ], [ -84.724042, 45.468596 ], [ -84.723651, 45.468693 ], [ -84.723551, 45.468876 ], [ -84.723535, 45.469076 ], [ -84.723619, 45.469249 ], [ -84.723282, 45.469179 ], [ -84.723523, 45.467023 ], [ -84.72383, 45.466786 ], [ -84.723938, 45.466515 ], [ -84.724191, 45.466505 ], [ -84.724276, 45.466208 ], [ -84.724438, 45.466132 ], [ -84.724714, 45.465884 ], [ -84.72486, 45.465933 ], [ -84.724929, 45.466095 ], [ -84.725328, 45.466052 ], [ -84.725489, 45.465842 ], [ -84.725804, 45.465945 ], [ -84.726203, 45.465653 ], [ -84.72625, 45.465453 ], [ -84.726434, 45.465367 ], [ -84.726551, 45.4644 ], [ -84.726627, 45.464288 ], [ -84.726866, 45.463941 ], [ -84.726913, 45.463671 ], [ -84.726836, 45.463422 ], [ -84.726505, 45.463026 ], [ -84.726454, 45.462746 ], [ -84.726438, 45.462602 ], [ -84.726426, 45.462478 ], [ -84.726125, 45.46207 ], [ -84.725458, 45.461545 ], [ -84.724522, 45.461068 ], [ -84.724293, 45.460565 ], [ -84.723457, 45.46011 ], [ -84.72269, 45.45993 ], [ -84.722529, 45.459779 ], [ -84.722092, 45.459648 ], [ -84.721947, 45.459356 ], [ -84.721295, 45.459166 ], [ -84.719839, 45.458148 ], [ -84.719317, 45.45804 ], [ -84.718934, 45.457882 ], [ -84.718396, 45.457892 ], [ -84.718182, 45.457806 ], [ -84.717998, 45.457827 ], [ -84.717491, 45.457783 ], [ -84.716731, 45.458058 ], [ -84.715365, 45.458272 ], [ -84.71439, 45.458611 ], [ -84.714037, 45.458925 ], [ -84.713868, 45.459238 ], [ -84.713415, 45.459156 ], [ -84.713093, 45.459145 ], [ -84.712686, 45.459231 ], [ -84.712073, 45.458895 ], [ -84.71192, 45.45863 ], [ -84.711529, 45.458543 ], [ -84.711421, 45.458353 ], [ -84.711054, 45.458247 ], [ -84.710747, 45.458158 ], [ -84.709589, 45.457702 ], [ -84.708845, 45.457139 ], [ -84.707805, 45.455408 ], [ -84.707338, 45.454521 ], [ -84.706886, 45.454163 ], [ -84.706672, 45.453585 ], [ -84.70573, 45.452546 ], [ -84.705523, 45.452226 ], [ -84.704665, 45.451604 ], [ -84.704359, 45.451273 ], [ -84.703623, 45.450899 ], [ -84.702971, 45.450677 ], [ -84.70261, 45.450682 ], [ -84.70235, 45.450514 ], [ -84.701859, 45.450367 ], [ -84.701069, 45.450285 ], [ -84.700962, 45.450166 ], [ -84.699567, 45.449661 ], [ -84.699145, 45.44939 ], [ -84.698402, 45.448978 ], [ -84.69798, 45.448616 ], [ -84.697383, 45.447917 ], [ -84.696961, 45.447803 ], [ -84.696548, 45.447116 ], [ -84.695997, 45.44644 ], [ -84.695692, 45.445661 ], [ -84.69508, 45.444568 ], [ -84.69489, 45.443411 ], [ -84.694554, 45.442929 ], [ -84.694562, 45.44234 ], [ -84.694402, 45.441945 ], [ -84.694113, 45.440831 ], [ -84.693898, 45.440638 ], [ -84.693566, 45.440022 ], [ -84.693019, 45.439057 ], [ -84.692622, 45.438267 ], [ -84.691735, 45.437147 ], [ -84.691613, 45.436801 ], [ -84.691529, 45.4364 ], [ -84.690994, 45.435659 ], [ -84.690848, 45.435345 ], [ -84.690481, 45.435118 ], [ -84.690374, 45.434745 ], [ -84.690206, 45.434631 ], [ -84.690137, 45.434344 ], [ -84.689923, 45.434144 ], [ -84.689854, 45.433868 ], [ -84.689748, 45.433609 ], [ -84.68925, 45.433154 ], [ -84.688936, 45.432726 ], [ -84.687713, 45.43093 ], [ -84.687255, 45.430156 ], [ -84.68623, 45.428652 ], [ -84.686031, 45.428305 ], [ -84.685137, 45.427169 ], [ -84.684977, 45.426563 ], [ -84.684541, 45.42579 ], [ -84.68412, 45.425346 ], [ -84.683937, 45.424794 ], [ -84.683036, 45.423414 ], [ -84.682784, 45.422938 ], [ -84.682041, 45.422153 ], [ -84.681683, 45.421693 ], [ -84.681021, 45.420676 ], [ -84.680494, 45.420297 ], [ -84.680057, 45.420145 ], [ -84.679544, 45.419571 ], [ -84.679322, 45.41943 ], [ -84.678906, 45.418903 ], [ -84.67881, 45.41878 ], [ -84.677148, 45.417443 ], [ -84.676352, 45.416988 ], [ -84.676084, 45.416835 ], [ -84.675947, 45.416516 ], [ -84.674529, 45.415898 ], [ -84.674231, 45.415578 ], [ -84.673688, 45.41515 ], [ -84.673581, 45.414847 ], [ -84.672808, 45.414095 ], [ -84.672389, 45.413262 ], [ -84.67222, 45.412926 ], [ -84.671356, 45.411838 ], [ -84.6713, 45.411732 ], [ -84.671027, 45.411211 ], [ -84.670584, 45.410696 ], [ -84.670147, 45.410604 ], [ -84.669738, 45.410249 ], [ -84.669703, 45.410219 ], [ -84.669213, 45.410013 ], [ -84.668708, 45.409471 ], [ -84.668318, 45.408838 ], [ -84.668264, 45.408719 ], [ -84.668163, 45.408495 ], [ -84.668112, 45.408384 ], [ -84.667843, 45.408189 ], [ -84.667594, 45.408008 ], [ -84.667454, 45.407907 ], [ -84.667447, 45.407813 ], [ -84.667428, 45.407553 ], [ -84.667278, 45.407447 ], [ -84.667248, 45.407258 ], [ -84.667126, 45.407182 ], [ -84.667065, 45.406939 ], [ -84.666827, 45.406863 ], [ -84.666766, 45.40669 ], [ -84.666726, 45.406666 ], [ -84.666284, 45.406402 ], [ -84.666001, 45.40598 ], [ -84.666016, 45.405835 ], [ -84.666056, 45.405434 ], [ -84.666237, 45.405005 ], [ -84.666379, 45.404667 ], [ -84.666288, 45.404518 ], [ -84.665921, 45.403921 ], [ -84.665486, 45.40312 ], [ -84.665426, 45.402649 ], [ -84.665303, 45.402557 ], [ -84.665266, 45.402055 ], [ -84.664739, 45.401373 ], [ -84.664582, 45.401287 ], [ -84.664136, 45.401043 ], [ -84.663568, 45.400733 ], [ -84.661668, 45.400156 ], [ -84.659669, 45.399785 ], [ -84.659552, 45.399773 ], [ -84.659379, 45.399755 ], [ -84.658978, 45.399714 ], [ -84.657539, 45.399565 ], [ -84.657246, 45.399535 ], [ -84.656974, 45.399507 ], [ -84.656849, 45.399494 ], [ -84.656695, 45.399486 ], [ -84.656181, 45.399457 ], [ -84.655928, 45.399444 ], [ -84.655202, 45.399404 ], [ -84.654086, 45.399343 ], [ -84.653354, 45.399303 ], [ -84.652505, 45.399297 ], [ -84.652274, 45.399296 ], [ -84.651381, 45.399367 ], [ -84.651223, 45.39938 ], [ -84.650618, 45.399277 ], [ -84.650456, 45.399264 ], [ -84.648917, 45.399144 ], [ -84.647668, 45.399131 ], [ -84.646605, 45.398948 ], [ -84.646143, 45.398868 ], [ -84.645711, 45.398882 ], [ -84.644379, 45.398927 ], [ -84.643637, 45.398952 ], [ -84.643025, 45.398972 ], [ -84.642311, 45.398996 ], [ -84.64162, 45.399097 ], [ -84.639413, 45.399212 ], [ -84.635132, 45.400365 ], [ -84.634312, 45.400721 ], [ -84.632907, 45.401329 ], [ -84.632434, 45.401553 ], [ -84.631686, 45.401907 ], [ -84.631203, 45.402136 ], [ -84.628768, 45.403715 ], [ -84.62865, 45.40384 ], [ -84.627984, 45.404546 ], [ -84.627714, 45.405026 ], [ -84.627421, 45.405653 ], [ -84.627803, 45.406161 ], [ -84.627775, 45.406363 ], [ -84.627749, 45.406551 ], [ -84.627075, 45.40636 ], [ -84.627173, 45.406634 ], [ -84.627495, 45.406799 ], [ -84.627256, 45.407112 ], [ -84.627073, 45.407009 ], [ -84.626927, 45.407062 ], [ -84.626367, 45.407137 ], [ -84.626114, 45.407347 ], [ -84.625524, 45.407065 ], [ -84.625003, 45.406847 ], [ -84.625013, 45.406711 ], [ -84.625027, 45.406518 ], [ -84.625465, 45.406346 ], [ -84.625817, 45.40659 ], [ -84.625993, 45.406585 ], [ -84.626109, 45.40645 ], [ -84.626028, 45.406391 ], [ -84.625718, 45.406162 ], [ -84.625374, 45.405843 ], [ -84.624921, 45.406144 ], [ -84.624859, 45.406182 ], [ -84.62476, 45.406272 ], [ -84.62463, 45.406393 ], [ -84.624216, 45.406376 ], [ -84.62391, 45.40643 ], [ -84.623356, 45.406708 ], [ -84.623243, 45.406765 ], [ -84.622546, 45.407381 ], [ -84.622049, 45.407867 ], [ -84.621776, 45.408518 ], [ -84.621659, 45.40893 ], [ -84.621627, 45.409301 ], [ -84.62159, 45.409742 ], [ -84.621744, 45.410055 ], [ -84.62179, 45.410074 ], [ -84.62214, 45.410395 ], [ -84.621878, 45.410373 ], [ -84.622153, 45.410697 ], [ -84.622189, 45.411515 ], [ -84.622389, 45.411942 ], [ -84.622491, 45.411998 ], [ -84.622772, 45.412153 ], [ -84.623392, 45.412436 ], [ -84.623446, 45.412461 ], [ -84.623822, 45.412737 ], [ -84.624174, 45.412861 ], [ -84.624432, 45.413028 ], [ -84.624941, 45.413359 ], [ -84.625036, 45.413368 ], [ -84.625537, 45.413633 ], [ -84.625781, 45.41406 ], [ -84.626309, 45.414294 ], [ -84.626538, 45.41477 ], [ -84.627173, 45.415393 ], [ -84.627563, 45.415556 ], [ -84.628389, 45.416244 ], [ -84.629622, 45.416863 ], [ -84.630195, 45.417529 ], [ -84.631075, 45.418044 ], [ -84.631871, 45.41851 ], [ -84.632036, 45.418704 ], [ -84.632521, 45.419274 ], [ -84.632677, 45.419418 ], [ -84.634234, 45.42085 ], [ -84.635387, 45.421799 ], [ -84.635742, 45.422675 ], [ -84.635902, 45.423162 ], [ -84.636131, 45.423568 ], [ -84.636452, 45.423785 ], [ -84.636735, 45.42425 ], [ -84.637806, 45.425047 ], [ -84.638072, 45.425669 ], [ -84.638608, 45.426227 ], [ -84.638853, 45.426368 ], [ -84.638861, 45.426184 ], [ -84.638907, 45.426108 ], [ -84.638854, 45.426049 ], [ -84.638961, 45.425973 ], [ -84.639022, 45.426271 ], [ -84.639777, 45.427548 ], [ -84.63992, 45.42871 ], [ -84.639908, 45.429316 ], [ -84.639891, 45.430137 ], [ -84.639884, 45.430494 ], [ -84.639934, 45.431646 ], [ -84.639776, 45.433272 ], [ -84.639866, 45.433916 ], [ -84.63994, 45.434851 ], [ -84.640085, 45.435095 ], [ -84.642023, 45.435877 ], [ -84.642639, 45.436726 ], [ -84.643032, 45.437268 ], [ -84.642961, 45.437445 ], [ -84.642769, 45.437921 ], [ -84.641649, 45.438081 ], [ -84.639765, 45.439883 ], [ -84.639787, 45.44018 ], [ -84.640305, 45.441219 ], [ -84.640403, 45.441662 ], [ -84.640593, 45.442517 ], [ -84.640368, 45.443679 ], [ -84.638699, 45.44514 ], [ -84.637839, 45.445598 ], [ -84.637139, 45.446018 ], [ -84.636184, 45.446898 ], [ -84.635709, 45.447334 ], [ -84.635202, 45.447679 ], [ -84.634809, 45.448149 ], [ -84.633917, 45.449082 ], [ -84.632887, 45.449794 ], [ -84.632354, 45.45032 ], [ -84.631933, 45.450738 ], [ -84.630868, 45.452822 ], [ -84.630205, 45.454042 ], [ -84.629934, 45.454939 ], [ -84.629995, 45.45508 ], [ -84.630278, 45.455183 ], [ -84.630186, 45.455302 ], [ -84.630002, 45.455345 ], [ -84.629948, 45.455485 ], [ -84.629885, 45.455836 ], [ -84.629769, 45.456144 ], [ -84.629462, 45.456365 ], [ -84.628633, 45.45638 ], [ -84.628081, 45.4562 ], [ -84.627666, 45.456497 ], [ -84.627373, 45.456945 ], [ -84.627056, 45.45763 ], [ -84.626634, 45.460148 ], [ -84.626645, 45.461738 ], [ -84.626784, 45.46178 ], [ -84.626784, 45.462201 ], [ -84.626816, 45.462358 ], [ -84.626842, 45.462484 ], [ -84.626912, 45.462723 ], [ -84.627017, 45.463079 ], [ -84.627337, 45.463755 ], [ -84.628508, 45.464785 ], [ -84.629136, 45.465062 ], [ -84.631586, 45.466717 ], [ -84.631901, 45.466754 ], [ -84.632813, 45.467204 ], [ -84.633548, 45.467698 ], [ -84.634987, 45.468544 ], [ -84.635607, 45.469156 ], [ -84.63605, 45.469773 ], [ -84.636171, 45.470351 ], [ -84.635993, 45.470826 ], [ -84.635578, 45.471139 ], [ -84.634648, 45.471536 ], [ -84.634187, 45.471871 ], [ -84.633725, 45.472232 ], [ -84.633232, 45.47284 ], [ -84.632946, 45.473481 ], [ -84.632637, 45.474477 ], [ -84.632511, 45.475579 ], [ -84.632446, 45.476436 ], [ -84.632431, 45.47663 ], [ -84.632468, 45.477101 ], [ -84.633145, 45.479097 ], [ -84.633174, 45.479551 ], [ -84.633095, 45.480248 ], [ -84.633014, 45.48161 ], [ -84.63298, 45.482848 ], [ -84.633062, 45.483732 ], [ -84.632918, 45.485528 ], [ -84.632938, 45.486745 ], [ -84.633289, 45.487399 ], [ -84.632931, 45.489058 ], [ -84.63293, 45.489345 ], [ -84.632711, 45.490652 ], [ -84.632718, 45.491085 ], [ -84.632845, 45.49229 ], [ -84.633286, 45.494172 ], [ -84.633406, 45.494686 ], [ -84.633743, 45.495167 ], [ -84.634942, 45.496878 ], [ -84.635446, 45.498052 ], [ -84.635445, 45.49822 ], [ -84.63553, 45.498381 ], [ -84.63559, 45.498496 ], [ -84.635709, 45.499745 ], [ -84.635555, 45.499967 ], [ -84.635522, 45.500015 ], [ -84.635123, 45.500364 ], [ -84.634979, 45.500403 ], [ -84.634635, 45.500809 ], [ -84.634082, 45.501316 ], [ -84.633538, 45.50228 ], [ -84.633251, 45.504286 ], [ -84.632851, 45.505064 ], [ -84.632803, 45.505227 ], [ -84.632891, 45.505323 ], [ -84.632675, 45.505588 ], [ -84.632595, 45.506174 ], [ -84.632091, 45.507137 ], [ -84.632027, 45.507994 ], [ -84.632027, 45.508811 ], [ -84.632148, 45.509577 ], [ -84.632341, 45.510377 ], [ -84.632661, 45.511177 ], [ -84.632654, 45.512147 ], [ -84.632478, 45.512609 ], [ -84.632554, 45.513017 ], [ -84.632574, 45.513121 ], [ -84.632567, 45.51369 ], [ -84.632832, 45.514727 ], [ -84.632415, 45.515375 ], [ -84.632512, 45.515606 ], [ -84.6324, 45.516373 ], [ -84.63272, 45.516801 ], [ -84.633121, 45.517161 ], [ -84.633506, 45.517556 ], [ -84.634332, 45.518085 ], [ -84.634965, 45.518378 ], [ -84.635598, 45.51884 ], [ -84.636624, 45.519302 ], [ -84.637513, 45.519544 ], [ -84.638387, 45.519662 ], [ -84.639645, 45.519774 ], [ -84.640037, 45.519684 ], [ -84.640254, 45.519464 ], [ -84.640446, 45.519126 ], [ -84.64071, 45.519115 ], [ -84.641207, 45.518703 ], [ -84.641551, 45.518557 ], [ -84.641871, 45.518247 ], [ -84.642728, 45.517841 ], [ -84.643113, 45.517767 ], [ -84.643642, 45.517632 ], [ -84.643962, 45.517373 ], [ -84.644338, 45.517254 ], [ -84.644491, 45.517113 ], [ -84.644482, 45.516627 ], [ -84.644482, 45.516533 ], [ -84.64441, 45.516229 ], [ -84.64453, 45.516127 ], [ -84.644802, 45.516161 ], [ -84.644866, 45.516127 ], [ -84.644754, 45.516065 ], [ -84.64446, 45.51597 ], [ -84.644674, 45.515558 ], [ -84.645379, 45.515378 ], [ -84.646108, 45.515541 ], [ -84.647062, 45.516081 ], [ -84.647911, 45.516797 ], [ -84.648769, 45.517642 ], [ -84.649194, 45.518019 ], [ -84.649467, 45.518171 ], [ -84.650493, 45.519005 ], [ -84.651424, 45.520435 ], [ -84.651441, 45.520512 ], [ -84.651553, 45.521016 ], [ -84.651121, 45.522453 ], [ -84.651121, 45.522797 ], [ -84.651386, 45.523382 ], [ -84.651547, 45.524019 ], [ -84.651483, 45.524628 ], [ -84.651508, 45.524915 ], [ -84.652342, 45.526532 ], [ -84.653027, 45.527398 ], [ -84.653458, 45.528115 ], [ -84.654092, 45.529844 ], [ -84.654446, 45.530605 ], [ -84.654455, 45.531535 ], [ -84.654568, 45.532036 ], [ -84.65456, 45.532335 ], [ -84.654905, 45.533033 ], [ -84.65513, 45.533749 ], [ -84.655604, 45.534667 ], [ -84.656074, 45.535279 ], [ -84.65619, 45.535445 ], [ -84.657032, 45.53647 ], [ -84.657722, 45.537174 ], [ -84.658492, 45.537861 ], [ -84.659269, 45.538486 ], [ -84.660263, 45.539026 ], [ -84.661915, 45.539612 ], [ -84.662284, 45.539729 ], [ -84.663085, 45.539983 ], [ -84.666075, 45.540472 ], [ -84.667494, 45.540488 ], [ -84.669939, 45.540318 ], [ -84.671429, 45.539967 ], [ -84.671966, 45.539736 ], [ -84.672702, 45.538851 ], [ -84.672878, 45.538727 ], [ -84.67295, 45.5384 ], [ -84.674239, 45.537408 ], [ -84.674551, 45.537019 ], [ -84.675897, 45.536629 ], [ -84.676491, 45.536691 ], [ -84.677453, 45.53678 ], [ -84.678359, 45.537039 ], [ -84.678672, 45.537292 ], [ -84.6805, 45.537776 ], [ -84.680692, 45.537917 ], [ -84.681101, 45.538001 ], [ -84.681919, 45.537995 ], [ -84.682736, 45.538135 ], [ -84.685357, 45.537795 ], [ -84.686375, 45.537547 ], [ -84.687601, 45.537365 ], [ -84.688418, 45.537089 ], [ -84.689579, 45.536609 ], [ -84.690052, 45.536242 ], [ -84.690203, 45.535825 ], [ -84.690561, 45.535601 ], [ -84.69109, 45.53527 ], [ -84.691797, 45.534827 ], [ -84.691887, 45.534753 ], [ -84.692248, 45.534455 ], [ -84.692501, 45.534246 ], [ -84.692973, 45.533654 ], [ -84.693348, 45.533017 ], [ -84.69366, 45.532374 ], [ -84.693882, 45.531729 ], [ -84.693987, 45.531422 ], [ -84.694023, 45.531329 ], [ -84.694185, 45.530915 ], [ -84.694354, 45.530481 ], [ -84.694346, 45.530205 ], [ -84.695002, 45.529376 ], [ -84.695065, 45.529297 ], [ -84.695154, 45.529089 ], [ -84.695444, 45.528412 ], [ -84.695688, 45.527841 ], [ -84.695704, 45.527803 ], [ -84.695951, 45.52711 ], [ -84.696246, 45.526405 ], [ -84.696342, 45.525797 ], [ -84.696525, 45.525447 ], [ -84.696661, 45.524777 ], [ -84.697229, 45.523255 ], [ -84.697236, 45.523237 ], [ -84.697723, 45.522494 ], [ -84.697762, 45.52242 ], [ -84.69785, 45.522253 ], [ -84.698003, 45.521963 ], [ -84.698167, 45.521652 ], [ -84.698236, 45.521521 ], [ -84.698279, 45.521439 ], [ -84.698314, 45.521372 ], [ -84.69833, 45.52133 ], [ -84.698594, 45.520645 ], [ -84.698677, 45.520281 ], [ -84.69872, 45.520091 ], [ -84.698817, 45.519664 ], [ -84.699018, 45.519408 ], [ -84.699256, 45.519106 ], [ -84.699479, 45.518455 ], [ -84.699757, 45.517642 ], [ -84.699807, 45.517494 ], [ -84.700023, 45.517274 ], [ -84.700071, 45.517139 ], [ -84.700471, 45.515907 ], [ -84.700704, 45.51519 ], [ -84.700741, 45.515076 ], [ -84.700971, 45.51369 ], [ -84.701033, 45.512529 ], [ -84.70092, 45.51148 ], [ -84.700878, 45.511092 ], [ -84.700875, 45.51089 ], [ -84.70087, 45.510568 ], [ -84.701106, 45.510507 ], [ -84.700925, 45.510456 ], [ -84.700781, 45.510354 ], [ -84.700845, 45.510258 ], [ -84.700925, 45.510236 ], [ -84.700812, 45.509588 ], [ -84.700812, 45.509559 ], [ -84.700811, 45.50925 ], [ -84.700769, 45.509139 ], [ -84.700619, 45.508737 ], [ -84.700473, 45.508349 ], [ -84.700508, 45.508067 ], [ -84.700556, 45.507683 ], [ -84.70056, 45.507655 ], [ -84.700526, 45.507418 ], [ -84.700504, 45.507263 ], [ -84.700491, 45.507173 ], [ -84.700479, 45.507091 ], [ -84.700465, 45.506992 ], [ -84.700446, 45.506861 ], [ -84.700409, 45.506603 ], [ -84.700383, 45.50642 ], [ -84.700363, 45.506278 ], [ -84.700348, 45.506174 ], [ -84.700283, 45.506029 ], [ -84.70012, 45.505665 ], [ -84.70005, 45.505509 ], [ -84.699977, 45.505347 ], [ -84.699896, 45.505166 ], [ -84.69981, 45.504974 ], [ -84.699793, 45.50494 ], [ -84.69967, 45.504696 ], [ -84.699595, 45.504546 ], [ -84.699536, 45.504428 ], [ -84.699468, 45.504293 ], [ -84.699327, 45.504013 ], [ -84.699094, 45.503549 ], [ -84.698163, 45.502366 ], [ -84.697297, 45.501629 ], [ -84.696054, 45.500869 ], [ -84.695841, 45.500813 ], [ -84.695621, 45.500712 ], [ -84.695386, 45.500643 ], [ -84.6948, 45.500469 ], [ -84.694556, 45.500397 ], [ -84.694379, 45.500326 ], [ -84.693721, 45.500063 ], [ -84.693638, 45.500028 ], [ -84.693452, 45.49993 ], [ -84.693256, 45.499827 ], [ -84.692865, 45.499621 ], [ -84.692466, 45.499412 ], [ -84.692374, 45.499363 ], [ -84.692059, 45.499105 ], [ -84.691753, 45.498854 ], [ -84.691672, 45.498808 ], [ -84.69132, 45.49861 ], [ -84.690975, 45.498416 ], [ -84.690772, 45.498302 ], [ -84.690714, 45.498267 ], [ -84.690419, 45.49809 ], [ -84.69038, 45.498066 ], [ -84.690073, 45.497882 ], [ -84.689729, 45.497676 ], [ -84.689086, 45.49729 ], [ -84.688579, 45.496985 ], [ -84.687512, 45.496588 ], [ -84.687029, 45.496117 ], [ -84.684928, 45.495244 ], [ -84.684052, 45.494685 ], [ -84.682737, 45.493845 ], [ -84.682612, 45.493765 ], [ -84.681601, 45.492817 ], [ -84.681241, 45.492395 ], [ -84.680283, 45.491436 ], [ -84.679801, 45.490647 ], [ -84.679196, 45.490175 ], [ -84.678706, 45.489412 ], [ -84.67794, 45.488741 ], [ -84.6763, 45.487571 ], [ -84.676193, 45.487165 ], [ -84.676094, 45.487019 ], [ -84.676099, 45.486962 ], [ -84.676109, 45.486862 ], [ -84.675964, 45.486559 ], [ -84.674432, 45.485373 ], [ -84.674063, 45.485189 ], [ -84.673933, 45.484988 ], [ -84.674018, 45.484783 ], [ -84.674249, 45.484648 ], [ -84.674541, 45.484319 ], [ -84.674781, 45.483768 ], [ -84.674767, 45.482952 ], [ -84.674614, 45.482725 ], [ -84.674715, 45.482179 ], [ -84.674165, 45.480778 ], [ -84.674458, 45.480346 ], [ -84.674644, 45.479671 ], [ -84.674552, 45.47953 ], [ -84.674836, 45.479379 ], [ -84.674906, 45.479271 ], [ -84.675321, 45.479045 ], [ -84.675536, 45.478764 ], [ -84.67622, 45.478344 ], [ -84.676367, 45.478052 ], [ -84.676836, 45.477631 ], [ -84.676927, 45.476919 ], [ -84.67693, 45.476901 ], [ -84.677453, 45.476367 ], [ -84.678367, 45.475877 ], [ -84.679381, 45.475381 ], [ -84.680628, 45.475096 ], [ -84.680978, 45.475016 ], [ -84.681984, 45.475056 ], [ -84.683372, 45.47542 ], [ -84.685012, 45.476525 ], [ -84.685196, 45.476812 ], [ -84.685954, 45.477603 ], [ -84.686582, 45.478382 ], [ -84.687575, 45.479179 ], [ -84.68793, 45.479465 ], [ -84.688988, 45.48044 ], [ -84.689478, 45.480743 ], [ -84.691095, 45.482362 ], [ -84.691447, 45.482638 ], [ -84.69173, 45.483098 ], [ -84.691976, 45.483196 ], [ -84.692006, 45.483347 ], [ -84.692221, 45.483618 ], [ -84.692798, 45.483871 ], [ -84.693149, 45.484024 ], [ -84.693532, 45.484365 ], [ -84.694276, 45.48468 ], [ -84.695487, 45.485422 ], [ -84.696714, 45.485911 ], [ -84.697635, 45.486247 ], [ -84.69831, 45.486535 ], [ -84.699346, 45.486812 ], [ -84.699967, 45.487137 ], [ -84.700535, 45.487359 ], [ -84.701164, 45.487469 ], [ -84.702245, 45.487902 ], [ -84.702798, 45.487974 ], [ -84.703335, 45.488072 ], [ -84.703934, 45.488024 ], [ -84.704817, 45.487836 ], [ -84.706453, 45.487325 ], [ -84.706745, 45.487204 ], [ -84.707797, 45.48677 ], [ -84.708965, 45.486188 ], [ -84.709834, 45.485573 ], [ -84.710602, 45.484963 ], [ -84.71154, 45.484137 ], [ -84.711748, 45.483705 ], [ -84.711971, 45.483408 ], [ -84.712006, 45.483229 ], [ -84.712048, 45.483008 ], [ -84.712202, 45.482835 ], [ -84.712011, 45.482667 ], [ -84.712034, 45.482495 ], [ -84.711888, 45.482359 ], [ -84.711835, 45.482208 ], [ -84.712019, 45.482019 ], [ -84.713186, 45.481885 ], [ -84.713301, 45.481766 ], [ -84.713171, 45.481685 ], [ -84.71225, 45.481787 ], [ -84.712173, 45.481749 ], [ -84.712304, 45.481522 ], [ -84.712204, 45.481533 ], [ -84.71202, 45.481667 ], [ -84.711943, 45.481451 ], [ -84.711597, 45.481894 ], [ -84.711405, 45.481948 ], [ -84.711206, 45.481872 ], [ -84.710723, 45.481412 ], [ -84.710432, 45.481179 ], [ -84.709979, 45.481086 ], [ -84.709803, 45.480864 ], [ -84.709481, 45.480734 ], [ -84.709473, 45.480502 ], [ -84.709098, 45.480291 ], [ -84.708799, 45.47995 ], [ -84.708446, 45.479955 ], [ -84.7083, 45.479835 ], [ -84.707909, 45.479781 ], [ -84.707579, 45.479705 ], [ -84.707341, 45.479753 ], [ -84.707034, 45.479682 ], [ -84.706981, 45.47925 ], [ -84.706912, 45.479244 ], [ -84.706997, 45.478969 ], [ -84.706866, 45.478844 ], [ -84.706829, 45.478569 ], [ -84.70646, 45.478417 ], [ -84.70656, 45.478314 ], [ -84.706684, 45.47799 ], [ -84.707091, 45.477828 ], [ -84.707175, 45.477656 ], [ -84.707191, 45.477456 ], [ -84.708166, 45.477154 ], [ -84.708451, 45.477019 ], [ -84.708858, 45.476701 ], [ -84.70915, 45.476583 ], [ -84.709434, 45.476615 ], [ -84.709917, 45.476865 ], [ -84.710208, 45.476876 ], [ -84.711874, 45.476711 ], [ -84.712489, 45.476284 ], [ -84.712758, 45.476187 ], [ -84.71321, 45.476161 ], [ -84.713886, 45.476259 ], [ -84.714162, 45.476151 ], [ -84.7146, 45.475898 ], [ -84.715691, 45.474991 ], [ -84.716329, 45.474646 ], [ -84.716897, 45.47455 ], [ -84.717311, 45.474404 ], [ -84.717718, 45.474448 ], [ -84.718317, 45.474325 ], [ -84.718593, 45.474411 ], [ -84.718961, 45.474677 ], [ -84.719245, 45.474926 ], [ -84.719759, 45.475061 ], [ -84.719904, 45.475235 ], [ -84.72061, 45.47543 ], [ -84.720595, 45.475581 ], [ -84.720472, 45.475603 ], [ -84.720441, 45.475689 ], [ -84.721476, 45.47615 ], [ -84.722183, 45.475897 ], [ -84.72239, 45.475611 ], [ -84.72269, 45.475552 ], [ -84.723204, 45.475196 ], [ -84.723412, 45.475212 ], [ -84.723971, 45.475548 ], [ -84.724033, 45.475705 ], [ -84.724155, 45.475737 ], [ -84.72424, 45.475845 ], [ -84.724524, 45.475922 ], [ -84.724523, 45.475992 ], [ -84.724746, 45.476073 ], [ -84.724577, 45.475873 ], [ -84.724662, 45.475722 ], [ -84.725007, 45.47569 ], [ -84.725491, 45.475544 ], [ -84.725637, 45.475593 ], [ -84.72566, 45.47568 ], [ -84.725521, 45.475977 ], [ -84.72569, 45.47608 ], [ -84.725705, 45.476123 ], [ -84.725774, 45.476128 ], [ -84.725775, 45.475815 ], [ -84.726028, 45.475815 ], [ -84.725982, 45.475621 ], [ -84.726159, 45.475442 ], [ -84.726267, 45.475221 ], [ -84.726965, 45.475497 ], [ -84.727441, 45.475471 ], [ -84.727464, 45.475401 ], [ -84.726865, 45.475368 ], [ -84.72685, 45.475249 ], [ -84.726627, 45.475211 ], [ -84.726674, 45.475108 ], [ -84.726912, 45.474919 ], [ -84.726612, 45.475 ], [ -84.726175, 45.474961 ], [ -84.725968, 45.474826 ], [ -84.726038, 45.474313 ], [ -84.72656, 45.473755 ], [ -84.726653, 45.473463 ], [ -84.726638, 45.473083 ], [ -84.726899, 45.472683 ], [ -84.726938, 45.472396 ], [ -84.72723, 45.472325 ], [ -84.727492, 45.471487 ], [ -84.727308, 45.470993 ], [ -84.727439, 45.470815 ], [ -84.727494, 45.470806 ], [ -84.727777, 45.470762 ], [ -84.728076, 45.470886 ], [ -84.728912, 45.471001 ], [ -84.72974, 45.471169 ], [ -84.729956, 45.471314 ], [ -84.730139, 45.471521 ], [ -84.730346, 45.471686 ], [ -84.730346, 45.470988 ], [ -84.729987, 45.470813 ], [ -84.729396, 45.470812 ] ], [ [ -84.900692, 44.633522 ], [ -84.90058, 44.633508 ], [ -84.90034, 44.63353 ], [ -84.900131, 44.633635 ], [ -84.900026, 44.63371 ], [ -84.899842, 44.63388 ], [ -84.899703, 44.633995 ], [ -84.899121, 44.634161 ], [ -84.898895, 44.634318 ], [ -84.89879, 44.63435 ], [ -84.898643, 44.634369 ], [ -84.898527, 44.634478 ], [ -84.898262, 44.634571 ], [ -84.898169, 44.634602 ], [ -84.898136, 44.634681 ], [ -84.898068, 44.634773 ], [ -84.898046, 44.634855 ], [ -84.898028, 44.635046 ], [ -84.897959, 44.635229 ], [ -84.897914, 44.635542 ], [ -84.897841, 44.635747 ], [ -84.897646, 44.635924 ], [ -84.897621, 44.636024 ], [ -84.897603, 44.636097 ], [ -84.897595, 44.63626 ], [ -84.897422, 44.636604 ], [ -84.897277, 44.636705 ], [ -84.897036, 44.636889 ], [ -84.896662, 44.636948 ], [ -84.896239, 44.637052 ], [ -84.895865, 44.637093 ], [ -84.895666, 44.637142 ], [ -84.895122, 44.637364 ], [ -84.894706, 44.637547 ], [ -84.894499, 44.637584 ], [ -84.894354, 44.637679 ], [ -84.893986, 44.63788 ], [ -84.893696, 44.63807 ], [ -84.893346, 44.638548 ], [ -84.893155, 44.638586 ], [ -84.892833, 44.638815 ], [ -84.892721, 44.638882 ], [ -84.89209, 44.639057 ], [ -84.891938, 44.639163 ], [ -84.891747, 44.639161 ], [ -84.891444, 44.639243 ], [ -84.891044, 44.639415 ], [ -84.890963, 44.639505 ], [ -84.89074, 44.639559 ], [ -84.890557, 44.639569 ], [ -84.890468, 44.63963 ], [ -84.890329, 44.639884 ], [ -84.890167, 44.640018 ], [ -84.889927, 44.640146 ], [ -84.889631, 44.640285 ], [ -84.889367, 44.640351 ], [ -84.888977, 44.640415 ], [ -84.88881, 44.640453 ], [ -84.888729, 44.640537 ], [ -84.888692, 44.640674 ], [ -84.888598, 44.640736 ], [ -84.8885, 44.640892 ], [ -84.888436, 44.6412 ], [ -84.887917, 44.641492 ], [ -84.887764, 44.641544 ], [ -84.887539, 44.641582 ], [ -84.887409, 44.641624 ], [ -84.887281, 44.641702 ], [ -84.887198, 44.641809 ], [ -84.887002, 44.641879 ], [ -84.886854, 44.641921 ], [ -84.886729, 44.642005 ], [ -84.886502, 44.642182 ], [ -84.885917, 44.642499 ], [ -84.885678, 44.642703 ], [ -84.885306, 44.642875 ], [ -84.884914, 44.642951 ], [ -84.884511, 44.642995 ], [ -84.884255, 44.64297 ], [ -84.884352, 44.64251 ], [ -84.884277, 44.642124 ], [ -84.884216, 44.641625 ], [ -84.884134, 44.641348 ], [ -84.884031, 44.640896 ], [ -84.884135, 44.640679 ], [ -84.884078, 44.640574 ], [ -84.883737, 44.640345 ], [ -84.883363, 44.639969 ], [ -84.882968, 44.639687 ], [ -84.88245, 44.63956 ], [ -84.879322, 44.638941 ], [ -84.878376, 44.638639 ], [ -84.877943, 44.638509 ], [ -84.876765, 44.637933 ], [ -84.876364, 44.637607 ], [ -84.875888, 44.63688 ], [ -84.87466, 44.63292 ], [ -84.87456, 44.632444 ], [ -84.874409, 44.631943 ], [ -84.872796, 44.6265 ], [ -84.874464, 44.626308 ], [ -84.874993, 44.62626 ], [ -84.875972, 44.626218 ], [ -84.87923, 44.626165 ], [ -84.881267, 44.626135 ], [ -84.886779, 44.625868 ], [ -84.892679, 44.625531 ], [ -84.900738, 44.625056 ], [ -84.900778, 44.625054 ], [ -84.900994, 44.625034 ], [ -84.901143, 44.625015 ], [ -84.90119, 44.625019 ], [ -84.90122, 44.625015 ], [ -84.901797, 44.624819 ], [ -84.902342, 44.624474 ], [ -84.902718, 44.624092 ], [ -84.903025, 44.623616 ], [ -84.903175, 44.623215 ], [ -84.903282, 44.622764 ], [ -84.903523, 44.6217 ], [ -84.903777, 44.620383 ], [ -84.903814, 44.619875 ], [ -84.903756, 44.619426 ], [ -84.903757, 44.619401 ], [ -84.903696, 44.61918 ], [ -84.903658, 44.619023 ], [ -84.903476, 44.618528 ], [ -84.903225, 44.617977 ], [ -84.902918, 44.617068 ], [ -84.902868, 44.616623 ], [ -84.902881, 44.616454 ], [ -84.90307, 44.616456 ], [ -84.904697, 44.616477 ], [ -84.904848, 44.616479 ], [ -84.905625, 44.617676 ], [ -84.905819, 44.617861 ], [ -84.90595, 44.617975 ], [ -84.90613, 44.618107 ], [ -84.906994, 44.618637 ], [ -84.907961, 44.619168 ], [ -84.908137, 44.619251 ], [ -84.908177, 44.619268 ], [ -84.908929, 44.6196 ], [ -84.909426, 44.619782 ], [ -84.910028, 44.619684 ], [ -84.91042, 44.619568 ], [ -84.910659, 44.619426 ], [ -84.910911, 44.619188 ], [ -84.911137, 44.619172 ], [ -84.91112, 44.619048 ], [ -84.911119, 44.618694 ], [ -84.911112, 44.617006 ], [ -84.911105, 44.616453 ], [ -84.911098, 44.615834 ], [ -84.911055, 44.61232 ], [ -84.926325, 44.61233 ], [ -84.926273, 44.613992 ], [ -84.926512, 44.614052 ], [ -84.926976, 44.614169 ], [ -84.927776, 44.614332 ], [ -84.928582, 44.614723 ], [ -84.929082, 44.614801 ], [ -84.929669, 44.614804 ], [ -84.930446, 44.615073 ], [ -84.930692, 44.615318 ], [ -84.931659, 44.615799 ], [ -84.9323, 44.616049 ], [ -84.932755, 44.616218 ], [ -84.933213, 44.616297 ], [ -84.933816, 44.616323 ], [ -84.934428, 44.616277 ], [ -84.935361, 44.616185 ], [ -84.937802, 44.616871 ], [ -84.938633, 44.617078 ], [ -84.938705, 44.617101 ], [ -84.940965, 44.61708 ], [ -84.940815, 44.61559 ], [ -84.945264, 44.615553 ], [ -84.950745, 44.61555 ], [ -84.950885, 44.61207 ], [ -84.96317, 44.612148 ], [ -84.968111, 44.612179 ], [ -84.971835, 44.6122 ], [ -84.971849, 44.609582 ], [ -84.971805, 44.60475 ], [ -84.979047, 44.604738 ], [ -84.982606, 44.604694 ], [ -84.992565, 44.60465 ], [ -84.99232, 44.597299 ], [ -85.002115, 44.597313 ], [ -85.011564, 44.597329 ], [ -85.011772, 44.59641 ], [ -85.011613, 44.595701 ], [ -85.011357, 44.595129 ], [ -85.011391, 44.593849 ], [ -85.011551, 44.593118 ], [ -85.011647, 44.593049 ], [ -85.01168, 44.592341 ], [ -85.011553, 44.59138 ], [ -85.012066, 44.590695 ], [ -85.012259, 44.590306 ], [ -85.012003, 44.589735 ], [ -85.011461, 44.588317 ], [ -85.011397, 44.588089 ], [ -85.01079, 44.587242 ], [ -85.009861, 44.586602 ], [ -85.010082, 44.586217 ], [ -85.009626, 44.586321 ], [ -85.009173, 44.586405 ], [ -85.008838, 44.586473 ], [ -85.005085, 44.58641 ], [ -85.003924, 44.586414 ], [ -84.998615, 44.587083 ], [ -84.997912, 44.587169 ], [ -84.997073, 44.587467 ], [ -84.99661, 44.587657 ], [ -84.996196, 44.587731 ], [ -84.995927, 44.587758 ], [ -84.995497, 44.587757 ], [ -84.995224, 44.587734 ], [ -84.995022, 44.58759 ], [ -84.99491, 44.587455 ], [ -84.99487, 44.587357 ], [ -84.99475, 44.586542 ], [ -84.994464, 44.584182 ], [ -84.994382, 44.583668 ], [ -84.994322, 44.583382 ], [ -84.994108, 44.582785 ], [ -84.993925, 44.582404 ], [ -84.993493, 44.581269 ], [ -84.992799, 44.579421 ], [ -84.992109, 44.577675 ], [ -84.992103, 44.577071 ], [ -84.992097, 44.576631 ], [ -84.992057, 44.573926 ], [ -84.992121, 44.569168 ], [ -84.991965, 44.56393 ], [ -84.986435, 44.5638 ], [ -84.986435, 44.56725 ], [ -84.981695, 44.56721 ], [ -84.981693, 44.56176 ], [ -84.981715, 44.56046 ], [ -84.991945, 44.56054 ], [ -84.991949, 44.559772 ], [ -84.991828, 44.553854 ], [ -84.994657, 44.553776 ], [ -84.994706, 44.553765 ], [ -84.995059, 44.553713 ], [ -84.995258, 44.553621 ], [ -84.995826, 44.553264 ], [ -84.996309, 44.552989 ], [ -84.997068, 44.552834 ], [ -84.997697, 44.552787 ], [ -84.997997, 44.552748 ], [ -84.998181, 44.552616 ], [ -84.998395, 44.552512 ], [ -84.99868, 44.552418 ], [ -84.99904, 44.552253 ], [ -84.999684, 44.552016 ], [ -84.999699, 44.55195 ], [ -84.999691, 44.551725 ], [ -84.999676, 44.551554 ], [ -84.999691, 44.551329 ], [ -84.999798, 44.551186 ], [ -84.999994, 44.551112 ], [ -85.000333, 44.55088 ], [ -85.000403, 44.550647 ], [ -85.000549, 44.550525 ], [ -85.000833, 44.550361 ], [ -85.000933, 44.550167 ], [ -85.000925, 44.549938 ], [ -85.001109, 44.549582 ], [ -85.001293, 44.549411 ], [ -85.001455, 44.549173 ], [ -85.001271, 44.548708 ], [ -85.001594, 44.54769 ], [ -85.001609, 44.547407 ], [ -85.001732, 44.547092 ], [ -85.001847, 44.546866 ], [ -85.001885, 44.546641 ], [ -85.001901, 44.546421 ], [ -85.001955, 44.546103 ], [ -85.002086, 44.545889 ], [ -85.002163, 44.545614 ], [ -85.002133, 44.545389 ], [ -85.002025, 44.54529 ], [ -85.001986, 44.545092 ], [ -85.002064, 44.544894 ], [ -85.002056, 44.544763 ], [ -85.001987, 44.544537 ], [ -85.001995, 44.544257 ], [ -85.002126, 44.544065 ], [ -85.002172, 44.543807 ], [ -85.002729, 44.543189 ], [ -85.003079, 44.542988 ], [ -85.003273, 44.542851 ], [ -85.003364, 44.54275 ], [ -85.003425, 44.542618 ], [ -85.003452, 44.542529 ], [ -85.003534, 44.542419 ], [ -85.003661, 44.542326 ], [ -85.001817, 44.540702 ], [ -85.00111, 44.540241 ], [ -85.001155, 44.540059 ], [ -85.001462, 44.538819 ], [ -85.001708, 44.538616 ], [ -85.001838, 44.538418 ], [ -85.001847, 44.538006 ], [ -85.001976, 44.537688 ], [ -85.001999, 44.537479 ], [ -85.001946, 44.537128 ], [ -85.001342, 44.535639 ], [ -85.001174, 44.535298 ], [ -85.001059, 44.535133 ], [ -85.00102, 44.534886 ], [ -85.001129, 44.534633 ], [ -85.001205, 44.53437 ], [ -85.001229, 44.534002 ], [ -85.001175, 44.533793 ], [ -85.000953, 44.533524 ], [ -85.000677, 44.533304 ], [ -85.00047, 44.533128 ], [ -85.000302, 44.532875 ], [ -85.000249, 44.532716 ], [ -85.000073, 44.532304 ], [ -85.000015, 44.530954 ], [ -84.999945, 44.530195 ], [ -84.996229, 44.530789 ], [ -84.994859, 44.530861 ], [ -84.994187, 44.530447 ], [ -84.993803, 44.530036 ], [ -84.993674, 44.529785 ], [ -84.993607, 44.52928 ], [ -84.993159, 44.528181 ], [ -84.993291, 44.527368 ], [ -84.993184, 44.527213 ], [ -84.993038, 44.526868 ], [ -84.992892, 44.526549 ], [ -84.992662, 44.52616 ], [ -84.991939, 44.525068 ], [ -84.991801, 44.524974 ], [ -84.991694, 44.524948 ], [ -84.99141, 44.524904 ], [ -84.990966, 44.524921 ], [ -84.990403, 44.524948 ], [ -84.989263, 44.525065 ], [ -84.988121, 44.525176 ], [ -84.987683, 44.525051 ], [ -84.987283, 44.524837 ], [ -84.986939, 44.524524 ], [ -84.986748, 44.52427 ], [ -84.986641, 44.524449 ], [ -84.986616, 44.524717 ], [ -84.986693, 44.524898 ], [ -84.986978, 44.525095 ], [ -84.987285, 44.525249 ], [ -84.987538, 44.525364 ], [ -84.987721, 44.525501 ], [ -84.987875, 44.525753 ], [ -84.98816, 44.526456 ], [ -84.988298, 44.526647 ], [ -84.988321, 44.526896 ], [ -84.988168, 44.52721 ], [ -84.987992, 44.527535 ], [ -84.987939, 44.527752 ], [ -84.987893, 44.528 ], [ -84.987871, 44.52851 ], [ -84.987871, 44.528911 ], [ -84.987764, 44.529307 ], [ -84.987595, 44.529549 ], [ -84.987273, 44.529901 ], [ -84.986461, 44.530363 ], [ -84.985319, 44.530858 ], [ -84.984468, 44.531343 ], [ -84.983556, 44.532118 ], [ -84.982352, 44.533152 ], [ -84.981256, 44.534021 ], [ -84.979923, 44.535049 ], [ -84.978673, 44.535891 ], [ -84.977393, 44.536738 ], [ -84.976181, 44.537525 ], [ -84.974978, 44.538147 ], [ -84.974157, 44.538477 ], [ -84.973099, 44.538671 ], [ -84.972593, 44.5387 ], [ -84.972139, 44.538808 ], [ -84.971817, 44.538967 ], [ -84.971841, 44.539386 ], [ -84.971278, 44.539384 ], [ -84.962628, 44.539476 ], [ -84.955648, 44.539545 ], [ -84.951863, 44.539562 ], [ -84.951959, 44.547256 ], [ -84.931669, 44.547353 ], [ -84.931657, 44.546979 ], [ -84.931673, 44.546577 ], [ -84.931686, 44.544921 ], [ -84.931664, 44.543254 ], [ -84.93164, 44.542446 ], [ -84.931637, 44.540466 ], [ -84.931673, 44.539645 ], [ -84.931619, 44.525214 ], [ -84.93123, 44.525227 ], [ -84.931035, 44.525243 ], [ -84.930817, 44.525286 ], [ -84.930601, 44.525245 ], [ -84.930459, 44.525222 ], [ -84.929966, 44.525241 ], [ -84.929089, 44.52522 ], [ -84.928239, 44.525259 ], [ -84.92745, 44.525244 ], [ -84.926131, 44.525279 ], [ -84.924608, 44.525239 ], [ -84.924447, 44.525218 ], [ -84.924234, 44.525208 ], [ -84.923835, 44.525253 ], [ -84.923202, 44.525262 ], [ -84.922788, 44.525297 ], [ -84.922192, 44.525265 ], [ -84.922, 44.525274 ], [ -84.920564, 44.525314 ], [ -84.920242, 44.525299 ], [ -84.919887, 44.52531 ], [ -84.91923, 44.525315 ], [ -84.919026, 44.525334 ], [ -84.918885, 44.525356 ], [ -84.918764, 44.525392 ], [ -84.918538, 44.525477 ], [ -84.918417, 44.525534 ], [ -84.91821, 44.525886 ], [ -84.91816, 44.525917 ], [ -84.918087, 44.525936 ], [ -84.917978, 44.525895 ], [ -84.917909, 44.525841 ], [ -84.917581, 44.525625 ], [ -84.917401, 44.525436 ], [ -84.917353, 44.525344 ], [ -84.917132, 44.525283 ], [ -84.916715, 44.525271 ], [ -84.915914, 44.525279 ], [ -84.915697, 44.525297 ], [ -84.915402, 44.525315 ], [ -84.915031, 44.5253 ], [ -84.914827, 44.525325 ], [ -84.914576, 44.525345 ], [ -84.914089, 44.525331 ], [ -84.911861, 44.525319 ], [ -84.911363, 44.525334 ], [ -84.905814, 44.52538 ], [ -84.905501, 44.524207 ], [ -84.907697, 44.513209 ], [ -84.908561, 44.511598 ], [ -84.90929, 44.510944 ], [ -84.911332, 44.510962 ], [ -84.911336, 44.510922 ], [ -84.911323, 44.509182 ], [ -84.91138, 44.508602 ], [ -84.911502, 44.508293 ], [ -84.911783, 44.507312 ], [ -84.911848, 44.507136 ], [ -84.911928, 44.507009 ], [ -84.912038, 44.506861 ], [ -84.912291, 44.50656 ], [ -84.916681, 44.501944 ], [ -84.916829, 44.501795 ], [ -84.916941, 44.501711 ], [ -84.917084, 44.501614 ], [ -84.917231, 44.501536 ], [ -84.917435, 44.501442 ], [ -84.917811, 44.501342 ], [ -84.918225, 44.501267 ], [ -84.920979, 44.500597 ], [ -84.92214, 44.500296 ], [ -84.92232, 44.500264 ], [ -84.922427, 44.500228 ], [ -84.922544, 44.500171 ], [ -84.922919, 44.5 ], [ -84.923093, 44.499855 ], [ -84.924381, 44.499128 ], [ -84.924814, 44.498898 ], [ -84.92529, 44.498598 ], [ -84.925888, 44.498239 ], [ -84.926369, 44.497972 ], [ -84.926983, 44.497608 ], [ -84.928033, 44.497102 ], [ -84.929065, 44.496566 ], [ -84.930826, 44.495835 ], [ -84.931506, 44.495527 ], [ -84.931943, 44.495276 ], [ -84.932304, 44.495048 ], [ -84.932574, 44.494858 ], [ -84.93264, 44.494743 ], [ -84.932627, 44.494696 ], [ -84.932657, 44.494095 ], [ -84.932746, 44.493342 ], [ -84.932797, 44.492792 ], [ -84.932819, 44.492733 ], [ -84.932889, 44.49266 ], [ -84.932917, 44.492618 ], [ -84.932929, 44.492532 ], [ -84.93292, 44.492475 ], [ -84.932896, 44.492416 ], [ -84.932822, 44.49228 ], [ -84.932819, 44.492191 ], [ -84.932836, 44.491955 ], [ -84.932933, 44.491073 ], [ -84.932818, 44.491066 ], [ -84.932638, 44.491041 ], [ -84.932388, 44.491 ], [ -84.932088, 44.490928 ], [ -84.931428, 44.49073 ], [ -84.931092, 44.490609 ], [ -84.930813, 44.490517 ], [ -84.930406, 44.490373 ], [ -84.924572, 44.488237 ], [ -84.923742, 44.487936 ], [ -84.920157, 44.48663 ], [ -84.919893, 44.486522 ], [ -84.919722, 44.486457 ], [ -84.91947, 44.486372 ], [ -84.918937, 44.486183 ], [ -84.918593, 44.486088 ], [ -84.918434, 44.486048 ], [ -84.918293, 44.486021 ], [ -84.918151, 44.485985 ], [ -84.917921, 44.485958 ], [ -84.917363, 44.485917 ], [ -84.916942, 44.48591 ], [ -84.91613, 44.485917 ], [ -84.915824, 44.485925 ], [ -84.91557, 44.485936 ], [ -84.915357, 44.485941 ], [ -84.914476, 44.485964 ], [ -84.910684, 44.486056 ], [ -84.910797, 44.485383 ], [ -84.910871, 44.485056 ], [ -84.911072, 44.484804 ], [ -84.91108, 44.484696 ], [ -84.911024, 44.484604 ], [ -84.910913, 44.484484 ], [ -84.910852, 44.484141 ], [ -84.91086, 44.48397 ], [ -84.910853, 44.483648 ], [ -84.910838, 44.483352 ], [ -84.910676, 44.482092 ], [ -84.910694, 44.481812 ], [ -84.910695, 44.481635 ], [ -84.910801, 44.481377 ], [ -84.910042, 44.481359 ], [ -84.909705, 44.481341 ], [ -84.90933, 44.481278 ], [ -84.908501, 44.481094 ], [ -84.908214, 44.481025 ], [ -84.908031, 44.480985 ], [ -84.907719, 44.480927 ], [ -84.907312, 44.480881 ], [ -84.906777, 44.480874 ], [ -84.906082, 44.480805 ], [ -84.905627, 44.48077 ], [ -84.904988, 44.480763 ], [ -84.904476, 44.480803 ], [ -84.903526, 44.48082 ], [ -84.903472, 44.480401 ], [ -84.903418, 44.480063 ], [ -84.903285, 44.479457 ], [ -84.903191, 44.479073 ], [ -84.903112, 44.478798 ], [ -84.903002, 44.478518 ], [ -84.902924, 44.478122 ], [ -84.902877, 44.477894 ], [ -84.902854, 44.477636 ], [ -84.902952, 44.477362 ], [ -84.903177, 44.476916 ], [ -84.903356, 44.476692 ], [ -84.903507, 44.476505 ], [ -84.9037, 44.476053 ], [ -84.904012, 44.475431 ], [ -84.90352, 44.475446 ], [ -84.90332, 44.4754 ], [ -84.903129, 44.475285 ], [ -84.902254, 44.474701 ], [ -84.902031, 44.474575 ], [ -84.901728, 44.474425 ], [ -84.901657, 44.474414 ], [ -84.901013, 44.474047 ], [ -84.90073, 44.473932 ], [ -84.900666, 44.474363 ], [ -84.900621, 44.474566 ], [ -84.900502, 44.47487 ], [ -84.900485, 44.474937 ], [ -84.900433, 44.475034 ], [ -84.900349, 44.475126 ], [ -84.900284, 44.475189 ], [ -84.900179, 44.475257 ], [ -84.898157, 44.476739 ], [ -84.892991, 44.480595 ], [ -84.892422, 44.481049 ], [ -84.892316, 44.48117 ], [ -84.892255, 44.481274 ], [ -84.892092, 44.481628 ], [ -84.891967, 44.481933 ], [ -84.891867, 44.482111 ], [ -84.891755, 44.482212 ], [ -84.891638, 44.482277 ], [ -84.891021, 44.482466 ], [ -84.889416, 44.483043 ], [ -84.889132, 44.483167 ], [ -84.889055, 44.483056 ], [ -84.888727, 44.482518 ], [ -84.888537, 44.482184 ], [ -84.88844, 44.481971 ], [ -84.888046, 44.481279 ], [ -84.887817, 44.480883 ], [ -84.887689, 44.480693 ], [ -84.887528, 44.48049 ], [ -84.887368, 44.480323 ], [ -84.887258, 44.4802 ], [ -84.887174, 44.480119 ], [ -84.887053, 44.479978 ], [ -84.88679, 44.479707 ], [ -84.886676, 44.479575 ], [ -84.886482, 44.479397 ], [ -84.886231, 44.479153 ], [ -84.886046, 44.479007 ], [ -84.885865, 44.47889 ], [ -84.885469, 44.478614 ], [ -84.885022, 44.478313 ], [ -84.884798, 44.478167 ], [ -84.884498, 44.47802 ], [ -84.884265, 44.477928 ], [ -84.88399, 44.477834 ], [ -84.88358, 44.477716 ], [ -84.883365, 44.477667 ], [ -84.883151, 44.477609 ], [ -84.882685, 44.477475 ], [ -84.882291, 44.477365 ], [ -84.882134, 44.477342 ], [ -84.881998, 44.477329 ], [ -84.881903, 44.477328 ], [ -84.881646, 44.477352 ], [ -84.881497, 44.477389 ], [ -84.881134, 44.477493 ], [ -84.880569, 44.47764 ], [ -84.88017, 44.477762 ], [ -84.879898, 44.477852 ], [ -84.879681, 44.477888 ], [ -84.879473, 44.477912 ], [ -84.879211, 44.477923 ], [ -84.878929, 44.477921 ], [ -84.878647, 44.477911 ], [ -84.878386, 44.477908 ], [ -84.878124, 44.477891 ], [ -84.877883, 44.477881 ], [ -84.877642, 44.47785 ], [ -84.877351, 44.477782 ], [ -84.877121, 44.477715 ], [ -84.876901, 44.477634 ], [ -84.876647, 44.477487 ], [ -84.876348, 44.477296 ], [ -84.875372, 44.476594 ], [ -84.875041, 44.476396 ], [ -84.874682, 44.476165 ], [ -84.874071, 44.475811 ], [ -84.87362, 44.47557 ], [ -84.873384, 44.475474 ], [ -84.873046, 44.475399 ], [ -84.87269, 44.475368 ], [ -84.872411, 44.475358 ], [ -84.871931, 44.475416 ], [ -84.871529, 44.475504 ], [ -84.87117, 44.475608 ], [ -84.870475, 44.475799 ], [ -84.869857, 44.47598 ], [ -84.869417, 44.476082 ], [ -84.868986, 44.476135 ], [ -84.867944, 44.476236 ], [ -84.866592, 44.476348 ], [ -84.865957, 44.4764 ], [ -84.865281, 44.476513 ], [ -84.864689, 44.476645 ], [ -84.864272, 44.476758 ], [ -84.862309, 44.477367 ], [ -84.861417, 44.477675 ], [ -84.860544, 44.478013 ], [ -84.858655, 44.47876 ], [ -84.857866, 44.479038 ], [ -84.85739, 44.479184 ], [ -84.857118, 44.479225 ], [ -84.856776, 44.4792 ], [ -84.855285, 44.478828 ], [ -84.852834, 44.47826 ], [ -84.852697, 44.480269 ], [ -84.852687, 44.480783 ], [ -84.852607, 44.482014 ], [ -84.852557, 44.48314 ], [ -84.852541, 44.483486 ], [ -84.852505, 44.483659 ], [ -84.852496, 44.483897 ], [ -84.851874, 44.493879 ], [ -84.851844, 44.494404 ], [ -84.85173, 44.496422 ], [ -84.851495, 44.499326 ], [ -84.851459, 44.49996 ], [ -84.851339, 44.502093 ], [ -84.851338, 44.502111 ], [ -84.851295, 44.502468 ], [ -84.851312, 44.502669 ], [ -84.851363, 44.503259 ], [ -84.851356, 44.503399 ], [ -84.851319, 44.504082 ], [ -84.851237, 44.505615 ], [ -84.851, 44.510004 ], [ -84.850929, 44.511069 ], [ -84.850884, 44.514684 ], [ -84.850938, 44.518252 ], [ -84.850972, 44.520558 ], [ -84.850951, 44.521736 ], [ -84.85097, 44.522259 ], [ -84.850965, 44.522963 ], [ -84.850968, 44.523876 ], [ -84.850983, 44.525411 ], [ -84.851009, 44.529267 ], [ -84.85099, 44.53273 ], [ -84.850751, 44.532726 ], [ -84.846464, 44.532758 ], [ -84.845221, 44.53276 ], [ -84.846437, 44.534163 ], [ -84.846892, 44.534634 ], [ -84.847268, 44.535035 ], [ -84.84781, 44.535498 ], [ -84.848114, 44.53572 ], [ -84.848438, 44.535947 ], [ -84.848961, 44.536372 ], [ -84.849842, 44.536921 ], [ -84.850116, 44.537039 ], [ -84.850554, 44.537205 ], [ -84.850974, 44.537293 ], [ -84.850976, 44.539867 ], [ -84.850851, 44.539943 ], [ -84.850667, 44.539946 ], [ -84.846358, 44.539961 ], [ -84.841368, 44.539967 ], [ -84.83632, 44.539946 ], [ -84.836197, 44.543603 ], [ -84.83618, 44.547203 ], [ -84.831371, 44.547206 ], [ -84.831365, 44.547945 ], [ -84.831336, 44.548347 ], [ -84.831248, 44.549768 ], [ -84.831226, 44.550907 ], [ -84.831191, 44.551794 ], [ -84.831159, 44.553213 ], [ -84.83113, 44.554121 ], [ -84.831132, 44.554362 ], [ -84.831015, 44.55443 ], [ -84.82724, 44.554455 ], [ -84.825914, 44.554449 ], [ -84.825181, 44.554445 ], [ -84.820891, 44.55447 ], [ -84.815803, 44.554436 ], [ -84.815864, 44.553034 ], [ -84.815914, 44.550835 ], [ -84.816011, 44.547237 ], [ -84.811025, 44.547278 ], [ -84.810996, 44.547337 ], [ -84.810976, 44.547399 ], [ -84.810962, 44.547477 ], [ -84.810925, 44.547955 ], [ -84.810848, 44.550896 ], [ -84.810766, 44.554478 ], [ -84.810711, 44.554571 ], [ -84.810579, 44.555117 ], [ -84.810462, 44.555331 ], [ -84.810288, 44.555395 ], [ -84.809684, 44.555502 ], [ -84.809528, 44.55566 ], [ -84.809475, 44.556017 ], [ -84.809583, 44.556189 ], [ -84.810546, 44.556443 ], [ -84.810738, 44.557295 ], [ -84.810385, 44.557686 ], [ -84.810309, 44.557757 ], [ -84.810221, 44.557825 ], [ -84.81007, 44.557896 ], [ -84.808228, 44.55856 ], [ -84.806613, 44.559135 ], [ -84.805819, 44.559432 ], [ -84.803448, 44.560317 ], [ -84.800715, 44.561433 ], [ -84.799901, 44.561779 ], [ -84.798445, 44.562451 ], [ -84.798188, 44.562543 ], [ -84.798032, 44.562577 ], [ -84.797849, 44.562599 ], [ -84.797595, 44.562632 ], [ -84.793628, 44.563257 ], [ -84.793154, 44.563339 ], [ -84.792318, 44.563432 ], [ -84.791945, 44.563459 ], [ -84.789006, 44.563377 ], [ -84.78876, 44.563377 ], [ -84.788741, 44.566342 ], [ -84.788744, 44.566525 ], [ -84.788774, 44.566671 ], [ -84.788825, 44.566782 ], [ -84.78891, 44.566925 ], [ -84.790792, 44.569241 ], [ -84.791408, 44.570033 ], [ -84.793008, 44.572033 ], [ -84.793347, 44.572275 ], [ -84.793934, 44.572638 ], [ -84.79399, 44.572682 ], [ -84.794072, 44.572756 ], [ -84.794236, 44.572943 ], [ -84.795359, 44.574136 ], [ -84.795402, 44.574231 ], [ -84.79543, 44.574313 ], [ -84.79544, 44.574452 ], [ -84.795629, 44.576044 ], [ -84.795675, 44.576382 ], [ -84.795736, 44.576638 ], [ -84.795919, 44.5769 ], [ -84.796102, 44.577233 ], [ -84.796168, 44.57743 ], [ -84.796222, 44.577533 ], [ -84.796277, 44.577612 ], [ -84.796688, 44.577851 ], [ -84.797775, 44.578289 ], [ -84.798049, 44.57783 ], [ -84.798211, 44.57741 ], [ -84.798342, 44.577244 ], [ -84.798542, 44.577118 ], [ -84.79865, 44.577073 ], [ -84.799372, 44.577144 ], [ -84.799518, 44.577166 ], [ -84.799848, 44.577304 ], [ -84.800316, 44.577553 ], [ -84.800869, 44.577613 ], [ -84.801099, 44.577546 ], [ -84.801507, 44.577469 ], [ -84.801822, 44.577497 ], [ -84.802052, 44.577651 ], [ -84.802235, 44.578159 ], [ -84.802442, 44.578472 ], [ -84.802633, 44.57861 ], [ -84.802964, 44.578655 ], [ -84.80311, 44.578687 ], [ -84.803355, 44.578792 ], [ -84.803616, 44.578847 ], [ -84.803916, 44.578863 ], [ -84.804239, 44.578775 ], [ -84.804531, 44.578736 ], [ -84.804845, 44.578858 ], [ -84.805175, 44.57926 ], [ -84.805269, 44.579427 ], [ -84.805315, 44.579491 ], [ -84.80534, 44.579889 ], [ -84.805335, 44.580002 ], [ -84.805291, 44.580099 ], [ -84.805088, 44.580784 ], [ -84.804993, 44.580982 ], [ -84.804949, 44.581125 ], [ -84.80491, 44.581375 ], [ -84.804937, 44.582603 ], [ -84.804956, 44.583901 ], [ -84.80499, 44.58413 ], [ -84.805, 44.584356 ], [ -84.805001, 44.585206 ], [ -84.805013, 44.585706 ], [ -84.804995, 44.588813 ], [ -84.805, 44.590434 ], [ -84.799747, 44.59047 ], [ -84.799698, 44.590749 ], [ -84.798357, 44.590827 ], [ -84.779381, 44.590842 ], [ -84.779321, 44.592383 ], [ -84.779254, 44.595088 ], [ -84.779261, 44.597809 ], [ -84.779259, 44.598023 ], [ -84.779375, 44.598126 ], [ -84.779382, 44.598324 ], [ -84.779404, 44.598501 ], [ -84.779388, 44.59882 ], [ -84.779448, 44.599573 ], [ -84.779347, 44.599893 ], [ -84.779284, 44.600289 ], [ -84.779391, 44.600543 ], [ -84.77946, 44.600785 ], [ -84.77949, 44.601098 ], [ -84.779473, 44.601588 ], [ -84.779477, 44.601668 ], [ -84.780719, 44.601665 ], [ -84.787554, 44.60165 ], [ -84.794896, 44.604034 ], [ -84.795113, 44.604236 ], [ -84.795293, 44.604388 ], [ -84.795622, 44.604697 ], [ -84.795807, 44.604932 ], [ -84.795885, 44.605191 ], [ -84.796012, 44.605643 ], [ -84.796147, 44.606051 ], [ -84.796271, 44.606602 ], [ -84.796419, 44.606819 ], [ -84.796547, 44.607194 ], [ -84.796599, 44.607601 ], [ -84.796592, 44.607875 ], [ -84.796782, 44.608202 ], [ -84.79716, 44.608404 ], [ -84.798348, 44.608913 ], [ -84.79851, 44.609175 ], [ -84.798788, 44.609406 ], [ -84.799195, 44.610022 ], [ -84.79995, 44.610937 ], [ -84.799967, 44.611383 ], [ -84.799792, 44.61201 ], [ -84.799543, 44.612616 ], [ -84.799452, 44.613165 ], [ -84.799475, 44.613265 ], [ -84.799502, 44.613416 ], [ -84.799928, 44.613817 ], [ -84.800617, 44.614531 ], [ -84.80088, 44.614945 ], [ -84.801081, 44.615383 ], [ -84.801369, 44.61596 ], [ -84.802134, 44.616661 ], [ -84.802466, 44.617106 ], [ -84.802835, 44.617871 ], [ -84.802961, 44.618378 ], [ -84.802967, 44.619124 ], [ -84.802942, 44.619525 ], [ -84.802901, 44.619668 ], [ -84.802869, 44.619777 ], [ -84.802854, 44.619838 ], [ -84.802729, 44.620308 ], [ -84.802622, 44.620747 ], [ -84.802591, 44.621148 ], [ -84.802616, 44.62148 ], [ -84.802672, 44.621793 ], [ -84.802835, 44.622326 ], [ -84.803149, 44.623002 ], [ -84.803351, 44.623155 ], [ -84.803368, 44.624963 ], [ -84.803418, 44.628973 ], [ -84.8125, 44.629342 ], [ -84.812556, 44.629589 ], [ -84.812665, 44.629939 ], [ -84.812868, 44.630167 ], [ -84.813162, 44.630383 ], [ -84.813257, 44.630498 ], [ -84.813602, 44.630619 ], [ -84.81407, 44.630689 ], [ -84.814517, 44.630907 ], [ -84.817343, 44.632088 ], [ -84.817344, 44.632384 ], [ -84.817568, 44.632771 ], [ -84.818016, 44.633203 ], [ -84.819101, 44.633931 ], [ -84.819165, 44.634068 ], [ -84.820508, 44.634683 ], [ -84.820954, 44.634751 ], [ -84.822584, 44.634776 ], [ -84.824086, 44.6343 ], [ -84.824341, 44.634368 ], [ -84.825685, 44.634942 ], [ -84.826854, 44.635646 ], [ -84.827009, 44.635851 ], [ -84.827137, 44.635974 ], [ -84.828129, 44.636604 ], [ -84.828393, 44.636881 ], [ -84.828017, 44.637206 ], [ -84.82792, 44.637685 ], [ -84.828175, 44.638462 ], [ -84.828142, 44.638941 ], [ -84.827854, 44.639511 ], [ -84.827757, 44.640541 ], [ -84.827469, 44.640931 ], [ -84.827626, 44.641896 ], [ -84.828148, 44.642113 ], [ -84.828404, 44.642094 ], [ -84.829766, 44.640598 ], [ -84.830718, 44.640065 ], [ -84.833709, 44.638992 ], [ -84.834212, 44.639105 ], [ -84.834411, 44.639098 ], [ -84.835036, 44.638795 ], [ -84.836383, 44.638158 ], [ -84.837022, 44.63809 ], [ -84.838485, 44.638484 ], [ -84.838336, 44.638069 ], [ -84.837921, 44.637727 ], [ -84.837316, 44.637498 ], [ -84.836585, 44.637086 ], [ -84.836396, 44.636813 ], [ -84.83614, 44.636698 ], [ -84.834448, 44.63649 ], [ -84.83336, 44.636602 ], [ -84.833209, 44.636538 ], [ -84.833452, 44.636226 ], [ -84.834452, 44.635541 ], [ -84.836008, 44.634804 ], [ -84.836411, 44.634353 ], [ -84.837265, 44.633712 ], [ -84.838363, 44.633141 ], [ -84.840281, 44.632967 ], [ -84.840515, 44.632834 ], [ -84.841066, 44.632413 ], [ -84.841588, 44.632127 ], [ -84.842696, 44.631692 ], [ -84.843229, 44.631533 ], [ -84.843882, 44.631511 ], [ -84.844972, 44.631264 ], [ -84.845716, 44.63102 ], [ -84.846193, 44.630779 ], [ -84.846787, 44.630294 ], [ -84.847692, 44.63015 ], [ -84.848187, 44.629867 ], [ -84.848498, 44.629784 ], [ -84.848773, 44.629768 ], [ -84.849136, 44.629738 ], [ -84.849168, 44.629383 ], [ -84.84923, 44.629074 ], [ -84.849903, 44.628647 ], [ -84.849867, 44.631156 ], [ -84.849724, 44.641229 ], [ -84.849661, 44.644839 ], [ -84.849396, 44.649313 ], [ -84.849494, 44.652184 ], [ -84.849478, 44.655363 ], [ -84.849473, 44.655704 ], [ -84.849498, 44.662265 ], [ -84.849496, 44.662447 ], [ -84.849495, 44.662539 ], [ -84.849502, 44.662883 ], [ -84.849523, 44.663818 ], [ -84.849527, 44.664013 ], [ -84.849537, 44.664452 ], [ -84.84954, 44.664576 ], [ -84.849583, 44.666556 ], [ -84.849595, 44.667761 ], [ -84.849622, 44.670554 ], [ -84.849627, 44.672886 ], [ -84.849646, 44.673409 ], [ -84.849659, 44.673745 ], [ -84.849655, 44.674143 ], [ -84.849629, 44.6768 ], [ -84.851579, 44.676833 ], [ -84.853899, 44.676872 ], [ -84.855494, 44.676903 ], [ -84.855585, 44.676729 ], [ -84.856119, 44.675919 ], [ -84.856319, 44.675643 ], [ -84.856712, 44.675394 ], [ -84.857051, 44.675126 ], [ -84.857513, 44.674674 ], [ -84.857945, 44.674306 ], [ -84.857983, 44.674275 ], [ -84.858342, 44.67398 ], [ -84.85848, 44.673838 ], [ -84.858948, 44.673403 ], [ -84.859586, 44.672773 ], [ -84.859966, 44.672494 ], [ -84.859945, 44.671152 ], [ -84.859931, 44.670023 ], [ -84.86208, 44.66996 ], [ -84.864001, 44.669879 ], [ -84.865071, 44.668953 ], [ -84.86524, 44.668845 ], [ -84.86604, 44.6687 ], [ -84.86739, 44.668516 ], [ -84.868097, 44.668364 ], [ -84.869532, 44.667769 ], [ -84.870099, 44.667611 ], [ -84.870438, 44.667516 ], [ -84.871196, 44.6673 ], [ -84.871501, 44.6672 ], [ -84.872118, 44.666894 ], [ -84.872754, 44.666551 ], [ -84.872833, 44.666504 ], [ -84.873209, 44.666281 ], [ -84.87384, 44.665854 ], [ -84.874605, 44.665397 ], [ -84.874856, 44.665187 ], [ -84.875049, 44.665025 ], [ -84.875099, 44.664954 ], [ -84.87539, 44.664634 ], [ -84.875797, 44.664161 ], [ -84.876234, 44.663848 ], [ -84.876471, 44.663635 ], [ -84.876693, 44.663285 ], [ -84.877413, 44.662094 ], [ -84.877838, 44.661888 ], [ -84.878522, 44.661688 ], [ -84.879037, 44.66145 ], [ -84.879679, 44.661096 ], [ -84.879979, 44.660848 ], [ -84.880152, 44.660593 ], [ -84.880242, 44.660594 ], [ -84.880378, 44.660502 ], [ -84.880533, 44.660415 ], [ -84.880777, 44.66037 ], [ -84.881014, 44.660311 ], [ -84.881318, 44.6603 ], [ -84.883451, 44.660512 ], [ -84.883692, 44.660514 ], [ -84.884112, 44.660482 ], [ -84.884391, 44.66041 ], [ -84.884605, 44.66035 ], [ -84.88482, 44.660245 ], [ -84.885039, 44.660187 ], [ -84.886337, 44.659755 ], [ -84.887138, 44.659437 ], [ -84.88763, 44.65926 ], [ -84.88803, 44.658951 ], [ -84.888362, 44.65885 ], [ -84.888696, 44.658667 ], [ -84.888857, 44.658555 ], [ -84.889025, 44.658421 ], [ -84.889157, 44.65827 ], [ -84.889387, 44.658112 ], [ -84.88949, 44.658084 ], [ -84.889539, 44.655539 ], [ -84.890575, 44.65553 ], [ -84.890484, 44.647739 ], [ -84.890477, 44.64713 ], [ -84.890428, 44.642002 ], [ -84.890413, 44.64121 ], [ -84.890405, 44.641 ], [ -84.890935, 44.641002 ], [ -84.89091, 44.640934 ], [ -84.890964, 44.640815 ], [ -84.891241, 44.64072 ], [ -84.891364, 44.640753 ], [ -84.891441, 44.640824 ], [ -84.891825, 44.640808 ], [ -84.892102, 44.640857 ], [ -84.892279, 44.640764 ], [ -84.892364, 44.640747 ], [ -84.892694, 44.640786 ], [ -84.892802, 44.640769 ], [ -84.892848, 44.640737 ], [ -84.892871, 44.640671 ], [ -84.892825, 44.640621 ], [ -84.892518, 44.640506 ], [ -84.892449, 44.640401 ], [ -84.892479, 44.640209 ], [ -84.892572, 44.640176 ], [ -84.892718, 44.640182 ], [ -84.892772, 44.640039 ], [ -84.892833, 44.639989 ], [ -84.892918, 44.639967 ], [ -84.893079, 44.639973 ], [ -84.893318, 44.639945 ], [ -84.893441, 44.639869 ], [ -84.893495, 44.639781 ], [ -84.893603, 44.639726 ], [ -84.893726, 44.639704 ], [ -84.893795, 44.639654 ], [ -84.89391, 44.639435 ], [ -84.89401, 44.639446 ], [ -84.894156, 44.639665 ], [ -84.894264, 44.639654 ], [ -84.894341, 44.639209 ], [ -84.894403, 44.639154 ], [ -84.89461, 44.6391 ], [ -84.894972, 44.63905 ], [ -84.895057, 44.638638 ], [ -84.895141, 44.638473 ], [ -84.895426, 44.638369 ], [ -84.895695, 44.638347 ], [ -84.89578, 44.638276 ], [ -84.895872, 44.638237 ], [ -84.896503, 44.638056 ], [ -84.896734, 44.637836 ], [ -84.896903, 44.637715 ], [ -84.897087, 44.637638 ], [ -84.897287, 44.637573 ], [ -84.897918, 44.637501 ], [ -84.898287, 44.637727 ], [ -84.898448, 44.637798 ], [ -84.899016, 44.637864 ], [ -84.899254, 44.638023 ], [ -84.899347, 44.638117 ], [ -84.899477, 44.638194 ], [ -84.899769, 44.638227 ], [ -84.9002, 44.638138 ], [ -84.900377, 44.637995 ], [ -84.900423, 44.637886 ], [ -84.900423, 44.637743 ], [ -84.900362, 44.637617 ], [ -84.900285, 44.637523 ], [ -84.899878, 44.637265 ], [ -84.899847, 44.637199 ], [ -84.89985, 44.637073 ], [ -84.899902, 44.63698 ], [ -84.900218, 44.636639 ], [ -84.900264, 44.636546 ], [ -84.900233, 44.636381 ], [ -84.900126, 44.636238 ], [ -84.900144, 44.636132 ], [ -84.900141, 44.635749 ], [ -84.90047, 44.635614 ], [ -84.900534, 44.635606 ], [ -84.900557, 44.635551 ], [ -84.900511, 44.635046 ], [ -84.900534, 44.635024 ], [ -84.900618, 44.635002 ], [ -84.900713, 44.635006 ], [ -84.900701, 44.634176 ], [ -84.900697, 44.63389 ], [ -84.900692, 44.633522 ] ], [ [ -84.852311, 44.21924 ], [ -84.852307, 44.219085 ], [ -84.852287, 44.217635 ], [ -84.852284, 44.217443 ], [ -84.852284, 44.217412 ], [ -84.852281, 44.217188 ], [ -84.852279, 44.217016 ], [ -84.85223, 44.213487 ], [ -84.852227, 44.213472 ], [ -84.852228, 44.213369 ], [ -84.852226, 44.213251 ], [ -84.852223, 44.21302 ], [ -84.85222, 44.212789 ], [ -84.852213, 44.21228 ], [ -84.852209, 44.212038 ], [ -84.852206, 44.211779 ], [ -84.852106, 44.204599 ], [ -84.852107, 44.203666 ], [ -84.852793, 44.203499 ], [ -84.853528, 44.203284 ], [ -84.854078, 44.203096 ], [ -84.855596, 44.20244 ], [ -84.856671, 44.202027 ], [ -84.856967, 44.201942 ], [ -84.857437, 44.201897 ], [ -84.858272, 44.201912 ], [ -84.859871, 44.202071 ], [ -84.860166, 44.202087 ], [ -84.860326, 44.202124 ], [ -84.860695, 44.202098 ], [ -84.861364, 44.20203 ], [ -84.862155, 44.201944 ], [ -84.862981, 44.201847 ], [ -84.864933, 44.201703 ], [ -84.864951, 44.20169 ], [ -84.866396, 44.201587 ], [ -84.867095, 44.201548 ], [ -84.867779, 44.201562 ], [ -84.868247, 44.201554 ], [ -84.868691, 44.201579 ], [ -84.868982, 44.201606 ], [ -84.869162, 44.201627 ], [ -84.86989, 44.201694 ], [ -84.870298, 44.201714 ], [ -84.870893, 44.201779 ], [ -84.872125, 44.201848 ], [ -84.872153, 44.200889 ], [ -84.872103, 44.199865 ], [ -84.872109, 44.197282 ], [ -84.872123, 44.197026 ], [ -84.872095, 44.195278 ], [ -84.872144, 44.194567 ], [ -84.872114, 44.19366 ], [ -84.872149, 44.192722 ], [ -84.872112, 44.190035 ], [ -84.872157, 44.188619 ], [ -84.87211, 44.188274 ], [ -84.87206, 44.188114 ], [ -84.872116, 44.187534 ], [ -84.87212, 44.187292 ], [ -84.872074, 44.186468 ], [ -84.872063, 44.184752 ], [ -84.872115, 44.183446 ], [ -84.872098, 44.182782 ], [ -84.872, 44.182031 ], [ -84.871896, 44.180972 ], [ -84.871886, 44.172218 ], [ -84.871855, 44.17011 ], [ -84.87189, 44.168307 ], [ -84.871747, 44.166026 ], [ -84.871792, 44.163687 ], [ -84.871762, 44.163183 ], [ -84.871944, 44.162878 ], [ -84.872086, 44.162567 ], [ -84.872129, 44.162381 ], [ -84.872119, 44.162041 ], [ -84.871959, 44.161806 ], [ -84.871824, 44.161563 ], [ -84.868128, 44.161432 ], [ -84.867648, 44.161423 ], [ -84.867516, 44.161402 ], [ -84.861024, 44.161391 ], [ -84.860937, 44.161391 ], [ -84.860902, 44.161391 ], [ -84.860849, 44.161391 ], [ -84.860776, 44.161391 ], [ -84.860726, 44.161391 ], [ -84.858964, 44.161388 ], [ -84.857289, 44.161385 ], [ -84.857203, 44.161385 ], [ -84.85686, 44.161384 ], [ -84.856604, 44.161383 ], [ -84.856518, 44.161383 ], [ -84.851705, 44.161375 ], [ -84.848282, 44.161367 ], [ -84.847346, 44.161388 ], [ -84.844866, 44.161443 ], [ -84.838191, 44.161352 ], [ -84.837757, 44.161346 ], [ -84.83754, 44.161343 ], [ -84.837063, 44.161342 ], [ -84.836886, 44.161341 ], [ -84.836828, 44.161341 ], [ -84.836815, 44.161341 ], [ -84.836495, 44.16134 ], [ -84.836304, 44.161331 ], [ -84.836292, 44.161337 ], [ -84.833934, 44.161334 ], [ -84.832613, 44.161331 ], [ -84.831547, 44.161329 ], [ -84.831391, 44.161328 ], [ -84.829408, 44.161309 ], [ -84.8235, 44.161252 ], [ -84.822193, 44.161241 ], [ -84.811553, 44.161147 ], [ -84.80106, 44.161038 ], [ -84.800112, 44.161028 ], [ -84.798127, 44.161007 ], [ -84.796683, 44.160992 ], [ -84.795661, 44.160982 ], [ -84.795244, 44.160977 ], [ -84.78906, 44.160912 ], [ -84.78714, 44.160898 ], [ -84.78521, 44.160877 ], [ -84.782338, 44.160846 ], [ -84.772188, 44.160737 ], [ -84.770915, 44.160724 ], [ -84.769921, 44.160728 ], [ -84.76965, 44.160729 ], [ -84.768682, 44.160732 ], [ -84.766866, 44.16074 ], [ -84.764638, 44.16075 ], [ -84.754757, 44.16079 ], [ -84.75114, 44.160805 ], [ -84.749719, 44.160809 ], [ -84.74741, 44.160816 ], [ -84.745117, 44.160822 ], [ -84.744357, 44.160824 ], [ -84.744092, 44.160825 ], [ -84.743827, 44.160826 ], [ -84.743223, 44.160828 ], [ -84.742487, 44.16083 ], [ -84.737698, 44.160843 ], [ -84.732199, 44.160858 ], [ -84.730922, 44.160862 ], [ -84.728755, 44.160859 ], [ -84.717627, 44.160845 ], [ -84.715641, 44.160843 ], [ -84.715541, 44.160843 ], [ -84.712386, 44.160838 ], [ -84.70168, 44.160828 ], [ -84.696811, 44.160824 ], [ -84.690274, 44.160818 ], [ -84.689025, 44.160813 ], [ -84.688968, 44.160813 ], [ -84.688841, 44.160812 ], [ -84.68844, 44.160732 ], [ -84.688376, 44.160719 ], [ -84.68825, 44.160732 ], [ -84.687573, 44.160782 ], [ -84.687248, 44.160753 ], [ -84.68656, 44.160741 ], [ -84.686165, 44.160744 ], [ -84.685923, 44.160737 ], [ -84.685668, 44.160742 ], [ -84.685427, 44.160767 ], [ -84.68531, 44.160758 ], [ -84.685086, 44.16072 ], [ -84.685007, 44.160713 ], [ -84.68477, 44.16068 ], [ -84.684618, 44.160664 ], [ -84.68241, 44.160652 ], [ -84.68036, 44.160663 ], [ -84.675978, 44.160649 ], [ -84.67536, 44.160627 ], [ -84.671021, 44.160641 ], [ -84.67004, 44.160627 ], [ -84.667416, 44.160629 ], [ -84.666911, 44.160633 ], [ -84.665267, 44.160638 ], [ -84.660284, 44.160613 ], [ -84.656191, 44.160648 ], [ -84.655347, 44.160661 ], [ -84.650421, 44.16065 ], [ -84.645155, 44.160647 ], [ -84.644933, 44.160646 ], [ -84.640454, 44.16063 ], [ -84.635944, 44.1606 ], [ -84.635611, 44.160605 ], [ -84.630579, 44.160566 ], [ -84.629999, 44.16057 ], [ -84.62991, 44.164039 ], [ -84.629906, 44.164269 ], [ -84.629947, 44.167932 ], [ -84.629965, 44.173398 ], [ -84.629902, 44.173639 ], [ -84.629977, 44.173815 ], [ -84.629972, 44.17526 ], [ -84.62996, 44.178219 ], [ -84.629944, 44.182405 ], [ -84.629939, 44.189587 ], [ -84.625025, 44.189578 ], [ -84.620379, 44.189559 ], [ -84.619977, 44.189563 ], [ -84.62002, 44.200441 ], [ -84.620045, 44.203915 ], [ -84.620055, 44.207217 ], [ -84.620051, 44.20766 ], [ -84.620075, 44.211258 ], [ -84.620085, 44.212692 ], [ -84.620122, 44.21493 ], [ -84.620142, 44.217749 ], [ -84.62016, 44.218107 ], [ -84.620155, 44.218578 ], [ -84.620191, 44.222203 ], [ -84.620231, 44.225796 ], [ -84.620258, 44.229433 ], [ -84.620267, 44.231513 ], [ -84.620312, 44.232164 ], [ -84.620304, 44.232488 ], [ -84.62038, 44.232773 ], [ -84.620478, 44.233069 ], [ -84.620509, 44.233163 ], [ -84.620707, 44.233429 ], [ -84.621061, 44.233873 ], [ -84.622543, 44.235417 ], [ -84.623703, 44.236657 ], [ -84.625386, 44.238401 ], [ -84.627198, 44.240295 ], [ -84.625984, 44.240257 ], [ -84.625251, 44.240282 ], [ -84.620475, 44.240312 ], [ -84.620374, 44.243916 ], [ -84.625026, 44.243853 ], [ -84.625387, 44.243887 ], [ -84.63027, 44.243889 ], [ -84.630642, 44.243921 ], [ -84.634266, 44.247725 ], [ -84.635565, 44.247756 ], [ -84.640406, 44.247769 ], [ -84.650491, 44.247814 ], [ -84.650766, 44.247822 ], [ -84.654932, 44.247845 ], [ -84.660569, 44.247846 ], [ -84.661617, 44.247834 ], [ -84.66279, 44.247844 ], [ -84.663125, 44.247852 ], [ -84.663278, 44.247852 ], [ -84.663575, 44.247843 ], [ -84.663674, 44.247847 ], [ -84.663817, 44.247871 ], [ -84.663892, 44.247895 ], [ -84.666155, 44.247908 ], [ -84.666625, 44.247876 ], [ -84.667839, 44.247876 ], [ -84.671002, 44.247889 ], [ -84.670846, 44.247769 ], [ -84.670043, 44.247338 ], [ -84.669728, 44.247138 ], [ -84.669591, 44.246956 ], [ -84.669507, 44.246585 ], [ -84.669489, 44.246263 ], [ -84.669328, 44.245372 ], [ -84.669256, 44.245061 ], [ -84.669041, 44.244715 ], [ -84.668291, 44.243926 ], [ -84.668223, 44.243871 ], [ -84.668093, 44.243729 ], [ -84.667994, 44.243586 ], [ -84.667971, 44.243393 ], [ -84.668044, 44.242762 ], [ -84.668053, 44.242561 ], [ -84.668024, 44.242408 ], [ -84.667934, 44.242323 ], [ -84.667747, 44.242178 ], [ -84.66741, 44.241995 ], [ -84.66672, 44.2417 ], [ -84.665268, 44.240949 ], [ -84.665533, 44.240693 ], [ -84.665951, 44.240383 ], [ -84.666141, 44.240254 ], [ -84.666271, 44.240112 ], [ -84.667298, 44.23933 ], [ -84.667676, 44.23909 ], [ -84.667977, 44.238962 ], [ -84.668353, 44.238877 ], [ -84.668802, 44.238853 ], [ -84.669325, 44.238865 ], [ -84.669608, 44.238826 ], [ -84.670135, 44.238689 ], [ -84.671278, 44.238428 ], [ -84.672524, 44.238054 ], [ -84.673912, 44.237614 ], [ -84.674272, 44.237525 ], [ -84.674514, 44.237476 ], [ -84.675056, 44.237492 ], [ -84.675296, 44.23759 ], [ -84.675799, 44.237543 ], [ -84.676749, 44.237406 ], [ -84.678113, 44.237313 ], [ -84.67989, 44.23701 ], [ -84.680333, 44.236976 ], [ -84.680713, 44.236988 ], [ -84.68097, 44.236995 ], [ -84.681842, 44.236946 ], [ -84.682461, 44.236906 ], [ -84.683139, 44.23691 ], [ -84.683694, 44.236936 ], [ -84.684291, 44.236941 ], [ -84.685115, 44.236905 ], [ -84.685651, 44.236914 ], [ -84.685971, 44.236902 ], [ -84.686504, 44.236783 ], [ -84.686789, 44.236661 ], [ -84.687133, 44.236492 ], [ -84.687689, 44.236158 ], [ -84.68854, 44.235619 ], [ -84.688885, 44.235408 ], [ -84.68919, 44.235143 ], [ -84.689445, 44.234889 ], [ -84.689969, 44.234441 ], [ -84.690088, 44.234353 ], [ -84.69024, 44.234229 ], [ -84.690392, 44.234094 ], [ -84.690628, 44.233962 ], [ -84.691068, 44.233747 ], [ -84.692077, 44.233058 ], [ -84.692147, 44.233003 ], [ -84.692421, 44.232909 ], [ -84.693069, 44.232864 ], [ -84.694358, 44.232735 ], [ -84.694891, 44.232657 ], [ -84.695347, 44.232546 ], [ -84.69566, 44.232459 ], [ -84.696004, 44.232358 ], [ -84.696682, 44.232148 ], [ -84.696811, 44.232111 ], [ -84.697139, 44.23196 ], [ -84.695662, 44.23025 ], [ -84.695237, 44.229748 ], [ -84.694874, 44.229337 ], [ -84.694123, 44.228506 ], [ -84.693347, 44.227518 ], [ -84.693357, 44.227306 ], [ -84.693373, 44.227153 ], [ -84.693424, 44.226773 ], [ -84.693559, 44.226464 ], [ -84.693868, 44.226262 ], [ -84.694352, 44.226049 ], [ -84.694819, 44.22587 ], [ -84.695714, 44.225574 ], [ -84.696506, 44.225296 ], [ -84.697117, 44.225026 ], [ -84.697756, 44.224654 ], [ -84.698265, 44.224326 ], [ -84.698709, 44.224072 ], [ -84.699252, 44.223797 ], [ -84.699788, 44.223575 ], [ -84.700385, 44.223369 ], [ -84.700671, 44.223233 ], [ -84.700778, 44.223068 ], [ -84.700981, 44.222726 ], [ -84.701263, 44.222245 ], [ -84.701367, 44.222019 ], [ -84.701358, 44.221843 ], [ -84.701273, 44.221602 ], [ -84.701176, 44.22136 ], [ -84.701145, 44.221026 ], [ -84.70119, 44.220849 ], [ -84.701281, 44.220658 ], [ -84.701759, 44.220269 ], [ -84.702265, 44.219826 ], [ -84.702464, 44.219588 ], [ -84.702521, 44.219339 ], [ -84.702553, 44.219043 ], [ -84.702606, 44.218368 ], [ -84.702734, 44.217814 ], [ -84.702797, 44.217296 ], [ -84.702808, 44.216805 ], [ -84.702738, 44.216481 ], [ -84.702577, 44.21621 ], [ -84.70239, 44.215921 ], [ -84.702314, 44.215683 ], [ -84.702262, 44.215419 ], [ -84.702204, 44.214993 ], [ -84.702238, 44.214642 ], [ -84.702322, 44.214319 ], [ -84.702736, 44.213757 ], [ -84.703108, 44.213489 ], [ -84.704089, 44.212997 ], [ -84.705526, 44.212135 ], [ -84.706202, 44.211734 ], [ -84.706363, 44.211421 ], [ -84.706368, 44.211227 ], [ -84.706243, 44.211059 ], [ -84.706106, 44.210844 ], [ -84.705855, 44.210545 ], [ -84.70511, 44.209898 ], [ -84.704757, 44.209551 ], [ -84.704507, 44.209206 ], [ -84.704117, 44.208803 ], [ -84.703841, 44.208467 ], [ -84.703664, 44.208345 ], [ -84.703434, 44.208259 ], [ -84.703104, 44.208061 ], [ -84.702736, 44.207825 ], [ -84.702266, 44.207514 ], [ -84.701943, 44.207243 ], [ -84.701799, 44.207101 ], [ -84.701573, 44.20684 ], [ -84.701259, 44.206512 ], [ -84.700981, 44.206259 ], [ -84.700614, 44.206005 ], [ -84.700359, 44.205863 ], [ -84.700105, 44.205712 ], [ -84.699837, 44.205626 ], [ -84.699454, 44.205482 ], [ -84.699212, 44.205359 ], [ -84.698934, 44.205134 ], [ -84.698759, 44.2049 ], [ -84.698636, 44.20464 ], [ -84.698576, 44.204435 ], [ -84.69856, 44.204281 ], [ -84.698595, 44.204095 ], [ -84.698609, 44.204007 ], [ -84.698727, 44.203694 ], [ -84.69878, 44.203404 ], [ -84.698807, 44.203122 ], [ -84.69879, 44.202932 ], [ -84.698673, 44.202751 ], [ -84.69856, 44.202657 ], [ -84.698456, 44.202553 ], [ -84.698308, 44.202464 ], [ -84.698181, 44.202375 ], [ -84.698028, 44.20222 ], [ -84.697804, 44.202022 ], [ -84.697574, 44.201747 ], [ -84.697374, 44.201442 ], [ -84.697204, 44.20105 ], [ -84.697171, 44.200894 ], [ -84.697155, 44.200752 ], [ -84.697204, 44.200622 ], [ -84.697322, 44.200489 ], [ -84.697501, 44.200242 ], [ -84.697684, 44.19995 ], [ -84.697871, 44.199549 ], [ -84.698104, 44.199116 ], [ -84.698428, 44.198383 ], [ -84.698445, 44.198092 ], [ -84.698488, 44.197835 ], [ -84.698482, 44.197554 ], [ -84.698454, 44.19723 ], [ -84.698365, 44.196966 ], [ -84.698313, 44.196741 ], [ -84.698235, 44.196342 ], [ -84.69822, 44.19601 ], [ -84.698172, 44.19557 ], [ -84.698181, 44.195177 ], [ -84.69816, 44.195012 ], [ -84.698042, 44.194765 ], [ -84.697789, 44.194319 ], [ -84.697669, 44.194079 ], [ -84.697663, 44.193809 ], [ -84.697815, 44.193358 ], [ -84.697824, 44.193268 ], [ -84.69801, 44.192598 ], [ -84.698206, 44.191977 ], [ -84.698222, 44.19178 ], [ -84.698192, 44.191566 ], [ -84.698104, 44.191442 ], [ -84.697995, 44.191268 ], [ -84.697798, 44.190976 ], [ -84.697555, 44.190484 ], [ -84.697533, 44.19025 ], [ -84.697572, 44.189883 ], [ -84.697683, 44.189623 ], [ -84.697355, 44.189662 ], [ -84.697058, 44.189645 ], [ -84.696488, 44.189659 ], [ -84.69594, 44.189663 ], [ -84.695454, 44.1897 ], [ -84.694752, 44.189926 ], [ -84.694406, 44.190038 ], [ -84.693225, 44.190227 ], [ -84.692001, 44.190417 ], [ -84.691126, 44.190419 ], [ -84.690378, 44.190405 ], [ -84.690262, 44.190187 ], [ -84.689993, 44.190012 ], [ -84.689155, 44.189715 ], [ -84.688894, 44.189654 ], [ -84.688404, 44.189649 ], [ -84.687674, 44.189665 ], [ -84.687309, 44.189652 ], [ -84.686362, 44.189658 ], [ -84.685444, 44.189655 ], [ -84.680415, 44.189663 ], [ -84.680363, 44.189525 ], [ -84.680359, 44.186037 ], [ -84.680384, 44.18244 ], [ -84.680351, 44.178848 ], [ -84.68535, 44.178877 ], [ -84.690357, 44.178883 ], [ -84.691547, 44.178873 ], [ -84.695322, 44.180581 ], [ -84.695437, 44.18063 ], [ -84.696607, 44.181129 ], [ -84.697553, 44.181553 ], [ -84.697809, 44.182408 ], [ -84.697882, 44.182442 ], [ -84.698647, 44.182454 ], [ -84.700409, 44.182384 ], [ -84.701294, 44.182402 ], [ -84.701644, 44.182409 ], [ -84.701819, 44.182437 ], [ -84.702048, 44.182465 ], [ -84.702329, 44.182554 ], [ -84.702565, 44.18261 ], [ -84.702786, 44.182616 ], [ -84.703267, 44.182596 ], [ -84.703923, 44.182444 ], [ -84.704305, 44.182385 ], [ -84.704846, 44.182425 ], [ -84.705151, 44.182404 ], [ -84.705357, 44.182454 ], [ -84.705569, 44.182581 ], [ -84.706132, 44.182731 ], [ -84.70633, 44.182754 ], [ -84.706857, 44.18269 ], [ -84.707417, 44.18257 ], [ -84.707682, 44.18251 ], [ -84.707918, 44.182457 ], [ -84.708438, 44.18236 ], [ -84.708926, 44.182334 ], [ -84.70949, 44.182289 ], [ -84.710502, 44.182291 ], [ -84.71126, 44.182322 ], [ -84.711663, 44.182328 ], [ -84.711983, 44.182379 ], [ -84.71229, 44.182335 ], [ -84.712654, 44.182293 ], [ -84.713044, 44.182205 ], [ -84.713404, 44.182113 ], [ -84.713641, 44.182015 ], [ -84.7139, 44.18189 ], [ -84.714031, 44.181835 ], [ -84.71422, 44.181756 ], [ -84.714322, 44.181838 ], [ -84.714369, 44.18197 ], [ -84.714423, 44.182288 ], [ -84.714393, 44.182431 ], [ -84.714325, 44.182552 ], [ -84.714219, 44.182657 ], [ -84.71393, 44.182839 ], [ -84.713809, 44.182971 ], [ -84.713756, 44.183114 ], [ -84.713826, 44.183339 ], [ -84.713895, 44.183416 ], [ -84.713835, 44.183613 ], [ -84.713767, 44.183729 ], [ -84.713905, 44.18397 ], [ -84.71399, 44.184349 ], [ -84.714144, 44.184617 ], [ -84.714267, 44.184924 ], [ -84.714297, 44.185029 ], [ -84.714337, 44.18517 ], [ -84.714299, 44.185285 ], [ -84.714322, 44.18534 ], [ -84.714529, 44.185493 ], [ -84.714575, 44.18558 ], [ -84.714568, 44.185652 ], [ -84.714446, 44.185832 ], [ -84.714248, 44.185887 ], [ -84.714195, 44.185892 ], [ -84.714142, 44.185952 ], [ -84.714124, 44.186003 ], [ -84.714052, 44.18622 ], [ -84.713862, 44.186462 ], [ -84.713581, 44.186627 ], [ -84.71316, 44.186801 ], [ -84.712995, 44.18687 ], [ -84.712478, 44.187053 ], [ -84.712357, 44.187179 ], [ -84.712327, 44.187498 ], [ -84.7122, 44.187883 ], [ -84.712215, 44.187998 ], [ -84.712292, 44.188168 ], [ -84.712484, 44.188365 ], [ -84.71253, 44.188464 ], [ -84.712539, 44.188739 ], [ -84.7127, 44.189112 ], [ -84.712693, 44.189161 ], [ -84.712609, 44.189244 ], [ -84.712252, 44.189382 ], [ -84.712054, 44.189558 ], [ -84.711956, 44.189613 ], [ -84.711941, 44.189811 ], [ -84.71198, 44.189871 ], [ -84.712109, 44.189876 ], [ -84.712559, 44.189952 ], [ -84.712618, 44.189919 ], [ -84.712826, 44.189968 ], [ -84.71291, 44.190034 ], [ -84.712941, 44.190111 ], [ -84.712966, 44.190337 ], [ -84.713032, 44.19034 ], [ -84.713365, 44.190433 ], [ -84.713598, 44.190589 ], [ -84.713726, 44.190771 ], [ -84.714534, 44.192407 ], [ -84.714706, 44.192649 ], [ -84.715068, 44.19321 ], [ -84.715183, 44.193427 ], [ -84.715304, 44.193584 ], [ -84.715493, 44.193768 ], [ -84.715624, 44.193879 ], [ -84.717111, 44.194705 ], [ -84.717559, 44.194953 ], [ -84.718015, 44.195182 ], [ -84.71827, 44.195348 ], [ -84.71853, 44.195555 ], [ -84.718925, 44.195984 ], [ -84.719382, 44.196526 ], [ -84.719692, 44.196905 ], [ -84.720055, 44.197508 ], [ -84.720311, 44.198229 ], [ -84.720452, 44.199121 ], [ -84.720434, 44.199933 ], [ -84.720407, 44.200053 ], [ -84.720314, 44.200395 ], [ -84.720272, 44.200525 ], [ -84.720254, 44.200611 ], [ -84.720276, 44.200866 ], [ -84.720332, 44.201213 ], [ -84.720595, 44.201473 ], [ -84.721045, 44.201816 ], [ -84.721515, 44.202108 ], [ -84.721779, 44.202304 ], [ -84.722021, 44.202535 ], [ -84.722389, 44.202996 ], [ -84.72325, 44.204006 ], [ -84.723544, 44.204394 ], [ -84.724037, 44.204807 ], [ -84.724377, 44.205154 ], [ -84.724685, 44.205749 ], [ -84.724989, 44.206465 ], [ -84.725211, 44.207515 ], [ -84.725364, 44.208284 ], [ -84.725523, 44.208675 ], [ -84.725685, 44.208927 ], [ -84.725961, 44.209245 ], [ -84.726771, 44.21001 ], [ -84.727735, 44.211144 ], [ -84.728401, 44.211901 ], [ -84.729146, 44.212567 ], [ -84.729712, 44.213147 ], [ -84.730104, 44.213494 ], [ -84.730545, 44.213943 ], [ -84.730976, 44.21435 ], [ -84.731234, 44.214647 ], [ -84.731302, 44.214739 ], [ -84.731494, 44.214944 ], [ -84.731753, 44.215019 ], [ -84.731947, 44.215088 ], [ -84.732166, 44.215101 ], [ -84.732529, 44.215132 ], [ -84.73348, 44.215192 ], [ -84.733831, 44.215191 ], [ -84.734346, 44.215181 ], [ -84.735028, 44.215111 ], [ -84.7353, 44.215078 ], [ -84.73618, 44.215103 ], [ -84.73648, 44.215122 ], [ -84.737753, 44.215276 ], [ -84.738619, 44.215452 ], [ -84.739148, 44.215583 ], [ -84.740065, 44.215684 ], [ -84.741184, 44.215766 ], [ -84.741638, 44.215827 ], [ -84.742495, 44.216075 ], [ -84.743108, 44.216332 ], [ -84.744343, 44.216966 ], [ -84.745134, 44.217271 ], [ -84.745901, 44.217539 ], [ -84.746527, 44.217768 ], [ -84.747552, 44.217964 ], [ -84.748091, 44.218063 ], [ -84.748553, 44.218105 ], [ -84.749258, 44.218069 ], [ -84.749662, 44.218043 ], [ -84.75005, 44.217964 ], [ -84.751419, 44.217747 ], [ -84.752435, 44.217786 ], [ -84.753514, 44.217891 ], [ -84.754054, 44.217897 ], [ -84.754288, 44.217797 ], [ -84.755046, 44.21731 ], [ -84.75551, 44.216942 ], [ -84.756033, 44.216756 ], [ -84.756503, 44.216734 ], [ -84.758096, 44.216897 ], [ -84.759057, 44.217017 ], [ -84.759901, 44.217254 ], [ -84.76058, 44.217499 ], [ -84.760972, 44.217585 ], [ -84.761376, 44.217635 ], [ -84.762352, 44.217655 ], [ -84.763073, 44.21769 ], [ -84.763401, 44.217794 ], [ -84.763829, 44.217898 ], [ -84.764247, 44.217939 ], [ -84.764969, 44.217929 ], [ -84.765821, 44.217838 ], [ -84.766406, 44.217726 ], [ -84.766826, 44.217639 ], [ -84.767207, 44.217607 ], [ -84.767677, 44.217557 ], [ -84.76821, 44.217592 ], [ -84.768374, 44.218236 ], [ -84.768469, 44.218611 ], [ -84.768533, 44.218893 ], [ -84.76875, 44.219088 ], [ -84.769076, 44.219176 ], [ -84.769554, 44.219182 ], [ -84.76956, 44.219073 ], [ -84.769886, 44.218735 ], [ -84.770302, 44.218734 ], [ -84.770976, 44.218836 ], [ -84.77104, 44.218922 ], [ -84.771199, 44.218904 ], [ -84.771381, 44.218575 ], [ -84.772009, 44.21822 ], [ -84.772239, 44.218137 ], [ -84.772271, 44.218102 ], [ -84.772239, 44.218022 ], [ -84.772175, 44.217982 ], [ -84.772103, 44.21796 ], [ -84.771857, 44.217964 ], [ -84.771809, 44.217936 ], [ -84.771848, 44.217874 ], [ -84.771944, 44.217817 ], [ -84.772333, 44.21769 ], [ -84.772477, 44.217713 ], [ -84.772628, 44.217816 ], [ -84.772668, 44.218016 ], [ -84.77313, 44.218072 ], [ -84.773281, 44.218061 ], [ -84.773568, 44.218123 ], [ -84.773663, 44.21802 ], [ -84.773671, 44.217951 ], [ -84.773607, 44.217871 ], [ -84.773392, 44.217729 ], [ -84.773376, 44.217666 ], [ -84.773479, 44.217528 ], [ -84.773749, 44.217425 ], [ -84.773908, 44.217333 ], [ -84.773979, 44.217241 ], [ -84.774066, 44.217235 ], [ -84.774202, 44.217241 ], [ -84.774369, 44.217344 ], [ -84.7746, 44.217429 ], [ -84.774934, 44.217308 ], [ -84.775022, 44.21736 ], [ -84.775086, 44.217434 ], [ -84.774991, 44.21768 ], [ -84.774999, 44.217732 ], [ -84.775023, 44.217772 ], [ -84.77519, 44.21776 ], [ -84.7755, 44.217548 ], [ -84.775714, 44.217473 ], [ -84.775842, 44.217467 ], [ -84.775929, 44.217398 ], [ -84.776, 44.217283 ], [ -84.776063, 44.217003 ], [ -84.77619, 44.216871 ], [ -84.77654, 44.216842 ], [ -84.776652, 44.216916 ], [ -84.776787, 44.21687 ], [ -84.77677, 44.216784 ], [ -84.776818, 44.216721 ], [ -84.776945, 44.216646 ], [ -84.777256, 44.216686 ], [ -84.777399, 44.216634 ], [ -84.777462, 44.216559 ], [ -84.777462, 44.216485 ], [ -84.777414, 44.216399 ], [ -84.777445, 44.216325 ], [ -84.777501, 44.216273 ], [ -84.77758, 44.216262 ], [ -84.777835, 44.216158 ], [ -84.778001, 44.215963 ], [ -84.777977, 44.215826 ], [ -84.777849, 44.215597 ], [ -84.777896, 44.2155 ], [ -84.778087, 44.215465 ], [ -84.778127, 44.21539 ], [ -84.778102, 44.215276 ], [ -84.778039, 44.215219 ], [ -84.777998, 44.215105 ], [ -84.77799, 44.214939 ], [ -84.778077, 44.214847 ], [ -84.778244, 44.214778 ], [ -84.778809, 44.214702 ], [ -84.779604, 44.21446 ], [ -84.779644, 44.214523 ], [ -84.77966, 44.214655 ], [ -84.77978, 44.2147 ], [ -84.779851, 44.214666 ], [ -84.779978, 44.214579 ], [ -84.780581, 44.213977 ], [ -84.780668, 44.213959 ], [ -84.780891, 44.214033 ], [ -84.780915, 44.213946 ], [ -84.780835, 44.213901 ], [ -84.780731, 44.213769 ], [ -84.780803, 44.213677 ], [ -84.781009, 44.21367 ], [ -84.781121, 44.213709 ], [ -84.781463, 44.213765 ], [ -84.781519, 44.213644 ], [ -84.781391, 44.213535 ], [ -84.781152, 44.213468 ], [ -84.78109, 44.213331 ], [ -84.781064, 44.213273 ], [ -84.781127, 44.213209 ], [ -84.781994, 44.213123 ], [ -84.782114, 44.213163 ], [ -84.782249, 44.213283 ], [ -84.782362, 44.213501 ], [ -84.782457, 44.213518 ], [ -84.782696, 44.213465 ], [ -84.782719, 44.213286 ], [ -84.782701, 44.212783 ], [ -84.782772, 44.212542 ], [ -84.782861, 44.212411 ], [ -84.78299, 44.212325 ], [ -84.783103, 44.212284 ], [ -84.78347, 44.212261 ], [ -84.783728, 44.211917 ], [ -84.784265, 44.211615 ], [ -84.784487, 44.211578 ], [ -84.784559, 44.211523 ], [ -84.78459, 44.211417 ], [ -84.784574, 44.211344 ], [ -84.784526, 44.211304 ], [ -84.784518, 44.211124 ], [ -84.784605, 44.21108 ], [ -84.784729, 44.211058 ], [ -84.784914, 44.211069 ], [ -84.785057, 44.211177 ], [ -84.785461, 44.211319 ], [ -84.785692, 44.211433 ], [ -84.785881, 44.211456 ], [ -84.786133, 44.211375 ], [ -84.786205, 44.211249 ], [ -84.786116, 44.210877 ], [ -84.78617, 44.210551 ], [ -84.786297, 44.210465 ], [ -84.786433, 44.210447 ], [ -84.787125, 44.210458 ], [ -84.787714, 44.210514 ], [ -84.788318, 44.210467 ], [ -84.788748, 44.210494 ], [ -84.78901, 44.210425 ], [ -84.78936, 44.210224 ], [ -84.789614, 44.210052 ], [ -84.789995, 44.209713 ], [ -84.790265, 44.209667 ], [ -84.790313, 44.209701 ], [ -84.790369, 44.209839 ], [ -84.790267, 44.210285 ], [ -84.7903, 44.210543 ], [ -84.790395, 44.210583 ], [ -84.791175, 44.210507 ], [ -84.791222, 44.210381 ], [ -84.791198, 44.210266 ], [ -84.791158, 44.210186 ], [ -84.790974, 44.210066 ], [ -84.790958, 44.209975 ], [ -84.791037, 44.209849 ], [ -84.791148, 44.209746 ], [ -84.79141, 44.209614 ], [ -84.791675, 44.209543 ], [ -84.792102, 44.209429 ], [ -84.792284, 44.20928 ], [ -84.792355, 44.209017 ], [ -84.79253, 44.208959 ], [ -84.792976, 44.209107 ], [ -84.793326, 44.209135 ], [ -84.793485, 44.209049 ], [ -84.793588, 44.2089 ], [ -84.793715, 44.20882 ], [ -84.794009, 44.208854 ], [ -84.794097, 44.208894 ], [ -84.794225, 44.209059 ], [ -84.794234, 44.20926 ], [ -84.794265, 44.209282 ], [ -84.794361, 44.209317 ], [ -84.794687, 44.209173 ], [ -84.794973, 44.209201 ], [ -84.795061, 44.209332 ], [ -84.795046, 44.209624 ], [ -84.79488, 44.209836 ], [ -84.795045, 44.209966 ], [ -84.795683, 44.210128 ], [ -84.796848, 44.21051 ], [ -84.797126, 44.210656 ], [ -84.797278, 44.210742 ], [ -84.797334, 44.210862 ], [ -84.797446, 44.210993 ], [ -84.797621, 44.211107 ], [ -84.797764, 44.211107 ], [ -84.797876, 44.211049 ], [ -84.797971, 44.210935 ], [ -84.798144, 44.21046 ], [ -84.798215, 44.210408 ], [ -84.798351, 44.210368 ], [ -84.79847, 44.210367 ], [ -84.79855, 44.210413 ], [ -84.798614, 44.210499 ], [ -84.798622, 44.210745 ], [ -84.79856, 44.210951 ], [ -84.798568, 44.21106 ], [ -84.798624, 44.211157 ], [ -84.798767, 44.211202 ], [ -84.798895, 44.211191 ], [ -84.79903, 44.211127 ], [ -84.799339, 44.210881 ], [ -84.799522, 44.210789 ], [ -84.799681, 44.210811 ], [ -84.799769, 44.210948 ], [ -84.799778, 44.211183 ], [ -84.799723, 44.211384 ], [ -84.799604, 44.21163 ], [ -84.799605, 44.211756 ], [ -84.799692, 44.21179 ], [ -84.799987, 44.211829 ], [ -84.80017, 44.211806 ], [ -84.800329, 44.211754 ], [ -84.800599, 44.211622 ], [ -84.800765, 44.211415 ], [ -84.800773, 44.211282 ], [ -84.800924, 44.211241 ], [ -84.801226, 44.211366 ], [ -84.80149, 44.211583 ], [ -84.801944, 44.211695 ], [ -84.802182, 44.211682 ], [ -84.802429, 44.211704 ], [ -84.802708, 44.211886 ], [ -84.803711, 44.211926 ], [ -84.80399, 44.211987 ], [ -84.804276, 44.212009 ], [ -84.804602, 44.211995 ], [ -84.805143, 44.211894 ], [ -84.805525, 44.211794 ], [ -84.805818, 44.211511 ], [ -84.806185, 44.211504 ], [ -84.806655, 44.211692 ], [ -84.806783, 44.211634 ], [ -84.806838, 44.211537 ], [ -84.806806, 44.211434 ], [ -84.806734, 44.211365 ], [ -84.806416, 44.21128 ], [ -84.806296, 44.211109 ], [ -84.806248, 44.210966 ], [ -84.806287, 44.2108 ], [ -84.806438, 44.210662 ], [ -84.80663, 44.210645 ], [ -84.807196, 44.210804 ], [ -84.807323, 44.210798 ], [ -84.807586, 44.2107 ], [ -84.807674, 44.210757 ], [ -84.807745, 44.210877 ], [ -84.80765, 44.211243 ], [ -84.807714, 44.211403 ], [ -84.807787, 44.211391 ], [ -84.808137, 44.211334 ], [ -84.808447, 44.211139 ], [ -84.80859, 44.210932 ], [ -84.808614, 44.210789 ], [ -84.808558, 44.210589 ], [ -84.808438, 44.210481 ], [ -84.808231, 44.21039 ], [ -84.808214, 44.210298 ], [ -84.80827, 44.210212 ], [ -84.808437, 44.21008 ], [ -84.808691, 44.210005 ], [ -84.80925, 44.210422 ], [ -84.809814, 44.21034 ], [ -84.809853, 44.210151 ], [ -84.809725, 44.209888 ], [ -84.809629, 44.209751 ], [ -84.809485, 44.209632 ], [ -84.809405, 44.209523 ], [ -84.809516, 44.20934 ], [ -84.809611, 44.209339 ], [ -84.809922, 44.209556 ], [ -84.810313, 44.209784 ], [ -84.810544, 44.209795 ], [ -84.810711, 44.209778 ], [ -84.810782, 44.209732 ], [ -84.810861, 44.209583 ], [ -84.810861, 44.209417 ], [ -84.810717, 44.20928 ], [ -84.81055, 44.209212 ], [ -84.810422, 44.209109 ], [ -84.810358, 44.209023 ], [ -84.81039, 44.208949 ], [ -84.811135, 44.208192 ], [ -84.811301, 44.2081 ], [ -84.812167, 44.207823 ], [ -84.812159, 44.207749 ], [ -84.812087, 44.207698 ], [ -84.811872, 44.207641 ], [ -84.811801, 44.20759 ], [ -84.811808, 44.207509 ], [ -84.811927, 44.207458 ], [ -84.812357, 44.207428 ], [ -84.812532, 44.207445 ], [ -84.812874, 44.207347 ], [ -84.812896, 44.207004 ], [ -84.812991, 44.206912 ], [ -84.813134, 44.206854 ], [ -84.813174, 44.20678 ], [ -84.813125, 44.206545 ], [ -84.813069, 44.20646 ], [ -84.813069, 44.206362 ], [ -84.813156, 44.206219 ], [ -84.813251, 44.206139 ], [ -84.813267, 44.20607 ], [ -84.813043, 44.205922 ], [ -84.813027, 44.205842 ], [ -84.813106, 44.20571 ], [ -84.813511, 44.205543 ], [ -84.813604, 44.205474 ], [ -84.813648, 44.205371 ], [ -84.813679, 44.205128 ], [ -84.813758, 44.205003 ], [ -84.813885, 44.204906 ], [ -84.814193, 44.204888 ], [ -84.814662, 44.204688 ], [ -84.814756, 44.204577 ], [ -84.815616, 44.205043 ], [ -84.816714, 44.20578 ], [ -84.817016, 44.205971 ], [ -84.817334, 44.206116 ], [ -84.817685, 44.206232 ], [ -84.817949, 44.206326 ], [ -84.81778, 44.207191 ], [ -84.817752, 44.20752 ], [ -84.817574, 44.207868 ], [ -84.817536, 44.208099 ], [ -84.817561, 44.208464 ], [ -84.817834, 44.208789 ], [ -84.817869, 44.20927 ], [ -84.817792, 44.209499 ], [ -84.817674, 44.209648 ], [ -84.81746, 44.209775 ], [ -84.817254, 44.209867 ], [ -84.817175, 44.209953 ], [ -84.817066, 44.210131 ], [ -84.81702, 44.210417 ], [ -84.817061, 44.210594 ], [ -84.816765, 44.211333 ], [ -84.816735, 44.211545 ], [ -84.816768, 44.211648 ], [ -84.816872, 44.211745 ], [ -84.817032, 44.211801 ], [ -84.817357, 44.211788 ], [ -84.817708, 44.211827 ], [ -84.81828, 44.211807 ], [ -84.818765, 44.211817 ], [ -84.819091, 44.211907 ], [ -84.819512, 44.211813 ], [ -84.819718, 44.211744 ], [ -84.819924, 44.211714 ], [ -84.820228, 44.211856 ], [ -84.820522, 44.211935 ], [ -84.821334, 44.212011 ], [ -84.821996, 44.212123 ], [ -84.822274, 44.212265 ], [ -84.82272, 44.212417 ], [ -84.823208, 44.212747 ], [ -84.82317, 44.21297 ], [ -84.823222, 44.21299 ], [ -84.822727, 44.213338 ], [ -84.82238, 44.213522 ], [ -84.822206, 44.21362 ], [ -84.822271, 44.214804 ], [ -84.821748, 44.215016 ], [ -84.821717, 44.215029 ], [ -84.821367, 44.215088 ], [ -84.821057, 44.215044 ], [ -84.82089, 44.215016 ], [ -84.820739, 44.215022 ], [ -84.820652, 44.215057 ], [ -84.820565, 44.215166 ], [ -84.820544, 44.215429 ], [ -84.820474, 44.215687 ], [ -84.820325, 44.215933 ], [ -84.82005, 44.216266 ], [ -84.819837, 44.216473 ], [ -84.819137, 44.216459 ], [ -84.818867, 44.216494 ], [ -84.818622, 44.216621 ], [ -84.818322, 44.21688 ], [ -84.818181, 44.217138 ], [ -84.818071, 44.217304 ], [ -84.818065, 44.217573 ], [ -84.818097, 44.218808 ], [ -84.818377, 44.219105 ], [ -84.818625, 44.219315 ], [ -84.818722, 44.219481 ], [ -84.818731, 44.219618 ], [ -84.818651, 44.219658 ], [ -84.818477, 44.219716 ], [ -84.818168, 44.21986 ], [ -84.817962, 44.220091 ], [ -84.817877, 44.220375 ], [ -84.817911, 44.220679 ], [ -84.817976, 44.220874 ], [ -84.818215, 44.220918 ], [ -84.818471, 44.221106 ], [ -84.81868, 44.221317 ], [ -84.818714, 44.221639 ], [ -84.818955, 44.221878 ], [ -84.81917, 44.222009 ], [ -84.819307, 44.222163 ], [ -84.819317, 44.222405 ], [ -84.819296, 44.222721 ], [ -84.819273, 44.222866 ], [ -84.81944, 44.222933 ], [ -84.819791, 44.223 ], [ -84.82019, 44.223214 ], [ -84.820763, 44.223221 ], [ -84.821049, 44.223196 ], [ -84.821246, 44.223067 ], [ -84.821469, 44.223037 ], [ -84.82182, 44.223109 ], [ -84.822019, 44.223078 ], [ -84.822183, 44.222938 ], [ -84.822429, 44.222707 ], [ -84.822675, 44.222712 ], [ -84.822939, 44.222745 ], [ -84.823177, 44.222636 ], [ -84.823946, 44.222157 ], [ -84.82492, 44.221638 ], [ -84.82553, 44.221424 ], [ -84.825888, 44.221331 ], [ -84.826556, 44.221334 ], [ -84.82752, 44.221713 ], [ -84.828437, 44.222006 ], [ -84.828549, 44.222183 ], [ -84.828638, 44.222337 ], [ -84.82879, 44.222457 ], [ -84.829755, 44.222755 ], [ -84.830431, 44.222838 ], [ -84.830638, 44.22282 ], [ -84.83083, 44.222928 ], [ -84.831213, 44.223178 ], [ -84.832749, 44.224292 ], [ -84.833198, 44.224679 ], [ -84.833535, 44.225089 ], [ -84.834041, 44.226005 ], [ -84.834113, 44.226147 ], [ -84.836384, 44.225363 ], [ -84.83843, 44.224529 ], [ -84.839825, 44.223701 ], [ -84.840203, 44.223363 ], [ -84.840405, 44.223157 ], [ -84.840567, 44.222965 ], [ -84.841117, 44.222264 ], [ -84.84155, 44.221647 ], [ -84.842263, 44.221759 ], [ -84.843336, 44.221987 ], [ -84.844295, 44.22213 ], [ -84.845174, 44.222214 ], [ -84.846006, 44.22238 ], [ -84.847043, 44.222683 ], [ -84.84816, 44.223044 ], [ -84.84884, 44.223209 ], [ -84.849276, 44.223439 ], [ -84.850524, 44.224103 ], [ -84.85097, 44.22435 ], [ -84.851078, 44.224435 ], [ -84.851203, 44.224565 ], [ -84.85168, 44.225938 ], [ -84.852362, 44.228523 ], [ -84.852464, 44.225944 ], [ -84.852317, 44.219514 ], [ -84.852311, 44.21924 ] ], [ [ -84.669274, 44.313782 ], [ -84.662176, 44.310291 ], [ -84.661172, 44.309793 ], [ -84.659639, 44.311287 ], [ -84.6597, 44.309212 ], [ -84.658656, 44.308775 ], [ -84.649235, 44.304828 ], [ -84.648567, 44.305638 ], [ -84.642366, 44.311473 ], [ -84.637729, 44.310739 ], [ -84.637612, 44.310939 ], [ -84.637406, 44.311239 ], [ -84.637191, 44.311553 ], [ -84.637076, 44.31172 ], [ -84.636801, 44.312189 ], [ -84.636564, 44.312594 ], [ -84.636518, 44.312673 ], [ -84.636082, 44.313096 ], [ -84.635715, 44.313641 ], [ -84.635493, 44.314159 ], [ -84.63524, 44.314653 ], [ -84.635164, 44.314803 ], [ -84.634881, 44.315276 ], [ -84.634558, 44.316094 ], [ -84.634238, 44.317813 ], [ -84.633825, 44.319519 ], [ -84.633763, 44.320163 ], [ -84.633564, 44.32046 ], [ -84.633304, 44.320725 ], [ -84.633243, 44.320967 ], [ -84.633235, 44.321297 ], [ -84.633097, 44.322139 ], [ -84.632753, 44.322706 ], [ -84.632738, 44.322943 ], [ -84.632836, 44.323136 ], [ -84.632883, 44.323229 ], [ -84.633128, 44.323498 ], [ -84.634109, 44.323976 ], [ -84.634753, 44.324323 ], [ -84.635367, 44.324481 ], [ -84.635629, 44.324559 ], [ -84.63569, 44.324708 ], [ -84.635805, 44.324845 ], [ -84.63579, 44.325005 ], [ -84.635637, 44.325225 ], [ -84.635339, 44.325633 ], [ -84.63548, 44.325669 ], [ -84.635667, 44.325335 ], [ -84.636198, 44.325475 ], [ -84.636433, 44.325538 ], [ -84.637547, 44.325762 ], [ -84.637702, 44.325797 ], [ -84.637741, 44.325499 ], [ -84.6382, 44.325521 ], [ -84.638192, 44.325384 ], [ -84.637756, 44.325406 ], [ -84.637764, 44.325153 ], [ -84.638184, 44.325136 ], [ -84.638161, 44.32501 ], [ -84.637656, 44.324988 ], [ -84.637672, 44.325692 ], [ -84.637546, 44.325665 ], [ -84.637121, 44.325571 ], [ -84.637083, 44.324619 ], [ -84.637129, 44.324383 ], [ -84.637098, 44.324234 ], [ -84.637182, 44.324047 ], [ -84.637305, 44.323865 ], [ -84.637526, 44.323772 ], [ -84.638269, 44.323749 ], [ -84.638789, 44.323584 ], [ -84.638957, 44.323424 ], [ -84.639668, 44.323044 ], [ -84.639829, 44.322907 ], [ -84.640028, 44.32245 ], [ -84.640105, 44.322351 ], [ -84.640831, 44.322301 ], [ -84.64142, 44.322317 ], [ -84.641478, 44.322321 ], [ -84.641562, 44.322328 ], [ -84.641947, 44.322358 ], [ -84.642061, 44.322367 ], [ -84.642269, 44.322383 ], [ -84.642644, 44.322388 ], [ -84.64318, 44.322454 ], [ -84.644067, 44.322514 ], [ -84.644977, 44.32264 ], [ -84.645697, 44.322788 ], [ -84.645773, 44.32275 ], [ -84.645895, 44.322755 ], [ -84.646003, 44.322849 ], [ -84.646729, 44.322975 ], [ -84.647303, 44.323101 ], [ -84.647563, 44.323209 ], [ -84.647846, 44.323326 ], [ -84.647921, 44.32338 ], [ -84.64803, 44.323458 ], [ -84.648259, 44.323623 ], [ -84.648451, 44.323871 ], [ -84.648818, 44.324146 ], [ -84.649101, 44.324278 ], [ -84.649392, 44.324459 ], [ -84.649476, 44.324652 ], [ -84.649682, 44.324855 ], [ -84.649927, 44.32496 ], [ -84.650096, 44.325103 ], [ -84.650233, 44.325328 ], [ -84.650356, 44.325603 ], [ -84.650858, 44.326107 ], [ -84.651052, 44.326302 ], [ -84.651358, 44.326544 ], [ -84.651762, 44.326761 ], [ -84.652184, 44.326989 ], [ -84.652743, 44.3276 ], [ -84.65311, 44.327919 ], [ -84.653539, 44.328703 ], [ -84.65383, 44.329233 ], [ -84.654136, 44.329723 ], [ -84.654319, 44.330097 ], [ -84.654503, 44.330592 ], [ -84.654557, 44.330663 ], [ -84.655039, 44.331289 ], [ -84.655215, 44.331809 ], [ -84.655386, 44.332105 ], [ -84.655766, 44.332762 ], [ -84.656011, 44.33303 ], [ -84.656157, 44.333255 ], [ -84.656278, 44.333441 ], [ -84.656432, 44.33384 ], [ -84.656893, 44.334297 ], [ -84.657136, 44.334536 ], [ -84.657434, 44.334847 ], [ -84.658184, 44.33563 ], [ -84.658236, 44.335699 ], [ -84.658551, 44.336118 ], [ -84.659087, 44.336683 ], [ -84.659198, 44.336795 ], [ -84.659362, 44.33696 ], [ -84.659623, 44.33713 ], [ -84.659852, 44.337329 ], [ -84.660044, 44.337565 ], [ -84.660086, 44.337606 ], [ -84.660266, 44.33778 ], [ -84.660656, 44.337978 ], [ -84.661184, 44.338324 ], [ -84.661282, 44.338357 ], [ -84.661605, 44.338467 ], [ -84.662023, 44.338577 ], [ -84.662394, 44.338648 ], [ -84.663235, 44.338681 ], [ -84.663914, 44.338778 ], [ -84.664132, 44.338774 ], [ -84.664795, 44.338951 ], [ -84.665423, 44.338888 ], [ -84.66589, 44.339092 ], [ -84.666228, 44.339166 ], [ -84.666388, 44.339201 ], [ -84.66735, 44.339302 ], [ -84.668492, 44.33947 ], [ -84.668676, 44.339453 ], [ -84.668816, 44.339461 ], [ -84.670034, 44.339744 ], [ -84.670306, 44.33981 ], [ -84.671439, 44.340139 ], [ -84.671959, 44.340265 ], [ -84.672954, 44.340468 ], [ -84.673231, 44.340576 ], [ -84.673834, 44.340809 ], [ -84.674446, 44.340952 ], [ -84.674929, 44.341199 ], [ -84.675441, 44.341501 ], [ -84.675725, 44.341617 ], [ -84.676084, 44.341715 ], [ -84.67634, 44.341836 ], [ -84.677347, 44.342309 ], [ -84.677845, 44.342402 ], [ -84.678233, 44.342434 ], [ -84.678832, 44.342484 ], [ -84.679184, 44.342357 ], [ -84.679513, 44.342417 ], [ -84.679835, 44.342571 ], [ -84.680171, 44.342664 ], [ -84.680371, 44.342901 ], [ -84.680623, 44.343116 ], [ -84.680761, 44.343429 ], [ -84.68096, 44.343743 ], [ -84.681175, 44.343935 ], [ -84.681565, 44.344425 ], [ -84.681941, 44.344645 ], [ -84.682293, 44.344958 ], [ -84.683303, 44.345667 ], [ -84.683327, 44.345926 ], [ -84.683212, 44.346031 ], [ -84.683036, 44.346301 ], [ -84.682945, 44.346659 ], [ -84.682938, 44.346752 ], [ -84.68291, 44.347161 ], [ -84.682892, 44.347418 ], [ -84.682969, 44.348139 ], [ -84.683061, 44.348393 ], [ -84.683076, 44.348541 ], [ -84.682954, 44.348695 ], [ -84.682885, 44.348916 ], [ -84.682878, 44.349747 ], [ -84.682932, 44.350231 ], [ -84.683116, 44.350633 ], [ -84.683415, 44.35088 ], [ -84.683874, 44.3511 ], [ -84.683989, 44.351348 ], [ -84.684038, 44.351727 ], [ -84.684051, 44.351827 ], [ -84.684382, 44.352471 ], [ -84.68438, 44.352625 ], [ -84.684453, 44.353034 ], [ -84.68429, 44.353628 ], [ -84.684343, 44.354072 ], [ -84.684466, 44.354579 ], [ -84.68459, 44.356186 ], [ -84.684647, 44.356511 ], [ -84.684751, 44.357078 ], [ -84.684922, 44.357425 ], [ -84.685229, 44.358065 ], [ -84.685321, 44.358364 ], [ -84.685426, 44.358431 ], [ -84.68561, 44.359119 ], [ -84.685702, 44.359361 ], [ -84.685708, 44.359533 ], [ -84.685687, 44.359561 ], [ -84.685984, 44.359943 ], [ -84.686299, 44.360351 ], [ -84.686339, 44.360627 ], [ -84.686484, 44.360968 ], [ -84.686676, 44.36132 ], [ -84.686791, 44.361722 ], [ -84.687013, 44.362272 ], [ -84.687019, 44.362298 ], [ -84.687098, 44.362657 ], [ -84.687359, 44.363114 ], [ -84.687451, 44.363173 ], [ -84.687591, 44.36345 ], [ -84.687641, 44.363627 ], [ -84.687696, 44.363824 ], [ -84.68776, 44.363919 ], [ -84.688525, 44.365064 ], [ -84.688608, 44.365188 ], [ -84.688976, 44.365524 ], [ -84.689305, 44.365876 ], [ -84.689643, 44.366305 ], [ -84.690498, 44.367136 ], [ -84.690531, 44.367168 ], [ -84.690818, 44.367359 ], [ -84.691075, 44.367531 ], [ -84.691253, 44.367625 ], [ -84.691834, 44.367932 ], [ -84.692338, 44.368303 ], [ -84.692416, 44.368361 ], [ -84.692883, 44.368581 ], [ -84.69302, 44.368719 ], [ -84.693228, 44.368927 ], [ -84.69334, 44.369021 ], [ -84.693588, 44.36923 ], [ -84.693709, 44.369606 ], [ -84.694009, 44.369653 ], [ -84.69414, 44.369735 ], [ -84.69437, 44.369878 ], [ -84.695049, 44.370488 ], [ -84.695394, 44.370797 ], [ -84.695412, 44.370813 ], [ -84.696151, 44.371319 ], [ -84.696678, 44.37168 ], [ -84.696737, 44.37172 ], [ -84.69748, 44.372292 ], [ -84.697794, 44.372495 ], [ -84.698111, 44.372649 ], [ -84.698974, 44.373067 ], [ -84.69951, 44.373424 ], [ -84.700154, 44.373732 ], [ -84.701157, 44.374287 ], [ -84.702207, 44.374676 ], [ -84.702918, 44.375027 ], [ -84.703765, 44.375033 ], [ -84.711578, 44.375051 ], [ -84.711969, 44.374985 ], [ -84.712766, 44.374803 ], [ -84.713187, 44.374747 ], [ -84.714867, 44.374653 ], [ -84.715399, 44.374679 ], [ -84.715682, 44.374635 ], [ -84.716073, 44.374535 ], [ -84.71641, 44.374502 ], [ -84.716624, 44.374452 ], [ -84.716953, 44.37444 ], [ -84.717298, 44.374313 ], [ -84.720222, 44.373941 ], [ -84.721268, 44.373966 ], [ -84.721324, 44.373968 ], [ -84.721937, 44.373873 ], [ -84.722442, 44.373878 ], [ -84.722856, 44.373949 ], [ -84.724437, 44.374204 ], [ -84.725138, 44.374211 ], [ -84.725475, 44.374161 ], [ -84.726845, 44.374291 ], [ -84.727358, 44.374318 ], [ -84.728246, 44.374229 ], [ -84.728583, 44.374151 ], [ -84.729341, 44.374129 ], [ -84.729808, 44.374166 ], [ -84.73023, 44.374276 ], [ -84.731233, 44.374429 ], [ -84.733661, 44.374932 ], [ -84.733906, 44.375042 ], [ -84.734051, 44.375064 ], [ -84.734687, 44.375085 ], [ -84.735392, 44.375027 ], [ -84.735462, 44.374982 ], [ -84.736754, 44.374664 ], [ -84.737343, 44.374608 ], [ -84.73781, 44.374608 ], [ -84.738475, 44.374678 ], [ -84.738721, 44.374716 ], [ -84.739074, 44.374793 ], [ -84.73981, 44.375019 ], [ -84.73994, 44.375102 ], [ -84.740185, 44.375157 ], [ -84.740415, 44.375174 ], [ -84.740897, 44.375102 ], [ -84.741012, 44.375036 ], [ -84.741363, 44.374911 ], [ -84.742106, 44.374905 ], [ -84.742581, 44.374805 ], [ -84.743002, 44.37476 ], [ -84.745546, 44.374848 ], [ -84.745789, 44.374856 ], [ -84.74611, 44.374828 ], [ -84.746378, 44.37475 ], [ -84.746922, 44.374656 ], [ -84.748481, 44.374464 ], [ -84.74859, 44.37445 ], [ -84.75006, 44.374218 ], [ -84.750464, 44.374195 ], [ -84.750565, 44.374187 ], [ -84.750595, 44.374186 ], [ -84.75064, 44.374184 ], [ -84.751201, 44.374152 ], [ -84.751695, 44.374048 ], [ -84.752898, 44.37389 ], [ -84.753416, 44.373855 ], [ -84.75387, 44.373768 ], [ -84.755016, 44.373415 ], [ -84.755629, 44.37319 ], [ -84.756273, 44.372845 ], [ -84.756909, 44.372436 ], [ -84.757347, 44.372211 ], [ -84.758956, 44.372018 ], [ -84.759927, 44.371781 ], [ -84.760636, 44.371498 ], [ -84.761296, 44.371284 ], [ -84.762196, 44.371076 ], [ -84.763399, 44.370929 ], [ -84.764602, 44.37072 ], [ -84.76637, 44.370314 ], [ -84.767189, 44.370008 ], [ -84.767914, 44.369811 ], [ -84.768463, 44.369724 ], [ -84.769204, 44.369521 ], [ -84.770183, 44.369324 ], [ -84.770325, 44.369328 ], [ -84.770901, 44.369345 ], [ -84.772017, 44.369457 ], [ -84.772799, 44.369626 ], [ -84.774456, 44.370133 ], [ -84.77525, 44.370376 ], [ -84.775626, 44.370502 ], [ -84.77593, 44.370753 ], [ -84.776275, 44.371147 ], [ -84.776331, 44.371371 ], [ -84.77595, 44.371521 ], [ -84.775488, 44.371591 ], [ -84.774126, 44.371984 ], [ -84.772147, 44.373027 ], [ -84.770724, 44.373845 ], [ -84.770342, 44.374029 ], [ -84.770086, 44.373967 ], [ -84.769926, 44.373761 ], [ -84.769799, 44.373813 ], [ -84.769887, 44.374013 ], [ -84.7698, 44.374185 ], [ -84.76949, 44.374358 ], [ -84.768233, 44.374774 ], [ -84.767525, 44.37493 ], [ -84.767071, 44.375158 ], [ -84.766875, 44.375293 ], [ -84.766518, 44.375482 ], [ -84.766271, 44.375736 ], [ -84.766043, 44.375876 ], [ -84.765657, 44.375985 ], [ -84.765089, 44.37628 ], [ -84.763737, 44.377176 ], [ -84.763173, 44.37758 ], [ -84.76278, 44.37793 ], [ -84.76253, 44.377995 ], [ -84.762269, 44.377922 ], [ -84.762034, 44.377786 ], [ -84.761692, 44.377734 ], [ -84.761285, 44.377751 ], [ -84.760944, 44.377682 ], [ -84.760354, 44.377397 ], [ -84.760043, 44.377386 ], [ -84.759579, 44.377419 ], [ -84.759137, 44.377515 ], [ -84.758822, 44.377619 ], [ -84.758592, 44.377593 ], [ -84.758396, 44.377475 ], [ -84.758288, 44.377352 ], [ -84.758144, 44.37735 ], [ -84.758134, 44.37743 ], [ -84.758242, 44.377558 ], [ -84.758284, 44.377748 ], [ -84.758161, 44.377838 ], [ -84.757951, 44.377921 ], [ -84.757734, 44.377975 ], [ -84.757483, 44.378091 ], [ -84.757044, 44.378359 ], [ -84.756676, 44.37864 ], [ -84.756418, 44.378969 ], [ -84.756196, 44.379184 ], [ -84.755293, 44.379737 ], [ -84.754917, 44.380041 ], [ -84.754646, 44.380289 ], [ -84.75411, 44.381107 ], [ -84.753805, 44.381418 ], [ -84.753614, 44.381656 ], [ -84.753412, 44.381997 ], [ -84.753112, 44.382904 ], [ -84.752852, 44.383331 ], [ -84.752667, 44.383896 ], [ -84.752521, 44.384215 ], [ -84.75245, 44.384713 ], [ -84.75236, 44.385796 ], [ -84.752398, 44.386141 ], [ -84.752524, 44.3868 ], [ -84.752679, 44.387615 ], [ -84.752663, 44.38789 ], [ -84.752558, 44.388176 ], [ -84.752405, 44.388477 ], [ -84.752347, 44.388803 ], [ -84.752407, 44.389183 ], [ -84.752544, 44.389673 ], [ -84.752818, 44.390372 ], [ -84.753113, 44.391421 ], [ -84.753239, 44.391728 ], [ -84.753488, 44.392179 ], [ -84.753736, 44.392424 ], [ -84.754249, 44.393144 ], [ -84.754431, 44.393446 ], [ -84.754832, 44.394445 ], [ -84.755735, 44.395453 ], [ -84.756084, 44.395786 ], [ -84.756352, 44.396151 ], [ -84.757135, 44.396887 ], [ -84.757451, 44.397265 ], [ -84.757685, 44.397694 ], [ -84.757977, 44.398077 ], [ -84.758327, 44.398521 ], [ -84.758724, 44.398721 ], [ -84.759182, 44.39886 ], [ -84.759538, 44.398998 ], [ -84.759638, 44.399109 ], [ -84.759817, 44.399525 ], [ -84.759943, 44.399578 ], [ -84.760017, 44.399241 ], [ -84.760032, 44.399006 ], [ -84.759962, 44.398942 ], [ -84.75995, 44.398821 ], [ -84.75975, 44.398852 ], [ -84.759638, 44.398833 ], [ -84.759585, 44.398752 ], [ -84.759676, 44.39865 ], [ -84.759967, 44.398517 ], [ -84.760238, 44.398539 ], [ -84.760523, 44.398635 ], [ -84.760766, 44.39876 ], [ -84.761154, 44.398886 ], [ -84.761471, 44.398955 ], [ -84.762083, 44.399056 ], [ -84.764024, 44.399288 ], [ -84.764588, 44.399372 ], [ -84.765111, 44.39949 ], [ -84.765704, 44.399683 ], [ -84.767818, 44.400287 ], [ -84.768628, 44.400464 ], [ -84.769775, 44.400519 ], [ -84.771312, 44.400397 ], [ -84.772445, 44.400407 ], [ -84.773498, 44.400449 ], [ -84.774002, 44.400416 ], [ -84.774313, 44.400432 ], [ -84.774388, 44.400428 ], [ -84.774552, 44.400418 ], [ -84.775035, 44.40031 ], [ -84.775325, 44.400462 ], [ -84.775893, 44.40043 ], [ -84.776142, 44.400393 ], [ -84.776573, 44.400382 ], [ -84.77724, 44.400494 ], [ -84.777652, 44.400619 ], [ -84.777985, 44.400675 ], [ -84.778392, 44.400698 ], [ -84.779262, 44.400699 ], [ -84.779452, 44.400697 ], [ -84.780413, 44.400771 ], [ -84.780985, 44.400852 ], [ -84.781457, 44.400825 ], [ -84.782094, 44.400869 ], [ -84.783571, 44.400892 ], [ -84.784729, 44.400819 ], [ -84.785545, 44.400672 ], [ -84.786128, 44.400676 ], [ -84.786849, 44.400613 ], [ -84.787579, 44.400475 ], [ -84.788676, 44.400044 ], [ -84.789971, 44.399738 ], [ -84.790464, 44.399664 ], [ -84.790644, 44.399687 ], [ -84.791216, 44.399959 ], [ -84.791287, 44.399827 ], [ -84.791446, 44.399547 ], [ -84.791703, 44.399169 ], [ -84.79178, 44.398869 ], [ -84.791718, 44.398828 ], [ -84.791608, 44.398821 ], [ -84.791378, 44.399195 ], [ -84.791271, 44.399302 ], [ -84.791137, 44.399289 ], [ -84.791062, 44.399197 ], [ -84.791191, 44.398948 ], [ -84.791163, 44.398862 ], [ -84.791023, 44.39881 ], [ -84.790826, 44.398796 ], [ -84.790624, 44.398698 ], [ -84.79058, 44.398623 ], [ -84.79068, 44.398516 ], [ -84.790619, 44.398459 ], [ -84.790539, 44.398463 ], [ -84.790344, 44.398592 ], [ -84.790211, 44.398487 ], [ -84.790045, 44.39845 ], [ -84.789905, 44.398562 ], [ -84.789893, 44.398722 ], [ -84.789802, 44.398801 ], [ -84.78958, 44.398859 ], [ -84.789553, 44.398866 ], [ -84.789404, 44.398761 ], [ -84.789312, 44.398639 ], [ -84.789261, 44.398472 ], [ -84.789165, 44.398229 ], [ -84.789056, 44.398136 ], [ -84.789089, 44.397855 ], [ -84.789287, 44.397624 ], [ -84.789516, 44.397444 ], [ -84.789759, 44.39735 ], [ -84.790011, 44.397187 ], [ -84.790136, 44.397001 ], [ -84.790254, 44.396914 ], [ -84.790389, 44.396815 ], [ -84.790672, 44.39671 ], [ -84.790916, 44.396582 ], [ -84.791138, 44.396368 ], [ -84.791403, 44.395951 ], [ -84.791753, 44.395771 ], [ -84.792505, 44.395193 ], [ -84.792897, 44.394839 ], [ -84.793785, 44.393861 ], [ -84.793997, 44.393291 ], [ -84.793993, 44.393116 ], [ -84.793686, 44.392231 ], [ -84.793491, 44.391821 ], [ -84.79321, 44.39139 ], [ -84.793007, 44.389959 ], [ -84.793051, 44.389331 ], [ -84.79334, 44.389031 ], [ -84.793548, 44.388725 ], [ -84.793981, 44.388399 ], [ -84.795214, 44.387758 ], [ -84.795892, 44.387326 ], [ -84.796516, 44.386929 ], [ -84.796868, 44.386648 ], [ -84.797249, 44.386201 ], [ -84.797427, 44.385855 ], [ -84.797808, 44.385379 ], [ -84.798224, 44.384316 ], [ -84.798367, 44.383803 ], [ -84.79836, 44.383225 ], [ -84.79842, 44.382789 ], [ -84.79843, 44.382711 ], [ -84.798431, 44.382693 ], [ -84.798317, 44.382562 ], [ -84.798075, 44.382387 ], [ -84.797783, 44.382263 ], [ -84.797558, 44.382071 ], [ -84.797338, 44.38176 ], [ -84.797313, 44.381725 ], [ -84.797052, 44.380835 ], [ -84.797084, 44.38059 ], [ -84.797173, 44.380288 ], [ -84.797081, 44.379892 ], [ -84.797155, 44.379567 ], [ -84.797308, 44.379249 ], [ -84.799124, 44.377272 ], [ -84.799424, 44.376818 ], [ -84.799905, 44.375929 ], [ -84.800261, 44.374959 ], [ -84.800511, 44.37457 ], [ -84.800367, 44.374335 ], [ -84.800237, 44.374026 ], [ -84.800235, 44.373659 ], [ -84.800448, 44.373194 ], [ -84.800526, 44.372868 ], [ -84.800403, 44.372318 ], [ -84.80015, 44.371811 ], [ -84.799879, 44.371586 ], [ -84.799353, 44.371215 ], [ -84.798613, 44.3714 ], [ -84.798349, 44.371344 ], [ -84.798197, 44.371126 ], [ -84.798169, 44.37111 ], [ -84.798053, 44.371046 ], [ -84.797758, 44.371064 ], [ -84.797614, 44.370985 ], [ -84.797182, 44.370631 ], [ -84.79663, 44.370242 ], [ -84.796182, 44.370118 ], [ -84.795728, 44.370039 ], [ -84.795392, 44.369902 ], [ -84.795207, 44.369792 ], [ -84.795045, 44.369626 ], [ -84.794607, 44.369251 ], [ -84.79421, 44.368901 ], [ -84.794102, 44.368807 ], [ -84.794093, 44.368775 ], [ -84.794005, 44.368479 ], [ -84.793877, 44.36829 ], [ -84.793796, 44.368078 ], [ -84.793923, 44.368044 ], [ -84.795501, 44.367987 ], [ -84.795509, 44.367924 ], [ -84.794831, 44.36784 ], [ -84.794581, 44.367365 ], [ -84.794511, 44.367381 ], [ -84.794406, 44.367406 ], [ -84.794519, 44.367641 ], [ -84.794456, 44.367836 ], [ -84.793747, 44.367895 ], [ -84.793466, 44.36742 ], [ -84.793449, 44.367306 ], [ -84.793363, 44.367254 ], [ -84.793289, 44.367209 ], [ -84.793192, 44.366957 ], [ -84.79327, 44.366561 ], [ -84.793395, 44.366177 ], [ -84.793361, 44.365804 ], [ -84.793264, 44.365535 ], [ -84.793295, 44.365294 ], [ -84.793262, 44.365157 ], [ -84.793126, 44.364934 ], [ -84.793093, 44.364716 ], [ -84.793219, 44.364601 ], [ -84.793099, 44.364378 ], [ -84.793103, 44.363765 ], [ -84.793157, 44.363294 ], [ -84.793137, 44.363158 ], [ -84.793099, 44.362899 ], [ -84.793289, 44.362761 ], [ -84.793209, 44.362624 ], [ -84.7932, 44.362544 ], [ -84.793343, 44.362423 ], [ -84.793173, 44.361839 ], [ -84.793259, 44.361506 ], [ -84.79344, 44.361213 ], [ -84.793503, 44.359431 ], [ -84.793819, 44.358954 ], [ -84.793748, 44.358726 ], [ -84.793747, 44.358708 ], [ -84.793776, 44.358467 ], [ -84.793758, 44.358031 ], [ -84.793873, 44.355704 ], [ -84.794008, 44.355543 ], [ -84.79384, 44.355406 ], [ -84.79403, 44.355262 ], [ -84.793894, 44.35516 ], [ -84.793926, 44.355125 ], [ -84.793877, 44.354953 ], [ -84.793941, 44.354902 ], [ -84.793979, 44.354661 ], [ -84.793836, 44.354655 ], [ -84.793755, 44.354501 ], [ -84.793851, 44.35446 ], [ -84.793884, 44.3544 ], [ -84.793961, 44.35426 ], [ -84.793889, 44.354185 ], [ -84.793761, 44.354117 ], [ -84.793845, 44.353417 ], [ -84.793771, 44.353005 ], [ -84.793806, 44.352637 ], [ -84.793577, 44.352375 ], [ -84.793536, 44.352163 ], [ -84.793631, 44.352083 ], [ -84.793693, 44.35187 ], [ -84.793427, 44.351223 ], [ -84.793178, 44.350806 ], [ -84.793192, 44.350595 ], [ -84.793222, 44.350147 ], [ -84.7933, 44.349837 ], [ -84.793259, 44.349613 ], [ -84.793131, 44.349505 ], [ -84.792979, 44.349482 ], [ -84.792954, 44.349242 ], [ -84.793153, 44.349092 ], [ -84.793264, 44.347579 ], [ -84.793048, 44.347379 ], [ -84.793055, 44.347213 ], [ -84.793206, 44.347212 ], [ -84.793214, 44.34708 ], [ -84.793013, 44.346693 ], [ -84.792924, 44.346565 ], [ -84.792506, 44.344343 ], [ -84.792332, 44.343168 ], [ -84.792307, 44.343154 ], [ -84.787589, 44.342922 ], [ -84.783847, 44.335773 ], [ -84.782905, 44.333917 ], [ -84.767635, 44.332336 ], [ -84.763639, 44.327037 ], [ -84.757845, 44.316084 ], [ -84.757435, 44.315308 ], [ -84.75734, 44.315128 ], [ -84.756283, 44.313412 ], [ -84.756137, 44.313297 ], [ -84.755253, 44.312562 ], [ -84.747963, 44.306978 ], [ -84.746223, 44.305559 ], [ -84.739603, 44.303974 ], [ -84.733416, 44.304654 ], [ -84.730679, 44.304203 ], [ -84.726163, 44.30352 ], [ -84.721468, 44.302825 ], [ -84.720339, 44.302565 ], [ -84.711172, 44.304434 ], [ -84.707366, 44.305202 ], [ -84.697536, 44.309306 ], [ -84.697328, 44.309392 ], [ -84.686836, 44.314231 ], [ -84.686661, 44.314381 ], [ -84.681654, 44.314099 ], [ -84.669274, 44.313782 ] ], [ [ -84.579216, 44.700336 ], [ -84.579176, 44.700251 ], [ -84.578416, 44.698681 ], [ -84.578372, 44.698681 ], [ -84.576946, 44.698819 ], [ -84.576948, 44.695261 ], [ -84.576951, 44.692942 ], [ -84.576998, 44.687957 ], [ -84.576979, 44.686587 ], [ -84.576997, 44.686039 ], [ -84.577022, 44.684222 ], [ -84.57239, 44.684204 ], [ -84.571212, 44.684199 ], [ -84.569787, 44.684186 ], [ -84.567397, 44.684177 ], [ -84.567012, 44.684175 ], [ -84.567191, 44.685306 ], [ -84.567585, 44.689212 ], [ -84.568088, 44.694202 ], [ -84.561751, 44.694626 ], [ -84.561601, 44.694697 ], [ -84.561358, 44.694838 ], [ -84.556485, 44.69482 ], [ -84.556525, 44.69196 ], [ -84.551705, 44.69204 ], [ -84.551432, 44.698593 ], [ -84.546659, 44.698578 ], [ -84.546685, 44.701803 ], [ -84.546685, 44.701861 ], [ -84.547095, 44.702119 ], [ -84.547211, 44.70236 ], [ -84.546838, 44.703184 ], [ -84.547615, 44.703174 ], [ -84.5483, 44.703173 ], [ -84.549872, 44.70295 ], [ -84.550758, 44.702992 ], [ -84.551321, 44.703173 ], [ -84.551461, 44.703282 ], [ -84.551715, 44.70348 ], [ -84.551788, 44.703795 ], [ -84.551848, 44.704056 ], [ -84.551766, 44.704717 ], [ -84.550926, 44.706644 ], [ -84.550928, 44.706991 ], [ -84.551138, 44.707705 ], [ -84.550994, 44.708217 ], [ -84.551322, 44.709322 ], [ -84.55176, 44.709324 ], [ -84.552325, 44.709598 ], [ -84.553065, 44.710674 ], [ -84.553836, 44.712384 ], [ -84.554281, 44.713806 ], [ -84.554377, 44.713851 ], [ -84.554685, 44.71541 ], [ -84.554491, 44.718005 ], [ -84.55399, 44.717751 ], [ -84.553689, 44.717577 ], [ -84.553435, 44.717416 ], [ -84.553081, 44.717096 ], [ -84.552446, 44.716489 ], [ -84.552278, 44.71635 ], [ -84.552106, 44.716241 ], [ -84.551863, 44.716109 ], [ -84.5516, 44.716007 ], [ -84.551246, 44.715893 ], [ -84.551037, 44.715848 ], [ -84.550739, 44.715812 ], [ -84.54974, 44.715705 ], [ -84.549554, 44.715682 ], [ -84.54865, 44.71554 ], [ -84.547765, 44.715314 ], [ -84.54737, 44.7152 ], [ -84.547027, 44.715085 ], [ -84.546795, 44.714996 ], [ -84.546337, 44.714795 ], [ -84.545074, 44.713983 ], [ -84.544148, 44.713443 ], [ -84.543619, 44.713104 ], [ -84.543449, 44.712972 ], [ -84.543254, 44.712796 ], [ -84.542793, 44.712397 ], [ -84.542566, 44.712175 ], [ -84.5423, 44.711942 ], [ -84.542149, 44.71182 ], [ -84.540044, 44.710645 ], [ -84.537608, 44.709126 ], [ -84.536576, 44.708443 ], [ -84.535263, 44.707555 ], [ -84.533445, 44.706181 ], [ -84.533316, 44.706101 ], [ -84.53313, 44.706055 ], [ -84.532969, 44.706025 ], [ -84.532647, 44.705978 ], [ -84.532408, 44.705921 ], [ -84.53217, 44.705841 ], [ -84.531968, 44.705729 ], [ -84.531745, 44.70557 ], [ -84.531574, 44.705394 ], [ -84.531414, 44.705183 ], [ -84.531117, 44.704943 ], [ -84.53055, 44.704572 ], [ -84.530331, 44.704358 ], [ -84.529178, 44.703152 ], [ -84.52888, 44.702866 ], [ -84.528717, 44.702732 ], [ -84.528266, 44.702452 ], [ -84.527237, 44.701824 ], [ -84.526294, 44.701265 ], [ -84.526295, 44.701548 ], [ -84.52626, 44.703745 ], [ -84.526184, 44.708577 ], [ -84.526165, 44.709766 ], [ -84.526123, 44.712503 ], [ -84.526106, 44.713571 ], [ -84.525732, 44.713755 ], [ -84.525649, 44.713786 ], [ -84.525504, 44.713811 ], [ -84.525104, 44.713871 ], [ -84.524818, 44.713906 ], [ -84.524477, 44.713965 ], [ -84.524294, 44.714008 ], [ -84.524103, 44.714046 ], [ -84.523941, 44.71407 ], [ -84.523273, 44.71409 ], [ -84.523135, 44.714097 ], [ -84.523034, 44.714122 ], [ -84.522882, 44.714201 ], [ -84.522752, 44.714236 ], [ -84.522662, 44.71425 ], [ -84.522569, 44.714246 ], [ -84.522481, 44.714236 ], [ -84.522294, 44.714205 ], [ -84.522122, 44.714181 ], [ -84.522031, 44.714149 ], [ -84.521921, 44.714095 ], [ -84.521839, 44.714022 ], [ -84.521744, 44.713919 ], [ -84.521577, 44.71375 ], [ -84.521407, 44.713622 ], [ -84.521349, 44.713594 ], [ -84.521137, 44.713543 ], [ -84.520959, 44.71351 ], [ -84.520591, 44.713375 ], [ -84.520334, 44.71333 ], [ -84.516737, 44.713349 ], [ -84.516186, 44.713361 ], [ -84.516014, 44.713391 ], [ -84.515763, 44.7134 ], [ -84.515566, 44.713401 ], [ -84.515129, 44.713368 ], [ -84.514964, 44.713397 ], [ -84.514767, 44.713406 ], [ -84.514067, 44.71342 ], [ -84.51387, 44.713433 ], [ -84.513673, 44.713435 ], [ -84.513493, 44.713401 ], [ -84.513309, 44.713377 ], [ -84.511238, 44.713346 ], [ -84.505927, 44.713406 ], [ -84.505943, 44.713094 ], [ -84.505981, 44.710586 ], [ -84.506019, 44.708024 ], [ -84.505992, 44.707295 ], [ -84.506, 44.70673 ], [ -84.506089, 44.70084 ], [ -84.506098, 44.700246 ], [ -84.506108, 44.699871 ], [ -84.506144, 44.69963 ], [ -84.506182, 44.699469 ], [ -84.506255, 44.699323 ], [ -84.506377, 44.699149 ], [ -84.506523, 44.699004 ], [ -84.506663, 44.698918 ], [ -84.506812, 44.698843 ], [ -84.506981, 44.698789 ], [ -84.507266, 44.698721 ], [ -84.506196, 44.698736 ], [ -84.503234, 44.698777 ], [ -84.495077, 44.698756 ], [ -84.493449, 44.698789 ], [ -84.489618, 44.698784 ], [ -84.489712, 44.698505 ], [ -84.490343, 44.698317 ], [ -84.490395, 44.69435 ], [ -84.48613, 44.69435 ], [ -84.486448, 44.683863 ], [ -84.486295, 44.683862 ], [ -84.484324, 44.683879 ], [ -84.471509, 44.683739 ], [ -84.471702, 44.68682 ], [ -84.471799, 44.687487 ], [ -84.472386, 44.697879 ], [ -84.472276, 44.69844 ], [ -84.46614, 44.698302 ], [ -84.451819, 44.698017 ], [ -84.451858, 44.698351 ], [ -84.451872, 44.69857 ], [ -84.452145, 44.70528 ], [ -84.452365, 44.71138 ], [ -84.452571, 44.716242 ], [ -84.468692, 44.716211 ], [ -84.469451, 44.716203 ], [ -84.469879, 44.716194 ], [ -84.470593, 44.716149 ], [ -84.47093, 44.71611 ], [ -84.471385, 44.716047 ], [ -84.472663, 44.715848 ], [ -84.472663, 44.720086 ], [ -84.473466, 44.727645 ], [ -84.467469, 44.727293 ], [ -84.467562, 44.727879 ], [ -84.467071, 44.728647 ], [ -84.466168, 44.729061 ], [ -84.466477, 44.729483 ], [ -84.466547, 44.73006 ], [ -84.46599, 44.730697 ], [ -84.465621, 44.731566 ], [ -84.464952, 44.732197 ], [ -84.464591, 44.732963 ], [ -84.464519, 44.734159 ], [ -84.464193, 44.734462 ], [ -84.461433, 44.734837 ], [ -84.45772, 44.734913 ], [ -84.457339, 44.74085 ], [ -84.457235, 44.740996 ], [ -84.457392, 44.74118 ], [ -84.458086, 44.741833 ], [ -84.458267, 44.742016 ], [ -84.458545, 44.742243 ], [ -84.459084, 44.742582 ], [ -84.461259, 44.743922 ], [ -84.461735, 44.744191 ], [ -84.462071, 44.74443 ], [ -84.462337, 44.74464 ], [ -84.462584, 44.744865 ], [ -84.462744, 44.745041 ], [ -84.462834, 44.745182 ], [ -84.463221, 44.745918 ], [ -84.463455, 44.746252 ], [ -84.463617, 44.746413 ], [ -84.46378, 44.746557 ], [ -84.464301, 44.746954 ], [ -84.464502, 44.747088 ], [ -84.464659, 44.747222 ], [ -84.464774, 44.747393 ], [ -84.465119, 44.747949 ], [ -84.465684, 44.748894 ], [ -84.466375, 44.750015 ], [ -84.467321, 44.751625 ], [ -84.468188, 44.753055 ], [ -84.468977, 44.754378 ], [ -84.469241, 44.754809 ], [ -84.470647, 44.756576 ], [ -84.470756, 44.756744 ], [ -84.470795, 44.756817 ], [ -84.470843, 44.756909 ], [ -84.470903, 44.757088 ], [ -84.470937, 44.757248 ], [ -84.470904, 44.757768 ], [ -84.470441, 44.763774 ], [ -84.470432, 44.763941 ], [ -84.470444, 44.764021 ], [ -84.470461, 44.764088 ], [ -84.470556, 44.764182 ], [ -84.470713, 44.764275 ], [ -84.47145, 44.764634 ], [ -84.475685, 44.76479 ], [ -84.475656, 44.766535 ], [ -84.475635, 44.767832 ], [ -84.475595, 44.77027 ], [ -84.481778, 44.770355 ], [ -84.484365, 44.77039 ], [ -84.484378, 44.77293 ], [ -84.485315, 44.77251 ], [ -84.485632, 44.772488 ], [ -84.48597, 44.772559 ], [ -84.486556, 44.77291 ], [ -84.486888, 44.773146 ], [ -84.487143, 44.773382 ], [ -84.48726, 44.773932 ], [ -84.488257, 44.774988 ], [ -84.488743, 44.775451 ], [ -84.489168, 44.775731 ], [ -84.489514, 44.775828 ], [ -84.489822, 44.775838 ], [ -84.490168, 44.775771 ], [ -84.490553, 44.775572 ], [ -84.490837, 44.775462 ], [ -84.491391, 44.775372 ], [ -84.491883, 44.775338 ], [ -84.492052, 44.775211 ], [ -84.492306, 44.774941 ], [ -84.492643, 44.7746 ], [ -84.493228, 44.774441 ], [ -84.493666, 44.774016 ], [ -84.493934, 44.773664 ], [ -84.495113, 44.773482 ], [ -84.495126, 44.772914 ], [ -84.495279, 44.772584 ], [ -84.495602, 44.772358 ], [ -84.49637, 44.77201 ], [ -84.496608, 44.771586 ], [ -84.497, 44.771415 ], [ -84.497415, 44.771255 ], [ -84.497646, 44.771007 ], [ -84.497984, 44.770858 ], [ -84.498361, 44.770731 ], [ -84.498707, 44.770593 ], [ -84.499092, 44.770543 ], [ -84.499461, 44.770504 ], [ -84.500047, 44.770682 ], [ -84.50081, 44.770576 ], [ -84.501266, 44.770532 ], [ -84.501591, 44.77038 ], [ -84.503459, 44.77116 ], [ -84.503853, 44.771439 ], [ -84.504379, 44.771839 ], [ -84.50492, 44.772129 ], [ -84.505371, 44.77256 ], [ -84.505149, 44.784918 ], [ -84.506162, 44.784916 ], [ -84.508847, 44.784909 ], [ -84.510433, 44.784945 ], [ -84.510717, 44.784937 ], [ -84.512169, 44.784921 ], [ -84.512428, 44.784877 ], [ -84.51322, 44.784881 ], [ -84.513365, 44.784898 ], [ -84.513657, 44.784931 ], [ -84.513832, 44.784943 ], [ -84.514156, 44.784953 ], [ -84.516116, 44.784902 ], [ -84.516243, 44.784899 ], [ -84.516573, 44.78491 ], [ -84.51733, 44.78491 ], [ -84.517592, 44.784939 ], [ -84.5178, 44.784948 ], [ -84.517932, 44.784924 ], [ -84.518096, 44.784901 ], [ -84.518227, 44.784912 ], [ -84.518394, 44.78494 ], [ -84.518534, 44.784942 ], [ -84.518689, 44.784911 ], [ -84.51877, 44.784922 ], [ -84.518846, 44.78496 ], [ -84.518945, 44.784982 ], [ -84.519136, 44.785002 ], [ -84.519323, 44.784992 ], [ -84.519572, 44.784984 ], [ -84.519776, 44.784969 ], [ -84.520077, 44.784916 ], [ -84.520214, 44.784912 ], [ -84.520409, 44.78493 ], [ -84.520521, 44.784949 ], [ -84.520882, 44.784945 ], [ -84.521086, 44.784926 ], [ -84.521328, 44.784893 ], [ -84.52149, 44.784878 ], [ -84.521619, 44.784878 ], [ -84.521945, 44.784905 ], [ -84.522273, 44.784919 ], [ -84.522792, 44.784914 ], [ -84.522943, 44.784931 ], [ -84.52311, 44.784944 ], [ -84.523621, 44.784947 ], [ -84.52372, 44.784937 ], [ -84.523813, 44.784915 ], [ -84.523856, 44.784919 ], [ -84.523942, 44.784944 ], [ -84.524046, 44.784956 ], [ -84.524481, 44.784943 ], [ -84.524748, 44.784958 ], [ -84.52471, 44.779803 ], [ -84.524692, 44.77033 ], [ -84.527661, 44.770404 ], [ -84.528525, 44.770425 ], [ -84.536189, 44.770616 ], [ -84.553172, 44.77069 ], [ -84.56802, 44.770478 ], [ -84.570171, 44.770323 ], [ -84.574771, 44.770208 ], [ -84.575366, 44.770215 ], [ -84.575425, 44.767574 ], [ -84.575711, 44.756851 ], [ -84.575929, 44.751219 ], [ -84.575951, 44.749948 ], [ -84.57607, 44.747756 ], [ -84.576183, 44.744745 ], [ -84.576193, 44.744139 ], [ -84.576242, 44.742499 ], [ -84.576623, 44.731049 ], [ -84.576728, 44.727981 ], [ -84.576743, 44.727583 ], [ -84.576908, 44.71833 ], [ -84.576897, 44.713397 ], [ -84.587043, 44.713336 ], [ -84.587039, 44.708399 ], [ -84.587034, 44.701378 ], [ -84.586409, 44.701194 ], [ -84.586046, 44.701013 ], [ -84.585661, 44.70086 ], [ -84.584319, 44.700687 ], [ -84.581608, 44.700826 ], [ -84.580644, 44.700938 ], [ -84.579904, 44.700896 ], [ -84.579472, 44.700616 ], [ -84.579216, 44.700336 ] ], [ [ -84.267089, 41.439564 ], [ -84.267085, 41.439194 ], [ -84.267085, 41.438659 ], [ -84.267075, 41.438632 ], [ -84.267066, 41.438619 ], [ -84.267047, 41.438602 ], [ -84.267027, 41.438581 ], [ -84.267017, 41.438554 ], [ -84.267011, 41.438522 ], [ -84.26701, 41.438141 ], [ -84.267005, 41.437599 ], [ -84.267007, 41.437166 ], [ -84.267012, 41.436892 ], [ -84.267019, 41.436782 ], [ -84.267053, 41.436681 ], [ -84.267072, 41.43663 ], [ -84.267076, 41.436592 ], [ -84.267078, 41.436491 ], [ -84.267075, 41.436244 ], [ -84.267069, 41.435995 ], [ -84.26707, 41.43575 ], [ -84.267062, 41.435502 ], [ -84.267058, 41.435069 ], [ -84.267062, 41.434907 ], [ -84.267055, 41.434893 ], [ -84.267046, 41.434882 ], [ -84.267029, 41.43488 ], [ -84.266535, 41.434908 ], [ -84.26635, 41.434911 ], [ -84.26629, 41.434901 ], [ -84.266187, 41.434873 ], [ -84.265643, 41.434677 ], [ -84.264913, 41.434485 ], [ -84.264683, 41.434248 ], [ -84.26421, 41.433754 ], [ -84.263827, 41.433358 ], [ -84.263754, 41.433301 ], [ -84.263695, 41.433263 ], [ -84.263604, 41.433224 ], [ -84.263558, 41.433214 ], [ -84.26348, 41.43321 ], [ -84.2634, 41.433214 ], [ -84.263226, 41.433225 ], [ -84.262816, 41.433254 ], [ -84.262643, 41.433259 ], [ -84.262631, 41.433259 ], [ -84.262252, 41.433259 ], [ -84.262107, 41.433254 ], [ -84.26174, 41.433241 ], [ -84.261494, 41.43325 ], [ -84.261059, 41.433249 ], [ -84.260951, 41.433248 ], [ -84.260777, 41.433235 ], [ -84.260667, 41.433229 ], [ -84.260551, 41.433233 ], [ -84.259859, 41.433281 ], [ -84.259397, 41.433308 ], [ -84.259324, 41.433307 ], [ -84.259126, 41.433298 ], [ -84.258569, 41.433289 ], [ -84.258394, 41.433281 ], [ -84.258229, 41.43326 ], [ -84.25799, 41.43324 ], [ -84.257664, 41.433223 ], [ -84.25756, 41.433211 ], [ -84.257497, 41.433193 ], [ -84.257459, 41.433183 ], [ -84.25744, 41.433166 ], [ -84.257424, 41.433149 ], [ -84.257415, 41.433118 ], [ -84.257408, 41.433061 ], [ -84.257422, 41.43256 ], [ -84.257422, 41.432362 ], [ -84.257418, 41.432281 ], [ -84.257406, 41.432213 ], [ -84.257382, 41.432097 ], [ -84.257373, 41.431974 ], [ -84.257378, 41.431687 ], [ -84.257371, 41.431532 ], [ -84.257362, 41.431466 ], [ -84.257347, 41.431416 ], [ -84.257322, 41.431365 ], [ -84.257273, 41.43127 ], [ -84.2572, 41.431175 ], [ -84.257143, 41.431084 ], [ -84.257114, 41.431019 ], [ -84.257066, 41.43093 ], [ -84.257002, 41.430805 ], [ -84.256988, 41.430741 ], [ -84.256971, 41.430671 ], [ -84.256928, 41.430553 ], [ -84.256874, 41.430437 ], [ -84.256846, 41.430407 ], [ -84.256815, 41.430388 ], [ -84.256733, 41.430366 ], [ -84.256687, 41.430356 ], [ -84.256554, 41.43036 ], [ -84.256334, 41.43038 ], [ -84.256254, 41.430384 ], [ -84.256195, 41.43039 ], [ -84.256134, 41.43039 ], [ -84.256055, 41.430383 ], [ -84.255558, 41.430355 ], [ -84.255022, 41.430329 ], [ -84.254554, 41.430309 ], [ -84.254381, 41.430304 ], [ -84.254267, 41.430302 ], [ -84.254084, 41.430301 ], [ -84.253999, 41.430295 ], [ -84.253936, 41.430292 ], [ -84.253865, 41.430287 ], [ -84.253799, 41.430285 ], [ -84.253746, 41.430291 ], [ -84.253561, 41.430326 ], [ -84.253496, 41.430342 ], [ -84.253391, 41.430361 ], [ -84.253229, 41.430386 ], [ -84.253032, 41.430352 ], [ -84.252091, 41.430365 ], [ -84.25151, 41.430445 ], [ -84.250618, 41.430638 ], [ -84.250472, 41.430653 ], [ -84.249957, 41.43071 ], [ -84.249339, 41.43075 ], [ -84.248022, 41.430841 ], [ -84.247965, 41.430834 ], [ -84.247927, 41.430822 ], [ -84.247883, 41.430798 ], [ -84.247851, 41.43077 ], [ -84.247827, 41.430725 ], [ -84.247812, 41.429799 ], [ -84.247752, 41.429801 ], [ -84.247769, 41.431536 ], [ -84.247785, 41.433478 ], [ -84.24779, 41.436418 ], [ -84.248308, 41.436499 ], [ -84.248562, 41.436539 ], [ -84.24941, 41.436675 ], [ -84.250677, 41.43688 ], [ -84.25114, 41.436953 ], [ -84.251748, 41.43705 ], [ -84.251987, 41.437085 ], [ -84.252544, 41.43717 ], [ -84.252599, 41.43764 ], [ -84.252235, 41.437626 ], [ -84.252235, 41.43791 ], [ -84.251239, 41.437998 ], [ -84.251232, 41.438692 ], [ -84.251432, 41.438998 ], [ -84.25237, 41.439229 ], [ -84.253412, 41.438691 ], [ -84.254279, 41.438682 ], [ -84.255047, 41.438674 ], [ -84.254769, 41.438815 ], [ -84.254087, 41.439151 ], [ -84.253488, 41.439439 ], [ -84.253273, 41.439544 ], [ -84.252859, 41.439745 ], [ -84.252469, 41.439946 ], [ -84.252139, 41.440111 ], [ -84.252009, 41.440169 ], [ -84.251736, 41.440298 ], [ -84.251361, 41.440495 ], [ -84.251096, 41.440641 ], [ -84.250779, 41.440858 ], [ -84.250488, 41.441071 ], [ -84.250261, 41.441247 ], [ -84.250135, 41.441355 ], [ -84.249726, 41.441694 ], [ -84.24959, 41.441809 ], [ -84.249398, 41.441972 ], [ -84.24912, 41.442201 ], [ -84.248905, 41.442361 ], [ -84.248051, 41.443336 ], [ -84.247654, 41.443772 ], [ -84.247478, 41.443975 ], [ -84.247427, 41.444026 ], [ -84.247056, 41.444438 ], [ -84.246753, 41.444787 ], [ -84.246414, 41.445171 ], [ -84.24612, 41.445508 ], [ -84.245913, 41.445739 ], [ -84.245751, 41.445922 ], [ -84.245648, 41.446033 ], [ -84.245394, 41.446323 ], [ -84.244012, 41.448005 ], [ -84.243677, 41.448419 ], [ -84.243662, 41.448436 ], [ -84.244886, 41.448492 ], [ -84.244981, 41.44836 ], [ -84.245339, 41.447863 ], [ -84.245357, 41.447849 ], [ -84.245375, 41.447841 ], [ -84.245398, 41.447836 ], [ -84.245419, 41.447836 ], [ -84.245493, 41.447862 ], [ -84.245736, 41.447978 ], [ -84.245858, 41.44801 ], [ -84.24592, 41.448008 ], [ -84.245975, 41.447982 ], [ -84.246015, 41.447954 ], [ -84.246341, 41.447582 ], [ -84.246404, 41.447501 ], [ -84.246532, 41.447318 ], [ -84.246725, 41.446985 ], [ -84.246839, 41.446754 ], [ -84.246913, 41.446513 ], [ -84.246979, 41.446186 ], [ -84.247036, 41.445943 ], [ -84.24707, 41.445891 ], [ -84.247143, 41.445805 ], [ -84.247326, 41.445605 ], [ -84.247628, 41.445312 ], [ -84.247829, 41.445174 ], [ -84.247909, 41.445137 ], [ -84.248023, 41.445051 ], [ -84.248228, 41.444866 ], [ -84.248387, 41.444648 ], [ -84.248479, 41.444416 ], [ -84.248578, 41.444248 ], [ -84.248976, 41.44424 ], [ -84.250022, 41.444242 ], [ -84.251169, 41.444238 ], [ -84.25149, 41.444234 ], [ -84.251572, 41.444245 ], [ -84.251608, 41.444259 ], [ -84.251646, 41.444302 ], [ -84.251781, 41.44457 ], [ -84.251859, 41.444634 ], [ -84.251931, 41.444661 ], [ -84.252031, 41.444659 ], [ -84.252189, 41.444665 ], [ -84.252264, 41.444687 ], [ -84.252581, 41.444825 ], [ -84.252731, 41.44492 ], [ -84.253056, 41.445244 ], [ -84.25327, 41.445432 ], [ -84.253599, 41.445752 ], [ -84.253839, 41.445904 ], [ -84.253984, 41.445974 ], [ -84.254678, 41.446192 ], [ -84.255194, 41.446353 ], [ -84.255337, 41.446409 ], [ -84.255446, 41.446457 ], [ -84.255514, 41.446521 ], [ -84.255675, 41.446818 ], [ -84.255768, 41.446998 ], [ -84.255877, 41.447177 ], [ -84.256144, 41.447433 ], [ -84.256306, 41.447606 ], [ -84.256517, 41.447794 ], [ -84.256855, 41.448015 ], [ -84.25697, 41.448137 ], [ -84.257045, 41.448366 ], [ -84.25706, 41.448524 ], [ -84.2571, 41.448552 ], [ -84.2572, 41.448569 ], [ -84.257331, 41.448569 ], [ -84.257508, 41.448558 ], [ -84.257506, 41.447807 ], [ -84.257502, 41.447647 ], [ -84.25749, 41.447281 ], [ -84.257491, 41.447048 ], [ -84.25748, 41.446147 ], [ -84.257447, 41.442808 ], [ -84.257443, 41.442319 ], [ -84.257438, 41.441886 ], [ -84.257441, 41.441418 ], [ -84.257445, 41.440351 ], [ -84.257444, 41.440168 ], [ -84.259153, 41.440113 ], [ -84.259228, 41.438306 ], [ -84.259605, 41.438412 ], [ -84.260644, 41.438693 ], [ -84.261383, 41.438895 ], [ -84.261605, 41.438958 ], [ -84.262287, 41.439146 ], [ -84.262483, 41.439202 ], [ -84.263228, 41.439405 ], [ -84.263787, 41.439564 ], [ -84.263904, 41.4396 ], [ -84.264739, 41.439837 ], [ -84.265357, 41.440021 ], [ -84.265787, 41.44014 ], [ -84.265865, 41.440164 ], [ -84.267017, 41.440502 ], [ -84.267087, 41.440524 ], [ -84.267098, 41.440089 ], [ -84.267094, 41.439998 ], [ -84.267088, 41.439825 ], [ -84.267089, 41.439564 ] ], [ [ -84.287278, 45.186069 ], [ -84.287182, 45.185993 ], [ -84.286623, 45.185537 ], [ -84.285811, 45.184852 ], [ -84.285174, 45.184348 ], [ -84.284491, 45.183789 ], [ -84.284291, 45.183662 ], [ -84.282732, 45.182719 ], [ -84.282237, 45.182314 ], [ -84.282109, 45.182172 ], [ -84.282019, 45.18202 ], [ -84.281876, 45.181747 ], [ -84.281696, 45.181333 ], [ -84.281548, 45.181134 ], [ -84.281379, 45.180869 ], [ -84.281223, 45.180648 ], [ -84.280842, 45.180132 ], [ -84.28073, 45.179928 ], [ -84.280674, 45.179742 ], [ -84.280635, 45.179434 ], [ -84.280636, 45.179049 ], [ -84.280628, 45.178951 ], [ -84.280595, 45.178745 ], [ -84.280551, 45.178557 ], [ -84.28045, 45.178245 ], [ -84.280056, 45.17711 ], [ -84.279757, 45.176183 ], [ -84.279498, 45.175464 ], [ -84.27927, 45.174776 ], [ -84.279194, 45.174592 ], [ -84.279171, 45.174482 ], [ -84.27918, 45.174377 ], [ -84.27922, 45.174296 ], [ -84.279287, 45.174211 ], [ -84.279419, 45.174061 ], [ -84.280175, 45.17315 ], [ -84.280639, 45.172606 ], [ -84.280745, 45.172452 ], [ -84.2808, 45.172318 ], [ -84.280543, 45.172061 ], [ -84.279839, 45.171624 ], [ -84.279068, 45.171241 ], [ -84.278069, 45.170515 ], [ -84.277129, 45.169927 ], [ -84.277027, 45.169846 ], [ -84.27676, 45.169634 ], [ -84.276244, 45.169284 ], [ -84.275517, 45.16883 ], [ -84.275445, 45.168591 ], [ -84.274899, 45.168149 ], [ -84.274418, 45.167514 ], [ -84.273669, 45.166481 ], [ -84.273129, 45.165487 ], [ -84.272487, 45.16462 ], [ -84.272206, 45.164075 ], [ -84.271497, 45.162971 ], [ -84.270782, 45.162413 ], [ -84.269845, 45.161616 ], [ -84.269285, 45.160942 ], [ -84.268911, 45.160367 ], [ -84.268904, 45.160329 ], [ -84.267567, 45.159816 ], [ -84.266439, 45.159343 ], [ -84.265883, 45.159075 ], [ -84.265487, 45.158567 ], [ -84.265202, 45.158379 ], [ -84.264415, 45.158132 ], [ -84.26404, 45.157723 ], [ -84.263841, 45.157233 ], [ -84.263435, 45.156797 ], [ -84.261733, 45.155374 ], [ -84.260755, 45.154461 ], [ -84.260443, 45.153899 ], [ -84.260184, 45.153365 ], [ -84.259266, 45.153066 ], [ -84.258493, 45.152966 ], [ -84.258796, 45.152777 ], [ -84.259092, 45.152625 ], [ -84.259534, 45.152145 ], [ -84.258496, 45.150488 ], [ -84.257895, 45.149361 ], [ -84.257854, 45.148844 ], [ -84.258014, 45.147822 ], [ -84.258208, 45.145982 ], [ -84.258209, 45.145257 ], [ -84.258224, 45.144586 ], [ -84.258254, 45.143877 ], [ -84.258197, 45.143574 ], [ -84.257662, 45.14295 ], [ -84.257324, 45.14247 ], [ -84.257249, 45.141941 ], [ -84.257397, 45.141469 ], [ -84.257425, 45.141195 ], [ -84.257, 45.140341 ], [ -84.256437, 45.139325 ], [ -84.256355, 45.138765 ], [ -84.256441, 45.137658 ], [ -84.256948, 45.136962 ], [ -84.256988, 45.136209 ], [ -84.257462, 45.135425 ], [ -84.258182, 45.134747 ], [ -84.25883, 45.134316 ], [ -84.258858, 45.133904 ], [ -84.258622, 45.133628 ], [ -84.258141, 45.133531 ], [ -84.25782, 45.13319 ], [ -84.257274, 45.132583 ], [ -84.256731, 45.132333 ], [ -84.255348, 45.132061 ], [ -84.254369, 45.131863 ], [ -84.254278, 45.131783 ], [ -84.25395, 45.131493 ], [ -84.253229, 45.131417 ], [ -84.252357, 45.1315 ], [ -84.251796, 45.13154 ], [ -84.250717, 45.131479 ], [ -84.249997, 45.131353 ], [ -84.249747, 45.131201 ], [ -84.249335, 45.131101 ], [ -84.248901, 45.13096 ], [ -84.248437, 45.130697 ], [ -84.248034, 45.130484 ], [ -84.247779, 45.130261 ], [ -84.247571, 45.129995 ], [ -84.247433, 45.129584 ], [ -84.247202, 45.129197 ], [ -84.246924, 45.128819 ], [ -84.246532, 45.128405 ], [ -84.246355, 45.128168 ], [ -84.245985, 45.127899 ], [ -84.245514, 45.127585 ], [ -84.245166, 45.127419 ], [ -84.244508, 45.127193 ], [ -84.244043, 45.127049 ], [ -84.24354, 45.126856 ], [ -84.243059, 45.126681 ], [ -84.242641, 45.126613 ], [ -84.242246, 45.126653 ], [ -84.241842, 45.126729 ], [ -84.241275, 45.12692 ], [ -84.240834, 45.126745 ], [ -84.24047, 45.126547 ], [ -84.240425, 45.12631 ], [ -84.240364, 45.126063 ], [ -84.240365, 45.125821 ], [ -84.24025, 45.125436 ], [ -84.240239, 45.1251 ], [ -84.239985, 45.124888 ], [ -84.239883, 45.124816 ], [ -84.239756, 45.124735 ], [ -84.239636, 45.124606 ], [ -84.239578, 45.124491 ], [ -84.239439, 45.12429 ], [ -84.239402, 45.124121 ], [ -84.239421, 45.123972 ], [ -84.239354, 45.123853 ], [ -84.239194, 45.123734 ], [ -84.23909, 45.123615 ], [ -84.238991, 45.123452 ], [ -84.238923, 45.123283 ], [ -84.238902, 45.123091 ], [ -84.238805, 45.122972 ], [ -84.238684, 45.122864 ], [ -84.238454, 45.122687 ], [ -84.238201, 45.122532 ], [ -84.237988, 45.122448 ], [ -84.237776, 45.122358 ], [ -84.237415, 45.122237 ], [ -84.23703, 45.12209 ], [ -84.23658, 45.121911 ], [ -84.235831, 45.121747 ], [ -84.234648, 45.12141 ], [ -84.234281, 45.121339 ], [ -84.233782, 45.121309 ], [ -84.233441, 45.121271 ], [ -84.232646, 45.12119 ], [ -84.232229, 45.121043 ], [ -84.23164, 45.121026 ], [ -84.230604, 45.120933 ], [ -84.230321, 45.120822 ], [ -84.229937, 45.120735 ], [ -84.22953, 45.12061 ], [ -84.229237, 45.12045 ], [ -84.228956, 45.120382 ], [ -84.228753, 45.120347 ], [ -84.228471, 45.120275 ], [ -84.228234, 45.120158 ], [ -84.227997, 45.120019 ], [ -84.227729, 45.119881 ], [ -84.227499, 45.119753 ], [ -84.227332, 45.119635 ], [ -84.227173, 45.119511 ], [ -84.226983, 45.119382 ], [ -84.226806, 45.119215 ], [ -84.226662, 45.119064 ], [ -84.226473, 45.118979 ], [ -84.226285, 45.118927 ], [ -84.226066, 45.118876 ], [ -84.225768, 45.118782 ], [ -84.225579, 45.118708 ], [ -84.225404, 45.118579 ], [ -84.225115, 45.118282 ], [ -84.224826, 45.117996 ], [ -84.224385, 45.117783 ], [ -84.224051, 45.117536 ], [ -84.22365, 45.117169 ], [ -84.223392, 45.117097 ], [ -84.223176, 45.117122 ], [ -84.22289, 45.117182 ], [ -84.222539, 45.117341 ], [ -84.222254, 45.117423 ], [ -84.222054, 45.117453 ], [ -84.221704, 45.117437 ], [ -84.221391, 45.117371 ], [ -84.221288, 45.117296 ], [ -84.221118, 45.11709 ], [ -84.220758, 45.11675 ], [ -84.22033, 45.116257 ], [ -84.220246, 45.11605 ], [ -84.220226, 45.115682 ], [ -84.220165, 45.115486 ], [ -84.219585, 45.114831 ], [ -84.219087, 45.114318 ], [ -84.218896, 45.114167 ], [ -84.218522, 45.113893 ], [ -84.218064, 45.113417 ], [ -84.217764, 45.113257 ], [ -84.217281, 45.113199 ], [ -84.217112, 45.113241 ], [ -84.216844, 45.11336 ], [ -84.216625, 45.11332 ], [ -84.216454, 45.113278 ], [ -84.216365, 45.113192 ], [ -84.216346, 45.113026 ], [ -84.205605, 45.112967 ], [ -84.202607, 45.112986 ], [ -84.200999, 45.114222 ], [ -84.200705, 45.114422 ], [ -84.200514, 45.114521 ], [ -84.200318, 45.114558 ], [ -84.200118, 45.114572 ], [ -84.199899, 45.114555 ], [ -84.199601, 45.11448 ], [ -84.199314, 45.114365 ], [ -84.1991, 45.114266 ], [ -84.198976, 45.11438 ], [ -84.198663, 45.114528 ], [ -84.198483, 45.114492 ], [ -84.198292, 45.114577 ], [ -84.198178, 45.114887 ], [ -84.197799, 45.115184 ], [ -84.197821, 45.115386 ], [ -84.197804, 45.115568 ], [ -84.197546, 45.115748 ], [ -84.197231, 45.115835 ], [ -84.196775, 45.115881 ], [ -84.196285, 45.116102 ], [ -84.196386, 45.116584 ], [ -84.196304, 45.116776 ], [ -84.196127, 45.117192 ], [ -84.195842, 45.117493 ], [ -84.195633, 45.117518 ], [ -84.194929, 45.117359 ], [ -84.194772, 45.117543 ], [ -84.194692, 45.117709 ], [ -84.194578, 45.11776 ], [ -84.194422, 45.117729 ], [ -84.194316, 45.117819 ], [ -84.194346, 45.118033 ], [ -84.194406, 45.118202 ], [ -84.194424, 45.11852 ], [ -84.194638, 45.119389 ], [ -84.194752, 45.119547 ], [ -84.194671, 45.119663 ], [ -84.194348, 45.119762 ], [ -84.19422, 45.119879 ], [ -84.194222, 45.119945 ], [ -84.194486, 45.120187 ], [ -84.194543, 45.120499 ], [ -84.194885, 45.12101 ], [ -84.195125, 45.121226 ], [ -84.195572, 45.121372 ], [ -84.195659, 45.121651 ], [ -84.195691, 45.121708 ], [ -84.195766, 45.121841 ], [ -84.196161, 45.122065 ], [ -84.19664, 45.122003 ], [ -84.197078, 45.121875 ], [ -84.197398, 45.121694 ], [ -84.198067, 45.121486 ], [ -84.198315, 45.121493 ], [ -84.198531, 45.121457 ], [ -84.199145, 45.120772 ], [ -84.199358, 45.120631 ], [ -84.199608, 45.120666 ], [ -84.199831, 45.120849 ], [ -84.200238, 45.120957 ], [ -84.200512, 45.120547 ], [ -84.200633, 45.120446 ], [ -84.200798, 45.120385 ], [ -84.201039, 45.120297 ], [ -84.201305, 45.120128 ], [ -84.201456, 45.119988 ], [ -84.201881, 45.119932 ], [ -84.202165, 45.120087 ], [ -84.202357, 45.120276 ], [ -84.202426, 45.120483 ], [ -84.202572, 45.120662 ], [ -84.20277, 45.120791 ], [ -84.203463, 45.120862 ], [ -84.204112, 45.121011 ], [ -84.204335, 45.121188 ], [ -84.204913, 45.121761 ], [ -84.205407, 45.122154 ], [ -84.205528, 45.122213 ], [ -84.205376, 45.127404 ], [ -84.205446, 45.127712 ], [ -84.20551, 45.129009 ], [ -84.205512, 45.131435 ], [ -84.20554, 45.137027 ], [ -84.205592, 45.145057 ], [ -84.205614, 45.14684 ], [ -84.205521, 45.147631 ], [ -84.205748, 45.147607 ], [ -84.205911, 45.147817 ], [ -84.206118, 45.148085 ], [ -84.206381, 45.148234 ], [ -84.20673, 45.148333 ], [ -84.207117, 45.148482 ], [ -84.207549, 45.148862 ], [ -84.207937, 45.148912 ], [ -84.208115, 45.148979 ], [ -84.208261, 45.149171 ], [ -84.208346, 45.149281 ], [ -84.208749, 45.149287 ], [ -84.209524, 45.149476 ], [ -84.210137, 45.149399 ], [ -84.211261, 45.149766 ], [ -84.211772, 45.14991 ], [ -84.212243, 45.150323 ], [ -84.212754, 45.150555 ], [ -84.212947, 45.150616 ], [ -84.213317, 45.15094 ], [ -84.213261, 45.151209 ], [ -84.21319, 45.15138 ], [ -84.213484, 45.151545 ], [ -84.213482, 45.151554 ], [ -84.213435, 45.151836 ], [ -84.213236, 45.152056 ], [ -84.213217, 45.152077 ], [ -84.21317, 45.152181 ], [ -84.213346, 45.152456 ], [ -84.213104, 45.152758 ], [ -84.213312, 45.153013 ], [ -84.213169, 45.153326 ], [ -84.212612, 45.153495 ], [ -84.212572, 45.15381 ], [ -84.212826, 45.154187 ], [ -84.212839, 45.154635 ], [ -84.212713, 45.155104 ], [ -84.212502, 45.155562 ], [ -84.212695, 45.155734 ], [ -84.212927, 45.155863 ], [ -84.213189, 45.156139 ], [ -84.21332, 45.156381 ], [ -84.213266, 45.156546 ], [ -84.213001, 45.156705 ], [ -84.212488, 45.157115 ], [ -84.212418, 45.157302 ], [ -84.212364, 45.157703 ], [ -84.212893, 45.158203 ], [ -84.213298, 45.158297 ], [ -84.213547, 45.15843 ], [ -84.213571, 45.158616 ], [ -84.213556, 45.158891 ], [ -84.213688, 45.159193 ], [ -84.214249, 45.159798 ], [ -84.214296, 45.160177 ], [ -84.21453, 45.160216 ], [ -84.214841, 45.160134 ], [ -84.215386, 45.160234 ], [ -84.215464, 45.160322 ], [ -84.21548, 45.160575 ], [ -84.215737, 45.160833 ], [ -84.215885, 45.161031 ], [ -84.21615, 45.161048 ], [ -84.21629, 45.161158 ], [ -84.216352, 45.161323 ], [ -84.2165, 45.161417 ], [ -84.21682, 45.161478 ], [ -84.217107, 45.161638 ], [ -84.217734, 45.162061 ], [ -84.218114, 45.162084 ], [ -84.218539, 45.162321 ], [ -84.218753, 45.162563 ], [ -84.218804, 45.162777 ], [ -84.219107, 45.162965 ], [ -84.219852, 45.163351 ], [ -84.220356, 45.163683 ], [ -84.220521, 45.163792 ], [ -84.22083, 45.164341 ], [ -84.221285, 45.164886 ], [ -84.221633, 45.165172 ], [ -84.222196, 45.165958 ], [ -84.222634, 45.166244 ], [ -84.222685, 45.166492 ], [ -84.222435, 45.166804 ], [ -84.222347, 45.167007 ], [ -84.222509, 45.167073 ], [ -84.222807, 45.167249 ], [ -84.222906, 45.167409 ], [ -84.22278, 45.167601 ], [ -84.222523, 45.167798 ], [ -84.22249, 45.168007 ], [ -84.222594, 45.168287 ], [ -84.222575, 45.168589 ], [ -84.222034, 45.168698 ], [ -84.221755, 45.168829 ], [ -84.221328, 45.168987 ], [ -84.221172, 45.16913 ], [ -84.221108, 45.169344 ], [ -84.22116, 45.169541 ], [ -84.221434, 45.169805 ], [ -84.221416, 45.170074 ], [ -84.221517, 45.17057 ], [ -84.221514, 45.170588 ], [ -84.221461, 45.170799 ], [ -84.221536, 45.171008 ], [ -84.221441, 45.171173 ], [ -84.220975, 45.171391 ], [ -84.220973, 45.171616 ], [ -84.2209, 45.171874 ], [ -84.220735, 45.172138 ], [ -84.220477, 45.172423 ], [ -84.220475, 45.17254 ], [ -84.220472, 45.172812 ], [ -84.220684, 45.173027 ], [ -84.220862, 45.173082 ], [ -84.221527, 45.173539 ], [ -84.222058, 45.173791 ], [ -84.222433, 45.173969 ], [ -84.222488, 45.174182 ], [ -84.22268, 45.174205 ], [ -84.222887, 45.174349 ], [ -84.223441, 45.174992 ], [ -84.223665, 45.175307 ], [ -84.223734, 45.175322 ], [ -84.223989, 45.175532 ], [ -84.224322, 45.175719 ], [ -84.225198, 45.175974 ], [ -84.225499, 45.176299 ], [ -84.225801, 45.176503 ], [ -84.226282, 45.176515 ], [ -84.22667, 45.176669 ], [ -84.226886, 45.176867 ], [ -84.226954, 45.17699 ], [ -84.227048, 45.177159 ], [ -84.22722, 45.177287 ], [ -84.227579, 45.177555 ], [ -84.227662, 45.178016 ], [ -84.227947, 45.178423 ], [ -84.228356, 45.17894 ], [ -84.22879, 45.179248 ], [ -84.228703, 45.179692 ], [ -84.228583, 45.180082 ], [ -84.228603, 45.180312 ], [ -84.228856, 45.180736 ], [ -84.228531, 45.181284 ], [ -84.228719, 45.181306 ], [ -84.22886, 45.181377 ], [ -84.229149, 45.181471 ], [ -84.229397, 45.181516 ], [ -84.229684, 45.1815 ], [ -84.229956, 45.181335 ], [ -84.230082, 45.181023 ], [ -84.230347, 45.18081 ], [ -84.230666, 45.180613 ], [ -84.231032, 45.180267 ], [ -84.231258, 45.179889 ], [ -84.231365, 45.179565 ], [ -84.231467, 45.17922 ], [ -84.231793, 45.179012 ], [ -84.232127, 45.178924 ], [ -84.232619, 45.178936 ], [ -84.23314, 45.179019 ], [ -84.233674, 45.179125 ], [ -84.234116, 45.179241 ], [ -84.234418, 45.179351 ], [ -84.234731, 45.179591 ], [ -84.234641, 45.179614 ], [ -84.23426, 45.179762 ], [ -84.233684, 45.180266 ], [ -84.233248, 45.18048 ], [ -84.23296, 45.180683 ], [ -84.232788, 45.181072 ], [ -84.232756, 45.181324 ], [ -84.232847, 45.181511 ], [ -84.232567, 45.181834 ], [ -84.232278, 45.182158 ], [ -84.231841, 45.182712 ], [ -84.231328, 45.18304 ], [ -84.231418, 45.183408 ], [ -84.231331, 45.183798 ], [ -84.231328, 45.18438 ], [ -84.231615, 45.184414 ], [ -84.232003, 45.184596 ], [ -84.23232, 45.184726 ], [ -84.232599, 45.184894 ], [ -84.23286, 45.185114 ], [ -84.232987, 45.18521 ], [ -84.232826, 45.185468 ], [ -84.232723, 45.185676 ], [ -84.23261, 45.185968 ], [ -84.232624, 45.186243 ], [ -84.232798, 45.186558 ], [ -84.233486, 45.187336 ], [ -84.233811, 45.187668 ], [ -84.234039, 45.188001 ], [ -84.234267, 45.188355 ], [ -84.234473, 45.188453 ], [ -84.234782, 45.1885 ], [ -84.235102, 45.188498 ], [ -84.234952, 45.188624 ], [ -84.234914, 45.188691 ], [ -84.234857, 45.188758 ], [ -84.234821, 45.188838 ], [ -84.234772, 45.188892 ], [ -84.234734, 45.188963 ], [ -84.234635, 45.189065 ], [ -84.23458, 45.189108 ], [ -84.234548, 45.189137 ], [ -84.234453, 45.189239 ], [ -84.234356, 45.189345 ], [ -84.234263, 45.189405 ], [ -84.23412, 45.189516 ], [ -84.23382, 45.189792 ], [ -84.233718, 45.189912 ], [ -84.233612, 45.190035 ], [ -84.233559, 45.190102 ], [ -84.233505, 45.190169 ], [ -84.233438, 45.190288 ], [ -84.233405, 45.190351 ], [ -84.233377, 45.190406 ], [ -84.233342, 45.190467 ], [ -84.233301, 45.190523 ], [ -84.233175, 45.1907 ], [ -84.233122, 45.190787 ], [ -84.233054, 45.190894 ], [ -84.23287, 45.191023 ], [ -84.232634, 45.191157 ], [ -84.232291, 45.191323 ], [ -84.232105, 45.19144 ], [ -84.231966, 45.191529 ], [ -84.231624, 45.191794 ], [ -84.231302, 45.192035 ], [ -84.230964, 45.192298 ], [ -84.230464, 45.192657 ], [ -84.23036, 45.192748 ], [ -84.230245, 45.192951 ], [ -84.230111, 45.193159 ], [ -84.229988, 45.193272 ], [ -84.229863, 45.193389 ], [ -84.229726, 45.193544 ], [ -84.229591, 45.193801 ], [ -84.22943, 45.194109 ], [ -84.229275, 45.194308 ], [ -84.229088, 45.194488 ], [ -84.228964, 45.19458 ], [ -84.22871, 45.194699 ], [ -84.228432, 45.194791 ], [ -84.228096, 45.194871 ], [ -84.227901, 45.194938 ], [ -84.227687, 45.195034 ], [ -84.227541, 45.195122 ], [ -84.22735, 45.195233 ], [ -84.227242, 45.195334 ], [ -84.227112, 45.195412 ], [ -84.22704, 45.195449 ], [ -84.226946, 45.195525 ], [ -84.226785, 45.195816 ], [ -84.226354, 45.195809 ], [ -84.225685, 45.195792 ], [ -84.223746, 45.195696 ], [ -84.222593, 45.195651 ], [ -84.222151, 45.195643 ], [ -84.221815, 45.195673 ], [ -84.22139, 45.195743 ], [ -84.220931, 45.195903 ], [ -84.22061, 45.196086 ], [ -84.220296, 45.196367 ], [ -84.22007, 45.196649 ], [ -84.219928, 45.1968 ], [ -84.219406, 45.197269 ], [ -84.219209, 45.197402 ], [ -84.218906, 45.197641 ], [ -84.218706, 45.197864 ], [ -84.218589, 45.198013 ], [ -84.218485, 45.198206 ], [ -84.218419, 45.1984 ], [ -84.218355, 45.19856 ], [ -84.218276, 45.198744 ], [ -84.219462, 45.198741 ], [ -84.224396, 45.198727 ], [ -84.224477, 45.198727 ], [ -84.224557, 45.198727 ], [ -84.22699, 45.19872 ], [ -84.229316, 45.198714 ], [ -84.233756, 45.198702 ], [ -84.241794, 45.198758 ], [ -84.246634, 45.198727 ], [ -84.246654, 45.198718 ], [ -84.266995, 45.198756 ], [ -84.287455, 45.198624 ], [ -84.287402, 45.194176 ], [ -84.287403, 45.192853 ], [ -84.287379, 45.191291 ], [ -84.287373, 45.188608 ], [ -84.287395, 45.187718 ], [ -84.287412, 45.186354 ], [ -84.287378, 45.186217 ], [ -84.287342, 45.186149 ], [ -84.287278, 45.186069 ] ], [ [ -83.585979, 44.573032 ], [ -83.585987, 44.572886 ], [ -83.586001, 44.572766 ], [ -83.586117, 44.572472 ], [ -83.586523, 44.571637 ], [ -83.586544, 44.571595 ], [ -83.586774, 44.571166 ], [ -83.587013, 44.570802 ], [ -83.587117, 44.57068 ], [ -83.587269, 44.570535 ], [ -83.58745, 44.570413 ], [ -83.587786, 44.570202 ], [ -83.588903, 44.56959 ], [ -83.589019, 44.569511 ], [ -83.589213, 44.569335 ], [ -83.58946, 44.56909 ], [ -83.5896, 44.568914 ], [ -83.590288, 44.568068 ], [ -83.590448, 44.567873 ], [ -83.590831, 44.567417 ], [ -83.591215, 44.566925 ], [ -83.591324, 44.566815 ], [ -83.591413, 44.566742 ], [ -83.591433, 44.566731 ], [ -83.591461, 44.566714 ], [ -83.591563, 44.566644 ], [ -83.591932, 44.566399 ], [ -83.592338, 44.566156 ], [ -83.592601, 44.566 ], [ -83.593022, 44.565773 ], [ -83.593271, 44.565618 ], [ -83.593428, 44.565494 ], [ -83.593845, 44.565121 ], [ -83.594374, 44.564598 ], [ -83.594679, 44.564305 ], [ -83.594827, 44.56415 ], [ -83.594908, 44.564067 ], [ -83.595032, 44.563887 ], [ -83.595111, 44.563751 ], [ -83.59521, 44.563531 ], [ -83.595324, 44.563211 ], [ -83.595341, 44.563083 ], [ -83.595396, 44.562699 ], [ -83.595415, 44.562572 ], [ -83.595438, 44.562412 ], [ -83.595493, 44.561948 ], [ -83.595549, 44.561659 ], [ -83.5956, 44.561291 ], [ -83.595667, 44.560989 ], [ -83.595735, 44.56082 ], [ -83.595764, 44.560749 ], [ -83.596071, 44.560035 ], [ -83.596148, 44.559805 ], [ -83.596188, 44.559657 ], [ -83.596203, 44.559483 ], [ -83.596196, 44.559317 ], [ -83.596177, 44.55915 ], [ -83.596097, 44.558915 ], [ -83.595922, 44.558447 ], [ -83.595647, 44.557869 ], [ -83.595572, 44.557746 ], [ -83.595414, 44.557505 ], [ -83.595204, 44.557228 ], [ -83.594706, 44.55664 ], [ -83.594282, 44.556131 ], [ -83.594201, 44.556034 ], [ -83.593884, 44.555625 ], [ -83.593664, 44.555309 ], [ -83.593572, 44.555131 ], [ -83.593521, 44.554954 ], [ -83.593502, 44.554841 ], [ -83.593491, 44.554584 ], [ -83.593491, 44.554554 ], [ -83.593491, 44.554465 ], [ -83.593491, 44.554436 ], [ -83.593639, 44.554293 ], [ -83.594048, 44.553242 ], [ -83.594116, 44.553068 ], [ -83.592153, 44.549797 ], [ -83.591467, 44.548654 ], [ -83.591526, 44.548489 ], [ -83.591536, 44.548464 ], [ -83.591632, 44.548243 ], [ -83.591768, 44.548023 ], [ -83.591821, 44.54794 ], [ -83.591867, 44.547879 ], [ -83.591994, 44.547708 ], [ -83.592159, 44.547533 ], [ -83.592405, 44.547313 ], [ -83.592556, 44.547194 ], [ -83.592788, 44.547039 ], [ -83.59305, 44.546878 ], [ -83.593248, 44.546774 ], [ -83.593277, 44.546759 ], [ -83.593564, 44.546641 ], [ -83.59382, 44.546554 ], [ -83.594168, 44.546466 ], [ -83.595181, 44.546238 ], [ -83.596158, 44.546026 ], [ -83.597172, 44.545801 ], [ -83.598184, 44.545569 ], [ -83.598449, 44.545511 ], [ -83.59953, 44.545277 ], [ -83.600194, 44.54513 ], [ -83.600464, 44.54507 ], [ -83.600779, 44.544982 ], [ -83.601074, 44.544885 ], [ -83.601446, 44.544727 ], [ -83.601886, 44.544477 ], [ -83.601936, 44.544453 ], [ -83.601989, 44.544421 ], [ -83.602331, 44.544191 ], [ -83.602601, 44.543989 ], [ -83.602739, 44.543864 ], [ -83.602977, 44.543586 ], [ -83.603206, 44.543281 ], [ -83.603338, 44.543053 ], [ -83.603466, 44.542807 ], [ -83.603559, 44.542571 ], [ -83.603613, 44.542401 ], [ -83.603653, 44.542219 ], [ -83.603668, 44.542105 ], [ -83.603683, 44.541832 ], [ -83.603685, 44.541754 ], [ -83.603717, 44.54076 ], [ -83.603719, 44.540442 ], [ -83.605366, 44.540398 ], [ -83.605757, 44.540398 ], [ -83.605932, 44.540399 ], [ -83.607303, 44.540414 ], [ -83.607945, 44.540413 ], [ -83.608578, 44.540417 ], [ -83.609212, 44.540427 ], [ -83.609845, 44.540432 ], [ -83.612273, 44.540419 ], [ -83.612574, 44.540426 ], [ -83.612857, 44.540433 ], [ -83.613493, 44.540458 ], [ -83.613792, 44.540463 ], [ -83.614091, 44.540462 ], [ -83.614438, 44.540453 ], [ -83.614787, 44.540437 ], [ -83.615133, 44.540422 ], [ -83.616449, 44.540385 ], [ -83.61676, 44.540383 ], [ -83.617435, 44.540381 ], [ -83.617846, 44.540389 ], [ -83.618208, 44.540403 ], [ -83.618413, 44.540404 ], [ -83.620665, 44.540382 ], [ -83.621189, 44.54038 ], [ -83.622088, 44.540383 ], [ -83.622533, 44.54038 ], [ -83.622681, 44.540373 ], [ -83.622846, 44.540357 ], [ -83.623011, 44.540334 ], [ -83.623195, 44.540299 ], [ -83.623456, 44.540235 ], [ -83.62376, 44.540148 ], [ -83.623906, 44.540099 ], [ -83.62405, 44.540041 ], [ -83.62419, 44.539978 ], [ -83.624424, 44.539862 ], [ -83.624553, 44.539789 ], [ -83.624647, 44.539736 ], [ -83.624751, 44.539668 ], [ -83.62485, 44.539597 ], [ -83.624941, 44.539523 ], [ -83.625026, 44.539445 ], [ -83.625046, 44.539422 ], [ -83.625447, 44.538992 ], [ -83.625608, 44.538806 ], [ -83.625735, 44.538632 ], [ -83.625805, 44.538519 ], [ -83.626126, 44.537933 ], [ -83.626245, 44.537695 ], [ -83.626393, 44.537377 ], [ -83.626982, 44.536111 ], [ -83.627251, 44.535556 ], [ -83.627526, 44.535003 ], [ -83.628016, 44.534043 ], [ -83.628296, 44.53345 ], [ -83.62835, 44.533337 ], [ -83.628535, 44.532961 ], [ -83.628606, 44.532838 ], [ -83.628702, 44.532692 ], [ -83.628756, 44.532621 ], [ -83.628816, 44.532553 ], [ -83.628893, 44.53248 ], [ -83.62902, 44.532378 ], [ -83.629199, 44.532253 ], [ -83.62934, 44.532174 ], [ -83.62976, 44.531978 ], [ -83.629988, 44.53188 ], [ -83.631153, 44.53142 ], [ -83.634165, 44.530172 ], [ -83.634389, 44.530082 ], [ -83.635288, 44.529735 ], [ -83.635709, 44.529557 ], [ -83.636444, 44.529229 ], [ -83.636761, 44.529081 ], [ -83.63712, 44.528905 ], [ -83.639716, 44.527585 ], [ -83.63976, 44.527563 ], [ -83.641034, 44.526937 ], [ -83.641599, 44.526646 ], [ -83.642202, 44.526324 ], [ -83.642707, 44.526037 ], [ -83.642807, 44.525974 ], [ -83.642918, 44.525893 ], [ -83.643023, 44.525807 ], [ -83.643121, 44.525718 ], [ -83.64321, 44.525627 ], [ -83.643292, 44.525533 ], [ -83.643452, 44.525317 ], [ -83.643805, 44.524759 ], [ -83.643822, 44.524734 ], [ -83.644015, 44.524478 ], [ -83.644269, 44.52417 ], [ -83.644508, 44.523902 ], [ -83.644824, 44.523567 ], [ -83.64495, 44.523409 ], [ -83.644965, 44.523374 ], [ -83.645061, 44.523232 ], [ -83.645142, 44.523088 ], [ -83.645167, 44.523021 ], [ -83.645185, 44.522953 ], [ -83.645212, 44.522785 ], [ -83.645211, 44.522685 ], [ -83.645224, 44.522603 ], [ -83.645229, 44.522332 ], [ -83.645231, 44.522271 ], [ -83.645224, 44.521842 ], [ -83.645225, 44.521519 ], [ -83.645227, 44.521248 ], [ -83.645235, 44.519738 ], [ -83.645247, 44.519204 ], [ -83.645254, 44.518929 ], [ -83.645264, 44.518034 ], [ -83.645257, 44.517626 ], [ -83.645231, 44.516809 ], [ -83.645225, 44.515206 ], [ -83.645202, 44.513654 ], [ -83.645196, 44.513075 ], [ -83.645196, 44.513029 ], [ -83.645207, 44.512418 ], [ -83.645244, 44.511611 ], [ -83.645254, 44.511033 ], [ -83.645252, 44.510911 ], [ -83.645301, 44.51091 ], [ -83.648097, 44.510959 ], [ -83.64868, 44.510969 ], [ -83.649188, 44.510948 ], [ -83.649374, 44.510944 ], [ -83.649588, 44.51094 ], [ -83.64981, 44.510936 ], [ -83.649832, 44.510935 ], [ -83.649901, 44.510939 ], [ -83.649916, 44.51094 ], [ -83.649959, 44.510943 ], [ -83.650015, 44.510946 ], [ -83.65006, 44.510949 ], [ -83.650308, 44.510954 ], [ -83.650631, 44.510956 ], [ -83.650984, 44.510958 ], [ -83.651559, 44.510951 ], [ -83.653287, 44.510932 ], [ -83.653864, 44.510926 ], [ -83.655827, 44.510916 ], [ -83.656877, 44.510896 ], [ -83.657926, 44.510884 ], [ -83.659802, 44.510886 ], [ -83.660682, 44.510873 ], [ -83.662002, 44.510845 ], [ -83.663472, 44.510827 ], [ -83.664304, 44.510825 ], [ -83.664396, 44.510826 ], [ -83.664749, 44.51087 ], [ -83.664794, 44.510876 ], [ -83.664992, 44.510875 ], [ -83.665234, 44.510875 ], [ -83.665433, 44.510874 ], [ -83.669308, 44.510844 ], [ -83.671466, 44.510826 ], [ -83.671576, 44.51081 ], [ -83.671698, 44.510797 ], [ -83.671948, 44.510779 ], [ -83.672224, 44.510775 ], [ -83.673445, 44.510756 ], [ -83.673732, 44.510756 ], [ -83.674062, 44.510748 ], [ -83.675237, 44.510739 ], [ -83.679155, 44.510722 ], [ -83.68046, 44.510723 ], [ -83.680651, 44.510725 ], [ -83.680754, 44.510728 ], [ -83.680911, 44.510719 ], [ -83.681891, 44.510708 ], [ -83.682541, 44.510705 ], [ -83.687284, 44.510683 ], [ -83.688766, 44.510668 ], [ -83.690841, 44.510649 ], [ -83.691789, 44.510634 ], [ -83.694638, 44.510594 ], [ -83.695576, 44.510581 ], [ -83.695549, 44.51048 ], [ -83.695511, 44.510332 ], [ -83.695461, 44.510181 ], [ -83.695429, 44.510083 ], [ -83.695198, 44.509482 ], [ -83.695146, 44.509367 ], [ -83.694963, 44.508955 ], [ -83.694179, 44.507271 ], [ -83.693855, 44.506574 ], [ -83.693239, 44.505231 ], [ -83.691393, 44.501203 ], [ -83.690815, 44.499942 ], [ -83.690777, 44.499861 ], [ -83.690507, 44.499278 ], [ -83.689698, 44.497529 ], [ -83.689429, 44.496946 ], [ -83.685294, 44.487997 ], [ -83.68316, 44.483373 ], [ -83.682743, 44.482542 ], [ -83.682736, 44.482529 ], [ -83.681236, 44.479172 ], [ -83.680859, 44.479418 ], [ -83.680644, 44.479576 ], [ -83.680412, 44.479756 ], [ -83.680185, 44.479939 ], [ -83.678341, 44.481496 ], [ -83.677686, 44.482035 ], [ -83.677024, 44.482571 ], [ -83.676992, 44.482614 ], [ -83.674768, 44.482641 ], [ -83.670137, 44.482698 ], [ -83.668096, 44.48272 ], [ -83.665873, 44.482744 ], [ -83.664988, 44.482748 ], [ -83.661729, 44.48274 ], [ -83.661587, 44.48274 ], [ -83.659314, 44.48274 ], [ -83.652094, 44.482721 ], [ -83.651769, 44.482729 ], [ -83.651217, 44.482757 ], [ -83.650939, 44.482776 ], [ -83.650168, 44.482866 ], [ -83.649883, 44.482906 ], [ -83.649412, 44.482992 ], [ -83.649318, 44.483011 ], [ -83.648816, 44.483118 ], [ -83.647941, 44.483312 ], [ -83.645376, 44.483898 ], [ -83.645275, 44.483917 ], [ -83.644379, 44.484101 ], [ -83.644107, 44.484147 ], [ -83.643749, 44.4842 ], [ -83.643528, 44.484227 ], [ -83.643311, 44.484253 ], [ -83.642905, 44.484286 ], [ -83.642514, 44.484311 ], [ -83.642205, 44.484325 ], [ -83.641517, 44.484334 ], [ -83.640359, 44.484329 ], [ -83.63818, 44.484303 ], [ -83.636329, 44.484282 ], [ -83.635298, 44.484251 ], [ -83.633861, 44.48424 ], [ -83.632693, 44.484232 ], [ -83.629752, 44.484194 ], [ -83.626459, 44.484158 ], [ -83.625951, 44.484153 ], [ -83.623992, 44.484137 ], [ -83.62094, 44.484113 ], [ -83.611787, 44.484041 ], [ -83.608736, 44.484018 ], [ -83.607731, 44.48401 ], [ -83.604718, 44.483986 ], [ -83.603714, 44.483978 ], [ -83.603691, 44.485424 ], [ -83.603622, 44.489762 ], [ -83.603599, 44.491208 ], [ -83.603598, 44.491241 ], [ -83.603596, 44.49134 ], [ -83.603596, 44.491374 ], [ -83.603593, 44.491541 ], [ -83.603568, 44.492875 ], [ -83.603557, 44.494407 ], [ -83.603546, 44.494911 ], [ -83.60353, 44.495736 ], [ -83.603524, 44.496426 ], [ -83.60352, 44.496931 ], [ -83.603135, 44.496925 ], [ -83.602985, 44.496919 ], [ -83.602509, 44.496877 ], [ -83.601979, 44.496848 ], [ -83.601621, 44.496836 ], [ -83.601263, 44.496824 ], [ -83.600372, 44.496822 ], [ -83.599299, 44.496811 ], [ -83.598102, 44.496808 ], [ -83.597503, 44.496803 ], [ -83.596567, 44.496783 ], [ -83.596318, 44.496782 ], [ -83.595918, 44.496786 ], [ -83.595123, 44.496794 ], [ -83.594096, 44.496813 ], [ -83.594017, 44.496816 ], [ -83.593512, 44.496811 ], [ -83.593199, 44.4968 ], [ -83.592435, 44.496754 ], [ -83.591948, 44.496734 ], [ -83.591891, 44.496733 ], [ -83.591142, 44.496724 ], [ -83.590317, 44.496728 ], [ -83.589905, 44.496725 ], [ -83.587431, 44.496663 ], [ -83.587126, 44.496651 ], [ -83.586349, 44.4966 ], [ -83.585513, 44.496555 ], [ -83.584947, 44.496525 ], [ -83.584641, 44.49652 ], [ -83.584334, 44.496523 ], [ -83.58377, 44.496536 ], [ -83.583524, 44.496549 ], [ -83.583388, 44.496563 ], [ -83.583005, 44.496576 ], [ -83.582446, 44.496604 ], [ -83.581869, 44.496627 ], [ -83.581375, 44.496637 ], [ -83.580959, 44.496646 ], [ -83.580767, 44.496646 ], [ -83.579759, 44.496631 ], [ -83.578594, 44.496626 ], [ -83.577098, 44.496626 ], [ -83.575908, 44.496635 ], [ -83.575331, 44.496623 ], [ -83.574341, 44.496604 ], [ -83.573399, 44.496589 ], [ -83.573318, 44.496595 ], [ -83.57308, 44.496596 ], [ -83.572324, 44.496613 ], [ -83.571264, 44.496628 ], [ -83.571096, 44.496631 ], [ -83.569672, 44.496673 ], [ -83.56869, 44.496691 ], [ -83.567216, 44.496691 ], [ -83.565679, 44.496675 ], [ -83.565271, 44.496665 ], [ -83.565103, 44.496658 ], [ -83.563254, 44.496584 ], [ -83.563051, 44.496585 ], [ -83.563042, 44.496389 ], [ -83.563109, 44.495842 ], [ -83.563117, 44.495711 ], [ -83.563159, 44.495093 ], [ -83.563176, 44.494342 ], [ -83.56318, 44.493078 ], [ -83.563181, 44.492952 ], [ -83.563206, 44.492201 ], [ -83.563208, 44.491252 ], [ -83.563209, 44.491077 ], [ -83.563162, 44.490029 ], [ -83.563151, 44.489561 ], [ -83.563159, 44.489404 ], [ -83.563224, 44.488581 ], [ -83.563229, 44.48841 ], [ -83.563263, 44.487462 ], [ -83.563263, 44.486577 ], [ -83.563266, 44.483924 ], [ -83.563267, 44.48304 ], [ -83.563267, 44.482989 ], [ -83.563336, 44.482341 ], [ -83.56334, 44.482255 ], [ -83.563349, 44.48208 ], [ -83.563337, 44.481789 ], [ -83.563287, 44.48115 ], [ -83.563264, 44.48073 ], [ -83.563258, 44.480475 ], [ -83.563262, 44.48022 ], [ -83.563273, 44.480038 ], [ -83.563271, 44.479893 ], [ -83.563271, 44.479787 ], [ -83.563264, 44.479391 ], [ -83.563274, 44.479105 ], [ -83.56315, 44.479088 ], [ -83.561515, 44.478985 ], [ -83.560703, 44.478937 ], [ -83.560433, 44.478913 ], [ -83.560085, 44.47887 ], [ -83.559893, 44.478862 ], [ -83.559699, 44.478862 ], [ -83.559507, 44.478857 ], [ -83.559311, 44.478839 ], [ -83.559286, 44.478837 ], [ -83.558955, 44.478797 ], [ -83.558195, 44.478739 ], [ -83.557776, 44.478712 ], [ -83.557568, 44.478693 ], [ -83.556969, 44.478603 ], [ -83.556707, 44.478574 ], [ -83.556444, 44.478552 ], [ -83.555916, 44.478516 ], [ -83.555005, 44.478446 ], [ -83.554151, 44.478385 ], [ -83.553185, 44.478296 ], [ -83.552859, 44.47827 ], [ -83.551893, 44.478223 ], [ -83.551089, 44.478166 ], [ -83.550758, 44.478157 ], [ -83.550593, 44.478149 ], [ -83.550148, 44.478095 ], [ -83.549636, 44.478041 ], [ -83.549035, 44.478013 ], [ -83.548714, 44.477988 ], [ -83.547434, 44.477872 ], [ -83.546521, 44.47779 ], [ -83.546078, 44.477758 ], [ -83.545849, 44.477733 ], [ -83.545622, 44.477703 ], [ -83.544973, 44.477603 ], [ -83.544277, 44.477481 ], [ -83.543963, 44.477417 ], [ -83.543853, 44.477402 ], [ -83.543702, 44.477374 ], [ -83.543681, 44.477364 ], [ -83.543633, 44.477357 ], [ -83.543503, 44.477329 ], [ -83.543521, 44.477435 ], [ -83.543591, 44.477841 ], [ -83.543718, 44.478787 ], [ -83.543743, 44.478996 ], [ -83.543763, 44.479064 ], [ -83.543802, 44.479144 ], [ -83.54385, 44.47922 ], [ -83.543906, 44.479287 ], [ -83.544037, 44.479411 ], [ -83.544096, 44.479476 ], [ -83.544156, 44.479555 ], [ -83.544208, 44.479637 ], [ -83.544254, 44.479724 ], [ -83.544269, 44.479768 ], [ -83.544274, 44.479824 ], [ -83.544268, 44.479881 ], [ -83.544248, 44.479968 ], [ -83.544205, 44.480059 ], [ -83.544048, 44.480289 ], [ -83.543918, 44.480452 ], [ -83.543826, 44.480559 ], [ -83.54357, 44.480837 ], [ -83.543513, 44.480909 ], [ -83.543472, 44.480985 ], [ -83.543429, 44.481124 ], [ -83.543403, 44.481263 ], [ -83.543385, 44.481331 ], [ -83.543269, 44.481562 ], [ -83.543168, 44.481734 ], [ -83.543148, 44.481777 ], [ -83.543138, 44.481829 ], [ -83.543137, 44.481883 ], [ -83.543218, 44.48238 ], [ -83.543235, 44.482449 ], [ -83.543263, 44.482507 ], [ -83.543317, 44.482592 ], [ -83.543479, 44.482799 ], [ -83.543536, 44.482934 ], [ -83.543559, 44.48297 ], [ -83.543588, 44.483005 ], [ -83.543717, 44.483138 ], [ -83.543914, 44.483326 ], [ -83.544056, 44.483472 ], [ -83.544166, 44.483597 ], [ -83.544227, 44.483675 ], [ -83.544293, 44.483766 ], [ -83.544351, 44.483859 ], [ -83.544416, 44.483985 ], [ -83.544459, 44.484059 ], [ -83.544507, 44.484131 ], [ -83.544652, 44.484317 ], [ -83.544753, 44.484478 ], [ -83.544821, 44.484604 ], [ -83.544886, 44.48469 ], [ -83.544918, 44.484765 ], [ -83.544928, 44.484813 ], [ -83.544932, 44.484911 ], [ -83.544939, 44.484959 ], [ -83.544961, 44.485043 ], [ -83.544979, 44.485083 ], [ -83.545007, 44.48512 ], [ -83.545041, 44.485155 ], [ -83.545192, 44.485285 ], [ -83.545269, 44.485363 ], [ -83.545341, 44.485444 ], [ -83.545401, 44.485521 ], [ -83.545455, 44.485599 ], [ -83.545503, 44.485679 ], [ -83.545581, 44.485839 ], [ -83.545601, 44.485894 ], [ -83.545631, 44.486004 ], [ -83.545638, 44.48606 ], [ -83.545642, 44.486247 ], [ -83.545649, 44.486306 ], [ -83.545742, 44.486603 ], [ -83.545774, 44.486688 ], [ -83.545826, 44.486803 ], [ -83.545948, 44.487026 ], [ -83.545985, 44.487078 ], [ -83.546027, 44.487126 ], [ -83.546243, 44.48735 ], [ -83.546463, 44.487564 ], [ -83.546555, 44.487648 ], [ -83.546612, 44.487707 ], [ -83.546892, 44.487889 ], [ -83.547461, 44.48824 ], [ -83.548143, 44.48882 ], [ -83.548691, 44.489083 ], [ -83.548916, 44.489102 ], [ -83.549018, 44.489188 ], [ -83.550167, 44.489789 ], [ -83.548845, 44.490126 ], [ -83.548092, 44.490336 ], [ -83.547748, 44.49069 ], [ -83.547551, 44.490894 ], [ -83.54727, 44.491217 ], [ -83.547336, 44.491603 ], [ -83.547518, 44.491828 ], [ -83.547256, 44.492027 ], [ -83.54665, 44.492234 ], [ -83.546493, 44.492391 ], [ -83.546257, 44.492468 ], [ -83.545969, 44.49239 ], [ -83.545761, 44.492131 ], [ -83.545578, 44.492096 ], [ -83.545277, 44.49202 ], [ -83.544658, 44.49254 ], [ -83.544596, 44.49255 ], [ -83.544431, 44.492536 ], [ -83.544114, 44.492474 ], [ -83.54382, 44.492463 ], [ -83.54351, 44.492597 ], [ -83.542952, 44.492662 ], [ -83.543139, 44.493523 ], [ -83.54323, 44.493878 ], [ -83.543248, 44.493997 ], [ -83.543249, 44.494036 ], [ -83.543253, 44.494133 ], [ -83.543244, 44.494512 ], [ -83.543206, 44.494996 ], [ -83.543121, 44.495832 ], [ -83.543097, 44.496203 ], [ -83.543081, 44.496576 ], [ -83.543082, 44.496669 ], [ -83.54247, 44.496686 ], [ -83.541515, 44.496714 ], [ -83.540637, 44.496721 ], [ -83.540026, 44.496726 ], [ -83.537768, 44.49672 ], [ -83.536563, 44.49672 ], [ -83.536322, 44.49672 ], [ -83.534224, 44.496729 ], [ -83.533226, 44.496771 ], [ -83.532545, 44.496773 ], [ -83.532322, 44.496766 ], [ -83.532196, 44.496755 ], [ -83.531885, 44.496736 ], [ -83.531557, 44.496726 ], [ -83.530842, 44.496715 ], [ -83.528345, 44.496705 ], [ -83.526177, 44.496711 ], [ -83.525967, 44.496712 ], [ -83.525035, 44.496707 ], [ -83.524705, 44.496701 ], [ -83.523557, 44.496646 ], [ -83.523057, 44.496613 ], [ -83.522913, 44.4966 ], [ -83.52272, 44.496572 ], [ -83.522641, 44.496585 ], [ -83.522619, 44.496593 ], [ -83.522518, 44.496632 ], [ -83.522348, 44.496684 ], [ -83.522326, 44.496689 ], [ -83.522227, 44.496715 ], [ -83.522245, 44.49642 ], [ -83.522298, 44.495535 ], [ -83.522317, 44.495241 ], [ -83.522262, 44.492642 ], [ -83.522207, 44.489984 ], [ -83.5221, 44.484847 ], [ -83.522046, 44.482249 ], [ -83.52113, 44.482261 ], [ -83.520606, 44.482248 ], [ -83.518244, 44.482224 ], [ -83.517537, 44.482217 ], [ -83.515383, 44.482213 ], [ -83.513221, 44.482188 ], [ -83.510125, 44.482171 ], [ -83.506838, 44.482133 ], [ -83.505015, 44.482113 ], [ -83.503298, 44.482106 ], [ -83.503037, 44.482102 ], [ -83.502467, 44.482088 ], [ -83.501249, 44.482075 ], [ -83.500824, 44.482072 ], [ -83.49775, 44.482057 ], [ -83.494188, 44.482025 ], [ -83.491976, 44.482006 ], [ -83.491654, 44.482006 ], [ -83.490981, 44.481995 ], [ -83.490043, 44.481985 ], [ -83.489853, 44.481984 ], [ -83.489668, 44.481986 ], [ -83.48953, 44.481995 ], [ -83.489311, 44.482019 ], [ -83.488983, 44.482081 ], [ -83.488181, 44.482291 ], [ -83.487974, 44.482341 ], [ -83.487633, 44.482417 ], [ -83.487288, 44.482487 ], [ -83.486683, 44.482603 ], [ -83.486422, 44.482648 ], [ -83.48619, 44.482678 ], [ -83.485721, 44.48272 ], [ -83.485286, 44.48275 ], [ -83.48471, 44.482783 ], [ -83.484322, 44.482799 ], [ -83.484132, 44.482808 ], [ -83.483738, 44.48282 ], [ -83.482508, 44.482846 ], [ -83.48239, 44.482842 ], [ -83.482184, 44.482845 ], [ -83.481568, 44.482858 ], [ -83.481363, 44.482863 ], [ -83.481283, 44.482951 ], [ -83.480985, 44.483243 ], [ -83.480829, 44.483386 ], [ -83.480604, 44.483575 ], [ -83.480138, 44.483946 ], [ -83.479677, 44.484336 ], [ -83.47957, 44.484429 ], [ -83.479401, 44.48458 ], [ -83.478319, 44.485561 ], [ -83.478002, 44.485824 ], [ -83.47787, 44.485927 ], [ -83.477733, 44.486026 ], [ -83.477408, 44.486237 ], [ -83.477208, 44.486399 ], [ -83.477029, 44.486554 ], [ -83.476786, 44.486774 ], [ -83.476634, 44.486926 ], [ -83.476504, 44.48707 ], [ -83.475895, 44.487807 ], [ -83.475614, 44.488133 ], [ -83.475469, 44.488293 ], [ -83.475168, 44.488599 ], [ -83.475013, 44.488746 ], [ -83.47485, 44.488887 ], [ -83.474664, 44.489039 ], [ -83.474564, 44.489109 ], [ -83.474457, 44.489171 ], [ -83.474325, 44.489237 ], [ -83.473837, 44.489484 ], [ -83.473634, 44.489576 ], [ -83.473326, 44.4897 ], [ -83.47307, 44.489787 ], [ -83.472771, 44.489869 ], [ -83.47257, 44.489919 ], [ -83.472367, 44.489964 ], [ -83.472086, 44.490015 ], [ -83.471847, 44.490041 ], [ -83.471045, 44.490116 ], [ -83.470801, 44.49014 ], [ -83.470663, 44.490158 ], [ -83.47051, 44.490188 ], [ -83.47036, 44.490225 ], [ -83.47019, 44.490273 ], [ -83.470105, 44.490288 ], [ -83.469455, 44.490381 ], [ -83.469123, 44.49044 ], [ -83.468817, 44.4905 ], [ -83.468506, 44.490532 ], [ -83.468245, 44.49057 ], [ -83.468018, 44.490579 ], [ -83.467949, 44.490579 ], [ -83.467734, 44.490582 ], [ -83.467372, 44.490572 ], [ -83.467215, 44.490562 ], [ -83.467051, 44.490545 ], [ -83.466905, 44.49054 ], [ -83.466302, 44.490578 ], [ -83.465994, 44.490603 ], [ -83.465874, 44.490619 ], [ -83.465849, 44.490623 ], [ -83.465561, 44.490673 ], [ -83.464804, 44.490792 ], [ -83.464628, 44.490828 ], [ -83.464254, 44.490931 ], [ -83.464133, 44.49096 ], [ -83.46319, 44.491165 ], [ -83.462838, 44.491245 ], [ -83.462764, 44.491263 ], [ -83.461834, 44.491492 ], [ -83.461554, 44.491552 ], [ -83.461041, 44.491652 ], [ -83.460862, 44.491693 ], [ -83.460709, 44.491736 ], [ -83.460539, 44.491757 ], [ -83.460159, 44.491779 ], [ -83.459818, 44.491814 ], [ -83.459715, 44.491821 ], [ -83.459084, 44.491842 ], [ -83.458889, 44.491857 ], [ -83.458873, 44.491857 ], [ -83.458332, 44.491872 ], [ -83.457933, 44.491869 ], [ -83.457735, 44.491859 ], [ -83.457607, 44.491848 ], [ -83.457238, 44.491802 ], [ -83.457116, 44.491793 ], [ -83.456576, 44.491805 ], [ -83.456102, 44.491823 ], [ -83.455842, 44.491825 ], [ -83.455657, 44.491837 ], [ -83.455562, 44.491854 ], [ -83.455313, 44.491921 ], [ -83.455047, 44.492005 ], [ -83.454808, 44.492093 ], [ -83.4545, 44.492221 ], [ -83.454298, 44.492316 ], [ -83.453852, 44.492546 ], [ -83.453608, 44.492681 ], [ -83.453339, 44.492841 ], [ -83.453201, 44.492917 ], [ -83.452937, 44.493046 ], [ -83.452798, 44.493102 ], [ -83.452648, 44.493152 ], [ -83.452583, 44.49317 ], [ -83.452114, 44.493267 ], [ -83.451788, 44.49337 ], [ -83.451542, 44.493439 ], [ -83.451172, 44.493512 ], [ -83.451009, 44.493558 ], [ -83.45085, 44.49361 ], [ -83.450649, 44.493684 ], [ -83.450292, 44.493827 ], [ -83.449924, 44.493976 ], [ -83.449213, 44.494212 ], [ -83.448672, 44.494416 ], [ -83.448111, 44.494642 ], [ -83.447597, 44.494864 ], [ -83.447504, 44.494908 ], [ -83.447351, 44.494973 ], [ -83.446852, 44.495198 ], [ -83.446289, 44.495428 ], [ -83.44584, 44.495612 ], [ -83.445284, 44.495829 ], [ -83.443988, 44.496314 ], [ -83.443856, 44.496357 ], [ -83.443721, 44.496395 ], [ -83.443581, 44.496426 ], [ -83.443268, 44.496483 ], [ -83.443096, 44.496509 ], [ -83.442871, 44.496532 ], [ -83.44269, 44.496566 ], [ -83.442603, 44.496589 ], [ -83.442522, 44.496615 ], [ -83.442339, 44.496692 ], [ -83.442066, 44.496834 ], [ -83.441862, 44.496922 ], [ -83.441754, 44.496957 ], [ -83.441654, 44.496982 ], [ -83.441551, 44.497001 ], [ -83.44145, 44.497015 ], [ -83.441281, 44.497029 ], [ -83.441377, 44.497096 ], [ -83.441493, 44.497126 ], [ -83.441642, 44.497154 ], [ -83.444299, 44.497149 ], [ -83.445313, 44.497148 ], [ -83.446864, 44.49716 ], [ -83.447681, 44.497151 ], [ -83.448379, 44.497133 ], [ -83.44893, 44.497127 ], [ -83.449249, 44.497129 ], [ -83.450144, 44.497145 ], [ -83.450328, 44.497144 ], [ -83.453437, 44.49714 ], [ -83.455021, 44.497138 ], [ -83.456484, 44.497154 ], [ -83.45754, 44.497146 ], [ -83.458293, 44.497141 ], [ -83.460709, 44.497142 ], [ -83.461766, 44.497143 ], [ -83.463827, 44.497144 ], [ -83.467024, 44.497147 ], [ -83.470013, 44.497136 ], [ -83.472075, 44.49713 ], [ -83.472782, 44.497136 ], [ -83.474138, 44.497136 ], [ -83.477935, 44.497138 ], [ -83.478885, 44.497131 ], [ -83.480017, 44.497127 ], [ -83.480329, 44.497128 ], [ -83.48218, 44.49714 ], [ -83.482393, 44.497127 ], [ -83.482546, 44.497124 ], [ -83.483007, 44.497115 ], [ -83.483161, 44.497113 ], [ -83.483116, 44.497179 ], [ -83.482786, 44.497369 ], [ -83.482557, 44.497494 ], [ -83.482442, 44.49756 ], [ -83.482333, 44.497624 ], [ -83.481904, 44.49789 ], [ -83.4817, 44.498026 ], [ -83.481491, 44.498158 ], [ -83.481114, 44.498376 ], [ -83.480803, 44.498578 ], [ -83.480465, 44.49882 ], [ -83.480331, 44.498924 ], [ -83.480294, 44.498953 ], [ -83.480202, 44.499031 ], [ -83.479908, 44.499246 ], [ -83.479789, 44.499318 ], [ -83.479686, 44.499392 ], [ -83.479597, 44.499444 ], [ -83.479545, 44.499477 ], [ -83.479391, 44.499576 ], [ -83.47934, 44.49961 ], [ -83.479256, 44.499656 ], [ -83.479224, 44.499678 ], [ -83.479174, 44.499719 ], [ -83.479115, 44.49977 ], [ -83.479082, 44.499797 ], [ -83.478985, 44.499854 ], [ -83.47883, 44.499951 ], [ -83.478753, 44.499984 ], [ -83.47866, 44.500016 ], [ -83.478534, 44.500061 ], [ -83.478476, 44.500092 ], [ -83.478366, 44.500161 ], [ -83.47822, 44.500234 ], [ -83.477925, 44.500362 ], [ -83.477527, 44.500522 ], [ -83.477454, 44.500552 ], [ -83.477169, 44.500676 ], [ -83.477063, 44.500727 ], [ -83.47617, 44.501205 ], [ -83.475947, 44.501318 ], [ -83.475539, 44.501549 ], [ -83.475306, 44.501655 ], [ -83.474999, 44.501776 ], [ -83.474848, 44.501851 ], [ -83.474733, 44.50192 ], [ -83.474683, 44.501951 ], [ -83.474552, 44.50202 ], [ -83.474148, 44.502214 ], [ -83.47395, 44.502335 ], [ -83.473823, 44.502425 ], [ -83.473482, 44.502665 ], [ -83.473191, 44.502891 ], [ -83.472804, 44.503131 ], [ -83.472638, 44.503226 ], [ -83.472481, 44.503307 ], [ -83.472403, 44.50336 ], [ -83.47221, 44.503492 ], [ -83.472062, 44.503575 ], [ -83.471979, 44.503636 ], [ -83.471737, 44.503844 ], [ -83.471618, 44.503922 ], [ -83.47154, 44.503966 ], [ -83.471456, 44.504005 ], [ -83.4713, 44.504059 ], [ -83.471021, 44.504144 ], [ -83.470964, 44.504168 ], [ -83.4709, 44.504209 ], [ -83.470785, 44.504302 ], [ -83.470588, 44.504447 ], [ -83.470484, 44.504515 ], [ -83.470428, 44.504547 ], [ -83.470035, 44.504744 ], [ -83.469775, 44.504843 ], [ -83.469677, 44.504885 ], [ -83.469633, 44.50491 ], [ -83.469594, 44.504942 ], [ -83.469526, 44.505012 ], [ -83.469374, 44.505151 ], [ -83.469237, 44.505259 ], [ -83.468907, 44.505503 ], [ -83.468821, 44.505579 ], [ -83.468766, 44.505638 ], [ -83.46839, 44.506076 ], [ -83.468319, 44.506169 ], [ -83.468275, 44.506235 ], [ -83.468179, 44.506399 ], [ -83.468128, 44.506496 ], [ -83.468069, 44.506635 ], [ -83.468033, 44.506702 ], [ -83.467937, 44.506821 ], [ -83.467745, 44.507016 ], [ -83.467624, 44.507112 ], [ -83.467552, 44.507159 ], [ -83.467443, 44.507261 ], [ -83.467369, 44.507403 ], [ -83.467346, 44.507602 ], [ -83.46668, 44.507443 ], [ -83.466548, 44.507442 ], [ -83.466417, 44.507435 ], [ -83.466287, 44.507421 ], [ -83.466189, 44.507406 ], [ -83.466156, 44.507401 ], [ -83.465843, 44.507342 ], [ -83.465618, 44.507321 ], [ -83.465525, 44.507308 ], [ -83.465476, 44.507291 ], [ -83.46543, 44.507269 ], [ -83.465356, 44.507226 ], [ -83.465147, 44.507081 ], [ -83.465079, 44.507043 ], [ -83.465003, 44.507016 ], [ -83.464924, 44.506993 ], [ -83.464751, 44.506925 ], [ -83.46469, 44.506908 ], [ -83.464562, 44.506892 ], [ -83.464447, 44.506891 ], [ -83.464301, 44.506899 ], [ -83.464245, 44.506893 ], [ -83.464093, 44.506859 ], [ -83.463905, 44.506806 ], [ -83.463834, 44.506792 ], [ -83.463759, 44.506786 ], [ -83.463685, 44.506788 ], [ -83.463624, 44.506798 ], [ -83.463235, 44.506914 ], [ -83.463073, 44.506954 ], [ -83.46292, 44.506984 ], [ -83.462804, 44.507003 ], [ -83.462653, 44.50703 ], [ -83.462004, 44.507126 ], [ -83.461694, 44.507167 ], [ -83.461639, 44.507168 ], [ -83.461557, 44.507219 ], [ -83.461414, 44.507292 ], [ -83.461267, 44.507361 ], [ -83.461117, 44.507426 ], [ -83.460943, 44.507489 ], [ -83.460764, 44.507546 ], [ -83.460491, 44.507643 ], [ -83.460394, 44.507674 ], [ -83.46024, 44.507726 ], [ -83.46005, 44.507804 ], [ -83.459964, 44.507852 ], [ -83.459925, 44.50788 ], [ -83.459854, 44.507942 ], [ -83.459808, 44.507992 ], [ -83.459769, 44.508045 ], [ -83.459712, 44.508175 ], [ -83.459635, 44.508317 ], [ -83.45958, 44.508482 ], [ -83.459551, 44.508534 ], [ -83.459516, 44.508578 ], [ -83.459475, 44.50862 ], [ -83.459402, 44.508679 ], [ -83.459369, 44.508721 ], [ -83.45936, 44.508739 ], [ -83.459353, 44.508795 ], [ -83.459365, 44.508934 ], [ -83.459421, 44.509119 ], [ -83.459434, 44.509181 ], [ -83.459436, 44.509243 ], [ -83.45943, 44.509288 ], [ -83.459395, 44.509422 ], [ -83.45936, 44.509515 ], [ -83.459316, 44.509606 ], [ -83.459067, 44.510074 ], [ -83.458906, 44.510359 ], [ -83.458827, 44.510523 ], [ -83.458795, 44.510575 ], [ -83.458755, 44.510624 ], [ -83.458703, 44.51067 ], [ -83.458578, 44.510751 ], [ -83.458414, 44.510843 ], [ -83.458308, 44.51089 ], [ -83.45775, 44.51112 ], [ -83.45768, 44.511158 ], [ -83.457627, 44.511193 ], [ -83.457532, 44.51127 ], [ -83.457489, 44.51132 ], [ -83.457452, 44.511374 ], [ -83.45742, 44.511458 ], [ -83.457405, 44.51161 ], [ -83.457662, 44.511599 ], [ -83.458833, 44.51155 ], [ -83.459223, 44.511534 ], [ -83.45969, 44.511536 ], [ -83.461094, 44.51154 ], [ -83.461562, 44.511543 ], [ -83.461776, 44.511598 ], [ -83.462429, 44.511586 ], [ -83.482366, 44.511488 ], [ -83.490581, 44.5115 ], [ -83.491061, 44.511499 ], [ -83.491406, 44.511497 ], [ -83.49878, 44.511504 ], [ -83.49975, 44.511506 ], [ -83.50009, 44.511506 ], [ -83.500654, 44.511507 ], [ -83.502487, 44.511508 ], [ -83.513347, 44.511432 ], [ -83.513503, 44.511431 ], [ -83.518515, 44.511396 ], [ -83.518808, 44.511394 ], [ -83.5191, 44.511392 ], [ -83.519727, 44.511388 ], [ -83.520141, 44.511385 ], [ -83.520274, 44.511384 ], [ -83.520466, 44.511382 ], [ -83.520576, 44.511382 ], [ -83.52119, 44.511377 ], [ -83.521404, 44.511375 ], [ -83.522319, 44.511367 ], [ -83.522608, 44.511365 ], [ -83.522867, 44.511365 ], [ -83.529181, 44.511452 ], [ -83.535309, 44.511537 ], [ -83.535423, 44.511538 ], [ -83.535543, 44.51151 ], [ -83.535744, 44.511475 ], [ -83.535986, 44.51144 ], [ -83.536088, 44.511431 ], [ -83.536262, 44.511417 ], [ -83.537, 44.511423 ], [ -83.537612, 44.511418 ], [ -83.538314, 44.511427 ], [ -83.539092, 44.511424 ], [ -83.54205, 44.511418 ], [ -83.542897, 44.511454 ], [ -83.542966, 44.511456 ], [ -83.543303, 44.511437 ], [ -83.543983, 44.51142 ], [ -83.545256, 44.511386 ], [ -83.546638, 44.511375 ], [ -83.551838, 44.511365 ], [ -83.552301, 44.511382 ], [ -83.552618, 44.51142 ], [ -83.552849, 44.511466 ], [ -83.552969, 44.511492 ], [ -83.553086, 44.511511 ], [ -83.553174, 44.511508 ], [ -83.553318, 44.511484 ], [ -83.553584, 44.511452 ], [ -83.554203, 44.511361 ], [ -83.554744, 44.511352 ], [ -83.55528, 44.511346 ], [ -83.556606, 44.511328 ], [ -83.557602, 44.511336 ], [ -83.562273, 44.511327 ], [ -83.562638, 44.511313 ], [ -83.562884, 44.511292 ], [ -83.563218, 44.511247 ], [ -83.563431, 44.511237 ], [ -83.563882, 44.511255 ], [ -83.564448, 44.511289 ], [ -83.565469, 44.51131 ], [ -83.569463, 44.511324 ], [ -83.572352, 44.511311 ], [ -83.573056, 44.511193 ], [ -83.57357, 44.511193 ], [ -83.574145, 44.511268 ], [ -83.577211, 44.511271 ], [ -83.577665, 44.511205 ], [ -83.579414, 44.511197 ], [ -83.579526, 44.511197 ], [ -83.57967, 44.511203 ], [ -83.583519, 44.511358 ], [ -83.583545, 44.511508 ], [ -83.583582, 44.511966 ], [ -83.583624, 44.512678 ], [ -83.583504, 44.513534 ], [ -83.58349, 44.513955 ], [ -83.583518, 44.516915 ], [ -83.583536, 44.517664 ], [ -83.583564, 44.518011 ], [ -83.583656, 44.518349 ], [ -83.583564, 44.518677 ], [ -83.583559, 44.519394 ], [ -83.58358, 44.521365 ], [ -83.583605, 44.52364 ], [ -83.583633, 44.524528 ], [ -83.583619, 44.524792 ], [ -83.583568, 44.52498 ], [ -83.583549, 44.525097 ], [ -83.583544, 44.52513 ], [ -83.583534, 44.525414 ], [ -83.583535, 44.525452 ], [ -83.583542, 44.525571 ], [ -83.58295, 44.525569 ], [ -83.581177, 44.525566 ], [ -83.580586, 44.525565 ], [ -83.580454, 44.525565 ], [ -83.579464, 44.52557 ], [ -83.578178, 44.525584 ], [ -83.577126, 44.525567 ], [ -83.577099, 44.525567 ], [ -83.57635, 44.525565 ], [ -83.574921, 44.525591 ], [ -83.574249, 44.525611 ], [ -83.573614, 44.525624 ], [ -83.572347, 44.525597 ], [ -83.571936, 44.52558 ], [ -83.57118, 44.525572 ], [ -83.568046, 44.525578 ], [ -83.566747, 44.525583 ], [ -83.564358, 44.525593 ], [ -83.563288, 44.525602 ], [ -83.562149, 44.525598 ], [ -83.561785, 44.525591 ], [ -83.561062, 44.525591 ], [ -83.560368, 44.525599 ], [ -83.559451, 44.525588 ], [ -83.558735, 44.525599 ], [ -83.558311, 44.525606 ], [ -83.558098, 44.525629 ], [ -83.55789, 44.525667 ], [ -83.557611, 44.525736 ], [ -83.55711, 44.525953 ], [ -83.556581, 44.526205 ], [ -83.556068, 44.526479 ], [ -83.555507, 44.526766 ], [ -83.555029, 44.527021 ], [ -83.554656, 44.527214 ], [ -83.554454, 44.52732 ], [ -83.553791, 44.527654 ], [ -83.552563, 44.528315 ], [ -83.552219, 44.52849 ], [ -83.552, 44.528608 ], [ -83.551808, 44.52869 ], [ -83.551593, 44.52877 ], [ -83.551021, 44.528944 ], [ -83.550793, 44.529022 ], [ -83.550576, 44.529121 ], [ -83.550389, 44.529235 ], [ -83.549734, 44.529687 ], [ -83.549244, 44.530033 ], [ -83.548836, 44.530373 ], [ -83.548653, 44.530514 ], [ -83.548466, 44.530625 ], [ -83.548029, 44.530861 ], [ -83.547491, 44.531182 ], [ -83.546767, 44.531623 ], [ -83.546105, 44.532009 ], [ -83.546047, 44.532043 ], [ -83.545541, 44.532348 ], [ -83.545158, 44.532569 ], [ -83.54493, 44.532722 ], [ -83.544757, 44.532805 ], [ -83.543961, 44.533143 ], [ -83.543756, 44.533254 ], [ -83.543145, 44.533611 ], [ -83.543091, 44.53323 ], [ -83.543077, 44.533076 ], [ -83.543077, 44.532971 ], [ -83.543087, 44.532811 ], [ -83.543109, 44.532617 ], [ -83.543127, 44.532494 ], [ -83.543146, 44.532373 ], [ -83.543175, 44.531999 ], [ -83.543165, 44.531181 ], [ -83.543153, 44.530911 ], [ -83.543157, 44.530612 ], [ -83.543172, 44.530454 ], [ -83.543162, 44.529519 ], [ -83.543151, 44.529125 ], [ -83.543144, 44.528841 ], [ -83.543145, 44.528609 ], [ -83.543126, 44.528049 ], [ -83.543122, 44.528002 ], [ -83.543129, 44.527976 ], [ -83.543161, 44.527625 ], [ -83.543158, 44.527557 ], [ -83.543142, 44.527064 ], [ -83.543144, 44.526885 ], [ -83.543171, 44.526349 ], [ -83.543185, 44.526216 ], [ -83.543204, 44.526046 ], [ -83.543222, 44.525771 ], [ -83.542859, 44.525757 ], [ -83.542455, 44.52572 ], [ -83.541668, 44.525708 ], [ -83.540267, 44.525713 ], [ -83.539533, 44.52572 ], [ -83.539277, 44.525723 ], [ -83.53855, 44.525735 ], [ -83.537836, 44.525734 ], [ -83.536832, 44.525738 ], [ -83.536178, 44.525734 ], [ -83.535822, 44.525742 ], [ -83.53568, 44.52576 ], [ -83.535553, 44.525791 ], [ -83.535422, 44.525859 ], [ -83.535205, 44.525991 ], [ -83.535118, 44.526021 ], [ -83.534979, 44.52604 ], [ -83.534901, 44.526041 ], [ -83.534298, 44.526007 ], [ -83.534187, 44.526019 ], [ -83.534055, 44.526051 ], [ -83.533943, 44.526107 ], [ -83.533793, 44.526206 ], [ -83.533722, 44.526273 ], [ -83.53364, 44.526362 ], [ -83.533556, 44.52654 ], [ -83.533506, 44.526619 ], [ -83.533439, 44.526671 ], [ -83.533324, 44.526716 ], [ -83.533206, 44.526744 ], [ -83.533064, 44.526765 ], [ -83.532853, 44.526776 ], [ -83.532214, 44.526786 ], [ -83.53189, 44.526799 ], [ -83.53161, 44.526797 ], [ -83.531299, 44.526804 ], [ -83.531142, 44.526804 ], [ -83.531027, 44.52679 ], [ -83.530806, 44.526754 ], [ -83.530712, 44.526756 ], [ -83.530539, 44.526788 ], [ -83.530354, 44.526854 ], [ -83.530271, 44.526862 ], [ -83.530057, 44.526856 ], [ -83.529729, 44.526859 ], [ -83.529307, 44.526873 ], [ -83.528846, 44.526898 ], [ -83.528752, 44.526904 ], [ -83.52857, 44.526908 ], [ -83.528186, 44.526877 ], [ -83.52808, 44.526874 ], [ -83.527875, 44.526882 ], [ -83.527699, 44.5269 ], [ -83.527573, 44.526901 ], [ -83.52747, 44.526897 ], [ -83.527272, 44.526873 ], [ -83.527111, 44.526844 ], [ -83.526882, 44.526827 ], [ -83.526725, 44.526818 ], [ -83.526637, 44.52682 ], [ -83.526551, 44.52683 ], [ -83.52639, 44.526866 ], [ -83.526132, 44.526962 ], [ -83.525871, 44.527074 ], [ -83.525783, 44.527141 ], [ -83.525468, 44.527385 ], [ -83.525342, 44.527473 ], [ -83.525429, 44.527759 ], [ -83.525116, 44.528294 ], [ -83.524078, 44.529161 ], [ -83.523836, 44.52982 ], [ -83.523889, 44.53022 ], [ -83.524044, 44.530476 ], [ -83.524522, 44.531262 ], [ -83.524613, 44.531364 ], [ -83.525131, 44.531736 ], [ -83.525776, 44.532017 ], [ -83.526003, 44.532317 ], [ -83.526137, 44.532734 ], [ -83.526718, 44.53313 ], [ -83.526755, 44.533234 ], [ -83.526817, 44.533408 ], [ -83.52675, 44.535951 ], [ -83.52688, 44.536066 ], [ -83.527089, 44.537617 ], [ -83.527837, 44.538566 ], [ -83.528997, 44.539057 ], [ -83.529225, 44.53929 ], [ -83.529299, 44.540261 ], [ -83.52943, 44.540447 ], [ -83.529786, 44.540632 ], [ -83.530237, 44.540584 ], [ -83.532364, 44.540358 ], [ -83.533331, 44.540366 ], [ -83.533149, 44.540564 ], [ -83.533013, 44.540789 ], [ -83.532959, 44.540929 ], [ -83.532888, 44.54116 ], [ -83.532824, 44.541417 ], [ -83.532784, 44.541691 ], [ -83.532692, 44.542205 ], [ -83.53267, 44.542431 ], [ -83.532679, 44.542748 ], [ -83.5327, 44.543248 ], [ -83.532677, 44.543425 ], [ -83.532623, 44.543685 ], [ -83.532558, 44.543856 ], [ -83.532434, 44.544064 ], [ -83.532405, 44.544115 ], [ -83.532257, 44.544314 ], [ -83.532071, 44.54453 ], [ -83.531914, 44.544679 ], [ -83.531823, 44.544753 ], [ -83.5316, 44.544904 ], [ -83.531249, 44.545094 ], [ -83.530292, 44.545592 ], [ -83.529819, 44.545906 ], [ -83.529633, 44.546061 ], [ -83.529473, 44.546238 ], [ -83.529316, 44.54645 ], [ -83.529171, 44.546704 ], [ -83.528942, 44.54713 ], [ -83.528795, 44.547351 ], [ -83.528682, 44.547506 ], [ -83.528572, 44.547613 ], [ -83.528421, 44.547738 ], [ -83.528047, 44.547986 ], [ -83.527645, 44.548218 ], [ -83.52741, 44.548317 ], [ -83.527164, 44.548402 ], [ -83.526868, 44.548487 ], [ -83.526476, 44.548568 ], [ -83.525819, 44.548682 ], [ -83.525569, 44.548737 ], [ -83.525351, 44.548813 ], [ -83.524922, 44.549003 ], [ -83.524225, 44.549322 ], [ -83.523837, 44.549522 ], [ -83.523258, 44.549792 ], [ -83.522769, 44.550013 ], [ -83.522591, 44.550094 ], [ -83.522042, 44.550333 ], [ -83.521533, 44.550543 ], [ -83.520644, 44.550954 ], [ -83.520094, 44.551184 ], [ -83.519755, 44.551343 ], [ -83.519483, 44.551501 ], [ -83.519243, 44.551668 ], [ -83.519414, 44.551714 ], [ -83.519539, 44.551733 ], [ -83.519829, 44.55175 ], [ -83.520173, 44.551746 ], [ -83.520402, 44.551751 ], [ -83.520537, 44.551763 ], [ -83.520704, 44.551788 ], [ -83.5209, 44.551797 ], [ -83.521128, 44.551778 ], [ -83.521298, 44.551759 ], [ -83.52183, 44.551574 ], [ -83.522031, 44.55152 ], [ -83.522204, 44.55149 ], [ -83.522393, 44.551475 ], [ -83.522469, 44.551459 ], [ -83.522692, 44.551391 ], [ -83.52329, 44.551134 ], [ -83.523534, 44.551039 ], [ -83.523672, 44.550991 ], [ -83.523749, 44.55098 ], [ -83.523824, 44.55098 ], [ -83.523956, 44.550995 ], [ -83.524034, 44.551017 ], [ -83.524269, 44.551145 ], [ -83.524383, 44.551184 ], [ -83.524435, 44.551228 ], [ -83.524489, 44.551338 ], [ -83.524556, 44.551425 ], [ -83.524636, 44.55149 ], [ -83.524806, 44.551579 ], [ -83.525056, 44.551695 ], [ -83.525293, 44.551785 ], [ -83.525353, 44.551808 ], [ -83.5258, 44.551976 ], [ -83.527142, 44.552483 ], [ -83.52759, 44.552652 ], [ -83.527573, 44.552966 ], [ -83.52757, 44.553032 ], [ -83.527576, 44.553225 ], [ -83.527597, 44.553416 ], [ -83.527585, 44.553734 ], [ -83.52754, 44.553902 ], [ -83.527522, 44.553974 ], [ -83.527467, 44.554208 ], [ -83.525322, 44.554202 ], [ -83.523532, 44.554197 ], [ -83.523522, 44.558838 ], [ -83.523518, 44.560983 ], [ -83.523517, 44.563504 ], [ -83.523515, 44.571066 ], [ -83.523515, 44.573588 ], [ -83.523513, 44.574064 ], [ -83.523508, 44.575493 ], [ -83.523507, 44.575786 ], [ -83.523507, 44.57597 ], [ -83.523633, 44.575985 ], [ -83.523728, 44.575975 ], [ -83.523767, 44.575964 ], [ -83.523832, 44.575914 ], [ -83.523878, 44.575857 ], [ -83.523886, 44.575791 ], [ -83.523856, 44.575659 ], [ -83.523864, 44.575596 ], [ -83.523889, 44.575545 ], [ -83.523956, 44.57541 ], [ -83.523979, 44.575278 ], [ -83.524053, 44.575196 ], [ -83.524095, 44.57518 ], [ -83.524417, 44.575196 ], [ -83.524556, 44.575191 ], [ -83.524636, 44.575161 ], [ -83.524701, 44.575115 ], [ -83.524728, 44.575084 ], [ -83.524744, 44.575054 ], [ -83.524756, 44.574989 ], [ -83.524764, 44.574758 ], [ -83.524783, 44.574659 ], [ -83.52483, 44.574566 ], [ -83.524903, 44.574481 ], [ -83.524933, 44.574462 ], [ -83.525026, 44.574437 ], [ -83.525357, 44.57442 ], [ -83.525394, 44.574419 ], [ -83.525528, 44.574405 ], [ -83.525889, 44.574345 ], [ -83.526085, 44.574293 ], [ -83.526335, 44.574299 ], [ -83.526377, 44.57431 ], [ -83.52645, 44.574351 ], [ -83.526526, 44.574434 ], [ -83.526587, 44.574522 ], [ -83.526621, 44.574582 ], [ -83.526648, 44.574681 ], [ -83.526751, 44.574791 ], [ -83.526821, 44.574835 ], [ -83.526866, 44.574843 ], [ -83.527143, 44.57483 ], [ -83.527185, 44.574838 ], [ -83.527266, 44.574874 ], [ -83.527354, 44.574948 ], [ -83.527488, 44.575124 ], [ -83.52776, 44.575346 ], [ -83.527955, 44.575571 ], [ -83.528043, 44.575648 ], [ -83.528116, 44.575695 ], [ -83.528192, 44.575728 ], [ -83.528231, 44.575736 ], [ -83.528277, 44.575736 ], [ -83.528419, 44.57572 ], [ -83.528511, 44.575723 ], [ -83.528591, 44.575747 ], [ -83.528783, 44.575844 ], [ -83.528867, 44.575871 ], [ -83.529052, 44.575893 ], [ -83.529098, 44.575888 ], [ -83.529167, 44.575847 ], [ -83.529225, 44.575792 ], [ -83.529267, 44.575735 ], [ -83.52936, 44.57551 ], [ -83.52941, 44.575419 ], [ -83.52946, 44.575367 ], [ -83.529498, 44.575345 ], [ -83.529579, 44.57531 ], [ -83.529667, 44.575302 ], [ -83.529759, 44.575315 ], [ -83.529893, 44.575349 ], [ -83.530062, 44.575401 ], [ -83.530196, 44.575423 ], [ -83.53038, 44.575409 ], [ -83.53078, 44.575322 ], [ -83.530914, 44.5753 ], [ -83.531006, 44.5753 ], [ -83.531133, 44.575342 ], [ -83.531206, 44.575386 ], [ -83.531233, 44.57541 ], [ -83.531267, 44.575507 ], [ -83.531259, 44.575638 ], [ -83.531216, 44.575836 ], [ -83.53122, 44.575899 ], [ -83.531232, 44.575931 ], [ -83.531339, 44.576041 ], [ -83.531438, 44.57611 ], [ -83.531496, 44.576162 ], [ -83.531565, 44.57625 ], [ -83.53161, 44.576341 ], [ -83.531622, 44.576406 ], [ -83.531618, 44.576508 ], [ -83.531552, 44.576733 ], [ -83.531548, 44.576799 ], [ -83.531559, 44.576865 ], [ -83.531598, 44.576925 ], [ -83.531651, 44.576977 ], [ -83.531728, 44.577019 ], [ -83.53177, 44.57703 ], [ -83.531908, 44.577046 ], [ -83.532043, 44.577035 ], [ -83.532215, 44.576983 ], [ -83.532365, 44.576907 ], [ -83.532484, 44.576805 ], [ -83.532538, 44.576751 ], [ -83.532577, 44.576693 ], [ -83.532612, 44.57663 ], [ -83.532658, 44.576433 ], [ -83.532697, 44.576342 ], [ -83.532758, 44.57629 ], [ -83.532835, 44.576254 ], [ -83.532885, 44.576249 ], [ -83.532973, 44.576266 ], [ -83.533011, 44.576285 ], [ -83.533103, 44.576359 ], [ -83.533195, 44.576381 ], [ -83.533241, 44.576381 ], [ -83.533287, 44.576373 ], [ -83.533357, 44.576337 ], [ -83.533587, 44.576173 ], [ -83.533668, 44.576137 ], [ -83.533794, 44.576097 ], [ -83.533887, 44.576083 ], [ -83.533925, 44.576097 ], [ -83.534013, 44.576176 ], [ -83.534074, 44.576338 ], [ -83.534073, 44.576766 ], [ -83.534096, 44.576931 ], [ -83.534134, 44.577024 ], [ -83.534176, 44.577084 ], [ -83.534234, 44.577136 ], [ -83.534303, 44.577181 ], [ -83.534341, 44.5772 ], [ -83.534429, 44.577222 ], [ -83.534521, 44.577233 ], [ -83.534567, 44.57723 ], [ -83.534652, 44.577206 ], [ -83.534767, 44.577151 ], [ -83.534852, 44.577126 ], [ -83.534994, 44.577115 ], [ -83.535128, 44.577127 ], [ -83.535254, 44.577171 ], [ -83.535358, 44.577236 ], [ -83.535523, 44.577297 ], [ -83.535657, 44.577316 ], [ -83.536025, 44.577344 ], [ -83.53611, 44.577364 ], [ -83.536179, 44.577408 ], [ -83.53632, 44.57754 ], [ -83.536359, 44.577556 ], [ -83.536447, 44.577573 ], [ -83.536589, 44.577567 ], [ -83.536724, 44.577545 ], [ -83.536835, 44.577488 ], [ -83.5369, 44.577441 ], [ -83.53692, 44.577411 ], [ -83.536977, 44.577216 ], [ -83.536986, 44.576756 ], [ -83.536998, 44.576627 ], [ -83.537033, 44.576561 ], [ -83.53706, 44.576536 ], [ -83.537094, 44.576517 ], [ -83.537186, 44.576495 ], [ -83.537279, 44.57649 ], [ -83.537413, 44.576507 ], [ -83.537754, 44.576614 ], [ -83.537908, 44.576685 ], [ -83.538034, 44.576781 ], [ -83.538172, 44.576913 ], [ -83.538329, 44.577078 ], [ -83.538413, 44.577196 ], [ -83.538489, 44.577276 ], [ -83.538581, 44.57735 ], [ -83.538731, 44.57743 ], [ -83.538926, 44.577515 ], [ -83.53918, 44.577598 ], [ -83.539444, 44.577658 ], [ -83.539625, 44.577683 ], [ -83.539855, 44.577683 ], [ -83.540131, 44.577673 ], [ -83.540312, 44.57764 ], [ -83.540481, 44.577591 ], [ -83.540561, 44.577558 ], [ -83.540658, 44.577487 ], [ -83.540708, 44.577432 ], [ -83.540765, 44.577341 ], [ -83.540823, 44.577289 ], [ -83.541057, 44.577185 ], [ -83.541361, 44.57698 ], [ -83.541464, 44.576917 ], [ -83.541545, 44.576884 ], [ -83.541672, 44.576849 ], [ -83.541814, 44.576838 ], [ -83.541906, 44.576849 ], [ -83.541937, 44.576871 ], [ -83.54196, 44.576898 ], [ -83.541986, 44.576964 ], [ -83.54199, 44.576997 ], [ -83.541975, 44.577063 ], [ -83.541986, 44.57709 ], [ -83.542001, 44.577321 ], [ -83.542032, 44.57745 ], [ -83.542081, 44.577543 ], [ -83.542204, 44.577721 ], [ -83.542391, 44.577947 ], [ -83.542621, 44.578153 ], [ -83.542747, 44.578249 ], [ -83.542851, 44.578315 ], [ -83.542958, 44.578375 ], [ -83.543081, 44.578425 ], [ -83.543253, 44.578469 ], [ -83.543392, 44.578485 ], [ -83.543806, 44.578483 ], [ -83.543944, 44.57847 ], [ -83.544298, 44.57839 ], [ -83.544474, 44.57836 ], [ -83.544662, 44.578347 ], [ -83.544843, 44.578355 ], [ -83.544931, 44.578375 ], [ -83.545176, 44.578468 ], [ -83.545265, 44.57849 ], [ -83.545764, 44.578554 ], [ -83.54589, 44.578595 ], [ -83.546205, 44.578645 ], [ -83.546335, 44.578675 ], [ -83.546504, 44.57873 ], [ -83.546868, 44.578873 ], [ -83.547071, 44.578947 ], [ -83.547324, 44.579027 ], [ -83.54785, 44.579154 ], [ -83.548119, 44.579204 ], [ -83.548349, 44.579218 ], [ -83.548437, 44.579231 ], [ -83.548518, 44.579267 ], [ -83.548564, 44.579325 ], [ -83.548575, 44.579358 ], [ -83.548579, 44.579421 ], [ -83.548563, 44.579588 ], [ -83.548571, 44.579687 ], [ -83.548601, 44.579783 ], [ -83.548643, 44.579841 ], [ -83.548746, 44.57995 ], [ -83.548834, 44.580017 ], [ -83.548904, 44.580071 ], [ -83.549084, 44.580176 ], [ -83.549168, 44.580203 ], [ -83.549214, 44.580211 ], [ -83.549306, 44.580206 ], [ -83.549345, 44.580192 ], [ -83.549379, 44.580168 ], [ -83.549395, 44.580135 ], [ -83.549399, 44.580039 ], [ -83.549372, 44.579806 ], [ -83.5494, 44.579742 ], [ -83.549442, 44.579682 ], [ -83.549492, 44.579628 ], [ -83.549553, 44.579581 ], [ -83.549792, 44.579477 ], [ -83.550064, 44.579406 ], [ -83.550513, 44.579332 ], [ -83.550878, 44.579291 ], [ -83.551108, 44.579286 ], [ -83.551197, 44.579297 ], [ -83.551239, 44.579314 ], [ -83.551312, 44.579355 ], [ -83.551465, 44.579479 ], [ -83.55158, 44.579534 ], [ -83.551706, 44.579575 ], [ -83.551795, 44.579594 ], [ -83.551979, 44.579602 ], [ -83.552159, 44.57957 ], [ -83.552282, 44.579523 ], [ -83.552474, 44.579384 ], [ -83.552651, 44.579274 ], [ -83.552766, 44.579222 ], [ -83.552893, 44.579184 ], [ -83.553027, 44.579156 ], [ -83.553212, 44.579129 ], [ -83.5533, 44.579124 ], [ -83.553718, 44.579163 ], [ -83.553811, 44.579176 ], [ -83.553895, 44.579198 ], [ -83.554125, 44.579303 ], [ -83.554604, 44.579564 ], [ -83.554719, 44.579619 ], [ -83.5548, 44.579646 ], [ -83.554938, 44.579671 ], [ -83.555164, 44.579696 ], [ -83.555302, 44.579696 ], [ -83.555365, 44.579683 ], [ -83.555437, 44.579669 ], [ -83.555517, 44.579636 ], [ -83.555587, 44.579595 ], [ -83.555775, 44.579447 ], [ -83.55589, 44.579307 ], [ -83.555956, 44.579184 ], [ -83.555987, 44.578954 ], [ -83.556087, 44.578699 ], [ -83.556107, 44.578603 ], [ -83.556093, 44.577911 ], [ -83.556101, 44.577747 ], [ -83.556151, 44.577588 ], [ -83.556274, 44.577336 ], [ -83.55632, 44.577278 ], [ -83.556351, 44.577256 ], [ -83.55657, 44.577133 ], [ -83.556843, 44.577007 ], [ -83.556977, 44.576982 ], [ -83.557115, 44.576974 ], [ -83.55725, 44.576988 ], [ -83.55738, 44.577021 ], [ -83.557464, 44.577051 ], [ -83.557541, 44.577093 ], [ -83.557583, 44.577148 ], [ -83.557606, 44.577211 ], [ -83.557629, 44.577345 ], [ -83.557629, 44.577444 ], [ -83.557682, 44.577603 ], [ -83.55772, 44.577663 ], [ -83.557747, 44.577688 ], [ -83.55782, 44.577735 ], [ -83.557862, 44.577746 ], [ -83.557904, 44.577748 ], [ -83.557996, 44.577727 ], [ -83.558208, 44.577601 ], [ -83.558339, 44.577568 ], [ -83.558569, 44.577543 ], [ -83.558753, 44.577533 ], [ -83.558845, 44.577538 ], [ -83.558887, 44.577552 ], [ -83.558926, 44.577574 ], [ -83.558971, 44.577629 ], [ -83.558991, 44.577692 ], [ -83.55899, 44.577761 ], [ -83.558956, 44.57789 ], [ -83.558825, 44.578238 ], [ -83.558805, 44.578303 ], [ -83.558805, 44.578369 ], [ -83.558828, 44.578433 ], [ -83.558851, 44.578462 ], [ -83.558947, 44.578537 ], [ -83.559027, 44.57857 ], [ -83.559162, 44.578581 ], [ -83.559534, 44.578592 ], [ -83.559622, 44.578606 ], [ -83.559887, 44.578669 ], [ -83.560067, 44.578689 ], [ -83.560209, 44.578686 ], [ -83.560344, 44.578673 ], [ -83.560432, 44.578648 ], [ -83.560494, 44.57862 ], [ -83.560551, 44.578596 ], [ -83.56062, 44.578555 ], [ -83.560743, 44.578456 ], [ -83.560824, 44.578374 ], [ -83.560866, 44.578316 ], [ -83.561251, 44.57754 ], [ -83.561386, 44.577296 ], [ -83.561471, 44.577217 ], [ -83.561574, 44.577154 ], [ -83.561698, 44.577107 ], [ -83.561786, 44.577094 ], [ -83.561928, 44.577088 ], [ -83.56225, 44.577111 ], [ -83.56243, 44.577138 ], [ -83.562519, 44.577158 ], [ -83.562603, 44.577188 ], [ -83.56268, 44.577224 ], [ -83.562749, 44.577268 ], [ -83.562791, 44.577325 ], [ -83.562806, 44.577424 ], [ -83.562783, 44.577523 ], [ -83.562702, 44.577712 ], [ -83.562698, 44.577745 ], [ -83.562706, 44.577808 ], [ -83.562801, 44.577923 ], [ -83.562859, 44.577975 ], [ -83.56297, 44.57803 ], [ -83.563135, 44.578093 ], [ -83.563265, 44.578129 ], [ -83.5634, 44.578151 ], [ -83.563584, 44.578163 ], [ -83.56391, 44.578168 ], [ -83.564044, 44.578146 ], [ -83.564163, 44.578094 ], [ -83.564248, 44.57807 ], [ -83.564609, 44.578012 ], [ -83.565219, 44.577761 ], [ -83.565423, 44.577684 ], [ -83.56555, 44.577649 ], [ -83.565949, 44.577569 ], [ -83.566221, 44.577528 ], [ -83.566452, 44.577512 ], [ -83.566586, 44.577529 ], [ -83.56672, 44.577564 ], [ -83.566801, 44.577595 ], [ -83.566874, 44.577633 ], [ -83.566977, 44.577699 ], [ -83.567188, 44.577875 ], [ -83.567303, 44.578018 ], [ -83.567472, 44.57813 ], [ -83.567874, 44.57849 ], [ -83.568062, 44.578638 ], [ -83.568165, 44.578701 ], [ -83.568204, 44.578718 ], [ -83.568342, 44.578735 ], [ -83.568538, 44.578822 ], [ -83.568622, 44.57885 ], [ -83.568752, 44.578875 ], [ -83.569029, 44.578911 ], [ -83.569159, 44.578938 ], [ -83.56937, 44.579007 ], [ -83.569861, 44.579191 ], [ -83.57003, 44.579246 ], [ -83.57016, 44.579279 ], [ -83.570252, 44.579287 ], [ -83.570571, 44.579299 ], [ -83.571634, 44.579297 ], [ -83.57191, 44.579305 ], [ -83.572133, 44.579355 ], [ -83.572298, 44.57941 ], [ -83.572367, 44.579451 ], [ -83.572482, 44.579558 ], [ -83.572558, 44.579597 ], [ -83.572681, 44.579641 ], [ -83.572727, 44.579649 ], [ -83.572865, 44.579654 ], [ -83.573096, 44.579644 ], [ -83.573226, 44.579619 ], [ -83.573357, 44.579581 ], [ -83.573595, 44.57948 ], [ -83.573741, 44.5794 ], [ -83.573845, 44.579332 ], [ -83.57406, 44.579159 ], [ -83.574156, 44.579091 ], [ -83.574233, 44.579052 ], [ -83.574359, 44.579014 ], [ -83.574455, 44.579006 ], [ -83.574497, 44.579014 ], [ -83.574658, 44.579074 ], [ -83.575015, 44.579231 ], [ -83.575138, 44.579278 ], [ -83.575226, 44.5793 ], [ -83.575318, 44.579308 ], [ -83.575457, 44.579303 ], [ -83.575545, 44.579286 ], [ -83.575587, 44.579272 ], [ -83.575737, 44.579191 ], [ -83.575833, 44.579119 ], [ -83.575914, 44.57904 ], [ -83.575975, 44.578949 ], [ -83.576002, 44.578886 ], [ -83.576033, 44.57879 ], [ -83.576087, 44.578467 ], [ -83.576107, 44.578401 ], [ -83.576141, 44.578338 ], [ -83.576233, 44.578266 ], [ -83.576395, 44.578195 ], [ -83.576479, 44.578171 ], [ -83.576709, 44.578149 ], [ -83.576794, 44.578124 ], [ -83.576859, 44.578078 ], [ -83.576913, 44.57802 ], [ -83.576952, 44.577962 ], [ -83.577013, 44.577836 ], [ -83.577059, 44.577782 ], [ -83.577101, 44.577765 ], [ -83.577148, 44.57776 ], [ -83.577424, 44.577754 ], [ -83.577612, 44.577738 ], [ -83.577743, 44.577711 ], [ -83.57785, 44.577653 ], [ -83.57795, 44.577582 ], [ -83.578042, 44.577505 ], [ -83.578138, 44.577396 ], [ -83.578269, 44.5773 ], [ -83.578453, 44.577201 ], [ -83.578618, 44.577144 ], [ -83.578707, 44.577124 ], [ -83.578845, 44.577114 ], [ -83.579263, 44.577114 ], [ -83.579444, 44.577106 ], [ -83.579574, 44.57707 ], [ -83.579693, 44.577016 ], [ -83.579758, 44.576969 ], [ -83.579804, 44.576914 ], [ -83.579908, 44.57673 ], [ -83.579955, 44.576673 ], [ -83.579985, 44.576648 ], [ -83.580101, 44.576593 ], [ -83.580273, 44.576541 ], [ -83.580316, 44.576533 ], [ -83.580408, 44.576531 ], [ -83.580634, 44.576561 ], [ -83.580807, 44.57661 ], [ -83.581259, 44.576773 ], [ -83.581352, 44.576786 ], [ -83.581582, 44.576798 ], [ -83.581716, 44.576784 ], [ -83.581916, 44.576699 ], [ -83.582, 44.576672 ], [ -83.582449, 44.576595 ], [ -83.582622, 44.576554 ], [ -83.582745, 44.576508 ], [ -83.582856, 44.576447 ], [ -83.582922, 44.576398 ], [ -83.58296, 44.576341 ], [ -83.582964, 44.576275 ], [ -83.58293, 44.576176 ], [ -83.582857, 44.576093 ], [ -83.582727, 44.575998 ], [ -83.582562, 44.57594 ], [ -83.582497, 44.575893 ], [ -83.582439, 44.575841 ], [ -83.58237, 44.575756 ], [ -83.582332, 44.575695 ], [ -83.582313, 44.575629 ], [ -83.582297, 44.575533 ], [ -83.58232, 44.57547 ], [ -83.582417, 44.575355 ], [ -83.582528, 44.575298 ], [ -83.582613, 44.575218 ], [ -83.582636, 44.575188 ], [ -83.582655, 44.575125 ], [ -83.582663, 44.574961 ], [ -83.582628, 44.574796 ], [ -83.582594, 44.574703 ], [ -83.58246, 44.57442 ], [ -83.582426, 44.574291 ], [ -83.58243, 44.574223 ], [ -83.582464, 44.574126 ], [ -83.582526, 44.574036 ], [ -83.58258, 44.573987 ], [ -83.582622, 44.57397 ], [ -83.582668, 44.573962 ], [ -83.582714, 44.573959 ], [ -83.582756, 44.573979 ], [ -83.582913, 44.574141 ], [ -83.583032, 44.574239 ], [ -83.583105, 44.574281 ], [ -83.583366, 44.574355 ], [ -83.583439, 44.574391 ], [ -83.5835, 44.57444 ], [ -83.583596, 44.574555 ], [ -83.58365, 44.574607 ], [ -83.583761, 44.574668 ], [ -83.583926, 44.574728 ], [ -83.583975, 44.574734 ], [ -83.584018, 44.574726 ], [ -83.58406, 44.574712 ], [ -83.584325, 44.574572 ], [ -83.584444, 44.574531 ], [ -83.584579, 44.57452 ], [ -83.584905, 44.57454 ], [ -83.585093, 44.574529 ], [ -83.585254, 44.574466 ], [ -83.585435, 44.574365 ], [ -83.585515, 44.574282 ], [ -83.585546, 44.574222 ], [ -83.585534, 44.574189 ], [ -83.585492, 44.574129 ], [ -83.585182, 44.573843 ], [ -83.585078, 44.573733 ], [ -83.585052, 44.57367 ], [ -83.585044, 44.573605 ], [ -83.585067, 44.573508 ], [ -83.585106, 44.573445 ], [ -83.585129, 44.573418 ], [ -83.585198, 44.573374 ], [ -83.585355, 44.573306 ], [ -83.585401, 44.5733 ], [ -83.585862, 44.573311 ], [ -83.58595, 44.573295 ], [ -83.585992, 44.573285 ], [ -83.585992, 44.57327 ], [ -83.585979, 44.573032 ] ], [ [ -83.732251, 44.450582 ], [ -83.732716, 44.450374 ], [ -83.733313, 44.450175 ], [ -83.733914, 44.450042 ], [ -83.733994, 44.450027 ], [ -83.734241, 44.449982 ], [ -83.734475, 44.449961 ], [ -83.73468, 44.449947 ], [ -83.735218, 44.449935 ], [ -83.735451, 44.449935 ], [ -83.736321, 44.450016 ], [ -83.737323, 44.450152 ], [ -83.738134, 44.450256 ], [ -83.739174, 44.450397 ], [ -83.74214, 44.450796 ], [ -83.743089, 44.450927 ], [ -83.74314, 44.450935 ], [ -83.746119, 44.451318 ], [ -83.746495, 44.451377 ], [ -83.747639, 44.451522 ], [ -83.748026, 44.451575 ], [ -83.74897, 44.451705 ], [ -83.750069, 44.451842 ], [ -83.75116, 44.451992 ], [ -83.752112, 44.452128 ], [ -83.75277, 44.45224 ], [ -83.75324, 44.452337 ], [ -83.753727, 44.452462 ], [ -83.754177, 44.452578 ], [ -83.754998, 44.452839 ], [ -83.755566, 44.453031 ], [ -83.755631, 44.453053 ], [ -83.756307, 44.453264 ], [ -83.757066, 44.453468 ], [ -83.757386, 44.453531 ], [ -83.757869, 44.453628 ], [ -83.758335, 44.453683 ], [ -83.758624, 44.453723 ], [ -83.759636, 44.453757 ], [ -83.761811, 44.453791 ], [ -83.762261, 44.45382 ], [ -83.762592, 44.45385 ], [ -83.763027, 44.453929 ], [ -83.763584, 44.454032 ], [ -83.76405, 44.454127 ], [ -83.764857, 44.454386 ], [ -83.764899, 44.454286 ], [ -83.764922, 44.454144 ], [ -83.764916, 44.453961 ], [ -83.764877, 44.452658 ], [ -83.764865, 44.452224 ], [ -83.764853, 44.451945 ], [ -83.764836, 44.451507 ], [ -83.764843, 44.45111 ], [ -83.764849, 44.450832 ], [ -83.764853, 44.450646 ], [ -83.764822, 44.450223 ], [ -83.76482, 44.449726 ], [ -83.764818, 44.44912 ], [ -83.764828, 44.447207 ], [ -83.764816, 44.446405 ], [ -83.764813, 44.446128 ], [ -83.764821, 44.445299 ], [ -83.764832, 44.44426 ], [ -83.764829, 44.444115 ], [ -83.764792, 44.442308 ], [ -83.764794, 44.441266 ], [ -83.764788, 44.440563 ], [ -83.76478, 44.43938 ], [ -83.764774, 44.439087 ], [ -83.764764, 44.43851 ], [ -83.76475, 44.438211 ], [ -83.764737, 44.437919 ], [ -83.764713, 44.436377 ], [ -83.764642, 44.431754 ], [ -83.764619, 44.430213 ], [ -83.764598, 44.428848 ], [ -83.764535, 44.424753 ], [ -83.764514, 44.423389 ], [ -83.764519, 44.421331 ], [ -83.764537, 44.415158 ], [ -83.764543, 44.413101 ], [ -83.764528, 44.411932 ], [ -83.764497, 44.409349 ], [ -83.764504, 44.408426 ], [ -83.764508, 44.407948 ], [ -83.764539, 44.407258 ], [ -83.764386, 44.407285 ], [ -83.764021, 44.407298 ], [ -83.763326, 44.407323 ], [ -83.762462, 44.407348 ], [ -83.761943, 44.407364 ], [ -83.761701, 44.407369 ], [ -83.760975, 44.407386 ], [ -83.760734, 44.407392 ], [ -83.760613, 44.407502 ], [ -83.760249, 44.407833 ], [ -83.760129, 44.407944 ], [ -83.759608, 44.408418 ], [ -83.75924, 44.408755 ], [ -83.75797, 44.40975 ], [ -83.757416, 44.410185 ], [ -83.756386, 44.41105 ], [ -83.755816, 44.41153 ], [ -83.753677, 44.413438 ], [ -83.753407, 44.413766 ], [ -83.752555, 44.414807 ], [ -83.751338, 44.416009 ], [ -83.750004, 44.417329 ], [ -83.747999, 44.418982 ], [ -83.74745, 44.419344 ], [ -83.747312, 44.419436 ], [ -83.74599, 44.420235 ], [ -83.742544, 44.422341 ], [ -83.740602, 44.423588 ], [ -83.740065, 44.423592 ], [ -83.727174, 44.423695 ], [ -83.726051, 44.423704 ], [ -83.726034, 44.423628 ], [ -83.725985, 44.423403 ], [ -83.725969, 44.423328 ], [ -83.725956, 44.422436 ], [ -83.72592, 44.419761 ], [ -83.72591, 44.419028 ], [ -83.725902, 44.41887 ], [ -83.725383, 44.419062 ], [ -83.723829, 44.419641 ], [ -83.723311, 44.419835 ], [ -83.721794, 44.418332 ], [ -83.717246, 44.413825 ], [ -83.71573, 44.412323 ], [ -83.714904, 44.411531 ], [ -83.712426, 44.409155 ], [ -83.7116, 44.408364 ], [ -83.710541, 44.407337 ], [ -83.710202, 44.407013 ], [ -83.705987, 44.402986 ], [ -83.705257, 44.402288 ], [ -83.704577, 44.40165 ], [ -83.703319, 44.400428 ], [ -83.700994, 44.39819 ], [ -83.700265, 44.39755 ], [ -83.699683, 44.397109 ], [ -83.699335, 44.396887 ], [ -83.69925, 44.396828 ], [ -83.698921, 44.396623 ], [ -83.698574, 44.396425 ], [ -83.698118, 44.396191 ], [ -83.697836, 44.396016 ], [ -83.69812, 44.395558 ], [ -83.698158, 44.395317 ], [ -83.698108, 44.395095 ], [ -83.6981, 44.394752 ], [ -83.698157, 44.3945 ], [ -83.69826, 44.394317 ], [ -83.698015, 44.394347 ], [ -83.695826, 44.394413 ], [ -83.695531, 44.394448 ], [ -83.695313, 44.39453 ], [ -83.695139, 44.394646 ], [ -83.69497, 44.394835 ], [ -83.694875, 44.394925 ], [ -83.694465, 44.394805 ], [ -83.690406, 44.393497 ], [ -83.687668, 44.392627 ], [ -83.685346, 44.391872 ], [ -83.68528, 44.391861 ], [ -83.685297, 44.39176 ], [ -83.685311, 44.391604 ], [ -83.685207, 44.3892 ], [ -83.685043, 44.386289 ], [ -83.68491, 44.38353 ], [ -83.684874, 44.382151 ], [ -83.684862, 44.38172 ], [ -83.684829, 44.380427 ], [ -83.684818, 44.379996 ], [ -83.684808, 44.379536 ], [ -83.684802, 44.379253 ], [ -83.684813, 44.378156 ], [ -83.684819, 44.377696 ], [ -83.684821, 44.377555 ], [ -83.684815, 44.376369 ], [ -83.684831, 44.374089 ], [ -83.684832, 44.372819 ], [ -83.684858, 44.371458 ], [ -83.684842, 44.370137 ], [ -83.684847, 44.368593 ], [ -83.684878, 44.36648 ], [ -83.684898, 44.365795 ], [ -83.684888, 44.365479 ], [ -83.684344, 44.365496 ], [ -83.683346, 44.365528 ], [ -83.682715, 44.365534 ], [ -83.682172, 44.365541 ], [ -83.681901, 44.365546 ], [ -83.681089, 44.36556 ], [ -83.680819, 44.365566 ], [ -83.67974, 44.365586 ], [ -83.676503, 44.365646 ], [ -83.675424, 44.365666 ], [ -83.675114, 44.365672 ], [ -83.674184, 44.365692 ], [ -83.673923, 44.365698 ], [ -83.673875, 44.365699 ], [ -83.673623, 44.365704 ], [ -83.67287, 44.365719 ], [ -83.67262, 44.365725 ], [ -83.670044, 44.365774 ], [ -83.665985, 44.365853 ], [ -83.662319, 44.365936 ], [ -83.659744, 44.365996 ], [ -83.65967, 44.365997 ], [ -83.659447, 44.366003 ], [ -83.659374, 44.366005 ], [ -83.659144, 44.36601 ], [ -83.658454, 44.366025 ], [ -83.658225, 44.366031 ], [ -83.658199, 44.36617 ], [ -83.658252, 44.36643 ], [ -83.658245, 44.366563 ], [ -83.65823, 44.366628 ], [ -83.658214, 44.366659 ], [ -83.658115, 44.366727 ], [ -83.6581, 44.366758 ], [ -83.6581, 44.366826 ], [ -83.658123, 44.366849 ], [ -83.658161, 44.366868 ], [ -83.658336, 44.366918 ], [ -83.658397, 44.366968 ], [ -83.658436, 44.367025 ], [ -83.658436, 44.367059 ], [ -83.65842, 44.367094 ], [ -83.658237, 44.367357 ], [ -83.658222, 44.367422 ], [ -83.658222, 44.36749 ], [ -83.658291, 44.367685 ], [ -83.658359, 44.367803 ], [ -83.658413, 44.367856 ], [ -83.658519, 44.367921 ], [ -83.65855, 44.367944 ], [ -83.658664, 44.368127 ], [ -83.658741, 44.368207 ], [ -83.658832, 44.368276 ], [ -83.658947, 44.368341 ], [ -83.659496, 44.368577 ], [ -83.659603, 44.368638 ], [ -83.659771, 44.368753 ], [ -83.659809, 44.368772 ], [ -83.659939, 44.36881 ], [ -83.659969, 44.368829 ], [ -83.66003, 44.368879 ], [ -83.660147, 44.368987 ], [ -83.660198, 44.369035 ], [ -83.660267, 44.369085 ], [ -83.660381, 44.369134 ], [ -83.660633, 44.369222 ], [ -83.660702, 44.36926 ], [ -83.660801, 44.369333 ], [ -83.660877, 44.369417 ], [ -83.661205, 44.369852 ], [ -83.66135, 44.370016 ], [ -83.661419, 44.370061 ], [ -83.661533, 44.370115 ], [ -83.661754, 44.370161 ], [ -83.661968, 44.370225 ], [ -83.66209, 44.370275 ], [ -83.662121, 44.370298 ], [ -83.662197, 44.370492 ], [ -83.66225, 44.370542 ], [ -83.662281, 44.370565 ], [ -83.662403, 44.370607 ], [ -83.662678, 44.370664 ], [ -83.6628, 44.370698 ], [ -83.66283, 44.370725 ], [ -83.662846, 44.370756 ], [ -83.662868, 44.370855 ], [ -83.662891, 44.370885 ], [ -83.662929, 44.370908 ], [ -83.663204, 44.37092 ], [ -83.663242, 44.370931 ], [ -83.663334, 44.371011 ], [ -83.663364, 44.371015 ], [ -83.66341, 44.370988 ], [ -83.663448, 44.370981 ], [ -83.663502, 44.370981 ], [ -83.66354, 44.370988 ], [ -83.663601, 44.371042 ], [ -83.663639, 44.371171 ], [ -83.6637, 44.371221 ], [ -83.663776, 44.371252 ], [ -83.663952, 44.37129 ], [ -83.664036, 44.37132 ], [ -83.664165, 44.371465 ], [ -83.664226, 44.371507 ], [ -83.664364, 44.371515 ], [ -83.66441, 44.371526 ], [ -83.664577, 44.37158 ], [ -83.664692, 44.371629 ], [ -83.664722, 44.371652 ], [ -83.664738, 44.371686 ], [ -83.664745, 44.371786 ], [ -83.664944, 44.371969 ], [ -83.665134, 44.37211 ], [ -83.665218, 44.372137 ], [ -83.66531, 44.372152 ], [ -83.665493, 44.372156 ], [ -83.665585, 44.372171 ], [ -83.665623, 44.37219 ], [ -83.665737, 44.372297 ], [ -83.665768, 44.372316 ], [ -83.665859, 44.372331 ], [ -83.665897, 44.37235 ], [ -83.665928, 44.372377 ], [ -83.665974, 44.372438 ], [ -83.665997, 44.372461 ], [ -83.666042, 44.372472 ], [ -83.666225, 44.372503 ], [ -83.666264, 44.372518 ], [ -83.666294, 44.372541 ], [ -83.66634, 44.372598 ], [ -83.666378, 44.372693 ], [ -83.66637, 44.372762 ], [ -83.666325, 44.372888 ], [ -83.666317, 44.372987 ], [ -83.666332, 44.373086 ], [ -83.666386, 44.373174 ], [ -83.666431, 44.373231 ], [ -83.6665, 44.373277 ], [ -83.666843, 44.373441 ], [ -83.667019, 44.373548 ], [ -83.667126, 44.373655 ], [ -83.667309, 44.373887 ], [ -83.667385, 44.374086 ], [ -83.667408, 44.374113 ], [ -83.667507, 44.374181 ], [ -83.66753, 44.374212 ], [ -83.66753, 44.374242 ], [ -83.667515, 44.374311 ], [ -83.667423, 44.374494 ], [ -83.667408, 44.374593 ], [ -83.667385, 44.374658 ], [ -83.667202, 44.374887 ], [ -83.667149, 44.375017 ], [ -83.667011, 44.375223 ], [ -83.666813, 44.375402 ], [ -83.666767, 44.375459 ], [ -83.666775, 44.37549 ], [ -83.666874, 44.375562 ], [ -83.666897, 44.375627 ], [ -83.66692, 44.375726 ], [ -83.666943, 44.375787 ], [ -83.667057, 44.37589 ], [ -83.667065, 44.375921 ], [ -83.667057, 44.375959 ], [ -83.667042, 44.375986 ], [ -83.666904, 44.376081 ], [ -83.666882, 44.376108 ], [ -83.666874, 44.376134 ], [ -83.666912, 44.376272 ], [ -83.666912, 44.376466 ], [ -83.666897, 44.376634 ], [ -83.666851, 44.37676 ], [ -83.666859, 44.37679 ], [ -83.6669, 44.376849 ], [ -83.66692, 44.376878 ], [ -83.666927, 44.376912 ], [ -83.666935, 44.377042 ], [ -83.66695, 44.377076 ], [ -83.666973, 44.377103 ], [ -83.667011, 44.377122 ], [ -83.667294, 44.377237 ], [ -83.667439, 44.377321 ], [ -83.667538, 44.377431 ], [ -83.667759, 44.377717 ], [ -83.667812, 44.377775 ], [ -83.667996, 44.377923 ], [ -83.668118, 44.378061 ], [ -83.668316, 44.378354 ], [ -83.668484, 44.378663 ], [ -83.668652, 44.379007 ], [ -83.668713, 44.379163 ], [ -83.66872, 44.379232 ], [ -83.66869, 44.37956 ], [ -83.668636, 44.37972 ], [ -83.668537, 44.379937 ], [ -83.668362, 44.380277 ], [ -83.668316, 44.380352 ], [ -83.668232, 44.380354 ], [ -83.667654, 44.380367 ], [ -83.66567, 44.380411 ], [ -83.665009, 44.380427 ], [ -83.665039, 44.381861 ], [ -83.665131, 44.386165 ], [ -83.665162, 44.3876 ], [ -83.665161, 44.387802 ], [ -83.665161, 44.388408 ], [ -83.665161, 44.388516 ], [ -83.665164, 44.388611 ], [ -83.665168, 44.388755 ], [ -83.66518, 44.38919 ], [ -83.665185, 44.389335 ], [ -83.665186, 44.389403 ], [ -83.665192, 44.389608 ], [ -83.665195, 44.389677 ], [ -83.665201, 44.389896 ], [ -83.66521, 44.390188 ], [ -83.66521, 44.390556 ], [ -83.665211, 44.390776 ], [ -83.665222, 44.391184 ], [ -83.665229, 44.391414 ], [ -83.665247, 44.392408 ], [ -83.665255, 44.392817 ], [ -83.665263, 44.393249 ], [ -83.665282, 44.393485 ], [ -83.665294, 44.393783 ], [ -83.665295, 44.39397 ], [ -83.665308, 44.395164 ], [ -83.665298, 44.39679 ], [ -83.665308, 44.397433 ], [ -83.665327, 44.398588 ], [ -83.665186, 44.398619 ], [ -83.66483, 44.398638 ], [ -83.664773, 44.398642 ], [ -83.664265, 44.398685 ], [ -83.66334, 44.398811 ], [ -83.663293, 44.398818 ], [ -83.662847, 44.398892 ], [ -83.66235, 44.398974 ], [ -83.66217, 44.398993 ], [ -83.66211, 44.398993 ], [ -83.662045, 44.398983 ], [ -83.6617, 44.398876 ], [ -83.661613, 44.398861 ], [ -83.661504, 44.398856 ], [ -83.661405, 44.398873 ], [ -83.661369, 44.39889 ], [ -83.661274, 44.398958 ], [ -83.661164, 44.399 ], [ -83.661043, 44.399027 ], [ -83.660863, 44.399049 ], [ -83.660807, 44.399037 ], [ -83.660714, 44.398986 ], [ -83.660501, 44.3989 ], [ -83.660276, 44.398833 ], [ -83.660099, 44.398795 ], [ -83.659958, 44.398793 ], [ -83.659858, 44.398801 ], [ -83.659375, 44.39889 ], [ -83.659135, 44.398921 ], [ -83.658889, 44.398931 ], [ -83.658875, 44.398932 ], [ -83.658808, 44.398925 ], [ -83.65868, 44.398892 ], [ -83.658614, 44.398862 ], [ -83.65849, 44.398791 ], [ -83.658097, 44.398649 ], [ -83.657989, 44.398601 ], [ -83.657595, 44.398425 ], [ -83.657444, 44.398378 ], [ -83.657232, 44.398345 ], [ -83.65703, 44.398343 ], [ -83.655952, 44.398372 ], [ -83.655759, 44.39837 ], [ -83.655145, 44.398329 ], [ -83.655107, 44.398327 ], [ -83.655005, 44.398328 ], [ -83.654835, 44.398348 ], [ -83.654657, 44.398386 ], [ -83.654474, 44.398446 ], [ -83.654301, 44.398525 ], [ -83.654217, 44.398551 ], [ -83.65356, 44.398868 ], [ -83.652622, 44.399186 ], [ -83.652497, 44.399204 ], [ -83.651817, 44.399307 ], [ -83.650984, 44.399134 ], [ -83.649964, 44.39904 ], [ -83.648835, 44.399006 ], [ -83.647949, 44.398951 ], [ -83.647279, 44.399228 ], [ -83.647047, 44.399237 ], [ -83.646769, 44.39925 ], [ -83.646125, 44.399116 ], [ -83.645667, 44.399118 ], [ -83.645227, 44.399218 ], [ -83.645234, 44.400753 ], [ -83.645243, 44.402366 ], [ -83.645277, 44.404912 ], [ -83.645277, 44.404949 ], [ -83.645278, 44.405361 ], [ -83.645285, 44.406897 ], [ -83.645287, 44.40749 ], [ -83.645289, 44.407966 ], [ -83.645283, 44.409269 ], [ -83.645281, 44.409863 ], [ -83.645305, 44.411226 ], [ -83.645305, 44.411312 ], [ -83.645337, 44.414094 ], [ -83.645356, 44.415659 ], [ -83.645373, 44.417109 ], [ -83.645398, 44.418633 ], [ -83.645426, 44.420329 ], [ -83.645428, 44.42071 ], [ -83.645445, 44.423207 ], [ -83.645451, 44.424098 ], [ -83.645465, 44.424626 ], [ -83.645455, 44.424732 ], [ -83.643216, 44.424735 ], [ -83.640369, 44.424729 ], [ -83.634353, 44.424746 ], [ -83.631698, 44.424751 ], [ -83.630922, 44.424753 ], [ -83.630458, 44.424751 ], [ -83.626484, 44.424736 ], [ -83.625145, 44.424732 ], [ -83.624232, 44.424746 ], [ -83.624218, 44.426201 ], [ -83.624216, 44.426248 ], [ -83.624184, 44.427233 ], [ -83.624174, 44.427524 ], [ -83.624146, 44.431183 ], [ -83.624132, 44.431623 ], [ -83.62553, 44.431643 ], [ -83.627131, 44.43168 ], [ -83.627508, 44.431722 ], [ -83.628084, 44.431787 ], [ -83.6292, 44.431996 ], [ -83.6295, 44.432066 ], [ -83.630296, 44.432279 ], [ -83.635122, 44.433705 ], [ -83.636866, 44.434167 ], [ -83.63731, 44.434255 ], [ -83.637477, 44.434288 ], [ -83.638317, 44.434387 ], [ -83.64067, 44.434614 ], [ -83.641626, 44.434701 ], [ -83.643329, 44.434858 ], [ -83.644053, 44.434915 ], [ -83.644498, 44.434919 ], [ -83.64477, 44.434923 ], [ -83.645458, 44.434884 ], [ -83.647556, 44.434795 ], [ -83.648907, 44.434781 ], [ -83.649621, 44.434836 ], [ -83.649914, 44.434859 ], [ -83.651035, 44.435016 ], [ -83.652216, 44.435295 ], [ -83.653916, 44.435747 ], [ -83.654661, 44.435979 ], [ -83.661727, 44.4379 ], [ -83.664789, 44.438733 ], [ -83.665378, 44.438852 ], [ -83.66577, 44.438892 ], [ -83.665911, 44.438909 ], [ -83.66615, 44.438925 ], [ -83.666229, 44.438927 ], [ -83.666383, 44.438923 ], [ -83.667019, 44.438885 ], [ -83.667127, 44.438879 ], [ -83.669169, 44.438658 ], [ -83.670275, 44.438515 ], [ -83.67075, 44.438459 ], [ -83.670957, 44.438435 ], [ -83.671185, 44.438416 ], [ -83.671847, 44.438379 ], [ -83.671999, 44.438376 ], [ -83.672428, 44.438412 ], [ -83.672475, 44.438417 ], [ -83.672824, 44.438462 ], [ -83.673036, 44.438509 ], [ -83.673438, 44.438628 ], [ -83.67384, 44.438818 ], [ -83.673935, 44.438863 ], [ -83.674262, 44.439044 ], [ -83.674395, 44.439003 ], [ -83.674819, 44.438978 ], [ -83.676498, 44.438958 ], [ -83.678697, 44.438932 ], [ -83.679832, 44.438904 ], [ -83.683226, 44.438858 ], [ -83.685297, 44.438844 ], [ -83.68547, 44.438846 ], [ -83.68589, 44.438834 ], [ -83.687187, 44.438813 ], [ -83.688711, 44.438773 ], [ -83.689586, 44.438758 ], [ -83.694893, 44.438671 ], [ -83.696208, 44.438658 ], [ -83.697715, 44.438627 ], [ -83.701936, 44.438578 ], [ -83.705851, 44.438534 ], [ -83.706054, 44.438535 ], [ -83.706049, 44.439284 ], [ -83.706044, 44.440093 ], [ -83.706045, 44.440863 ], [ -83.706037, 44.441533 ], [ -83.70603, 44.442197 ], [ -83.706034, 44.442283 ], [ -83.70602, 44.444469 ], [ -83.706019, 44.444769 ], [ -83.706009, 44.45103 ], [ -83.706006, 44.453217 ], [ -83.707082, 44.453197 ], [ -83.710311, 44.45314 ], [ -83.711388, 44.453121 ], [ -83.712462, 44.453099 ], [ -83.715686, 44.453036 ], [ -83.716761, 44.453015 ], [ -83.718646, 44.452977 ], [ -83.7203, 44.452945 ], [ -83.724301, 44.452843 ], [ -83.726187, 44.452796 ], [ -83.72634, 44.452785 ], [ -83.726801, 44.452753 ], [ -83.726955, 44.452743 ], [ -83.727233, 44.452715 ], [ -83.727859, 44.452605 ], [ -83.727964, 44.452587 ], [ -83.728485, 44.452485 ], [ -83.729173, 44.452266 ], [ -83.729485, 44.452157 ], [ -83.730053, 44.451912 ], [ -83.730354, 44.451739 ], [ -83.73043, 44.451691 ], [ -83.731111, 44.451271 ], [ -83.731203, 44.451202 ], [ -83.731438, 44.451047 ], [ -83.731896, 44.450767 ], [ -83.732251, 44.450582 ] ], [ [ -83.571643, 44.76842 ], [ -83.571676, 44.768351 ], [ -83.571549, 44.768282 ], [ -83.571581, 44.768191 ], [ -83.570885, 44.767159 ], [ -83.570505, 44.766677 ], [ -83.569772, 44.766216 ], [ -83.568176, 44.765588 ], [ -83.567731, 44.765265 ], [ -83.567413, 44.764897 ], [ -83.567416, 44.764623 ], [ -83.567515, 44.764145 ], [ -83.567619, 44.763998 ], [ -83.567676, 44.763919 ], [ -83.568094, 44.763671 ], [ -83.56829, 44.763285 ], [ -83.568202, 44.762121 ], [ -83.567826, 44.761092 ], [ -83.567699, 44.760953 ], [ -83.5677, 44.760885 ], [ -83.567637, 44.760794 ], [ -83.567575, 44.760565 ], [ -83.567673, 44.760224 ], [ -83.567995, 44.759999 ], [ -83.568638, 44.759685 ], [ -83.568673, 44.759297 ], [ -83.568518, 44.758795 ], [ -83.568393, 44.758801 ], [ -83.568103, 44.758869 ], [ -83.56756, 44.758846 ], [ -83.566664, 44.758436 ], [ -83.566088, 44.758435 ], [ -83.565735, 44.758526 ], [ -83.565544, 44.758686 ], [ -83.565352, 44.759051 ], [ -83.56532, 44.75978 ], [ -83.565447, 44.760099 ], [ -83.565831, 44.760509 ], [ -83.5658, 44.761057 ], [ -83.565671, 44.761216 ], [ -83.565384, 44.761307 ], [ -83.565128, 44.761285 ], [ -83.564277, 44.760957 ], [ -83.563591, 44.760692 ], [ -83.563272, 44.760395 ], [ -83.563208, 44.760122 ], [ -83.563143, 44.760031 ], [ -83.562088, 44.759278 ], [ -83.561991, 44.757816 ], [ -83.561909, 44.757822 ], [ -83.561802, 44.757877 ], [ -83.560425, 44.757424 ], [ -83.560404, 44.757417 ], [ -83.558555, 44.757305 ], [ -83.558593, 44.757502 ], [ -83.558732, 44.757524 ], [ -83.559407, 44.757529 ], [ -83.560205, 44.757577 ], [ -83.560489, 44.75762 ], [ -83.561408, 44.757942 ], [ -83.561472, 44.757965 ], [ -83.561695, 44.758108 ], [ -83.561734, 44.758212 ], [ -83.561735, 44.758564 ], [ -83.561812, 44.758806 ], [ -83.561981, 44.758861 ], [ -83.562035, 44.75901 ], [ -83.561929, 44.759254 ], [ -83.560906, 44.758701 ], [ -83.560507, 44.758636 ], [ -83.559716, 44.758396 ], [ -83.559132, 44.758347 ], [ -83.558427, 44.758509 ], [ -83.558342, 44.758469 ], [ -83.558189, 44.758399 ], [ -83.55782, 44.758307 ], [ -83.557322, 44.758319 ], [ -83.554339, 44.758513 ], [ -83.553634, 44.758663 ], [ -83.551891, 44.758876 ], [ -83.551001, 44.759032 ], [ -83.550041, 44.759271 ], [ -83.549127, 44.759454 ], [ -83.547967, 44.759787 ], [ -83.547176, 44.760084 ], [ -83.545927, 44.760556 ], [ -83.544763, 44.761059 ], [ -83.543689, 44.761579 ], [ -83.543485, 44.761678 ], [ -83.543014, 44.76188 ], [ -83.542152, 44.762253 ], [ -83.541443, 44.762777 ], [ -83.541312, 44.76303 ], [ -83.541228, 44.763104 ], [ -83.541026, 44.763284 ], [ -83.540626, 44.763528 ], [ -83.540546, 44.763577 ], [ -83.540234, 44.763738 ], [ -83.540128, 44.763792 ], [ -83.539957, 44.763925 ], [ -83.539627, 44.764184 ], [ -83.539328, 44.764536 ], [ -83.538944, 44.765203 ], [ -83.538907, 44.765505 ], [ -83.538815, 44.765824 ], [ -83.538795, 44.765872 ], [ -83.538655, 44.766226 ], [ -83.538447, 44.766474 ], [ -83.538374, 44.766493 ], [ -83.53827, 44.766519 ], [ -83.538, 44.766448 ], [ -83.537957, 44.765351 ], [ -83.537954, 44.765261 ], [ -83.537818, 44.76526 ], [ -83.537815, 44.766668 ], [ -83.538471, 44.766672 ], [ -83.538541, 44.766771 ], [ -83.538496, 44.767123 ], [ -83.538337, 44.767932 ], [ -83.538262, 44.76852 ], [ -83.53814, 44.768755 ], [ -83.538009, 44.76901 ], [ -83.537779, 44.769412 ], [ -83.537294, 44.769963 ], [ -83.537183, 44.770009 ], [ -83.535882, 44.770558 ], [ -83.535746, 44.770616 ], [ -83.535471, 44.770862 ], [ -83.53491, 44.771306 ], [ -83.528897, 44.77338 ], [ -83.526933, 44.774204 ], [ -83.526477, 44.774597 ], [ -83.529572, 44.776218 ], [ -83.529569, 44.776263 ], [ -83.529416, 44.777015 ], [ -83.529337, 44.777846 ], [ -83.529298, 44.778039 ], [ -83.529318, 44.778517 ], [ -83.529326, 44.778619 ], [ -83.529372, 44.778834 ], [ -83.529391, 44.77887 ], [ -83.529418, 44.778912 ], [ -83.529583, 44.780183 ], [ -83.529655, 44.780777 ], [ -83.529753, 44.781258 ], [ -83.529767, 44.781327 ], [ -83.529804, 44.781508 ], [ -83.529805, 44.781537 ], [ -83.529809, 44.781608 ], [ -83.529812, 44.781679 ], [ -83.529821, 44.781894 ], [ -83.529825, 44.781966 ], [ -83.529846, 44.78241 ], [ -83.529698, 44.784264 ], [ -83.529583, 44.784807 ], [ -83.529432, 44.785529 ], [ -83.529052, 44.787163 ], [ -83.52883, 44.787796 ], [ -83.528577, 44.788281 ], [ -83.528286, 44.788727 ], [ -83.527856, 44.789547 ], [ -83.52752, 44.790588 ], [ -83.527451, 44.790709 ], [ -83.527205, 44.790929 ], [ -83.526745, 44.79175 ], [ -83.526469, 44.792344 ], [ -83.526351, 44.792652 ], [ -83.526247, 44.792928 ], [ -83.52577, 44.793501 ], [ -83.525486, 44.793936 ], [ -83.525033, 44.794762 ], [ -83.524884, 44.795088 ], [ -83.523938, 44.797162 ], [ -83.523731, 44.797768 ], [ -83.523649, 44.798532 ], [ -83.523654, 44.798968 ], [ -83.523659, 44.799302 ], [ -83.523949, 44.80055 ], [ -83.524144, 44.801066 ], [ -83.52496, 44.802148 ], [ -83.525308, 44.802609 ], [ -83.525602, 44.802922 ], [ -83.526199, 44.803388 ], [ -83.52688, 44.80376 ], [ -83.527661, 44.804143 ], [ -83.528125, 44.804472 ], [ -83.528885, 44.805224 ], [ -83.529507, 44.806592 ], [ -83.529734, 44.807284 ], [ -83.529891, 44.808098 ], [ -83.52997, 44.808837 ], [ -83.529987, 44.808994 ], [ -83.530287, 44.810753 ], [ -83.530483, 44.811566 ], [ -83.530625, 44.812473 ], [ -83.530643, 44.812901 ], [ -83.530656, 44.81322 ], [ -83.530659, 44.813276 ], [ -83.530731, 44.814175 ], [ -83.530757, 44.814494 ], [ -83.53076, 44.814541 ], [ -83.530772, 44.814682 ], [ -83.530776, 44.81473 ], [ -83.530797, 44.814994 ], [ -83.530837, 44.815481 ], [ -83.530777, 44.815785 ], [ -83.530727, 44.816046 ], [ -83.530685, 44.816262 ], [ -83.530663, 44.816331 ], [ -83.530408, 44.81717 ], [ -83.530329, 44.817432 ], [ -83.530327, 44.817451 ], [ -83.530299, 44.817726 ], [ -83.530274, 44.817985 ], [ -83.530301, 44.818554 ], [ -83.530315, 44.818831 ], [ -83.530349, 44.819519 ], [ -83.530486, 44.820921 ], [ -83.530445, 44.822499 ], [ -83.529917, 44.824029 ], [ -83.529766, 44.824854 ], [ -83.529706, 44.825297 ], [ -83.529744, 44.82569 ], [ -83.529557, 44.826219 ], [ -83.529445, 44.826892 ], [ -83.529366, 44.827544 ], [ -83.529514, 44.828146 ], [ -83.529642, 44.828448 ], [ -83.529702, 44.828567 ], [ -83.529997, 44.828923 ], [ -83.53026, 44.829148 ], [ -83.53047, 44.829522 ], [ -83.53048, 44.829667 ], [ -83.530495, 44.829901 ], [ -83.530345, 44.830144 ], [ -83.529794, 44.830552 ], [ -83.529614, 44.830512 ], [ -83.529745, 44.83038 ], [ -83.529961, 44.830236 ], [ -83.5301, 44.830055 ], [ -83.530169, 44.829895 ], [ -83.530122, 44.82978 ], [ -83.529829, 44.829857 ], [ -83.529451, 44.830204 ], [ -83.529265, 44.830254 ], [ -83.529245, 44.83025 ], [ -83.529134, 44.830227 ], [ -83.529072, 44.830106 ], [ -83.528809, 44.830183 ], [ -83.528455, 44.830723 ], [ -83.528378, 44.830998 ], [ -83.528402, 44.831234 ], [ -83.52848, 44.831498 ], [ -83.528658, 44.831718 ], [ -83.528937, 44.831927 ], [ -83.529131, 44.832361 ], [ -83.529185, 44.832608 ], [ -83.529472, 44.833015 ], [ -83.529844, 44.833339 ], [ -83.529921, 44.833465 ], [ -83.52986, 44.833592 ], [ -83.529396, 44.833702 ], [ -83.529312, 44.834115 ], [ -83.52929, 44.834363 ], [ -83.529313, 44.834577 ], [ -83.529174, 44.834726 ], [ -83.529035, 44.834797 ], [ -83.528982, 44.834979 ], [ -83.528858, 44.835155 ], [ -83.528658, 44.835161 ], [ -83.528496, 44.835299 ], [ -83.528101, 44.835294 ], [ -83.5278, 44.835234 ], [ -83.527576, 44.835234 ], [ -83.527058, 44.835284 ], [ -83.526887, 44.834839 ], [ -83.526917, 44.834487 ], [ -83.526924, 44.833871 ], [ -83.526906, 44.83374 ], [ -83.5269, 44.833695 ], [ -83.526792, 44.833486 ], [ -83.526505, 44.833322 ], [ -83.526196, 44.833317 ], [ -83.525648, 44.833477 ], [ -83.525432, 44.833505 ], [ -83.52523, 44.833362 ], [ -83.525022, 44.833319 ], [ -83.524635, 44.833121 ], [ -83.524613, 44.833102 ], [ -83.524612, 44.833248 ], [ -83.524581, 44.833352 ], [ -83.524156, 44.833485 ], [ -83.524139, 44.83354 ], [ -83.524118, 44.833606 ], [ -83.524589, 44.833539 ], [ -83.524969, 44.833847 ], [ -83.525216, 44.833945 ], [ -83.525371, 44.833962 ], [ -83.525492, 44.833919 ], [ -83.525595, 44.833884 ], [ -83.526034, 44.833576 ], [ -83.526243, 44.833531 ], [ -83.526545, 44.833619 ], [ -83.526615, 44.833894 ], [ -83.526592, 44.83407 ], [ -83.526632, 44.834598 ], [ -83.526548, 44.835126 ], [ -83.526579, 44.835538 ], [ -83.526873, 44.835593 ], [ -83.527182, 44.835526 ], [ -83.527561, 44.835564 ], [ -83.528188, 44.835721 ], [ -83.528303, 44.83575 ], [ -83.52852, 44.835893 ], [ -83.528582, 44.836091 ], [ -83.528598, 44.836272 ], [ -83.528514, 44.836751 ], [ -83.52853, 44.836932 ], [ -83.528546, 44.837015 ], [ -83.528608, 44.837035 ], [ -83.528631, 44.837042 ], [ -83.528845, 44.836035 ], [ -83.52896, 44.835782 ], [ -83.529161, 44.835661 ], [ -83.529357, 44.835604 ], [ -83.529393, 44.835594 ], [ -83.529516, 44.835446 ], [ -83.529531, 44.835253 ], [ -83.529654, 44.835121 ], [ -83.529825, 44.835319 ], [ -83.52988, 44.835891 ], [ -83.529988, 44.835984 ], [ -83.53008, 44.83598 ], [ -83.530112, 44.835978 ], [ -83.530166, 44.835758 ], [ -83.530173, 44.835461 ], [ -83.53025, 44.835247 ], [ -83.530465, 44.834861 ], [ -83.530434, 44.834702 ], [ -83.53021, 44.834587 ], [ -83.5299, 44.834516 ], [ -83.529746, 44.834433 ], [ -83.529707, 44.834323 ], [ -83.529737, 44.834147 ], [ -83.529876, 44.834026 ], [ -83.530131, 44.833976 ], [ -83.530293, 44.833882 ], [ -83.530393, 44.833651 ], [ -83.530424, 44.833415 ], [ -83.530429, 44.833325 ], [ -83.530438, 44.833189 ], [ -83.530369, 44.832991 ], [ -83.529935, 44.832623 ], [ -83.529896, 44.832426 ], [ -83.529919, 44.832327 ], [ -83.530259, 44.832199 ], [ -83.530419, 44.832097 ], [ -83.530475, 44.832062 ], [ -83.530451, 44.831919 ], [ -83.53025, 44.831842 ], [ -83.530265, 44.831666 ], [ -83.529755, 44.831551 ], [ -83.529631, 44.831364 ], [ -83.529476, 44.831046 ], [ -83.52946, 44.830809 ], [ -83.52956, 44.830754 ], [ -83.529787, 44.830744 ], [ -83.53036, 44.831133 ], [ -83.531002, 44.83144 ], [ -83.531389, 44.831576 ], [ -83.532, 44.831663 ], [ -83.532618, 44.831689 ], [ -83.533189, 44.831627 ], [ -83.533606, 44.831505 ], [ -83.534038, 44.831279 ], [ -83.534702, 44.831095 ], [ -83.53535, 44.831011 ], [ -83.535403, 44.830999 ], [ -83.535991, 44.830872 ], [ -83.537434, 44.830401 ], [ -83.537827, 44.830087 ], [ -83.538481, 44.829491 ], [ -83.538688, 44.829051 ], [ -83.539012, 44.828731 ], [ -83.539366, 44.828505 ], [ -83.539573, 44.828087 ], [ -83.540242, 44.827271 ], [ -83.540749, 44.826417 ], [ -83.541807, 44.82559 ], [ -83.542114, 44.825061 ], [ -83.542614, 44.824384 ], [ -83.543376, 44.823612 ], [ -83.54396, 44.822951 ], [ -83.544561, 44.822422 ], [ -83.545061, 44.821937 ], [ -83.545547, 44.821573 ], [ -83.545978, 44.821324 ], [ -83.546279, 44.82118 ], [ -83.546564, 44.820927 ], [ -83.546795, 44.820761 ], [ -83.547049, 44.820645 ], [ -83.547258, 44.820678 ], [ -83.547566, 44.820457 ], [ -83.548059, 44.819966 ], [ -83.549744, 44.819099 ], [ -83.551014, 44.818717 ], [ -83.551921, 44.818616 ], [ -83.552604, 44.81851 ], [ -83.554077, 44.818407 ], [ -83.555139, 44.818443 ], [ -83.555404, 44.818453 ], [ -83.556165, 44.818611 ], [ -83.556505, 44.818693 ], [ -83.557074, 44.818884 ], [ -83.557821, 44.819267 ], [ -83.558136, 44.819365 ], [ -83.558682, 44.819457 ], [ -83.559051, 44.819578 ], [ -83.559513, 44.819983 ], [ -83.559968, 44.82034 ], [ -83.561731, 44.821402 ], [ -83.562435, 44.821916 ], [ -83.562625, 44.822055 ], [ -83.56291, 44.82234 ], [ -83.56348, 44.822773 ], [ -83.565077, 44.824446 ], [ -83.565524, 44.824792 ], [ -83.565818, 44.824863 ], [ -83.566417, 44.825428 ], [ -83.566824, 44.82597 ], [ -83.567213, 44.826487 ], [ -83.567543, 44.826802 ], [ -83.56921, 44.828396 ], [ -83.56967, 44.828785 ], [ -83.569951, 44.82895 ], [ -83.570107, 44.829042 ], [ -83.570317, 44.829218 ], [ -83.570871, 44.829871 ], [ -83.571733, 44.830606 ], [ -83.572036, 44.830803 ], [ -83.572742, 44.830988 ], [ -83.573325, 44.831289 ], [ -83.573707, 44.831607 ], [ -83.574072, 44.831826 ], [ -83.574375, 44.831946 ], [ -83.574647, 44.832001 ], [ -83.575151, 44.831999 ], [ -83.575733, 44.832163 ], [ -83.576261, 44.832255 ], [ -83.576727, 44.832303 ], [ -83.577588, 44.832433 ], [ -83.57928, 44.833226 ], [ -83.580002, 44.833626 ], [ -83.580309, 44.833795 ], [ -83.580565, 44.83402 ], [ -83.580752, 44.834278 ], [ -83.580222, 44.835055 ], [ -83.579392, 44.83603 ], [ -83.579133, 44.836488 ], [ -83.579104, 44.836939 ], [ -83.579384, 44.837543 ], [ -83.579772, 44.838064 ], [ -83.580315, 44.83858 ], [ -83.580712, 44.83914 ], [ -83.581465, 44.83999 ], [ -83.582187, 44.840681 ], [ -83.582335, 44.84089 ], [ -83.582461, 44.841511 ], [ -83.582782, 44.842285 ], [ -83.583, 44.842736 ], [ -83.583396, 44.843153 ], [ -83.584049, 44.844036 ], [ -83.584461, 44.844316 ], [ -83.584612, 44.844459 ], [ -83.58478, 44.844617 ], [ -83.58506, 44.845101 ], [ -83.585388, 44.845875 ], [ -83.585436, 44.84594 ], [ -83.585652, 44.846226 ], [ -83.586305, 44.846956 ], [ -83.58667, 44.847472 ], [ -83.586869, 44.847902 ], [ -83.586892, 44.847967 ], [ -83.587059, 44.84843 ], [ -83.587132, 44.848659 ], [ -83.58735, 44.849016 ], [ -83.58771, 44.849561 ], [ -83.587716, 44.84957 ], [ -83.587987, 44.849888 ], [ -83.588577, 44.850453 ], [ -83.588764, 44.85075 ], [ -83.588658, 44.851234 ], [ -83.588723, 44.8518 ], [ -83.589222, 44.852888 ], [ -83.589442, 44.853536 ], [ -83.589938, 44.853991 ], [ -83.591775, 44.855108 ], [ -83.593015, 44.855754 ], [ -83.593567, 44.85611 ], [ -83.594048, 44.856356 ], [ -83.594401, 44.856459 ], [ -83.594448, 44.856462 ], [ -83.594659, 44.856473 ], [ -83.594678, 44.856475 ], [ -83.594971, 44.856705 ], [ -83.595192, 44.856809 ], [ -83.595249, 44.856836 ], [ -83.595396, 44.856861 ], [ -83.595634, 44.856901 ], [ -83.595853, 44.856978 ], [ -83.59576, 44.857192 ], [ -83.595277, 44.857369 ], [ -83.595249, 44.857402 ], [ -83.59551, 44.857506 ], [ -83.595686, 44.857566 ], [ -83.595864, 44.857626 ], [ -83.596041, 44.857685 ], [ -83.596176, 44.857559 ], [ -83.596228, 44.857356 ], [ -83.596344, 44.857108 ], [ -83.597313, 44.857029 ], [ -83.598005, 44.856906 ], [ -83.598507, 44.856751 ], [ -83.599889, 44.856477 ], [ -83.600552, 44.85619 ], [ -83.602064, 44.855685 ], [ -83.602451, 44.855498 ], [ -83.602913, 44.855268 ], [ -83.603288, 44.855082 ], [ -83.603736, 44.854833 ], [ -83.604196, 44.854421 ], [ -83.604581, 44.854078 ], [ -83.604687, 44.853983 ], [ -83.604797, 44.853885 ], [ -83.605033, 44.853733 ], [ -83.605153, 44.853657 ], [ -83.605224, 44.853611 ], [ -83.605297, 44.853565 ], [ -83.605412, 44.853439 ], [ -83.60547, 44.853376 ], [ -83.605631, 44.8532 ], [ -83.605943, 44.852777 ], [ -83.606176, 44.852462 ], [ -83.606372, 44.852197 ], [ -83.606692, 44.851515 ], [ -83.606839, 44.850711 ], [ -83.606865, 44.850574 ], [ -83.607123, 44.850058 ], [ -83.607145, 44.850016 ], [ -83.607165, 44.849974 ], [ -83.607408, 44.849489 ], [ -83.607469, 44.849192 ], [ -83.607159, 44.848665 ], [ -83.605878, 44.847629 ], [ -83.605099, 44.847153 ], [ -83.60472, 44.846842 ], [ -83.604572, 44.84672 ], [ -83.604098, 44.846264 ], [ -83.603739, 44.845831 ], [ -83.603712, 44.845791 ], [ -83.60348, 44.845441 ], [ -83.603333, 44.844974 ], [ -83.603275, 44.844666 ], [ -83.603089, 44.844457 ], [ -83.603005, 44.84436 ], [ -83.602927, 44.843983 ], [ -83.602901, 44.843858 ], [ -83.602892, 44.843815 ], [ -83.602895, 44.84356 ], [ -83.602898, 44.843425 ], [ -83.603085, 44.842687 ], [ -83.603097, 44.842643 ], [ -83.603137, 44.842393 ], [ -83.603156, 44.842272 ], [ -83.603167, 44.842208 ], [ -83.603241, 44.841917 ], [ -83.603272, 44.841799 ], [ -83.6033, 44.841689 ], [ -83.603384, 44.841362 ], [ -83.603413, 44.841253 ], [ -83.60347, 44.841028 ], [ -83.603509, 44.840876 ], [ -83.603643, 44.840355 ], [ -83.603701, 44.840131 ], [ -83.603706, 44.840109 ], [ -83.603722, 44.840046 ], [ -83.603728, 44.840025 ], [ -83.603761, 44.839894 ], [ -83.603781, 44.83982 ], [ -83.603885, 44.839509 ], [ -83.603929, 44.839382 ], [ -83.603933, 44.839369 ], [ -83.603927, 44.839247 ], [ -83.603908, 44.838841 ], [ -83.603907, 44.838813 ], [ -83.603933, 44.838709 ], [ -83.604, 44.83844 ], [ -83.60415, 44.83785 ], [ -83.604114, 44.837631 ], [ -83.60411, 44.837603 ], [ -83.604222, 44.837382 ], [ -83.604271, 44.837284 ], [ -83.604346, 44.837075 ], [ -83.604461, 44.836761 ], [ -83.604572, 44.83611 ], [ -83.604628, 44.835784 ], [ -83.604641, 44.835707 ], [ -83.604651, 44.83565 ], [ -83.604674, 44.835515 ], [ -83.60468, 44.835479 ], [ -83.604684, 44.835459 ], [ -83.604693, 44.835403 ], [ -83.604705, 44.835325 ], [ -83.604745, 44.835094 ], [ -83.604759, 44.835017 ], [ -83.604766, 44.834978 ], [ -83.604791, 44.834852 ], [ -83.604894, 44.834359 ], [ -83.604929, 44.834195 ], [ -83.604925, 44.834145 ], [ -83.604911, 44.833995 ], [ -83.604907, 44.833946 ], [ -83.604903, 44.833906 ], [ -83.604892, 44.833788 ], [ -83.604889, 44.833749 ], [ -83.60487, 44.833544 ], [ -83.604849, 44.833317 ], [ -83.604719, 44.833048 ], [ -83.604693, 44.832964 ], [ -83.604634, 44.832768 ], [ -83.604645, 44.83272 ], [ -83.60468, 44.832579 ], [ -83.604692, 44.832532 ], [ -83.604702, 44.832486 ], [ -83.604738, 44.832344 ], [ -83.60473, 44.832306 ], [ -83.604575, 44.831591 ], [ -83.604562, 44.831256 ], [ -83.604557, 44.831112 ], [ -83.604705, 44.830172 ], [ -83.604348, 44.829408 ], [ -83.60412, 44.828425 ], [ -83.604095, 44.828175 ], [ -83.60399, 44.827114 ], [ -83.603972, 44.826938 ], [ -83.603919, 44.82641 ], [ -83.603908, 44.826291 ], [ -83.603898, 44.826235 ], [ -83.603858, 44.826 ], [ -83.603805, 44.825681 ], [ -83.603643, 44.825328 ], [ -83.603544, 44.825113 ], [ -83.6035, 44.825018 ], [ -83.603457, 44.824923 ], [ -83.603392, 44.824724 ], [ -83.60336, 44.824625 ], [ -83.603325, 44.824519 ], [ -83.603245, 44.824269 ], [ -83.603233, 44.824199 ], [ -83.603216, 44.82409 ], [ -83.603199, 44.823991 ], [ -83.603162, 44.823758 ], [ -83.60317, 44.823696 ], [ -83.603181, 44.823622 ], [ -83.603182, 44.823597 ], [ -83.603191, 44.823383 ], [ -83.603199, 44.823219 ], [ -83.603407, 44.822788 ], [ -83.603501, 44.822596 ], [ -83.603617, 44.822355 ], [ -83.603684, 44.822217 ], [ -83.603849, 44.821591 ], [ -83.603915, 44.821333 ], [ -83.603886, 44.820806 ], [ -83.603881, 44.820699 ], [ -83.603947, 44.819995 ], [ -83.603914, 44.819511 ], [ -83.603818, 44.819246 ], [ -83.603724, 44.818983 ], [ -83.603717, 44.818736 ], [ -83.603714, 44.818631 ], [ -83.603611, 44.818357 ], [ -83.603577, 44.818265 ], [ -83.603451, 44.817928 ], [ -83.603428, 44.817866 ], [ -83.603279, 44.817466 ], [ -83.60324, 44.817362 ], [ -83.603234, 44.817346 ], [ -83.603007, 44.816952 ], [ -83.602829, 44.816641 ], [ -83.602805, 44.8166 ], [ -83.602771, 44.816539 ], [ -83.60273, 44.81648 ], [ -83.602703, 44.816442 ], [ -83.602692, 44.816427 ], [ -83.602643, 44.816362 ], [ -83.602465, 44.816122 ], [ -83.602406, 44.816043 ], [ -83.602265, 44.815854 ], [ -83.601842, 44.815287 ], [ -83.601702, 44.815099 ], [ -83.601565, 44.814916 ], [ -83.601157, 44.814367 ], [ -83.601021, 44.814185 ], [ -83.602025, 44.814142 ], [ -83.601812, 44.814136 ], [ -83.601173, 44.814118 ], [ -83.600961, 44.814112 ], [ -83.60089, 44.814046 ], [ -83.600706, 44.813873 ], [ -83.599939, 44.813153 ], [ -83.599733, 44.813021 ], [ -83.59965, 44.812968 ], [ -83.599459, 44.812844 ], [ -83.599165, 44.812655 ], [ -83.598924, 44.812529 ], [ -83.598864, 44.812522 ], [ -83.598639, 44.812496 ], [ -83.598461, 44.812476 ], [ -83.598441, 44.81247 ], [ -83.598221, 44.812405 ], [ -83.597904, 44.812216 ], [ -83.597733, 44.812115 ], [ -83.597515, 44.81204 ], [ -83.5974, 44.812 ], [ -83.596874, 44.811789 ], [ -83.596661, 44.811704 ], [ -83.596526, 44.81165 ], [ -83.595853, 44.811493 ], [ -83.595442, 44.811435 ], [ -83.5952, 44.811401 ], [ -83.594506, 44.811133 ], [ -83.593983, 44.811129 ], [ -83.59363, 44.811026 ], [ -83.593135, 44.810824 ], [ -83.592378, 44.810314 ], [ -83.592, 44.810115 ], [ -83.591278, 44.809734 ], [ -83.590884, 44.809552 ], [ -83.59067, 44.809452 ], [ -83.590311, 44.809286 ], [ -83.590038, 44.809136 ], [ -83.589832, 44.809023 ], [ -83.589652, 44.808924 ], [ -83.589112, 44.808627 ], [ -83.588932, 44.808528 ], [ -83.588778, 44.808443 ], [ -83.58781, 44.807876 ], [ -83.587376, 44.807622 ], [ -83.586958, 44.807348 ], [ -83.585656, 44.806246 ], [ -83.584781, 44.805448 ], [ -83.584718, 44.805391 ], [ -83.584152, 44.80504 ], [ -83.583638, 44.804855 ], [ -83.582693, 44.804511 ], [ -83.582097, 44.804188 ], [ -83.581596, 44.803904 ], [ -83.579976, 44.802989 ], [ -83.579488, 44.802638 ], [ -83.579071, 44.802254 ], [ -83.578677, 44.801821 ], [ -83.578445, 44.801415 ], [ -83.578328, 44.801068 ], [ -83.578295, 44.800733 ], [ -83.578338, 44.799875 ], [ -83.57818, 44.799193 ], [ -83.578165, 44.79876 ], [ -83.578162, 44.798649 ], [ -83.578207, 44.798192 ], [ -83.578282, 44.797807 ], [ -83.578509, 44.796883 ], [ -83.578703, 44.796598 ], [ -83.578768, 44.796503 ], [ -83.579488, 44.795819 ], [ -83.579725, 44.795296 ], [ -83.579838, 44.794608 ], [ -83.579618, 44.793877 ], [ -83.5793, 44.793229 ], [ -83.578456, 44.792049 ], [ -83.577275, 44.790721 ], [ -83.576862, 44.790288 ], [ -83.576403, 44.789877 ], [ -83.576084, 44.789415 ], [ -83.575786, 44.788756 ], [ -83.575706, 44.788201 ], [ -83.575873, 44.787222 ], [ -83.576423, 44.785532 ], [ -83.576631, 44.785092 ], [ -83.576908, 44.784755 ], [ -83.577108, 44.784337 ], [ -83.577253, 44.783864 ], [ -83.577133, 44.782896 ], [ -83.57689, 44.782369 ], [ -83.576319, 44.7815 ], [ -83.576305, 44.781479 ], [ -83.576063, 44.781045 ], [ -83.575732, 44.780759 ], [ -83.57562, 44.780662 ], [ -83.575501, 44.780569 ], [ -83.574873, 44.780081 ], [ -83.574142, 44.779428 ], [ -83.573986, 44.779098 ], [ -83.573854, 44.778681 ], [ -83.573719, 44.778252 ], [ -83.573642, 44.777749 ], [ -83.573608, 44.777531 ], [ -83.573519, 44.776949 ], [ -83.573498, 44.77688 ], [ -83.573435, 44.77667 ], [ -83.573367, 44.776444 ], [ -83.573163, 44.775768 ], [ -83.573096, 44.775543 ], [ -83.57304, 44.775356 ], [ -83.572913, 44.774641 ], [ -83.572878, 44.77451 ], [ -83.572724, 44.773932 ], [ -83.57272, 44.773062 ], [ -83.572715, 44.771908 ], [ -83.572482, 44.771612 ], [ -83.572404, 44.771462 ], [ -83.572349, 44.771354 ], [ -83.572344, 44.77042 ], [ -83.572337, 44.769906 ], [ -83.572243, 44.769541 ], [ -83.57196, 44.768878 ], [ -83.571864, 44.768809 ], [ -83.571802, 44.768581 ], [ -83.571643, 44.76842 ] ] ], [ [ [ -85.586248, 45.07616 ], [ -85.586144, 45.076063 ], [ -85.586152, 45.075777 ], [ -85.585999, 45.075577 ], [ -85.585806, 45.075216 ], [ -85.585669, 45.075079 ], [ -85.585508, 45.074965 ], [ -85.585048, 45.074684 ], [ -85.584734, 45.074404 ], [ -85.584541, 45.074358 ], [ -85.584436, 45.074261 ], [ -85.584412, 45.074129 ], [ -85.584307, 45.073946 ], [ -85.584155, 45.073523 ], [ -85.583968, 45.073278 ], [ -85.583897, 45.073185 ], [ -85.58376, 45.073111 ], [ -85.583655, 45.073088 ], [ -85.583671, 45.073037 ], [ -85.583752, 45.072968 ], [ -85.583744, 45.072859 ], [ -85.58368, 45.072768 ], [ -85.583712, 45.072636 ], [ -85.583656, 45.072568 ], [ -85.583567, 45.072522 ], [ -85.583454, 45.07227 ], [ -85.583261, 45.072007 ], [ -85.583265, 45.071914 ], [ -85.583254, 45.071887 ], [ -85.583076, 45.071618 ], [ -85.582896, 45.071573 ], [ -85.572483, 45.069022 ], [ -85.572314, 45.068919 ], [ -85.572197, 45.068776 ], [ -85.571904, 45.068421 ], [ -85.572146, 45.067913 ], [ -85.572179, 45.067701 ], [ -85.572244, 45.067535 ], [ -85.572228, 45.067404 ], [ -85.572163, 45.067272 ], [ -85.572293, 45.067101 ], [ -85.572325, 45.066918 ], [ -85.572487, 45.066586 ], [ -85.572527, 45.066369 ], [ -85.572463, 45.066232 ], [ -85.572358, 45.066112 ], [ -85.57144, 45.065425 ], [ -85.57119, 45.065276 ], [ -85.571005, 45.065213 ], [ -85.570876, 45.065127 ], [ -85.570642, 45.065036 ], [ -85.570417, 45.065041 ], [ -85.570384, 45.065104 ], [ -85.570408, 45.065173 ], [ -85.570271, 45.065264 ], [ -85.569828, 45.064972 ], [ -85.569933, 45.064881 ], [ -85.56999, 45.064789 ], [ -85.569949, 45.064669 ], [ -85.569748, 45.064646 ], [ -85.56957, 45.06468 ], [ -85.569538, 45.064652 ], [ -85.5697, 45.06452 ], [ -85.569394, 45.064314 ], [ -85.569128, 45.064068 ], [ -85.569047, 45.063948 ], [ -85.56908, 45.063851 ], [ -85.569201, 45.063788 ], [ -85.56954, 45.063703 ], [ -85.569612, 45.0636 ], [ -85.569476, 45.062999 ], [ -85.569533, 45.062839 ], [ -85.569743, 45.062576 ], [ -85.569767, 45.062479 ], [ -85.569759, 45.06233 ], [ -85.569598, 45.061976 ], [ -85.569276, 45.061644 ], [ -85.568801, 45.061255 ], [ -85.567963, 45.060894 ], [ -85.567061, 45.06047 ], [ -85.566959, 45.06041 ], [ -85.566867, 45.060356 ], [ -85.566698, 45.060207 ], [ -85.566602, 45.060052 ], [ -85.566594, 45.059887 ], [ -85.56653, 45.059709 ], [ -85.566151, 45.059412 ], [ -85.566063, 45.05924 ], [ -85.566015, 45.058943 ], [ -85.566427, 45.058285 ], [ -85.566622, 45.057445 ], [ -85.566663, 45.057085 ], [ -85.566534, 45.056667 ], [ -85.566502, 45.056387 ], [ -85.566664, 45.055907 ], [ -85.566665, 45.055661 ], [ -85.566794, 45.055387 ], [ -85.566746, 45.055295 ], [ -85.566819, 45.055106 ], [ -85.566849, 45.05489 ], [ -85.566835, 45.054735 ], [ -85.566755, 45.05458 ], [ -85.566666, 45.054483 ], [ -85.566344, 45.054334 ], [ -85.566489, 45.054186 ], [ -85.566417, 45.054077 ], [ -85.566111, 45.05414 ], [ -85.566086, 45.054082 ], [ -85.56624, 45.053957 ], [ -85.566232, 45.053848 ], [ -85.56616, 45.053708 ], [ -85.566169, 45.05359 ], [ -85.566187, 45.053533 ], [ -85.566257, 45.05331 ], [ -85.566214, 45.053099 ], [ -85.566247, 45.053027 ], [ -85.56633, 45.052847 ], [ -85.5665, 45.052687 ], [ -85.566555, 45.052588 ], [ -85.56658, 45.052544 ], [ -85.566589, 45.052344 ], [ -85.56646, 45.05199 ], [ -85.566517, 45.051835 ], [ -85.566678, 45.051704 ], [ -85.567082, 45.051515 ], [ -85.567179, 45.051413 ], [ -85.567138, 45.05127 ], [ -85.566978, 45.051064 ], [ -85.567075, 45.050881 ], [ -85.567261, 45.050052 ], [ -85.567189, 45.049823 ], [ -85.566706, 45.049102 ], [ -85.566529, 45.04889 ], [ -85.566506, 45.048524 ], [ -85.566385, 45.048136 ], [ -85.566265, 45.048004 ], [ -85.566112, 45.047912 ], [ -85.565934, 45.047735 ], [ -85.565911, 45.047541 ], [ -85.56595, 45.04692 ], [ -85.565952, 45.046889 ], [ -85.566, 45.046694 ], [ -85.566097, 45.046511 ], [ -85.566195, 45.04622 ], [ -85.566214, 45.046124 ], [ -85.566227, 45.046054 ], [ -85.566187, 45.045585 ], [ -85.566212, 45.045156 ], [ -85.566641, 45.04379 ], [ -85.566795, 45.043538 ], [ -85.567078, 45.042921 ], [ -85.567651, 45.042138 ], [ -85.567789, 45.041858 ], [ -85.568186, 45.041804 ], [ -85.568385, 45.041778 ], [ -85.568885, 45.041613 ], [ -85.569288, 45.041539 ], [ -85.569224, 45.041304 ], [ -85.569377, 45.041241 ], [ -85.56953, 45.041544 ], [ -85.570103, 45.041362 ], [ -85.570062, 45.041305 ], [ -85.569691, 45.041379 ], [ -85.569635, 45.041299 ], [ -85.569853, 45.041213 ], [ -85.570079, 45.041213 ], [ -85.570463, 45.041346 ], [ -85.570594, 45.041391 ], [ -85.570973, 45.041454 ], [ -85.57136, 45.041597 ], [ -85.571593, 45.041643 ], [ -85.596019, 45.040642 ], [ -85.596085, 45.040681 ], [ -85.596971, 45.041189 ], [ -85.597785, 45.041301 ], [ -85.598108, 45.041343 ], [ -85.599294, 45.041337 ], [ -85.599496, 45.041342 ], [ -85.599724, 45.041357 ], [ -85.599966, 45.04139 ], [ -85.601199, 45.041624 ], [ -85.601839, 45.041752 ], [ -85.602039, 45.041808 ], [ -85.602161, 45.041847 ], [ -85.602303, 45.041913 ], [ -85.602475, 45.042058 ], [ -85.602584, 45.042174 ], [ -85.602666, 45.042323 ], [ -85.602749, 45.042516 ], [ -85.602802, 45.042722 ], [ -85.602915, 45.043479 ], [ -85.602947, 45.043561 ], [ -85.603016, 45.043676 ], [ -85.603069, 45.043736 ], [ -85.603118, 45.043782 ], [ -85.603252, 45.043883 ], [ -85.60342, 45.043976 ], [ -85.603519, 45.04402 ], [ -85.603634, 45.044061 ], [ -85.603756, 45.044089 ], [ -85.604005, 45.044106 ], [ -85.607586, 45.044092 ], [ -85.612682, 45.04409 ], [ -85.617725, 45.044081 ], [ -85.617727, 45.04771 ], [ -85.617722, 45.051304 ], [ -85.617747, 45.054951 ], [ -85.617765, 45.058527 ], [ -85.617772, 45.058581 ], [ -85.618115, 45.058557 ], [ -85.619055, 45.058412 ], [ -85.619873, 45.058214 ], [ -85.620329, 45.058075 ], [ -85.620584, 45.057981 ], [ -85.62159, 45.057637 ], [ -85.622185, 45.057444 ], [ -85.622622, 45.057307 ], [ -85.623761, 45.057033 ], [ -85.624042, 45.056977 ], [ -85.624307, 45.056934 ], [ -85.624607, 45.056897 ], [ -85.625106, 45.056839 ], [ -85.625456, 45.056791 ], [ -85.625893, 45.056738 ], [ -85.626406, 45.056669 ], [ -85.627476, 45.056551 ], [ -85.627907, 45.056496 ], [ -85.628366, 45.056424 ], [ -85.629163, 45.056253 ], [ -85.629805, 45.056084 ], [ -85.630328, 45.055927 ], [ -85.630695, 45.055808 ], [ -85.631168, 45.055648 ], [ -85.631595, 45.055493 ], [ -85.632747, 45.055095 ], [ -85.633065, 45.055003 ], [ -85.633178, 45.054985 ], [ -85.633628, 45.054913 ], [ -85.633825, 45.054891 ], [ -85.634142, 45.054875 ], [ -85.63612, 45.054878 ], [ -85.638217, 45.054883 ], [ -85.64395, 45.054879 ], [ -85.645726, 45.054872 ], [ -85.645777, 45.055026 ], [ -85.646204, 45.056054 ], [ -85.646318, 45.0563 ], [ -85.64644, 45.056541 ], [ -85.646558, 45.056746 ], [ -85.646686, 45.056925 ], [ -85.646823, 45.057077 ], [ -85.647017, 45.057259 ], [ -85.647345, 45.057543 ], [ -85.647668, 45.057777 ], [ -85.647902, 45.057897 ], [ -85.648586, 45.058302 ], [ -85.648875, 45.058454 ], [ -85.649276, 45.058676 ], [ -85.649491, 45.058802 ], [ -85.64988, 45.059066 ], [ -85.65018, 45.059305 ], [ -85.654059, 45.062525 ], [ -85.65453, 45.062894 ], [ -85.654642, 45.06297 ], [ -85.654767, 45.063047 ], [ -85.654869, 45.063103 ], [ -85.655175, 45.063229 ], [ -85.655407, 45.063299 ], [ -85.655682, 45.063363 ], [ -85.656684, 45.063559 ], [ -85.658775, 45.063967 ], [ -85.659177, 45.064012 ], [ -85.659514, 45.064029 ], [ -85.659801, 45.064022 ], [ -85.660104, 45.064008 ], [ -85.660327, 45.063993 ], [ -85.660908, 45.06391 ], [ -85.661286, 45.063809 ], [ -85.661771, 45.06367 ], [ -85.662049, 45.063575 ], [ -85.662158, 45.06352 ], [ -85.663345, 45.063081 ], [ -85.665237, 45.062351 ], [ -85.665485, 45.062268 ], [ -85.66571, 45.062203 ], [ -85.66595, 45.062152 ], [ -85.666201, 45.062121 ], [ -85.666473, 45.062096 ], [ -85.666805, 45.062073 ], [ -85.667041, 45.062063 ], [ -85.669004, 45.062037 ], [ -85.674161, 45.061985 ], [ -85.6741, 45.058715 ], [ -85.674036, 45.056373 ], [ -85.674047, 45.055976 ], [ -85.674059, 45.054994 ], [ -85.674037, 45.054931 ], [ -85.673999, 45.054872 ], [ -85.673888, 45.054772 ], [ -85.675705, 45.054766 ], [ -85.677223, 45.054752 ], [ -85.679086, 45.054725 ], [ -85.680366, 45.054737 ], [ -85.684244, 45.054717 ], [ -85.68923, 45.054683 ], [ -85.689227, 45.05352 ], [ -85.689243, 45.052409 ], [ -85.689427, 45.052453 ], [ -85.690081, 45.052425 ], [ -85.690751, 45.052369 ], [ -85.69176, 45.052336 ], [ -85.692131, 45.052279 ], [ -85.692462, 45.052124 ], [ -85.69264, 45.05193 ], [ -85.692876, 45.051557 ], [ -85.693835, 45.051696 ], [ -85.69432, 45.051691 ], [ -85.694602, 45.051617 ], [ -85.694868, 45.051617 ], [ -85.695118, 45.051789 ], [ -85.695625, 45.052351 ], [ -85.695874, 45.05254 ], [ -85.696414, 45.05269 ], [ -85.696842, 45.052776 ], [ -85.697132, 45.052788 ], [ -85.697512, 45.052788 ], [ -85.697947, 45.052748 ], [ -85.698762, 45.052738 ], [ -85.699214, 45.05275 ], [ -85.699416, 45.052784 ], [ -85.700124, 45.053369 ], [ -85.700151, 45.05341 ], [ -85.700389, 45.053782 ], [ -85.700413, 45.053965 ], [ -85.700178, 45.054343 ], [ -85.700097, 45.054543 ], [ -85.700137, 45.054626 ], [ -85.700185, 45.054704 ], [ -85.701031, 45.055065 ], [ -85.701821, 45.055375 ], [ -85.702119, 45.055387 ], [ -85.702378, 45.055428 ], [ -85.702514, 45.055577 ], [ -85.702845, 45.055583 ], [ -85.703047, 45.055554 ], [ -85.703305, 45.05572 ], [ -85.703425, 45.055887 ], [ -85.703745, 45.056118 ], [ -85.703908, 45.056237 ], [ -85.704012, 45.056569 ], [ -85.704399, 45.056787 ], [ -85.704778, 45.05689 ], [ -85.705028, 45.056822 ], [ -85.705384, 45.056771 ], [ -85.706207, 45.056703 ], [ -85.70694, 45.056972 ], [ -85.707158, 45.056927 ], [ -85.707321, 45.056663 ], [ -85.707628, 45.056521 ], [ -85.708306, 45.056286 ], [ -85.708524, 45.056126 ], [ -85.708719, 45.05592 ], [ -85.709026, 45.055789 ], [ -85.709721, 45.055285 ], [ -85.709971, 45.055217 ], [ -85.710149, 45.055223 ], [ -85.710383, 45.055263 ], [ -85.710697, 45.055343 ], [ -85.711117, 45.055321 ], [ -85.71144, 45.055252 ], [ -85.712417, 45.054944 ], [ -85.712837, 45.054744 ], [ -85.713169, 45.054515 ], [ -85.713743, 45.05408 ], [ -85.713929, 45.053857 ], [ -85.71422, 45.053617 ], [ -85.714729, 45.053507 ], [ -85.715045, 45.053148 ], [ -85.715497, 45.053079 ], [ -85.716353, 45.052754 ], [ -85.717023, 45.052657 ], [ -85.717459, 45.052651 ], [ -85.718459, 45.052532 ], [ -85.718984, 45.052515 ], [ -85.719339, 45.052573 ], [ -85.719831, 45.052499 ], [ -85.720251, 45.052333 ], [ -85.721695, 45.052408 ], [ -85.722042, 45.052368 ], [ -85.722554, 45.053 ], [ -85.722823, 45.0533 ], [ -85.723033, 45.053497 ], [ -85.723236, 45.053734 ], [ -85.723283, 45.053832 ], [ -85.72334, 45.054014 ], [ -85.72362, 45.054816 ], [ -85.723672, 45.05493 ], [ -85.723772, 45.055067 ], [ -85.723873, 45.055167 ], [ -85.722922, 45.054915 ], [ -85.722545, 45.054819 ], [ -85.72188, 45.054696 ], [ -85.721069, 45.054599 ], [ -85.720481, 45.054546 ], [ -85.720102, 45.054528 ], [ -85.719965, 45.054534 ], [ -85.719401, 45.054522 ], [ -85.718764, 45.054522 ], [ -85.716631, 45.05458 ], [ -85.715616, 45.05461 ], [ -85.715207, 45.054642 ], [ -85.714868, 45.054696 ], [ -85.714692, 45.054735 ], [ -85.714208, 45.054861 ], [ -85.713803, 45.054984 ], [ -85.713275, 45.055145 ], [ -85.71261, 45.055392 ], [ -85.712147, 45.055603 ], [ -85.711675, 45.055835 ], [ -85.711629, 45.055859 ], [ -85.710178, 45.056611 ], [ -85.709957, 45.056719 ], [ -85.709725, 45.056815 ], [ -85.70925, 45.057011 ], [ -85.708841, 45.057148 ], [ -85.708403, 45.057269 ], [ -85.70814, 45.057332 ], [ -85.707874, 45.057384 ], [ -85.707601, 45.057416 ], [ -85.7074, 45.057435 ], [ -85.706937, 45.057453 ], [ -85.704712, 45.057438 ], [ -85.703071, 45.057398 ], [ -85.7025, 45.05739 ], [ -85.702122, 45.05741 ], [ -85.701906, 45.057425 ], [ -85.70182, 45.060041 ], [ -85.700835, 45.060269 ], [ -85.699458, 45.060801 ], [ -85.699391, 45.06438 ], [ -85.699296, 45.066992 ], [ -85.699277, 45.072579 ], [ -85.698801, 45.072627 ], [ -85.699338, 45.073788 ], [ -85.699177, 45.07392 ], [ -85.698465, 45.074608 ], [ -85.698047, 45.074981 ], [ -85.697497, 45.07566 ], [ -85.697142, 45.075974 ], [ -85.696948, 45.076094 ], [ -85.696132, 45.077043 ], [ -85.695728, 45.077443 ], [ -85.694924, 45.078011 ], [ -85.694665, 45.078311 ], [ -85.69452, 45.078512 ], [ -85.694406, 45.078615 ], [ -85.69435, 45.078724 ], [ -85.694074, 45.079084 ], [ -85.693856, 45.079555 ], [ -85.693471, 45.080162 ], [ -85.693376, 45.080375 ], [ -85.693149, 45.080758 ], [ -85.692946, 45.081381 ], [ -85.692938, 45.081524 ], [ -85.692925, 45.081582 ], [ -85.692751, 45.082382 ], [ -85.692726, 45.08264 ], [ -85.692653, 45.082926 ], [ -85.692588, 45.083063 ], [ -85.692506, 45.083435 ], [ -85.692417, 45.083584 ], [ -85.692143, 45.083818 ], [ -85.691723, 45.084075 ], [ -85.691271, 45.084251 ], [ -85.691029, 45.084371 ], [ -85.690383, 45.084794 ], [ -85.690033, 45.084991 ], [ -85.689826, 45.085107 ], [ -85.689521, 45.085219 ], [ -85.689457, 45.085242 ], [ -85.688752, 45.085654 ], [ -85.688672, 45.085701 ], [ -85.688438, 45.085907 ], [ -85.688164, 45.086101 ], [ -85.687986, 45.086272 ], [ -85.687817, 45.08634 ], [ -85.687534, 45.08658 ], [ -85.687316, 45.086689 ], [ -85.686508, 45.087363 ], [ -85.686056, 45.087642 ], [ -85.685707, 45.08796 ], [ -85.685353, 45.088282 ], [ -85.685103, 45.088608 ], [ -85.684907, 45.088955 ], [ -85.684835, 45.089083 ], [ -85.684764, 45.089148 ], [ -85.684456, 45.089431 ], [ -85.684257, 45.089685 ], [ -85.684121, 45.089813 ], [ -85.683559, 45.090339 ], [ -85.683381, 45.090499 ], [ -85.682856, 45.090876 ], [ -85.682315, 45.091459 ], [ -85.682266, 45.091522 ], [ -85.682053, 45.091799 ], [ -85.681967, 45.091911 ], [ -85.68187, 45.092116 ], [ -85.681506, 45.092539 ], [ -85.681425, 45.092762 ], [ -85.681133, 45.093345 ], [ -85.680711, 45.094226 ], [ -85.680627, 45.094487 ], [ -85.680557, 45.094706 ], [ -85.680265, 45.095387 ], [ -85.680208, 45.095627 ], [ -85.680022, 45.095942 ], [ -85.679933, 45.096277 ], [ -85.679713, 45.097213 ], [ -85.679646, 45.097633 ], [ -85.679622, 45.097783 ], [ -85.679525, 45.098098 ], [ -85.679426, 45.098693 ], [ -85.679248, 45.098984 ], [ -85.679069, 45.099614 ], [ -85.678851, 45.099945 ], [ -85.678753, 45.100202 ], [ -85.678472, 45.100679 ], [ -85.678413, 45.10078 ], [ -85.67816, 45.101146 ], [ -85.677766, 45.101717 ], [ -85.677604, 45.101883 ], [ -85.677354, 45.102334 ], [ -85.676956, 45.103055 ], [ -85.676874, 45.103507 ], [ -85.676136, 45.105114 ], [ -85.675957, 45.105726 ], [ -85.675859, 45.106212 ], [ -85.675915, 45.106498 ], [ -85.675946, 45.106784 ], [ -85.676058, 45.107122 ], [ -85.676227, 45.107448 ], [ -85.676436, 45.107712 ], [ -85.676557, 45.107798 ], [ -85.677137, 45.107942 ], [ -85.677919, 45.107943 ], [ -85.67783, 45.107994 ], [ -85.677572, 45.10804 ], [ -85.677152, 45.108068 ], [ -85.676943, 45.108113 ], [ -85.676515, 45.108307 ], [ -85.676477, 45.108381 ], [ -85.676434, 45.108467 ], [ -85.676417, 45.10865 ], [ -85.676451, 45.108768 ], [ -85.676497, 45.108931 ], [ -85.67677, 45.109263 ], [ -85.676843, 45.109406 ], [ -85.676842, 45.109486 ], [ -85.676778, 45.109603 ], [ -85.676729, 45.109692 ], [ -85.676535, 45.109869 ], [ -85.676454, 45.110029 ], [ -85.676446, 45.110198 ], [ -85.676428, 45.11055 ], [ -85.676462, 45.110713 ], [ -85.6765, 45.110899 ], [ -85.676459, 45.111008 ], [ -85.676273, 45.111219 ], [ -85.676115, 45.111544 ], [ -85.676046, 45.11182 ], [ -85.676029, 45.1121 ], [ -85.676134, 45.112278 ], [ -85.676182, 45.112404 ], [ -85.676254, 45.112489 ], [ -85.676367, 45.112593 ], [ -85.67652, 45.112673 ], [ -85.677221, 45.112834 ], [ -85.67739, 45.112846 ], [ -85.678059, 45.113019 ], [ -85.67822, 45.113088 ], [ -85.6783, 45.113197 ], [ -85.678252, 45.113237 ], [ -85.67573, 45.115355 ], [ -85.675665, 45.115807 ], [ -85.67534, 45.116396 ], [ -85.674661, 45.117179 ], [ -85.674305, 45.117625 ], [ -85.674159, 45.117859 ], [ -85.673689, 45.118711 ], [ -85.673437, 45.119552 ], [ -85.673324, 45.119666 ], [ -85.67313, 45.119746 ], [ -85.672952, 45.11986 ], [ -85.672629, 45.120134 ], [ -85.672023, 45.120551 ], [ -85.671829, 45.120802 ], [ -85.671133, 45.121476 ], [ -85.670729, 45.121785 ], [ -85.670147, 45.122127 ], [ -85.669703, 45.122515 ], [ -85.669282, 45.122835 ], [ -85.668943, 45.123275 ], [ -85.668749, 45.123412 ], [ -85.668571, 45.123635 ], [ -85.668142, 45.123955 ], [ -85.667948, 45.124155 ], [ -85.667867, 45.124343 ], [ -85.667624, 45.124606 ], [ -85.667348, 45.124974 ], [ -85.667146, 45.125174 ], [ -85.666492, 45.126123 ], [ -85.665911, 45.126814 ], [ -85.665774, 45.127049 ], [ -85.665668, 45.127317 ], [ -85.665289, 45.127929 ], [ -85.665111, 45.128335 ], [ -85.664788, 45.128832 ], [ -85.664731, 45.129003 ], [ -85.664174, 45.129998 ], [ -85.664004, 45.130438 ], [ -85.663875, 45.130667 ], [ -85.663737, 45.130872 ], [ -85.663471, 45.131152 ], [ -85.663301, 45.131541 ], [ -85.663132, 45.131752 ], [ -85.662753, 45.132112 ], [ -85.662325, 45.132461 ], [ -85.662131, 45.132712 ], [ -85.661736, 45.133112 ], [ -85.661389, 45.133518 ], [ -85.660969, 45.133878 ], [ -85.660743, 45.134106 ], [ -85.660105, 45.135032 ], [ -85.659976, 45.135284 ], [ -85.65979, 45.135844 ], [ -85.659353, 45.13677 ], [ -85.658924, 45.138079 ], [ -85.658738, 45.138508 ], [ -85.658366, 45.139142 ], [ -85.658075, 45.139765 ], [ -85.658083, 45.139897 ], [ -85.657848, 45.140457 ], [ -85.657597, 45.141206 ], [ -85.657516, 45.141692 ], [ -85.657281, 45.1424 ], [ -85.656723, 45.143624 ], [ -85.656682, 45.143847 ], [ -85.656488, 45.144372 ], [ -85.656366, 45.144664 ], [ -85.655744, 45.145801 ], [ -85.655283, 45.14647 ], [ -85.655081, 45.14667 ], [ -85.654815, 45.14703 ], [ -85.654476, 45.147361 ], [ -85.654121, 45.14779 ], [ -85.653854, 45.147967 ], [ -85.65362, 45.148218 ], [ -85.653346, 45.148424 ], [ -85.651683, 45.149966 ], [ -85.651231, 45.1504 ], [ -85.650157, 45.151595 ], [ -85.649818, 45.151863 ], [ -85.64889, 45.152789 ], [ -85.648454, 45.153188 ], [ -85.648187, 45.153537 ], [ -85.647574, 45.154097 ], [ -85.647114, 45.154634 ], [ -85.646354, 45.155622 ], [ -85.646055, 45.156131 ], [ -85.645635, 45.156617 ], [ -85.645215, 45.157165 ], [ -85.645077, 45.157377 ], [ -85.645004, 45.157588 ], [ -85.64473, 45.158022 ], [ -85.643841, 45.159119 ], [ -85.643582, 45.159485 ], [ -85.64292, 45.160102 ], [ -85.642444, 45.160468 ], [ -85.642056, 45.160816 ], [ -85.641879, 45.160936 ], [ -85.641702, 45.16101 ], [ -85.641419, 45.161336 ], [ -85.640789, 45.16197 ], [ -85.640563, 45.162118 ], [ -85.64028, 45.162358 ], [ -85.639416, 45.163209 ], [ -85.639093, 45.163455 ], [ -85.638964, 45.163603 ], [ -85.638262, 45.164152 ], [ -85.637906, 45.164597 ], [ -85.63743, 45.165049 ], [ -85.636679, 45.165682 ], [ -85.636517, 45.165877 ], [ -85.636356, 45.166122 ], [ -85.636234, 45.166374 ], [ -85.636089, 45.166568 ], [ -85.635644, 45.166974 ], [ -85.635531, 45.167099 ], [ -85.635427, 45.167111 ], [ -85.635225, 45.167185 ], [ -85.634878, 45.167345 ], [ -85.634232, 45.167813 ], [ -85.634087, 45.167978 ], [ -85.633796, 45.16823 ], [ -85.633239, 45.168652 ], [ -85.633069, 45.168835 ], [ -85.63283, 45.169029 ], [ -85.632541, 45.169273 ], [ -85.632431, 45.169366 ], [ -85.631648, 45.170217 ], [ -85.631025, 45.171109 ], [ -85.630889, 45.171361 ], [ -85.630515, 45.172057 ], [ -85.630158, 45.172795 ], [ -85.630053, 45.173012 ], [ -85.629883, 45.173704 ], [ -85.629688, 45.174189 ], [ -85.629323, 45.174944 ], [ -85.629, 45.175212 ], [ -85.628863, 45.175303 ], [ -85.628629, 45.175412 ], [ -85.628314, 45.17568 ], [ -85.628145, 45.175789 ], [ -85.627789, 45.176109 ], [ -85.627061, 45.17708 ], [ -85.626892, 45.177268 ], [ -85.626391, 45.177617 ], [ -85.625946, 45.178195 ], [ -85.625534, 45.178668 ], [ -85.625068, 45.179062 ], [ -85.624739, 45.1795 ], [ -85.624569, 45.179654 ], [ -85.624287, 45.179848 ], [ -85.624038, 45.180163 ], [ -85.623724, 45.180483 ], [ -85.622966, 45.181004 ], [ -85.622369, 45.181467 ], [ -85.621838, 45.181959 ], [ -85.621225, 45.182451 ], [ -85.620822, 45.182851 ], [ -85.620097, 45.183617 ], [ -85.61926, 45.184755 ], [ -85.618978, 45.185087 ], [ -85.618624, 45.185682 ], [ -85.618504, 45.18603 ], [ -85.618392, 45.186574 ], [ -85.618393, 45.186819 ], [ -85.618425, 45.186945 ], [ -85.618361, 45.18702 ], [ -85.618274, 45.187039 ], [ -85.618159, 45.187065 ], [ -85.618132, 45.187067 ], [ -85.617954, 45.187078 ], [ -85.617618, 45.1871 ], [ -85.617489, 45.187048 ], [ -85.616988, 45.186706 ], [ -85.616793, 45.186517 ], [ -85.616413, 45.186031 ], [ -85.616227, 45.185906 ], [ -85.615976, 45.18578 ], [ -85.615621, 45.185677 ], [ -85.614999, 45.185603 ], [ -85.614636, 45.185592 ], [ -85.61445, 45.185466 ], [ -85.614353, 45.185317 ], [ -85.614207, 45.185174 ], [ -85.613536, 45.18478 ], [ -85.613439, 45.184683 ], [ -85.613374, 45.184391 ], [ -85.613438, 45.184077 ], [ -85.613372, 45.183763 ], [ -85.613105, 45.183351 ], [ -85.612968, 45.183203 ], [ -85.612772, 45.183049 ], [ -85.612612, 45.182923 ], [ -85.61249, 45.182762 ], [ -85.61245, 45.182568 ], [ -85.612045, 45.181922 ], [ -85.611875, 45.181716 ], [ -85.611737, 45.181488 ], [ -85.61147, 45.181185 ], [ -85.611146, 45.180836 ], [ -85.610621, 45.180396 ], [ -85.610151, 45.179962 ], [ -85.608874, 45.179225 ], [ -85.608139, 45.178853 ], [ -85.607844, 45.178748 ], [ -85.607646, 45.178676 ], [ -85.606281, 45.178265 ], [ -85.605756, 45.178174 ], [ -85.605245, 45.178116 ], [ -85.60339, 45.177968 ], [ -85.602989, 45.177959 ], [ -85.601986, 45.177934 ], [ -85.601429, 45.177969 ], [ -85.60109, 45.178015 ], [ -85.60025, 45.178032 ], [ -85.598547, 45.177964 ], [ -85.597344, 45.177947 ], [ -85.595762, 45.178061 ], [ -85.59465, 45.178224 ], [ -85.593915, 45.178245 ], [ -85.592944, 45.178339 ], [ -85.59202, 45.178507 ], [ -85.590717, 45.178818 ], [ -85.59013, 45.178982 ], [ -85.58894, 45.179373 ], [ -85.58792, 45.179622 ], [ -85.586745, 45.180027 ], [ -85.584888, 45.180779 ], [ -85.583776, 45.181231 ], [ -85.583366, 45.181434 ], [ -85.582577, 45.181898 ], [ -85.581389, 45.182452 ], [ -85.580869, 45.182721 ], [ -85.579931, 45.183396 ], [ -85.579164, 45.183829 ], [ -85.578285, 45.184409 ], [ -85.578076, 45.184563 ], [ -85.577809, 45.184814 ], [ -85.577423, 45.185243 ], [ -85.577148, 45.185478 ], [ -85.576576, 45.186055 ], [ -85.576125, 45.18669 ], [ -85.575818, 45.187055 ], [ -85.575326, 45.187387 ], [ -85.574971, 45.187587 ], [ -85.5746, 45.187724 ], [ -85.574108, 45.187839 ], [ -85.573519, 45.18793 ], [ -85.573018, 45.188039 ], [ -85.572138, 45.188376 ], [ -85.571662, 45.188587 ], [ -85.570857, 45.189021 ], [ -85.570179, 45.189357 ], [ -85.569826, 45.189577 ], [ -85.569446, 45.189739 ], [ -85.568628, 45.190142 ], [ -85.568082, 45.190478 ], [ -85.567313, 45.191034 ], [ -85.567071, 45.19116 ], [ -85.566845, 45.19124 ], [ -85.566511, 45.191443 ], [ -85.566402, 45.191525 ], [ -85.56624, 45.191697 ], [ -85.566136, 45.191874 ], [ -85.565636, 45.192371 ], [ -85.565085, 45.192726 ], [ -85.564321, 45.193383 ], [ -85.563732, 45.194092 ], [ -85.563563, 45.194252 ], [ -85.563192, 45.194812 ], [ -85.562886, 45.195544 ], [ -85.562652, 45.195967 ], [ -85.562604, 45.196104 ], [ -85.562588, 45.196481 ], [ -85.562532, 45.196807 ], [ -85.562556, 45.196996 ], [ -85.562484, 45.197207 ], [ -85.56242, 45.197779 ], [ -85.562364, 45.198013 ], [ -85.562477, 45.198414 ], [ -85.562672, 45.198728 ], [ -85.562349, 45.198974 ], [ -85.562252, 45.199117 ], [ -85.562212, 45.1993 ], [ -85.562213, 45.199923 ], [ -85.56235, 45.200329 ], [ -85.562294, 45.200415 ], [ -85.561898, 45.200517 ], [ -85.561075, 45.200614 ], [ -85.560566, 45.200734 ], [ -85.55984, 45.200952 ], [ -85.559436, 45.201169 ], [ -85.558581, 45.201792 ], [ -85.558048, 45.202289 ], [ -85.55758, 45.202845 ], [ -85.557121, 45.203518 ], [ -85.557121, 45.204153 ], [ -85.557215, 45.204491 ], [ -85.556869, 45.204876 ], [ -85.556517, 45.205359 ], [ -85.556396, 45.205473 ], [ -85.556194, 45.20557 ], [ -85.555734, 45.20589 ], [ -85.555589, 45.206102 ], [ -85.555525, 45.20625 ], [ -85.555517, 45.206422 ], [ -85.555581, 45.206502 ], [ -85.555759, 45.206633 ], [ -85.555985, 45.206753 ], [ -85.556002, 45.206851 ], [ -85.556301, 45.207028 ], [ -85.556228, 45.207165 ], [ -85.555978, 45.207302 ], [ -85.555841, 45.207405 ], [ -85.555679, 45.207582 ], [ -85.555526, 45.207685 ], [ -85.555324, 45.207782 ], [ -85.555025, 45.207771 ], [ -85.554832, 45.207708 ], [ -85.554654, 45.207628 ], [ -85.551699, 45.209142 ], [ -85.551667, 45.209314 ], [ -85.551586, 45.209445 ], [ -85.551595, 45.209571 ], [ -85.55137, 45.210033 ], [ -85.551213, 45.21029 ], [ -85.551178, 45.210333 ], [ -85.550982, 45.210577 ], [ -85.550844, 45.210691 ], [ -85.55061, 45.210806 ], [ -85.55032, 45.210874 ], [ -85.550069, 45.210897 ], [ -85.549843, 45.210885 ], [ -85.549584, 45.210822 ], [ -85.549197, 45.210811 ], [ -85.548551, 45.210971 ], [ -85.548058, 45.210965 ], [ -85.547654, 45.211005 ], [ -85.547396, 45.211056 ], [ -85.547008, 45.211188 ], [ -85.546709, 45.211193 ], [ -85.546669, 45.211136 ], [ -85.546645, 45.211033 ], [ -85.546693, 45.210845 ], [ -85.546693, 45.210713 ], [ -85.546644, 45.210616 ], [ -85.546499, 45.210553 ], [ -85.545998, 45.210519 ], [ -85.545586, 45.210518 ], [ -85.545376, 45.210547 ], [ -85.545166, 45.210593 ], [ -85.545013, 45.210678 ], [ -85.544972, 45.210793 ], [ -85.545118, 45.211079 ], [ -85.545029, 45.211159 ], [ -85.544908, 45.211113 ], [ -85.544641, 45.21077 ], [ -85.544496, 45.210678 ], [ -85.544277, 45.210644 ], [ -85.544051, 45.210649 ], [ -85.543938, 45.210712 ], [ -85.543866, 45.210975 ], [ -85.543745, 45.21101 ], [ -85.543631, 45.210655 ], [ -85.543542, 45.210569 ], [ -85.543348, 45.210512 ], [ -85.543009, 45.210621 ], [ -85.542702, 45.210775 ], [ -85.542315, 45.210855 ], [ -85.542056, 45.210832 ], [ -85.541757, 45.21066 ], [ -85.541596, 45.210603 ], [ -85.541426, 45.210626 ], [ -85.54124, 45.2107 ], [ -85.541144, 45.21082 ], [ -85.540998, 45.210911 ], [ -85.540748, 45.210906 ], [ -85.540538, 45.210774 ], [ -85.540441, 45.210694 ], [ -85.540303, 45.21058 ], [ -85.539737, 45.210031 ], [ -85.539212, 45.209676 ], [ -85.539018, 45.209367 ], [ -85.538864, 45.208938 ], [ -85.538719, 45.208653 ], [ -85.538622, 45.208493 ], [ -85.538355, 45.208189 ], [ -85.538258, 45.207944 ], [ -85.53825, 45.207801 ], [ -85.537991, 45.20736 ], [ -85.537813, 45.20696 ], [ -85.537756, 45.206709 ], [ -85.537828, 45.206428 ], [ -85.538216, 45.20576 ], [ -85.538199, 45.20544 ], [ -85.537706, 45.204645 ], [ -85.537496, 45.20425 ], [ -85.537431, 45.204016 ], [ -85.537406, 45.203827 ], [ -85.537487, 45.20369 ], [ -85.537947, 45.20345 ], [ -85.53806, 45.203284 ], [ -85.538246, 45.202907 ], [ -85.53827, 45.202684 ], [ -85.538173, 45.202507 ], [ -85.538019, 45.202347 ], [ -85.537946, 45.202215 ], [ -85.537889, 45.201684 ], [ -85.537719, 45.20126 ], [ -85.537598, 45.201072 ], [ -85.537364, 45.200866 ], [ -85.536782, 45.200471 ], [ -85.536588, 45.200254 ], [ -85.536103, 45.199905 ], [ -85.534617, 45.199058 ], [ -85.534221, 45.19871 ], [ -85.533696, 45.198463 ], [ -85.533336, 45.198385 ], [ -85.533033, 45.198286 ], [ -85.532064, 45.197874 ], [ -85.531927, 45.197725 ], [ -85.531741, 45.197354 ], [ -85.531506, 45.196559 ], [ -85.531409, 45.196359 ], [ -85.531255, 45.196142 ], [ -85.530787, 45.195667 ], [ -85.530593, 45.195381 ], [ -85.530326, 45.194701 ], [ -85.530204, 45.19414 ], [ -85.530196, 45.193894 ], [ -85.53001, 45.193408 ], [ -85.529881, 45.193208 ], [ -85.529485, 45.192882 ], [ -85.529355, 45.192688 ], [ -85.52938, 45.192522 ], [ -85.529363, 45.192276 ], [ -85.528911, 45.191864 ], [ -85.528644, 45.191698 ], [ -85.528321, 45.19155 ], [ -85.528055, 45.191395 ], [ -85.527836, 45.191166 ], [ -85.527586, 45.191069 ], [ -85.527433, 45.190949 ], [ -85.527432, 45.190537 ], [ -85.527085, 45.190046 ], [ -85.526996, 45.189817 ], [ -85.52698, 45.189583 ], [ -85.527004, 45.189382 ], [ -85.527076, 45.18924 ], [ -85.527157, 45.188891 ], [ -85.527237, 45.188817 ], [ -85.527601, 45.188788 ], [ -85.527706, 45.188702 ], [ -85.527867, 45.1884 ], [ -85.527915, 45.188257 ], [ -85.527867, 45.187896 ], [ -85.527794, 45.187719 ], [ -85.527705, 45.187593 ], [ -85.527866, 45.187491 ], [ -85.528004, 45.187342 ], [ -85.528044, 45.187251 ], [ -85.528052, 45.187153 ], [ -85.527995, 45.186959 ], [ -85.527834, 45.186822 ], [ -85.527422, 45.186661 ], [ -85.52739, 45.186576 ], [ -85.527503, 45.186439 ], [ -85.527882, 45.186199 ], [ -85.528051, 45.18613 ], [ -85.528213, 45.186124 ], [ -85.528399, 45.186067 ], [ -85.528503, 45.185982 ], [ -85.528713, 45.185639 ], [ -85.528689, 45.18565 ], [ -85.528761, 45.185319 ], [ -85.528898, 45.184844 ], [ -85.529213, 45.184158 ], [ -85.529245, 45.183987 ], [ -85.529245, 45.18381 ], [ -85.529325, 45.183318 ], [ -85.529349, 45.182763 ], [ -85.529438, 45.18226 ], [ -85.529445, 45.1817 ], [ -85.529486, 45.181414 ], [ -85.529453, 45.18106 ], [ -85.529542, 45.180946 ], [ -85.529808, 45.180425 ], [ -85.530195, 45.180014 ], [ -85.530494, 45.179568 ], [ -85.530881, 45.178705 ], [ -85.530985, 45.177968 ], [ -85.531267, 45.177436 ], [ -85.531461, 45.177162 ], [ -85.531654, 45.176962 ], [ -85.531832, 45.17683 ], [ -85.531977, 45.176642 ], [ -85.532518, 45.176248 ], [ -85.533139, 45.17587 ], [ -85.533752, 45.175425 ], [ -85.534519, 45.174819 ], [ -85.535003, 45.174516 ], [ -85.535156, 45.174391 ], [ -85.535309, 45.174213 ], [ -85.535793, 45.173871 ], [ -85.536156, 45.173482 ], [ -85.536705, 45.173031 ], [ -85.53681, 45.172888 ], [ -85.536931, 45.172779 ], [ -85.537326, 45.172882 ], [ -85.537472, 45.172899 ], [ -85.537738, 45.172865 ], [ -85.537948, 45.172825 ], [ -85.53865, 45.172614 ], [ -85.539489, 45.17254 ], [ -85.540542, 45.172375 ], [ -85.540796, 45.172331 ], [ -85.54172, 45.172057 ], [ -85.542345, 45.171845 ], [ -85.542685, 45.1717 ], [ -85.54417, 45.170912 ], [ -85.544944, 45.170552 ], [ -85.545735, 45.170261 ], [ -85.546074, 45.170106 ], [ -85.546405, 45.170032 ], [ -85.546937, 45.169821 ], [ -85.548075, 45.169255 ], [ -85.548677, 45.169062 ], [ -85.548874, 45.168998 ], [ -85.549236, 45.168794 ], [ -85.54931, 45.168752 ], [ -85.549356, 45.168737 ], [ -85.549535, 45.168678 ], [ -85.549933, 45.168454 ], [ -85.550245, 45.168279 ], [ -85.550399, 45.168192 ], [ -85.550688, 45.168047 ], [ -85.551173, 45.167804 ], [ -85.551585, 45.167667 ], [ -85.552407, 45.167187 ], [ -85.552593, 45.167032 ], [ -85.553262, 45.166604 ], [ -85.553537, 45.166461 ], [ -85.554053, 45.166044 ], [ -85.554295, 45.165792 ], [ -85.55452, 45.165426 ], [ -85.554931, 45.164552 ], [ -85.554955, 45.164317 ], [ -85.555237, 45.163849 ], [ -85.555559, 45.163489 ], [ -85.555688, 45.163283 ], [ -85.555882, 45.163128 ], [ -85.556422, 45.162951 ], [ -85.55664, 45.162814 ], [ -85.557205, 45.16254 ], [ -85.557866, 45.16226 ], [ -85.558528, 45.161946 ], [ -85.558782, 45.161713 ], [ -85.55906, 45.16146 ], [ -85.55931, 45.161294 ], [ -85.559391, 45.161251 ], [ -85.559664, 45.16115 ], [ -85.560084, 45.160665 ], [ -85.560398, 45.160437 ], [ -85.56064, 45.160151 ], [ -85.560938, 45.159848 ], [ -85.561083, 45.159756 ], [ -85.561285, 45.159528 ], [ -85.561422, 45.159282 ], [ -85.561599, 45.158836 ], [ -85.561663, 45.15859 ], [ -85.561792, 45.158344 ], [ -85.561848, 45.158127 ], [ -85.561864, 45.157458 ], [ -85.561775, 45.157258 ], [ -85.561338, 45.156732 ], [ -85.561007, 45.156395 ], [ -85.56036, 45.155657 ], [ -85.559512, 45.154908 ], [ -85.559302, 45.154525 ], [ -85.559253, 45.154148 ], [ -85.559272, 45.153995 ], [ -85.559349, 45.153393 ], [ -85.559228, 45.153113 ], [ -85.559131, 45.152976 ], [ -85.559163, 45.152862 ], [ -85.559098, 45.152181 ], [ -85.559178, 45.152118 ], [ -85.55917, 45.151964 ], [ -85.559097, 45.151793 ], [ -85.559105, 45.151592 ], [ -85.559145, 45.151478 ], [ -85.559016, 45.151232 ], [ -85.559032, 45.151129 ], [ -85.558999, 45.150929 ], [ -85.55891, 45.150632 ], [ -85.558958, 45.150522 ], [ -85.558967, 45.150501 ], [ -85.558967, 45.150398 ], [ -85.558699, 45.149683 ], [ -85.558643, 45.149466 ], [ -85.558629, 45.14919 ], [ -85.558561, 45.148953 ], [ -85.558556, 45.148756 ], [ -85.558454, 45.14834 ], [ -85.558364, 45.148074 ], [ -85.55834, 45.147901 ], [ -85.558205, 45.147459 ], [ -85.557952, 45.146763 ], [ -85.557829, 45.146405 ], [ -85.557795, 45.146132 ], [ -85.557734, 45.145757 ], [ -85.557705, 45.14543 ], [ -85.557461, 45.145035 ], [ -85.557177, 45.144715 ], [ -85.556911, 45.144497 ], [ -85.556475, 45.144234 ], [ -85.55616, 45.143971 ], [ -85.555998, 45.14392 ], [ -85.555853, 45.14384 ], [ -85.555804, 45.143731 ], [ -85.555877, 45.1436 ], [ -85.555877, 45.143503 ], [ -85.555546, 45.143171 ], [ -85.555198, 45.142925 ], [ -85.555118, 45.142816 ], [ -85.555287, 45.142776 ], [ -85.555409, 45.142868 ], [ -85.559774, 45.137762 ], [ -85.559533, 45.13742 ], [ -85.559444, 45.137157 ], [ -85.559185, 45.136649 ], [ -85.559007, 45.136157 ], [ -85.558918, 45.135985 ], [ -85.558885, 45.135842 ], [ -85.558708, 45.13559 ], [ -85.558514, 45.135156 ], [ -85.558166, 45.134539 ], [ -85.558158, 45.134276 ], [ -85.558206, 45.134082 ], [ -85.558415, 45.133779 ], [ -85.558528, 45.133659 ], [ -85.558633, 45.133624 ], [ -85.558851, 45.133636 ], [ -85.559101, 45.133687 ], [ -85.56015, 45.134048 ], [ -85.560594, 45.134265 ], [ -85.561385, 45.134722 ], [ -85.561845, 45.13506 ], [ -85.561934, 45.135203 ], [ -85.562225, 45.13538 ], [ -85.56237, 45.135426 ], [ -85.562459, 45.13562 ], [ -85.56254, 45.135706 ], [ -85.563282, 45.136072 ], [ -85.5635, 45.136283 ], [ -85.563589, 45.136518 ], [ -85.563694, 45.136626 ], [ -85.564195, 45.136958 ], [ -85.564373, 45.137101 ], [ -85.56451, 45.137272 ], [ -85.564518, 45.137633 ], [ -85.564761, 45.138181 ], [ -85.564907, 45.138605 ], [ -85.564932, 45.139039 ], [ -85.564843, 45.139273 ], [ -85.564827, 45.139411 ], [ -85.564843, 45.139525 ], [ -85.564916, 45.139662 ], [ -85.564925, 45.139982 ], [ -85.564982, 45.140268 ], [ -85.564958, 45.140485 ], [ -85.564853, 45.140537 ], [ -85.564837, 45.140663 ], [ -85.565007, 45.141274 ], [ -85.565015, 45.141572 ], [ -85.564855, 45.142429 ], [ -85.564767, 45.142583 ], [ -85.564807, 45.142709 ], [ -85.564807, 45.142858 ], [ -85.564735, 45.143247 ], [ -85.564598, 45.143498 ], [ -85.564453, 45.143687 ], [ -85.564316, 45.143807 ], [ -85.563994, 45.144013 ], [ -85.563841, 45.144247 ], [ -85.563801, 45.14451 ], [ -85.563809, 45.144636 ], [ -85.563438, 45.144641 ], [ -85.563172, 45.144859 ], [ -85.563067, 45.144996 ], [ -85.562946, 45.145299 ], [ -85.562834, 45.145785 ], [ -85.562843, 45.146185 ], [ -85.562908, 45.146442 ], [ -85.563102, 45.146888 ], [ -85.563239, 45.147305 ], [ -85.563725, 45.148197 ], [ -85.563757, 45.148443 ], [ -85.563806, 45.148546 ], [ -85.564258, 45.149329 ], [ -85.564299, 45.149484 ], [ -85.564396, 45.149678 ], [ -85.564849, 45.150398 ], [ -85.565156, 45.150753 ], [ -85.565285, 45.151142 ], [ -85.565245, 45.151187 ], [ -85.565237, 45.151267 ], [ -85.565334, 45.15145 ], [ -85.565415, 45.15157 ], [ -85.565552, 45.15165 ], [ -85.565608, 45.151745 ], [ -85.565658, 45.151828 ], [ -85.565811, 45.151988 ], [ -85.565827, 45.152056 ], [ -85.565932, 45.152125 ], [ -85.565949, 45.152377 ], [ -85.56607, 45.152519 ], [ -85.566724, 45.153028 ], [ -85.567909, 45.153652 ], [ -85.576696, 45.15168 ], [ -85.576793, 45.151583 ], [ -85.576938, 45.151537 ], [ -85.577156, 45.151508 ], [ -85.577406, 45.151525 ], [ -85.577842, 45.151594 ], [ -85.578423, 45.151748 ], [ -85.579054, 45.151869 ], [ -85.579109, 45.15188 ], [ -85.579287, 45.151977 ], [ -85.579416, 45.152114 ], [ -85.579491, 45.152271 ], [ -85.579537, 45.152366 ], [ -85.579853, 45.15284 ], [ -85.580119, 45.15312 ], [ -85.580451, 45.15332 ], [ -85.580798, 45.153772 ], [ -85.580976, 45.153915 ], [ -85.581154, 45.153989 ], [ -85.581582, 45.154109 ], [ -85.581985, 45.154172 ], [ -85.582486, 45.15415 ], [ -85.582631, 45.154144 ], [ -85.583752, 45.154189 ], [ -85.584479, 45.154195 ], [ -85.585697, 45.154098 ], [ -85.586278, 45.153995 ], [ -85.586584, 45.153972 ], [ -85.586956, 45.153903 ], [ -85.587657, 45.153817 ], [ -85.588295, 45.153669 ], [ -85.590247, 45.153291 ], [ -85.590408, 45.153291 ], [ -85.592045, 45.152754 ], [ -85.593142, 45.152462 ], [ -85.593731, 45.152187 ], [ -85.594191, 45.152084 ], [ -85.59486, 45.151896 ], [ -85.595142, 45.151793 ], [ -85.595578, 45.15157 ], [ -85.596061, 45.151375 ], [ -85.596997, 45.150929 ], [ -85.597803, 45.150615 ], [ -85.598343, 45.150294 ], [ -85.59894, 45.14998 ], [ -85.599794, 45.149328 ], [ -85.600019, 45.149202 ], [ -85.600511, 45.148808 ], [ -85.600631, 45.148442 ], [ -85.600679, 45.148133 ], [ -85.600791, 45.147756 ], [ -85.60084, 45.147721 ], [ -85.600775, 45.147498 ], [ -85.601112, 45.146875 ], [ -85.601257, 45.146538 ], [ -85.60157, 45.145577 ], [ -85.601481, 45.145309 ], [ -85.601537, 45.145246 ], [ -85.601609, 45.144903 ], [ -85.601754, 45.144811 ], [ -85.601931, 45.144645 ], [ -85.602008, 45.144199 ], [ -85.601946, 45.143908 ], [ -85.601671, 45.143405 ], [ -85.601582, 45.143148 ], [ -85.60129, 45.142748 ], [ -85.601145, 45.142633 ], [ -85.601, 45.14261 ], [ -85.600919, 45.14253 ], [ -85.600999, 45.142427 ], [ -85.600935, 45.142393 ], [ -85.600991, 45.142273 ], [ -85.601225, 45.142296 ], [ -85.601402, 45.142153 ], [ -85.601515, 45.14201 ], [ -85.6015, 45.141712 ], [ -85.601523, 45.14158 ], [ -85.601691, 45.14105 ], [ -85.601795, 45.14093 ], [ -85.601771, 45.140712 ], [ -85.60192, 45.1405 ], [ -85.602101, 45.140306 ], [ -85.602399, 45.140078 ], [ -85.602576, 45.139975 ], [ -85.60285, 45.139957 ], [ -85.60306, 45.139792 ], [ -85.603382, 45.139597 ], [ -85.603841, 45.139203 ], [ -85.604035, 45.139122 ], [ -85.604357, 45.138882 ], [ -85.604461, 45.138716 ], [ -85.604552, 45.13842 ], [ -85.604557, 45.138248 ], [ -85.604501, 45.138185 ], [ -85.604557, 45.138128 ], [ -85.604751, 45.13819 ], [ -85.604896, 45.13807 ], [ -85.605017, 45.138122 ], [ -85.604944, 45.138225 ], [ -85.605477, 45.138413 ], [ -85.605743, 45.13815 ], [ -85.605291, 45.137973 ], [ -85.605275, 45.137916 ], [ -85.605307, 45.137864 ], [ -85.605629, 45.137659 ], [ -85.605798, 45.137619 ], [ -85.605806, 45.137533 ], [ -85.605871, 45.137418 ], [ -85.605951, 45.137344 ], [ -85.606064, 45.137298 ], [ -85.606193, 45.137298 ], [ -85.60625, 45.13727 ], [ -85.606282, 45.137178 ], [ -85.606241, 45.13711 ], [ -85.606306, 45.137087 ], [ -85.606281, 45.136955 ], [ -85.606313, 45.136858 ], [ -85.606386, 45.136801 ], [ -85.606442, 45.136647 ], [ -85.606474, 45.136326 ], [ -85.606763, 45.135806 ], [ -85.606795, 45.135652 ], [ -85.606779, 45.135606 ], [ -85.606964, 45.135514 ], [ -85.606996, 45.135463 ], [ -85.607149, 45.135383 ], [ -85.607399, 45.135314 ], [ -85.607552, 45.135211 ], [ -85.607665, 45.135074 ], [ -85.607866, 45.134897 ], [ -85.608092, 45.134834 ], [ -85.608302, 45.134805 ], [ -85.608664, 45.134634 ], [ -85.610243, 45.133547 ], [ -85.611025, 45.132975 ], [ -85.611065, 45.132832 ], [ -85.611054, 45.132773 ], [ -85.611024, 45.132598 ], [ -85.611128, 45.132409 ], [ -85.611048, 45.132335 ], [ -85.610886, 45.132266 ], [ -85.610821, 45.132198 ], [ -85.610829, 45.132129 ], [ -85.610886, 45.13206 ], [ -85.610958, 45.132026 ], [ -85.611224, 45.132032 ], [ -85.611364, 45.131989 ], [ -85.611579, 45.131923 ], [ -85.61195, 45.131717 ], [ -85.612271, 45.131157 ], [ -85.612319, 45.130962 ], [ -85.612319, 45.130854 ], [ -85.612278, 45.130768 ], [ -85.612149, 45.130619 ], [ -85.611939, 45.130477 ], [ -85.611778, 45.130402 ], [ -85.611721, 45.130339 ], [ -85.611737, 45.130288 ], [ -85.611793, 45.130259 ], [ -85.612568, 45.130276 ], [ -85.6126, 45.130208 ], [ -85.612769, 45.130219 ], [ -85.612793, 45.130047 ], [ -85.612861, 45.129983 ], [ -85.612773, 45.129706 ], [ -85.61278, 45.12967 ], [ -85.612784, 45.129647 ], [ -85.612865, 45.129613 ], [ -85.612994, 45.129493 ], [ -85.613258, 45.128424 ], [ -85.613871, 45.128458 ], [ -85.614, 45.128424 ], [ -85.614113, 45.128326 ], [ -85.614138, 45.128195 ], [ -85.614313, 45.1278 ], [ -85.614498, 45.12768 ], [ -85.614627, 45.127474 ], [ -85.614757, 45.127101 ], [ -85.614778, 45.126884 ], [ -85.614762, 45.12668 ], [ -85.614706, 45.126525 ], [ -85.614447, 45.126325 ], [ -85.614197, 45.126262 ], [ -85.614156, 45.126211 ], [ -85.614156, 45.126131 ], [ -85.614358, 45.125988 ], [ -85.614365, 45.125765 ], [ -85.614325, 45.125622 ], [ -85.614348, 45.125285 ], [ -85.614436, 45.125016 ], [ -85.614469, 45.124705 ], [ -85.614389, 45.124219 ], [ -85.614389, 45.124008 ], [ -85.614268, 45.123442 ], [ -85.614204, 45.12331 ], [ -85.613905, 45.123087 ], [ -85.613744, 45.122875 ], [ -85.613647, 45.122275 ], [ -85.613567, 45.122155 ], [ -85.613349, 45.121983 ], [ -85.613171, 45.121932 ], [ -85.613155, 45.121869 ], [ -85.613075, 45.121834 ], [ -85.612937, 45.12184 ], [ -85.612962, 45.12176 ], [ -85.612937, 45.121709 ], [ -85.612808, 45.121674 ], [ -85.612736, 45.121686 ], [ -85.612792, 45.121457 ], [ -85.612486, 45.120937 ], [ -85.612284, 45.120702 ], [ -85.612188, 45.120633 ], [ -85.6118, 45.120479 ], [ -85.611631, 45.120279 ], [ -85.611131, 45.120033 ], [ -85.611026, 45.119964 ], [ -85.610937, 45.119861 ], [ -85.610817, 45.119101 ], [ -85.610833, 45.11842 ], [ -85.610704, 45.117923 ], [ -85.610745, 45.11746 ], [ -85.610656, 45.117328 ], [ -85.610536, 45.11651 ], [ -85.610439, 45.116087 ], [ -85.610359, 45.115904 ], [ -85.610214, 45.115738 ], [ -85.610158, 45.115323 ], [ -85.610149, 45.115258 ], [ -85.610085, 45.115041 ], [ -85.609883, 45.11464 ], [ -85.609803, 45.114366 ], [ -85.609819, 45.114246 ], [ -85.60932, 45.113408 ], [ -85.609094, 45.113182 ], [ -85.608973, 45.113045 ], [ -85.608892, 45.112913 ], [ -85.608771, 45.112456 ], [ -85.608691, 45.112296 ], [ -85.608441, 45.112015 ], [ -85.608392, 45.111838 ], [ -85.608191, 45.111563 ], [ -85.608118, 45.111403 ], [ -85.608038, 45.1113 ], [ -85.607919, 45.111212 ], [ -85.607852, 45.111163 ], [ -85.607594, 45.1109 ], [ -85.607449, 45.110808 ], [ -85.607385, 45.110597 ], [ -85.607434, 45.110025 ], [ -85.607409, 45.109876 ], [ -85.607297, 45.109785 ], [ -85.607192, 45.10951 ], [ -85.606966, 45.109173 ], [ -85.606458, 45.108521 ], [ -85.606273, 45.108418 ], [ -85.606007, 45.108172 ], [ -85.605797, 45.108046 ], [ -85.605595, 45.107989 ], [ -85.604974, 45.10824 ], [ -85.60482, 45.108263 ], [ -85.60478, 45.108217 ], [ -85.604885, 45.10812 ], [ -85.605256, 45.10792 ], [ -85.605329, 45.107766 ], [ -85.605208, 45.107566 ], [ -85.604982, 45.10748 ], [ -85.604321, 45.107748 ], [ -85.604611, 45.108034 ], [ -85.60449, 45.108103 ], [ -85.603748, 45.107491 ], [ -85.603934, 45.107411 ], [ -85.604071, 45.107537 ], [ -85.604216, 45.10756 ], [ -85.604466, 45.107474 ], [ -85.604595, 45.107308 ], [ -85.6046, 45.107255 ], [ -85.604612, 45.107114 ], [ -85.604547, 45.106936 ], [ -85.603708, 45.106284 ], [ -85.601989, 45.105334 ], [ -85.601733, 45.105192 ], [ -85.601678, 45.105165 ], [ -85.600765, 45.104722 ], [ -85.60041, 45.104579 ], [ -85.599724, 45.10435 ], [ -85.59945, 45.104282 ], [ -85.599071, 45.104442 ], [ -85.598683, 45.104802 ], [ -85.598578, 45.104865 ], [ -85.598376, 45.104893 ], [ -85.59827, 45.104829 ], [ -85.598167, 45.104767 ], [ -85.597876, 45.104756 ], [ -85.597537, 45.104796 ], [ -85.59719, 45.104778 ], [ -85.59699, 45.104716 ], [ -85.596932, 45.104698 ], [ -85.596747, 45.104601 ], [ -85.596473, 45.104263 ], [ -85.596376, 45.10403 ], [ -85.596255, 45.103743 ], [ -85.596022, 45.103297 ], [ -85.595925, 45.103057 ], [ -85.595861, 45.102788 ], [ -85.595861, 45.102542 ], [ -85.596087, 45.101936 ], [ -85.596177, 45.101467 ], [ -85.596088, 45.101147 ], [ -85.59571, 45.100346 ], [ -85.595517, 45.099763 ], [ -85.595507, 45.09974 ], [ -85.595372, 45.099437 ], [ -85.595396, 45.099248 ], [ -85.595549, 45.099225 ], [ -85.595695, 45.099157 ], [ -85.595743, 45.098939 ], [ -85.595809, 45.098816 ], [ -85.595905, 45.098717 ], [ -85.59693, 45.09858 ], [ -85.597132, 45.098385 ], [ -85.597176, 45.098302 ], [ -85.597293, 45.098077 ], [ -85.597398, 45.097785 ], [ -85.597439, 45.097488 ], [ -85.597068, 45.097144 ], [ -85.597165, 45.096887 ], [ -85.597077, 45.096756 ], [ -85.597125, 45.096727 ], [ -85.597278, 45.096773 ], [ -85.597351, 45.096847 ], [ -85.597318, 45.09703 ], [ -85.597391, 45.097116 ], [ -85.597512, 45.097179 ], [ -85.59773, 45.097225 ], [ -85.597883, 45.097013 ], [ -85.597851, 45.096945 ], [ -85.597754, 45.09687 ], [ -85.597569, 45.096819 ], [ -85.597553, 45.09675 ], [ -85.597416, 45.09659 ], [ -85.59748, 45.09655 ], [ -85.597633, 45.096556 ], [ -85.597795, 45.096533 ], [ -85.597908, 45.096401 ], [ -85.598231, 45.096161 ], [ -85.598481, 45.09583 ], [ -85.598651, 45.095447 ], [ -85.598709, 45.095177 ], [ -85.598756, 45.094955 ], [ -85.59874, 45.094692 ], [ -85.598862, 45.094292 ], [ -85.598878, 45.094029 ], [ -85.598782, 45.093383 ], [ -85.59879, 45.093177 ], [ -85.598734, 45.092748 ], [ -85.598702, 45.092067 ], [ -85.598614, 45.091804 ], [ -85.598441, 45.091461 ], [ -85.598174, 45.090931 ], [ -85.597905, 45.090397 ], [ -85.597744, 45.090137 ], [ -85.597519, 45.089774 ], [ -85.597365, 45.089625 ], [ -85.59693, 45.088933 ], [ -85.596697, 45.088681 ], [ -85.596265, 45.088364 ], [ -85.596004, 45.088172 ], [ -85.595262, 45.087497 ], [ -85.595141, 45.087354 ], [ -85.594972, 45.087005 ], [ -85.594825, 45.086869 ], [ -85.59465, 45.086708 ], [ -85.59436, 45.086491 ], [ -85.593747, 45.086136 ], [ -85.593191, 45.08585 ], [ -85.59265, 45.085621 ], [ -85.592376, 45.085432 ], [ -85.592199, 45.085255 ], [ -85.591901, 45.085083 ], [ -85.591554, 45.084808 ], [ -85.591466, 45.084602 ], [ -85.591329, 45.084036 ], [ -85.591338, 45.08379 ], [ -85.591451, 45.083367 ], [ -85.591588, 45.08323 ], [ -85.591653, 45.083087 ], [ -85.591637, 45.082693 ], [ -85.591549, 45.082498 ], [ -85.591186, 45.082012 ], [ -85.590808, 45.081326 ], [ -85.590494, 45.080931 ], [ -85.590332, 45.080765 ], [ -85.590147, 45.080622 ], [ -85.590026, 45.080473 ], [ -85.589817, 45.080096 ], [ -85.589664, 45.07993 ], [ -85.589003, 45.079352 ], [ -85.588721, 45.079135 ], [ -85.588383, 45.07894 ], [ -85.588221, 45.0789 ], [ -85.58802, 45.078906 ], [ -85.587745, 45.078974 ], [ -85.587851, 45.078631 ], [ -85.587803, 45.078214 ], [ -85.587585, 45.077888 ], [ -85.587263, 45.077642 ], [ -85.587013, 45.077384 ], [ -85.586926, 45.077123 ], [ -85.586869, 45.076949 ], [ -85.586861, 45.076892 ], [ -85.58657, 45.076761 ], [ -85.58657, 45.076606 ], [ -85.586375, 45.076413 ], [ -85.586176, 45.076217 ], [ -85.586248, 45.07616 ] ] ], [ [ [ -85.627915, 45.598214 ], [ -85.627712, 45.59846 ], [ -85.627594, 45.598729 ], [ -85.627624, 45.599091 ], [ -85.627702, 45.599327 ], [ -85.627811, 45.599486 ], [ -85.627936, 45.599568 ], [ -85.627897, 45.599678 ], [ -85.62774, 45.599765 ], [ -85.627342, 45.599792 ], [ -85.627068, 45.599841 ], [ -85.626817, 45.599973 ], [ -85.626684, 45.600302 ], [ -85.626573, 45.600762 ], [ -85.626572, 45.601376 ], [ -85.626642, 45.601546 ], [ -85.62679, 45.601705 ], [ -85.627119, 45.60175 ], [ -85.627478, 45.601717 ], [ -85.627807, 45.601652 ], [ -85.628065, 45.601663 ], [ -85.628221, 45.601745 ], [ -85.628252, 45.601817 ], [ -85.628189, 45.601937 ], [ -85.628041, 45.602058 ], [ -85.627806, 45.602129 ], [ -85.627571, 45.602238 ], [ -85.627005, 45.602748 ], [ -85.626561, 45.603147 ], [ -85.626115, 45.603448 ], [ -85.62595, 45.603508 ], [ -85.624061, 45.606067 ], [ -85.624037, 45.606291 ], [ -85.623872, 45.606735 ], [ -85.623684, 45.606856 ], [ -85.623395, 45.606899 ], [ -85.622832, 45.606849 ], [ -85.622597, 45.606926 ], [ -85.622401, 45.607222 ], [ -85.622236, 45.607589 ], [ -85.622165, 45.607912 ], [ -85.622204, 45.608192 ], [ -85.622274, 45.608307 ], [ -85.622438, 45.608461 ], [ -85.622085, 45.608641 ], [ -85.621952, 45.6088 ], [ -85.621762, 45.610017 ], [ -85.621792, 45.610412 ], [ -85.62194, 45.610785 ], [ -85.622135, 45.611153 ], [ -85.622369, 45.611482 ], [ -85.622517, 45.611668 ], [ -85.622821, 45.611932 ], [ -85.623009, 45.612036 ], [ -85.622875, 45.612168 ], [ -85.622742, 45.612436 ], [ -85.622632, 45.61293 ], [ -85.622693, 45.613281 ], [ -85.622794, 45.613522 ], [ -85.622794, 45.613714 ], [ -85.62266, 45.614191 ], [ -85.622456, 45.614722 ], [ -85.621898, 45.615895 ], [ -85.621872, 45.616953 ], [ -85.621684, 45.617287 ], [ -85.621574, 45.617698 ], [ -85.62158, 45.618411 ], [ -85.621665, 45.61868 ], [ -85.621681, 45.618845 ], [ -85.621516, 45.618927 ], [ -85.621312, 45.619195 ], [ -85.621085, 45.619727 ], [ -85.620974, 45.620341 ], [ -85.62084, 45.620872 ], [ -85.620706, 45.621376 ], [ -85.620227, 45.622297 ], [ -85.619975, 45.622867 ], [ -85.619888, 45.623355 ], [ -85.619879, 45.623739 ], [ -85.61998, 45.624446 ], [ -85.620088, 45.624737 ], [ -85.620278, 45.625025 ], [ -85.620273, 45.625074 ], [ -85.620183, 45.625111 ], [ -85.620108, 45.625244 ], [ -85.620037, 45.625309 ], [ -85.619639, 45.625358 ], [ -85.619443, 45.62544 ], [ -85.61931, 45.625583 ], [ -85.619215, 45.625775 ], [ -85.619145, 45.625835 ], [ -85.61884, 45.625878 ], [ -85.618668, 45.625933 ], [ -85.618542, 45.626191 ], [ -85.618026, 45.626365 ], [ -85.617955, 45.626409 ], [ -85.617963, 45.626464 ], [ -85.617908, 45.626546 ], [ -85.617767, 45.626623 ], [ -85.617071, 45.626869 ], [ -85.616946, 45.626935 ], [ -85.616789, 45.62705 ], [ -85.616758, 45.627104 ], [ -85.616805, 45.627154 ], [ -85.616953, 45.627159 ], [ -85.617, 45.627236 ], [ -85.61707, 45.62728 ], [ -85.617046, 45.627324 ], [ -85.616804, 45.62734 ], [ -85.616687, 45.627318 ], [ -85.616413, 45.62734 ], [ -85.616014, 45.627657 ], [ -85.61549, 45.627794 ], [ -85.615239, 45.628024 ], [ -85.615208, 45.628117 ], [ -85.615231, 45.628156 ], [ -85.615145, 45.628221 ], [ -85.614651, 45.628786 ], [ -85.614556, 45.628983 ], [ -85.614532, 45.629279 ], [ -85.614539, 45.629383 ], [ -85.614578, 45.629433 ], [ -85.614515, 45.629526 ], [ -85.614351, 45.629603 ], [ -85.613991, 45.629833 ], [ -85.613842, 45.629948 ], [ -85.613622, 45.630183 ], [ -85.613559, 45.630337 ], [ -85.613675, 45.630556 ], [ -85.613542, 45.630666 ], [ -85.613143, 45.630896 ], [ -85.612963, 45.630945 ], [ -85.612862, 45.630939 ], [ -85.612636, 45.63078 ], [ -85.61248, 45.630725 ], [ -85.612151, 45.63079 ], [ -85.612018, 45.630795 ], [ -85.611964, 45.630828 ], [ -85.611901, 45.630821 ], [ -85.611901, 45.630795 ], [ -85.611753, 45.63074 ], [ -85.611699, 45.63068 ], [ -85.611558, 45.630592 ], [ -85.611246, 45.630642 ], [ -85.610839, 45.630761 ], [ -85.610416, 45.630985 ], [ -85.610291, 45.631089 ], [ -85.610173, 45.631232 ], [ -85.610079, 45.631451 ], [ -85.609766, 45.631571 ], [ -85.609469, 45.63162 ], [ -85.609226, 45.631784 ], [ -85.608693, 45.632283 ], [ -85.608285, 45.632727 ], [ -85.608198, 45.632869 ], [ -85.607869, 45.633247 ], [ -85.607578, 45.633856 ], [ -85.607561, 45.633993 ], [ -85.606801, 45.63459 ], [ -85.606392, 45.635308 ], [ -85.606037, 45.636218 ], [ -85.605942, 45.636547 ], [ -85.605941, 45.636882 ], [ -85.605886, 45.637084 ], [ -85.605383, 45.637863 ], [ -85.605334, 45.637964 ], [ -85.605107, 45.638433 ], [ -85.604918, 45.63891 ], [ -85.604775, 45.639409 ], [ -85.604663, 45.640122 ], [ -85.604513, 45.640681 ], [ -85.604423, 45.641696 ], [ -85.604371, 45.643106 ], [ -85.604447, 45.64366 ], [ -85.604647, 45.644461 ], [ -85.604866, 45.64626 ], [ -85.604998, 45.646639 ], [ -85.605121, 45.647144 ], [ -85.605222, 45.647325 ], [ -85.605229, 45.647632 ], [ -85.605282, 45.647962 ], [ -85.605553, 45.648735 ], [ -85.605675, 45.649284 ], [ -85.605667, 45.649586 ], [ -85.605751, 45.649877 ], [ -85.606466, 45.651013 ], [ -85.607259, 45.652112 ], [ -85.607508, 45.652359 ], [ -85.607734, 45.65254 ], [ -85.60807, 45.652634 ], [ -85.608296, 45.652656 ], [ -85.608523, 45.65264 ], [ -85.608671, 45.652673 ], [ -85.608859, 45.652668 ], [ -85.60896, 45.652706 ], [ -85.609349, 45.653321 ], [ -85.609364, 45.653365 ], [ -85.60927, 45.653469 ], [ -85.609098, 45.65359 ], [ -85.609074, 45.653639 ], [ -85.608996, 45.653677 ], [ -85.609003, 45.653738 ], [ -85.609652, 45.653848 ], [ -85.610018, 45.653981 ], [ -85.610065, 45.654024 ], [ -85.609979, 45.654046 ], [ -85.609706, 45.654018 ], [ -85.609315, 45.653897 ], [ -85.608886, 45.653891 ], [ -85.608643, 45.653913 ], [ -85.608643, 45.654006 ], [ -85.608431, 45.654225 ], [ -85.608102, 45.654439 ], [ -85.607989, 45.655305 ], [ -85.608135, 45.656167 ], [ -85.608321, 45.656545 ], [ -85.608624, 45.656952 ], [ -85.609357, 45.657293 ], [ -85.609389, 45.657359 ], [ -85.609278, 45.657776 ], [ -85.6093, 45.658022 ], [ -85.609346, 45.658187 ], [ -85.609432, 45.658308 ], [ -85.609635, 45.658423 ], [ -85.609595, 45.658632 ], [ -85.609625, 45.658813 ], [ -85.609664, 45.658862 ], [ -85.609617, 45.65895 ], [ -85.609484, 45.659032 ], [ -85.609382, 45.659175 ], [ -85.609413, 45.659301 ], [ -85.609483, 45.659356 ], [ -85.609694, 45.659318 ], [ -85.609897, 45.659252 ], [ -85.610258, 45.659039 ], [ -85.610375, 45.658891 ], [ -85.610321, 45.658786 ], [ -85.610432, 45.65849 ], [ -85.610322, 45.658435 ], [ -85.610049, 45.658358 ], [ -85.609971, 45.658314 ], [ -85.609971, 45.658232 ], [ -85.610058, 45.658199 ], [ -85.610308, 45.658177 ], [ -85.610582, 45.657958 ], [ -85.610676, 45.657937 ], [ -85.610723, 45.657975 ], [ -85.610754, 45.658013 ], [ -85.610659, 45.658364 ], [ -85.61065, 45.658534 ], [ -85.610696, 45.658962 ], [ -85.610578, 45.659061 ], [ -85.610515, 45.659236 ], [ -85.610405, 45.659395 ], [ -85.610287, 45.659434 ], [ -85.609967, 45.659461 ], [ -85.609795, 45.659532 ], [ -85.609567, 45.659795 ], [ -85.60893, 45.660759 ], [ -85.608757, 45.661072 ], [ -85.608748, 45.661445 ], [ -85.608802, 45.661741 ], [ -85.609081, 45.662164 ], [ -85.609167, 45.662213 ], [ -85.60919, 45.66229 ], [ -85.609189, 45.66274 ], [ -85.609312, 45.663327 ], [ -85.609536, 45.663854 ], [ -85.609708, 45.66403 ], [ -85.609887, 45.66409 ], [ -85.610254, 45.664135 ], [ -85.610324, 45.664217 ], [ -85.610316, 45.664338 ], [ -85.609933, 45.66442 ], [ -85.609784, 45.664485 ], [ -85.608885, 45.664616 ], [ -85.608767, 45.66467 ], [ -85.608603, 45.664708 ], [ -85.608454, 45.664791 ], [ -85.608368, 45.664949 ], [ -85.60832, 45.665251 ], [ -85.608108, 45.665306 ], [ -85.607693, 45.665645 ], [ -85.607348, 45.665771 ], [ -85.607223, 45.665848 ], [ -85.606956, 45.666231 ], [ -85.606892, 45.666642 ], [ -85.606961, 45.666791 ], [ -85.605896, 45.667393 ], [ -85.605786, 45.667502 ], [ -85.6057, 45.667672 ], [ -85.605699, 45.667935 ], [ -85.605589, 45.668083 ], [ -85.6054, 45.668231 ], [ -85.605322, 45.668385 ], [ -85.605344, 45.668615 ], [ -85.605289, 45.668845 ], [ -85.60545, 45.669581 ], [ -85.605885, 45.670256 ], [ -85.606515, 45.671041 ], [ -85.606827, 45.671245 ], [ -85.606991, 45.671399 ], [ -85.607499, 45.671536 ], [ -85.607624, 45.671542 ], [ -85.607749, 45.671504 ], [ -85.607859, 45.671416 ], [ -85.60807, 45.671367 ], [ -85.608383, 45.671318 ], [ -85.6085, 45.671329 ], [ -85.608601, 45.671406 ], [ -85.608609, 45.671461 ], [ -85.608546, 45.671521 ], [ -85.608163, 45.671576 ], [ -85.6081, 45.671609 ], [ -85.608069, 45.671691 ], [ -85.608146, 45.671806 ], [ -85.60903, 45.671807 ], [ -85.609037, 45.671868 ], [ -85.608998, 45.671923 ], [ -85.608748, 45.671999 ], [ -85.608215, 45.672229 ], [ -85.607941, 45.67242 ], [ -85.607268, 45.672617 ], [ -85.606986, 45.672682 ], [ -85.606822, 45.672682 ], [ -85.606619, 45.672737 ], [ -85.60629, 45.672835 ], [ -85.60611, 45.672928 ], [ -85.606008, 45.673037 ], [ -85.60589, 45.673098 ], [ -85.605741, 45.673262 ], [ -85.606116, 45.673257 ], [ -85.606358, 45.673285 ], [ -85.606507, 45.673258 ], [ -85.606773, 45.67328 ], [ -85.60696, 45.673368 ], [ -85.606866, 45.673395 ], [ -85.606483, 45.673378 ], [ -85.606374, 45.673395 ], [ -85.606052, 45.67357 ], [ -85.605935, 45.67358 ], [ -85.605842, 45.673509 ], [ -85.605678, 45.673443 ], [ -85.605482, 45.673503 ], [ -85.605216, 45.673475 ], [ -85.604958, 45.67348 ], [ -85.6047, 45.673524 ], [ -85.604575, 45.673622 ], [ -85.604606, 45.673716 ], [ -85.604699, 45.673754 ], [ -85.604981, 45.673749 ], [ -85.60509, 45.673793 ], [ -85.60505, 45.674013 ], [ -85.604956, 45.674001 ], [ -85.604886, 45.674018 ], [ -85.60466, 45.673875 ], [ -85.60455, 45.673891 ], [ -85.604495, 45.673929 ], [ -85.604495, 45.674061 ], [ -85.60458, 45.674165 ], [ -85.604556, 45.67433 ], [ -85.604587, 45.674429 ], [ -85.604642, 45.674434 ], [ -85.604986, 45.674347 ], [ -85.605096, 45.674342 ], [ -85.605095, 45.674424 ], [ -85.605157, 45.674589 ], [ -85.605282, 45.674726 ], [ -85.605555, 45.674858 ], [ -85.605649, 45.674951 ], [ -85.605609, 45.675001 ], [ -85.605507, 45.675039 ], [ -85.605117, 45.675033 ], [ -85.60464, 45.674851 ], [ -85.604414, 45.67484 ], [ -85.604265, 45.674911 ], [ -85.604108, 45.675031 ], [ -85.60399, 45.675196 ], [ -85.603807, 45.676145 ], [ -85.603828, 45.676682 ], [ -85.603991, 45.677083 ], [ -85.604223, 45.677824 ], [ -85.604371, 45.677923 ], [ -85.604425, 45.678153 ], [ -85.604564, 45.678389 ], [ -85.604759, 45.678582 ], [ -85.604837, 45.67862 ], [ -85.604797, 45.678894 ], [ -85.604718, 45.679037 ], [ -85.604749, 45.679185 ], [ -85.604804, 45.679213 ], [ -85.604842, 45.6793 ], [ -85.604912, 45.679558 ], [ -85.60488, 45.679684 ], [ -85.604878, 45.680123 ], [ -85.604925, 45.680173 ], [ -85.605058, 45.680233 ], [ -85.604822, 45.680425 ], [ -85.604814, 45.680546 ], [ -85.604861, 45.680595 ], [ -85.604586, 45.68088 ], [ -85.604677, 45.68178 ], [ -85.604793, 45.681999 ], [ -85.605027, 45.682213 ], [ -85.605128, 45.682268 ], [ -85.605175, 45.682334 ], [ -85.605159, 45.682378 ], [ -85.604541, 45.682361 ], [ -85.604111, 45.682443 ], [ -85.604001, 45.682503 ], [ -85.603891, 45.682656 ], [ -85.603774, 45.682711 ], [ -85.603547, 45.68276 ], [ -85.603366, 45.682935 ], [ -85.602974, 45.68339 ], [ -85.602801, 45.68368 ], [ -85.602824, 45.683757 ], [ -85.6028, 45.683856 ], [ -85.602408, 45.683982 ], [ -85.60226, 45.683987 ], [ -85.60204, 45.684178 ], [ -85.602008, 45.684398 ], [ -85.601797, 45.684458 ], [ -85.601444, 45.684721 ], [ -85.601208, 45.685017 ], [ -85.601096, 45.685647 ], [ -85.601023, 45.686344 ], [ -85.601146, 45.686794 ], [ -85.601232, 45.686942 ], [ -85.601458, 45.687123 ], [ -85.601864, 45.687212 ], [ -85.601919, 45.687311 ], [ -85.601457, 45.687425 ], [ -85.601096, 45.687633 ], [ -85.600869, 45.687901 ], [ -85.600664, 45.688236 ], [ -85.60064, 45.688389 ], [ -85.600663, 45.688543 ], [ -85.600741, 45.688647 ], [ -85.60109, 45.688784 ], [ -85.601177, 45.688889 ], [ -85.601076, 45.68896 ], [ -85.600802, 45.689037 ], [ -85.600254, 45.689096 ], [ -85.599863, 45.689167 ], [ -85.599583, 45.68925 ], [ -85.599192, 45.689476 ], [ -85.598974, 45.689904 ], [ -85.598968, 45.689989 ], [ -85.59898, 45.690023 ], [ -85.598801, 45.690518 ], [ -85.598185, 45.690223 ], [ -85.597646, 45.690053 ], [ -85.597231, 45.690151 ], [ -85.596926, 45.690348 ], [ -85.59651, 45.69066 ], [ -85.596133, 45.690999 ], [ -85.59596, 45.691224 ], [ -85.595748, 45.691427 ], [ -85.595442, 45.691689 ], [ -85.595238, 45.691821 ], [ -85.594649, 45.69256 ], [ -85.594664, 45.692687 ], [ -85.594625, 45.692758 ], [ -85.594335, 45.692928 ], [ -85.593785, 45.693492 ], [ -85.593502, 45.693859 ], [ -85.593305, 45.69421 ], [ -85.593171, 45.694533 ], [ -85.593146, 45.694835 ], [ -85.593176, 45.695076 ], [ -85.593355, 45.695504 ], [ -85.593581, 45.695664 ], [ -85.593706, 45.695686 ], [ -85.593854, 45.695697 ], [ -85.594066, 45.695675 ], [ -85.594402, 45.695555 ], [ -85.59448, 45.695572 ], [ -85.59459, 45.695638 ], [ -85.594558, 45.695687 ], [ -85.594308, 45.695785 ], [ -85.593752, 45.695872 ], [ -85.593306, 45.695888 ], [ -85.592813, 45.695992 ], [ -85.592695, 45.696068 ], [ -85.592679, 45.696123 ], [ -85.592397, 45.696402 ], [ -85.592426, 45.696841 ], [ -85.592395, 45.696973 ], [ -85.592089, 45.697071 ], [ -85.591667, 45.69712 ], [ -85.591455, 45.697196 ], [ -85.591267, 45.69735 ], [ -85.591258, 45.697525 ], [ -85.591281, 45.697651 ], [ -85.590897, 45.697881 ], [ -85.590654, 45.698122 ], [ -85.590614, 45.698243 ], [ -85.590676, 45.698391 ], [ -85.590551, 45.698457 ], [ -85.590339, 45.698489 ], [ -85.590191, 45.6985 ], [ -85.590034, 45.698478 ], [ -85.589744, 45.698587 ], [ -85.589517, 45.698845 ], [ -85.589343, 45.699108 ], [ -85.58914, 45.699168 ], [ -85.5886, 45.699183 ], [ -85.588326, 45.699155 ], [ -85.58817, 45.699172 ], [ -85.587982, 45.699248 ], [ -85.587739, 45.699451 ], [ -85.587598, 45.699494 ], [ -85.587308, 45.699527 ], [ -85.587073, 45.699625 ], [ -85.586861, 45.699877 ], [ -85.586251, 45.699821 ], [ -85.586032, 45.699826 ], [ -85.585648, 45.699914 ], [ -85.585351, 45.700089 ], [ -85.585099, 45.700341 ], [ -85.584958, 45.700423 ], [ -85.584817, 45.70045 ], [ -85.584528, 45.700389 ], [ -85.584411, 45.7004 ], [ -85.584113, 45.700482 ], [ -85.583439, 45.700925 ], [ -85.582772, 45.701253 ], [ -85.582176, 45.701773 ], [ -85.58136, 45.702386 ], [ -85.580912, 45.702769 ], [ -85.580786, 45.703055 ], [ -85.580518, 45.703444 ], [ -85.580392, 45.703794 ], [ -85.579858, 45.704128 ], [ -85.579756, 45.704282 ], [ -85.579661, 45.704517 ], [ -85.57948, 45.704797 ], [ -85.579362, 45.704917 ], [ -85.579057, 45.704999 ], [ -85.578392, 45.705091 ], [ -85.578078, 45.705233 ], [ -85.577159, 45.706082 ], [ -85.576955, 45.706362 ], [ -85.57606, 45.706996 ], [ -85.575879, 45.707353 ], [ -85.575859, 45.707612 ], [ -85.575845, 45.707808 ], [ -85.575806, 45.707879 ], [ -85.575055, 45.70796 ], [ -85.574812, 45.708047 ], [ -85.574592, 45.708212 ], [ -85.574191, 45.708694 ], [ -85.574007, 45.708971 ], [ -85.573868, 45.709181 ], [ -85.573592, 45.709735 ], [ -85.572899, 45.710705 ], [ -85.572766, 45.710847 ], [ -85.572639, 45.711165 ], [ -85.572551, 45.711543 ], [ -85.572275, 45.71207 ], [ -85.572188, 45.712464 ], [ -85.572085, 45.7127 ], [ -85.572029, 45.713051 ], [ -85.572027, 45.713358 ], [ -85.571898, 45.714263 ], [ -85.57192, 45.714707 ], [ -85.571482, 45.716303 ], [ -85.571434, 45.716632 ], [ -85.571424, 45.717033 ], [ -85.571337, 45.717933 ], [ -85.571334, 45.718003 ], [ -85.571434, 45.718344 ], [ -85.571496, 45.719455 ], [ -85.571499, 45.719507 ], [ -85.5717, 45.720072 ], [ -85.571612, 45.720309 ], [ -85.571597, 45.720352 ], [ -85.571477, 45.721103 ], [ -85.5715, 45.721389 ], [ -85.571544, 45.721931 ], [ -85.571532, 45.722076 ], [ -85.571485, 45.722705 ], [ -85.571713, 45.723653 ], [ -85.571724, 45.723698 ], [ -85.571907, 45.724664 ], [ -85.572084, 45.7253 ], [ -85.572154, 45.725492 ], [ -85.572247, 45.725613 ], [ -85.572302, 45.725745 ], [ -85.572285, 45.725844 ], [ -85.572769, 45.726218 ], [ -85.572705, 45.726431 ], [ -85.572752, 45.726508 ], [ -85.572885, 45.726591 ], [ -85.572822, 45.726684 ], [ -85.572914, 45.727013 ], [ -85.573031, 45.727227 ], [ -85.57314, 45.727321 ], [ -85.573225, 45.727491 ], [ -85.57324, 45.727634 ], [ -85.573138, 45.727694 ], [ -85.572395, 45.727671 ], [ -85.571761, 45.727702 ], [ -85.571408, 45.727779 ], [ -85.571204, 45.727877 ], [ -85.570954, 45.727959 ], [ -85.569537, 45.728099 ], [ -85.569231, 45.728241 ], [ -85.568823, 45.728367 ], [ -85.568565, 45.728366 ], [ -85.568315, 45.728399 ], [ -85.567695, 45.728699 ], [ -85.567483, 45.728809 ], [ -85.566863, 45.729246 ], [ -85.566478, 45.729608 ], [ -85.566029, 45.730177 ], [ -85.565801, 45.730407 ], [ -85.565472, 45.73067 ], [ -85.565237, 45.730725 ], [ -85.564719, 45.731064 ], [ -85.564584, 45.731349 ], [ -85.564592, 45.73142 ], [ -85.564229, 45.731984 ], [ -85.563923, 45.732286 ], [ -85.563703, 45.732461 ], [ -85.563294, 45.73284 ], [ -85.563214, 45.732915 ], [ -85.563129, 45.733074 ], [ -85.562868, 45.733677 ], [ -85.56255, 45.734614 ], [ -85.562163, 45.735453 ], [ -85.561838, 45.736434 ], [ -85.561836, 45.736873 ], [ -85.561698, 45.737981 ], [ -85.561696, 45.73842 ], [ -85.561809, 45.739347 ], [ -85.561815, 45.739791 ], [ -85.561921, 45.740433 ], [ -85.562006, 45.740763 ], [ -85.562168, 45.741158 ], [ -85.562432, 45.741674 ], [ -85.56247, 45.741861 ], [ -85.56243, 45.742206 ], [ -85.562506, 45.74259 ], [ -85.562723, 45.74304 ], [ -85.56326, 45.743744 ], [ -85.563828, 45.744578 ], [ -85.564459, 45.745254 ], [ -85.564632, 45.745405 ], [ -85.564755, 45.745513 ], [ -85.565106, 45.745897 ], [ -85.565597, 45.746304 ], [ -85.566088, 45.746793 ], [ -85.566541, 45.747079 ], [ -85.566478, 45.747172 ], [ -85.566438, 45.747309 ], [ -85.566572, 45.747563 ], [ -85.566982, 45.748182 ], [ -85.567262, 45.748501 ], [ -85.567629, 45.748727 ], [ -85.567855, 45.748924 ], [ -85.568043, 45.749034 ], [ -85.568324, 45.749139 ], [ -85.56848, 45.749255 ], [ -85.568683, 45.749282 ], [ -85.568879, 45.749343 ], [ -85.568918, 45.749414 ], [ -85.568776, 45.749568 ], [ -85.56829, 45.749704 ], [ -85.568079, 45.749737 ], [ -85.567827, 45.749956 ], [ -85.567551, 45.750071 ], [ -85.567362, 45.750208 ], [ -85.567252, 45.750323 ], [ -85.567157, 45.750476 ], [ -85.567117, 45.750641 ], [ -85.56717, 45.750949 ], [ -85.567263, 45.751108 ], [ -85.567365, 45.75124 ], [ -85.567583, 45.751399 ], [ -85.567724, 45.751559 ], [ -85.567653, 45.751641 ], [ -85.567346, 45.751854 ], [ -85.567162, 45.75248 ], [ -85.567167, 45.752941 ], [ -85.567257, 45.753693 ], [ -85.567614, 45.754374 ], [ -85.567996, 45.754869 ], [ -85.567917, 45.754984 ], [ -85.567885, 45.755088 ], [ -85.567908, 45.755171 ], [ -85.56797, 45.75522 ], [ -85.567986, 45.755297 ], [ -85.56786, 45.755418 ], [ -85.567929, 45.755566 ], [ -85.568124, 45.75578 ], [ -85.568116, 45.755852 ], [ -85.568022, 45.755879 ], [ -85.567794, 45.755857 ], [ -85.567645, 45.755906 ], [ -85.567565, 45.756301 ], [ -85.567594, 45.756619 ], [ -85.567515, 45.756718 ], [ -85.567475, 45.756855 ], [ -85.567388, 45.757003 ], [ -85.567403, 45.757151 ], [ -85.567519, 45.757519 ], [ -85.567643, 45.7577 ], [ -85.568073, 45.757992 ], [ -85.56819, 45.758042 ], [ -85.568496, 45.758053 ], [ -85.568762, 45.758147 ], [ -85.568809, 45.758202 ], [ -85.568675, 45.758306 ], [ -85.568517, 45.758553 ], [ -85.568344, 45.75858 ], [ -85.567991, 45.758579 ], [ -85.567834, 45.758645 ], [ -85.567661, 45.758787 ], [ -85.567495, 45.759006 ], [ -85.567157, 45.75917 ], [ -85.566984, 45.759219 ], [ -85.566811, 45.75934 ], [ -85.566763, 45.759493 ], [ -85.566762, 45.759773 ], [ -85.567012, 45.759911 ], [ -85.567035, 45.759977 ], [ -85.566948, 45.760059 ], [ -85.566814, 45.760135 ], [ -85.566579, 45.760206 ], [ -85.566518, 45.760256 ], [ -85.566405, 45.760349 ], [ -85.56628, 45.760392 ], [ -85.566029, 45.760381 ], [ -85.565786, 45.760336 ], [ -85.565512, 45.760237 ], [ -85.56534, 45.760204 ], [ -85.564806, 45.76023 ], [ -85.564359, 45.760201 ], [ -85.563475, 45.759859 ], [ -85.563091, 45.759683 ], [ -85.562645, 45.759517 ], [ -85.562293, 45.759434 ], [ -85.562042, 45.759411 ], [ -85.561838, 45.759422 ], [ -85.561508, 45.759531 ], [ -85.561327, 45.759558 ], [ -85.561124, 45.759503 ], [ -85.560912, 45.759486 ], [ -85.560488, 45.759584 ], [ -85.560018, 45.759506 ], [ -85.55943, 45.759543 ], [ -85.558968, 45.759328 ], [ -85.558333, 45.759293 ], [ -85.557399, 45.759478 ], [ -85.557069, 45.759488 ], [ -85.556036, 45.759236 ], [ -85.555926, 45.759206 ], [ -85.555433, 45.759007 ], [ -85.554753, 45.758544 ], [ -85.554339, 45.758318 ], [ -85.553307, 45.757597 ], [ -85.552885, 45.757388 ], [ -85.552109, 45.757386 ], [ -85.55192, 45.757429 ], [ -85.551567, 45.757401 ], [ -85.551261, 45.757505 ], [ -85.550493, 45.757409 ], [ -85.549811, 45.757249 ], [ -85.548826, 45.756829 ], [ -85.548341, 45.756482 ], [ -85.547349, 45.755948 ], [ -85.547075, 45.7557 ], [ -85.546662, 45.755408 ], [ -85.546576, 45.755309 ], [ -85.546444, 45.75504 ], [ -85.546299, 45.754381 ], [ -85.546143, 45.754126 ], [ -85.54612, 45.75409 ], [ -85.545973, 45.753738 ], [ -85.545802, 45.75343 ], [ -85.5456, 45.753166 ], [ -85.545569, 45.753035 ], [ -85.545476, 45.752925 ], [ -85.545335, 45.752858 ], [ -85.544889, 45.752791 ], [ -85.54485, 45.752753 ], [ -85.544798, 45.752231 ], [ -85.544331, 45.751616 ], [ -85.544143, 45.751494 ], [ -85.543227, 45.751234 ], [ -85.542702, 45.751178 ], [ -85.541715, 45.751115 ], [ -85.54103, 45.751044 ], [ -85.540696, 45.751009 ], [ -85.540265, 45.750942 ], [ -85.539607, 45.750787 ], [ -85.539309, 45.750758 ], [ -85.538964, 45.750763 ], [ -85.538666, 45.750801 ], [ -85.538235, 45.750772 ], [ -85.537546, 45.750633 ], [ -85.536653, 45.750384 ], [ -85.535604, 45.75027 ], [ -85.535352, 45.750255 ], [ -85.534767, 45.750241 ], [ -85.534713, 45.75024 ], [ -85.532961, 45.7502 ], [ -85.532255, 45.750203 ], [ -85.531291, 45.75013 ], [ -85.528624, 45.750293 ], [ -85.527643, 45.750318 ], [ -85.526686, 45.750425 ], [ -85.526325, 45.750419 ], [ -85.526137, 45.75038 ], [ -85.525508, 45.750494 ], [ -85.524795, 45.750624 ], [ -85.524042, 45.750677 ], [ -85.520595, 45.751354 ], [ -85.519999, 45.751413 ], [ -85.519527, 45.751565 ], [ -85.51498, 45.752667 ], [ -85.514395, 45.752768 ], [ -85.511847, 45.753279 ], [ -85.51099, 45.753617 ], [ -85.509952, 45.753955 ], [ -85.509497, 45.754074 ], [ -85.508367, 45.754236 ], [ -85.507416, 45.75442 ], [ -85.507016, 45.754518 ], [ -85.506332, 45.754785 ], [ -85.506151, 45.754834 ], [ -85.505532, 45.754794 ], [ -85.505436, 45.754774 ], [ -85.504984, 45.754683 ], [ -85.504585, 45.754528 ], [ -85.504334, 45.754544 ], [ -85.504028, 45.754438 ], [ -85.503793, 45.754405 ], [ -85.50355, 45.754476 ], [ -85.503369, 45.754481 ], [ -85.502978, 45.754331 ], [ -85.502319, 45.754368 ], [ -85.502029, 45.754427 ], [ -85.501887, 45.754487 ], [ -85.501644, 45.754542 ], [ -85.501487, 45.754486 ], [ -85.501378, 45.754321 ], [ -85.501325, 45.754129 ], [ -85.500897, 45.753601 ], [ -85.500679, 45.753381 ], [ -85.50051, 45.753118 ], [ -85.500384, 45.752903 ], [ -85.500297, 45.752549 ], [ -85.500137, 45.752276 ], [ -85.500011, 45.751993 ], [ -85.499996, 45.751801 ], [ -85.49995, 45.751697 ], [ -85.499958, 45.751472 ], [ -85.499826, 45.751208 ], [ -85.499545, 45.750786 ], [ -85.499429, 45.750506 ], [ -85.499394, 45.750332 ], [ -85.49933, 45.75001 ], [ -85.499393, 45.749776 ], [ -85.499443, 45.749595 ], [ -85.499434, 45.749405 ], [ -85.499389, 45.74918 ], [ -85.499233, 45.748955 ], [ -85.499133, 45.748724 ], [ -85.499003, 45.748219 ], [ -85.498939, 45.748031 ], [ -85.498839, 45.74777 ], [ -85.498771, 45.74761 ], [ -85.498631, 45.747489 ], [ -85.498389, 45.747384 ], [ -85.498116, 45.747208 ], [ -85.497953, 45.747043 ], [ -85.497994, 45.746621 ], [ -85.498074, 45.746391 ], [ -85.498074, 45.746316 ], [ -85.498074, 45.746281 ], [ -85.498138, 45.746095 ], [ -85.498092, 45.74587 ], [ -85.49811, 45.745573 ], [ -85.498182, 45.745299 ], [ -85.498378, 45.745108 ], [ -85.498913, 45.744758 ], [ -85.499227, 45.744589 ], [ -85.499573, 45.744337 ], [ -85.500036, 45.744119 ], [ -85.500569, 45.743879 ], [ -85.501063, 45.743754 ], [ -85.501471, 45.743584 ], [ -85.501715, 45.74342 ], [ -85.501966, 45.743306 ], [ -85.502217, 45.743252 ], [ -85.503299, 45.742826 ], [ -85.50384, 45.74269 ], [ -85.504052, 45.742559 ], [ -85.504796, 45.742572 ], [ -85.504929, 45.742512 ], [ -85.505603, 45.74242 ], [ -85.506009, 45.74252 ], [ -85.506479, 45.742493 ], [ -85.506722, 45.74245 ], [ -85.507192, 45.742319 ], [ -85.507427, 45.742347 ], [ -85.50788, 45.742469 ], [ -85.508241, 45.742399 ], [ -85.508602, 45.74224 ], [ -85.508907, 45.742257 ], [ -85.509001, 45.742208 ], [ -85.509401, 45.742132 ], [ -85.509626, 45.742111 ], [ -85.509902, 45.742084 ], [ -85.51012, 45.742271 ], [ -85.510273, 45.742886 ], [ -85.510179, 45.74294 ], [ -85.510046, 45.742962 ], [ -85.509944, 45.743006 ], [ -85.509849, 45.743137 ], [ -85.509753, 45.743455 ], [ -85.509696, 45.743855 ], [ -85.50957, 45.744075 ], [ -85.50949, 45.744376 ], [ -85.509286, 45.744458 ], [ -85.508941, 45.744485 ], [ -85.508777, 45.744578 ], [ -85.508682, 45.744698 ], [ -85.508619, 45.74484 ], [ -85.508681, 45.744961 ], [ -85.508679, 45.745241 ], [ -85.508553, 45.745389 ], [ -85.508513, 45.745504 ], [ -85.508528, 45.745663 ], [ -85.508808, 45.745971 ], [ -85.508893, 45.746251 ], [ -85.508932, 45.746256 ], [ -85.508986, 45.746427 ], [ -85.509244, 45.746477 ], [ -85.509369, 45.746444 ], [ -85.509423, 45.746631 ], [ -85.509428, 45.74677 ], [ -85.509506, 45.747244 ], [ -85.509521, 45.747332 ], [ -85.509055, 45.747321 ], [ -85.509151, 45.747738 ], [ -85.509227, 45.74804 ], [ -85.509156, 45.748084 ], [ -85.509077, 45.748264 ], [ -85.509126, 45.74836 ], [ -85.509255, 45.74861 ], [ -85.50934, 45.748658 ], [ -85.50936, 45.748669 ], [ -85.509387, 45.748684 ], [ -85.509443, 45.748715 ], [ -85.509598, 45.748847 ], [ -85.5097, 45.748825 ], [ -85.50985, 45.748738 ], [ -85.509928, 45.748798 ], [ -85.50981, 45.748908 ], [ -85.509872, 45.749001 ], [ -85.510012, 45.749084 ], [ -85.510465, 45.749271 ], [ -85.510699, 45.749458 ], [ -85.51105, 45.749585 ], [ -85.511504, 45.749605 ], [ -85.511551, 45.749608 ], [ -85.511701, 45.749378 ], [ -85.511873, 45.749417 ], [ -85.51181, 45.749603 ], [ -85.511903, 45.74967 ], [ -85.512177, 45.749747 ], [ -85.512748, 45.74982 ], [ -85.51321, 45.749793 ], [ -85.513891, 45.749811 ], [ -85.514338, 45.749713 ], [ -85.51444, 45.749659 ], [ -85.514534, 45.749527 ], [ -85.514754, 45.749539 ], [ -85.514731, 45.749275 ], [ -85.514966, 45.749248 ], [ -85.515051, 45.749528 ], [ -85.515145, 45.749572 ], [ -85.515372, 45.749556 ], [ -85.515505, 45.749507 ], [ -85.515498, 45.749326 ], [ -85.51582, 45.74925 ], [ -85.515937, 45.749289 ], [ -85.515992, 45.749278 ], [ -85.516298, 45.749164 ], [ -85.516494, 45.748988 ], [ -85.516747, 45.74866 ], [ -85.516583, 45.748451 ], [ -85.516631, 45.748402 ], [ -85.516724, 45.748418 ], [ -85.51681, 45.748474 ], [ -85.51692, 45.748468 ], [ -85.517642, 45.748064 ], [ -85.517721, 45.747921 ], [ -85.517651, 45.747801 ], [ -85.517637, 45.747631 ], [ -85.517849, 45.747505 ], [ -85.517905, 45.747291 ], [ -85.51807, 45.747204 ], [ -85.518376, 45.746919 ], [ -85.518369, 45.746875 ], [ -85.518175, 45.746634 ], [ -85.518418, 45.746513 ], [ -85.518784, 45.746827 ], [ -85.519019, 45.746767 ], [ -85.519474, 45.746499 ], [ -85.520151, 45.745925 ], [ -85.52034, 45.745738 ], [ -85.52038, 45.745574 ], [ -85.520263, 45.745486 ], [ -85.52031, 45.745343 ], [ -85.520475, 45.745349 ], [ -85.520577, 45.745212 ], [ -85.520688, 45.744982 ], [ -85.520783, 45.744686 ], [ -85.520989, 45.744314 ], [ -85.521187, 45.743804 ], [ -85.521322, 45.743519 ], [ -85.521481, 45.743015 ], [ -85.521586, 45.742494 ], [ -85.521789, 45.741112 ], [ -85.521799, 45.740689 ], [ -85.521864, 45.740245 ], [ -85.521925, 45.739077 ], [ -85.521856, 45.738813 ], [ -85.521772, 45.738259 ], [ -85.521641, 45.737957 ], [ -85.521229, 45.737479 ], [ -85.520932, 45.737298 ], [ -85.520557, 45.737154 ], [ -85.51983, 45.736988 ], [ -85.519603, 45.736977 ], [ -85.518955, 45.736805 ], [ -85.51803, 45.736929 ], [ -85.517655, 45.736912 ], [ -85.516701, 45.736685 ], [ -85.515868, 45.736523 ], [ -85.515481, 45.736485 ], [ -85.514668, 45.736461 ], [ -85.514393, 45.736504 ], [ -85.513994, 45.736482 ], [ -85.513548, 45.736497 ], [ -85.513322, 45.736398 ], [ -85.513236, 45.736266 ], [ -85.512878, 45.735914 ], [ -85.512519, 45.735782 ], [ -85.512238, 45.735573 ], [ -85.512005, 45.735358 ], [ -85.511648, 45.734776 ], [ -85.511277, 45.733848 ], [ -85.511114, 45.733727 ], [ -85.510809, 45.7336 ], [ -85.510552, 45.733364 ], [ -85.510615, 45.73332 ], [ -85.510685, 45.73332 ], [ -85.51088, 45.733469 ], [ -85.510997, 45.733518 ], [ -85.511146, 45.733508 ], [ -85.511146, 45.733453 ], [ -85.5111, 45.733381 ], [ -85.51082, 45.733046 ], [ -85.510673, 45.732793 ], [ -85.510198, 45.73237 ], [ -85.509956, 45.732205 ], [ -85.509853, 45.732074 ], [ -85.509054, 45.731062 ], [ -85.508774, 45.730765 ], [ -85.50819, 45.730297 ], [ -85.508026, 45.730198 ], [ -85.507815, 45.730116 ], [ -85.507518, 45.73006 ], [ -85.507151, 45.730037 ], [ -85.506242, 45.730096 ], [ -85.505969, 45.730035 ], [ -85.504267, 45.729312 ], [ -85.503822, 45.72913 ], [ -85.503627, 45.728976 ], [ -85.503245, 45.728734 ], [ -85.502754, 45.728382 ], [ -85.502388, 45.728008 ], [ -85.50217, 45.727881 ], [ -85.501834, 45.727798 ], [ -85.501085, 45.727467 ], [ -85.500828, 45.72722 ], [ -85.500742, 45.72722 ], [ -85.50043, 45.727054 ], [ -85.500072, 45.72668 ], [ -85.499876, 45.726652 ], [ -85.499728, 45.726603 ], [ -85.499361, 45.726372 ], [ -85.499197, 45.726338 ], [ -85.499088, 45.726195 ], [ -85.499027, 45.726058 ], [ -85.499356, 45.7259 ], [ -85.499608, 45.725725 ], [ -85.499687, 45.725577 ], [ -85.49972, 45.725231 ], [ -85.499752, 45.725171 ], [ -85.499877, 45.725149 ], [ -85.500213, 45.725145 ], [ -85.5003, 45.725074 ], [ -85.500372, 45.724783 ], [ -85.500521, 45.724756 ], [ -85.500685, 45.724756 ], [ -85.500873, 45.724713 ], [ -85.501211, 45.724505 ], [ -85.501983, 45.723635 ], [ -85.502251, 45.723224 ], [ -85.502449, 45.722797 ], [ -85.502783, 45.721805 ], [ -85.502784, 45.721602 ], [ -85.50288, 45.72119 ], [ -85.50293, 45.720702 ], [ -85.502964, 45.720159 ], [ -85.502928, 45.71977 ], [ -85.502658, 45.718963 ], [ -85.502473, 45.718562 ], [ -85.502162, 45.718111 ], [ -85.501937, 45.717869 ], [ -85.501781, 45.717765 ], [ -85.501257, 45.717626 ], [ -85.500914, 45.717406 ], [ -85.500664, 45.71734 ], [ -85.499898, 45.717322 ], [ -85.499483, 45.717359 ], [ -85.499311, 45.717309 ], [ -85.499109, 45.716996 ], [ -85.499001, 45.716738 ], [ -85.498869, 45.71659 ], [ -85.498048, 45.716434 ], [ -85.49794, 45.716302 ], [ -85.497753, 45.71617 ], [ -85.497292, 45.715988 ], [ -85.497058, 45.715861 ], [ -85.496762, 45.715614 ], [ -85.496569, 45.715273 ], [ -85.496516, 45.714955 ], [ -85.496749, 45.713858 ], [ -85.496774, 45.713568 ], [ -85.496644, 45.712986 ], [ -85.496467, 45.712437 ], [ -85.49664, 45.711871 ], [ -85.496635, 45.711853 ], [ -85.496628, 45.711724 ], [ -85.496637, 45.711527 ], [ -85.4967, 45.711384 ], [ -85.4966, 45.71106 ], [ -85.496507, 45.710945 ], [ -85.496289, 45.710824 ], [ -85.49625, 45.71072 ], [ -85.496637, 45.710073 ], [ -85.496685, 45.709925 ], [ -85.496679, 45.709689 ], [ -85.496579, 45.709382 ], [ -85.496463, 45.709129 ], [ -85.496299, 45.70897 ], [ -85.495497, 45.708343 ], [ -85.495038, 45.707952 ], [ -85.49489, 45.707793 ], [ -85.494814, 45.70748 ], [ -85.494809, 45.706942 ], [ -85.494872, 45.706816 ], [ -85.49503, 45.706701 ], [ -85.495022, 45.706491 ], [ -85.495016, 45.706334 ], [ -85.49497, 45.706147 ], [ -85.494861, 45.706037 ], [ -85.494666, 45.705927 ], [ -85.494565, 45.705795 ], [ -85.494512, 45.705619 ], [ -85.494583, 45.705433 ], [ -85.49456, 45.705301 ], [ -85.49449, 45.705246 ], [ -85.494303, 45.705235 ], [ -85.494209, 45.705125 ], [ -85.494194, 45.70501 ], [ -85.49429, 45.704785 ], [ -85.494283, 45.704549 ], [ -85.494347, 45.70439 ], [ -85.494386, 45.704357 ], [ -85.494542, 45.704336 ], [ -85.494668, 45.704353 ], [ -85.494785, 45.704304 ], [ -85.494739, 45.704128 ], [ -85.49467, 45.704007 ], [ -85.494265, 45.703567 ], [ -85.494157, 45.703408 ], [ -85.494095, 45.703216 ], [ -85.494098, 45.702702 ], [ -85.494098, 45.702667 ], [ -85.494146, 45.702503 ], [ -85.494257, 45.702289 ], [ -85.494461, 45.702147 ], [ -85.494875, 45.702236 ], [ -85.49493, 45.702192 ], [ -85.494735, 45.702065 ], [ -85.49458, 45.701922 ], [ -85.494604, 45.701857 ], [ -85.494549, 45.701774 ], [ -85.494487, 45.701741 ], [ -85.494363, 45.701538 ], [ -85.494379, 45.701428 ], [ -85.494481, 45.701363 ], [ -85.49449, 45.701275 ], [ -85.494577, 45.701088 ], [ -85.49471, 45.700968 ], [ -85.49468, 45.70088 ], [ -85.494642, 45.700546 ], [ -85.494589, 45.700375 ], [ -85.49441, 45.700172 ], [ -85.494215, 45.700084 ], [ -85.494176, 45.700018 ], [ -85.494169, 45.699941 ], [ -85.494216, 45.69987 ], [ -85.494334, 45.699843 ], [ -85.49449, 45.699887 ], [ -85.494607, 45.699865 ], [ -85.494709, 45.699838 ], [ -85.494733, 45.699745 ], [ -85.494533, 45.699245 ], [ -85.4944, 45.69919 ], [ -85.494213, 45.699014 ], [ -85.494198, 45.698893 ], [ -85.494238, 45.698745 ], [ -85.494123, 45.698416 ], [ -85.494007, 45.69824 ], [ -85.493891, 45.697982 ], [ -85.493994, 45.697779 ], [ -85.494119, 45.697703 ], [ -85.494252, 45.69767 ], [ -85.494627, 45.697874 ], [ -85.494908, 45.69793 ], [ -85.495095, 45.698012 ], [ -85.495322, 45.698068 ], [ -85.495548, 45.69809 ], [ -85.495705, 45.698058 ], [ -85.495807, 45.698008 ], [ -85.495839, 45.697827 ], [ -85.495739, 45.697602 ], [ -85.49574, 45.69746 ], [ -85.49581, 45.697372 ], [ -85.495779, 45.697328 ], [ -85.495576, 45.697273 ], [ -85.495428, 45.69719 ], [ -85.49532, 45.696982 ], [ -85.495691, 45.696384 ], [ -85.495966, 45.696083 ], [ -85.49614, 45.69582 ], [ -85.496266, 45.695689 ], [ -85.496415, 45.695624 ], [ -85.496478, 45.695618 ], [ -85.496587, 45.69563 ], [ -85.496798, 45.695723 ], [ -85.497056, 45.695696 ], [ -85.497213, 45.695565 ], [ -85.497136, 45.6954 ], [ -85.497114, 45.695181 ], [ -85.498219, 45.694756 ], [ -85.498767, 45.694592 ], [ -85.499104, 45.694423 ], [ -85.499302, 45.694317 ], [ -85.499693, 45.694106 ], [ -85.50091, 45.693166 ], [ -85.501461, 45.692525 ], [ -85.501839, 45.692175 ], [ -85.503349, 45.690533 ], [ -85.503878, 45.689607 ], [ -85.504314, 45.688626 ], [ -85.504812, 45.687727 ], [ -85.504986, 45.687355 ], [ -85.505058, 45.687015 ], [ -85.505582, 45.685628 ], [ -85.505709, 45.685045 ], [ -85.505866, 45.683758 ], [ -85.505876, 45.683374 ], [ -85.505758, 45.68214 ], [ -85.505842, 45.679551 ], [ -85.505789, 45.679347 ], [ -85.505761, 45.678678 ], [ -85.505202, 45.676548 ], [ -85.504884, 45.674809 ], [ -85.50484, 45.674227 ], [ -85.504711, 45.673464 ], [ -85.504588, 45.673151 ], [ -85.504441, 45.672921 ], [ -85.504333, 45.672624 ], [ -85.504039, 45.672091 ], [ -85.50404, 45.671817 ], [ -85.504002, 45.671598 ], [ -85.503824, 45.671274 ], [ -85.503199, 45.669835 ], [ -85.502981, 45.669648 ], [ -85.502829, 45.668978 ], [ -85.502658, 45.668852 ], [ -85.502494, 45.66878 ], [ -85.502302, 45.668094 ], [ -85.502147, 45.667896 ], [ -85.501915, 45.667429 ], [ -85.501319, 45.66649 ], [ -85.500886, 45.66565 ], [ -85.500521, 45.665056 ], [ -85.499769, 45.664105 ], [ -85.498956, 45.662721 ], [ -85.498195, 45.661864 ], [ -85.497892, 45.661408 ], [ -85.497457, 45.660907 ], [ -85.496582, 45.659616 ], [ -85.496403, 45.659396 ], [ -85.496224, 45.659297 ], [ -85.495952, 45.659 ], [ -85.495718, 45.658794 ], [ -85.495175, 45.65811 ], [ -85.494973, 45.657934 ], [ -85.49474, 45.657637 ], [ -85.494445, 45.657335 ], [ -85.493514, 45.656241 ], [ -85.493304, 45.655955 ], [ -85.492869, 45.655493 ], [ -85.492039, 45.654509 ], [ -85.491856, 45.654282 ], [ -85.49141, 45.653729 ], [ -85.491022, 45.653185 ], [ -85.490642, 45.652767 ], [ -85.490363, 45.652377 ], [ -85.490353, 45.652353 ], [ -85.490247, 45.652069 ], [ -85.490202, 45.651801 ], [ -85.490229, 45.651584 ], [ -85.490243, 45.651477 ], [ -85.490237, 45.651109 ], [ -85.490312, 45.65032 ], [ -85.490442, 45.649541 ], [ -85.490448, 45.648488 ], [ -85.49023, 45.647017 ], [ -85.49018, 45.646178 ], [ -85.490067, 45.645426 ], [ -85.489633, 45.643477 ], [ -85.489277, 45.642868 ], [ -85.489165, 45.642077 ], [ -85.48905, 45.641682 ], [ -85.48888, 45.64127 ], [ -85.488358, 45.639771 ], [ -85.48808, 45.639195 ], [ -85.487926, 45.638756 ], [ -85.487695, 45.638278 ], [ -85.487455, 45.637888 ], [ -85.487487, 45.637756 ], [ -85.487333, 45.63735 ], [ -85.487303, 45.637108 ], [ -85.48743, 45.636758 ], [ -85.487524, 45.636665 ], [ -85.487549, 45.636489 ], [ -85.487543, 45.636457 ], [ -85.487511, 45.636291 ], [ -85.48749, 45.63582 ], [ -85.487581, 45.635085 ], [ -85.487653, 45.634685 ], [ -85.487932, 45.63384 ], [ -85.48787, 45.633648 ], [ -85.487933, 45.633522 ], [ -85.487919, 45.633341 ], [ -85.488007, 45.633007 ], [ -85.488128, 45.632283 ], [ -85.488153, 45.63197 ], [ -85.488116, 45.631679 ], [ -85.488256, 45.630413 ], [ -85.488267, 45.629985 ], [ -85.488184, 45.629414 ], [ -85.48803, 45.629013 ], [ -85.487909, 45.628371 ], [ -85.487617, 45.627619 ], [ -85.487628, 45.626955 ], [ -85.487442, 45.62679 ], [ -85.487287, 45.626504 ], [ -85.487241, 45.626345 ], [ -85.487273, 45.626181 ], [ -85.48731, 45.625352 ], [ -85.487366, 45.625056 ], [ -85.487352, 45.624637 ], [ -85.487403, 45.6241 ], [ -85.487382, 45.623628 ], [ -85.48732, 45.623562 ], [ -85.487213, 45.623243 ], [ -85.487209, 45.622805 ], [ -85.487256, 45.622706 ], [ -85.487186, 45.622657 ], [ -85.487124, 45.622563 ], [ -85.486844, 45.622387 ], [ -85.486862, 45.622069 ], [ -85.487012, 45.621822 ], [ -85.487178, 45.621675 ], [ -85.487328, 45.621467 ], [ -85.487401, 45.621023 ], [ -85.487381, 45.620546 ], [ -85.487234, 45.620419 ], [ -85.486687, 45.620253 ], [ -85.486657, 45.620127 ], [ -85.486682, 45.619979 ], [ -85.486784, 45.61982 ], [ -85.486941, 45.619755 ], [ -85.487028, 45.619634 ], [ -85.486984, 45.61925 ], [ -85.487109, 45.619185 ], [ -85.48725, 45.619147 ], [ -85.487338, 45.618994 ], [ -85.487323, 45.618895 ], [ -85.487411, 45.618605 ], [ -85.487693, 45.618463 ], [ -85.487976, 45.618218 ], [ -85.487977, 45.61808 ], [ -85.488291, 45.617928 ], [ -85.488668, 45.617639 ], [ -85.48885, 45.617349 ], [ -85.488867, 45.617314 ], [ -85.489231, 45.61655 ], [ -85.489518, 45.615799 ], [ -85.489511, 45.615701 ], [ -85.489457, 45.615596 ], [ -85.489552, 45.615476 ], [ -85.489882, 45.615181 ], [ -85.490128, 45.614743 ], [ -85.490192, 45.614551 ], [ -85.490256, 45.614299 ], [ -85.490501, 45.612765 ], [ -85.490598, 45.612409 ], [ -85.490658, 45.612322 ], [ -85.490827, 45.612081 ], [ -85.490906, 45.611883 ], [ -85.490814, 45.611647 ], [ -85.490816, 45.61145 ], [ -85.490943, 45.611154 ], [ -85.491077, 45.610946 ], [ -85.491298, 45.6107 ], [ -85.491495, 45.610427 ], [ -85.491676, 45.61029 ], [ -85.491476, 45.609835 ], [ -85.491383, 45.609703 ], [ -85.491181, 45.609565 ], [ -85.490995, 45.609279 ], [ -85.491005, 45.609038 ], [ -85.491164, 45.608643 ], [ -85.491205, 45.608342 ], [ -85.491277, 45.608106 ], [ -85.491593, 45.607603 ], [ -85.491727, 45.607527 ], [ -85.491836, 45.607489 ], [ -85.491969, 45.607478 ], [ -85.492252, 45.607359 ], [ -85.492439, 45.607343 ], [ -85.492612, 45.607289 ], [ -85.492823, 45.607273 ], [ -85.493027, 45.607153 ], [ -85.493215, 45.60711 ], [ -85.493568, 45.606914 ], [ -85.493811, 45.606838 ], [ -85.493937, 45.60669 ], [ -85.494094, 45.606598 ], [ -85.494213, 45.606362 ], [ -85.494245, 45.606231 ], [ -85.494496, 45.606073 ], [ -85.494622, 45.605936 ], [ -85.494779, 45.605865 ], [ -85.494827, 45.605772 ], [ -85.494843, 45.605591 ], [ -85.494899, 45.605504 ], [ -85.495266, 45.605505 ], [ -85.495477, 45.605484 ], [ -85.495876, 45.605518 ], [ -85.496556, 45.605482 ], [ -85.497096, 45.605441 ], [ -85.497722, 45.605322 ], [ -85.498764, 45.604986 ], [ -85.499273, 45.604757 ], [ -85.499563, 45.604704 ], [ -85.499869, 45.604568 ], [ -85.500816, 45.604286 ], [ -85.501083, 45.604172 ], [ -85.501459, 45.60408 ], [ -85.50192, 45.603999 ], [ -85.502444, 45.603979 ], [ -85.502726, 45.603936 ], [ -85.503062, 45.603861 ], [ -85.503845, 45.603628 ], [ -85.504299, 45.603536 ], [ -85.504848, 45.603385 ], [ -85.504997, 45.603287 ], [ -85.505115, 45.603106 ], [ -85.506048, 45.602758 ], [ -85.506495, 45.602541 ], [ -85.506652, 45.602437 ], [ -85.506762, 45.602311 ], [ -85.506968, 45.601934 ], [ -85.507526, 45.601415 ], [ -85.50774, 45.600955 ], [ -85.507796, 45.600768 ], [ -85.507594, 45.60045 ], [ -85.507098, 45.599971 ], [ -85.507122, 45.599867 ], [ -85.507224, 45.599845 ], [ -85.507566, 45.600077 ], [ -85.507707, 45.600105 ], [ -85.507824, 45.600061 ], [ -85.507943, 45.599804 ], [ -85.507976, 45.599601 ], [ -85.507962, 45.599371 ], [ -85.508002, 45.599217 ], [ -85.508222, 45.599108 ], [ -85.508662, 45.598781 ], [ -85.508803, 45.598617 ], [ -85.508914, 45.598387 ], [ -85.509293, 45.597785 ], [ -85.509374, 45.5975 ], [ -85.50954, 45.597166 ], [ -85.509471, 45.596914 ], [ -85.509371, 45.596721 ], [ -85.509107, 45.596545 ], [ -85.509037, 45.596451 ], [ -85.509147, 45.596375 ], [ -85.509288, 45.596332 ], [ -85.50978, 45.596377 ], [ -85.510077, 45.596346 ], [ -85.510524, 45.596111 ], [ -85.510666, 45.595942 ], [ -85.510978, 45.595932 ], [ -85.511424, 45.595857 ], [ -85.511738, 45.595748 ], [ -85.512285, 45.595624 ], [ -85.512732, 45.595488 ], [ -85.513703, 45.595163 ], [ -85.514102, 45.595071 ], [ -85.514291, 45.594847 ], [ -85.514479, 45.594743 ], [ -85.514887, 45.594706 ], [ -85.515472, 45.594654 ], [ -85.515832, 45.5946 ], [ -85.516028, 45.59448 ], [ -85.516318, 45.594382 ], [ -85.51646, 45.594284 ], [ -85.516495, 45.594253 ], [ -85.517018, 45.593793 ], [ -85.517426, 45.593481 ], [ -85.517859, 45.593033 ], [ -85.518336, 45.592996 ], [ -85.518547, 45.592953 ], [ -85.518712, 45.592883 ], [ -85.51886, 45.592932 ], [ -85.520047, 45.592953 ], [ -85.521847, 45.592521 ], [ -85.522653, 45.592397 ], [ -85.523131, 45.592267 ], [ -85.523662, 45.592209 ], [ -85.524797, 45.591999 ], [ -85.52547, 45.591842 ], [ -85.525869, 45.591673 ], [ -85.526167, 45.591515 ], [ -85.526355, 45.591489 ], [ -85.526879, 45.591353 ], [ -85.52807, 45.590924 ], [ -85.528532, 45.590717 ], [ -85.528846, 45.590526 ], [ -85.528889, 45.590495 ], [ -85.52978, 45.589839 ], [ -85.530212, 45.589478 ], [ -85.530357, 45.589337 ], [ -85.530582, 45.589117 ], [ -85.531314, 45.58821 ], [ -85.531733, 45.587569 ], [ -85.531804, 45.587334 ], [ -85.531766, 45.587158 ], [ -85.531793, 45.587032 ], [ -85.532136, 45.586858 ], [ -85.532489, 45.58659 ], [ -85.532725, 45.586339 ], [ -85.533023, 45.586115 ], [ -85.533377, 45.585787 ], [ -85.533873, 45.585213 ], [ -85.534141, 45.584824 ], [ -85.53426, 45.584589 ], [ -85.534278, 45.584233 ], [ -85.534177, 45.584079 ], [ -85.534029, 45.583958 ], [ -85.534211, 45.583613 ], [ -85.534574, 45.583109 ], [ -85.534859, 45.582397 ], [ -85.534822, 45.582205 ], [ -85.534744, 45.582068 ], [ -85.534365, 45.581601 ], [ -85.534343, 45.581222 ], [ -85.534167, 45.580668 ], [ -85.533944, 45.58019 ], [ -85.534156, 45.580064 ], [ -85.534352, 45.579879 ], [ -85.534423, 45.579747 ], [ -85.534456, 45.579517 ], [ -85.53421, 45.578836 ], [ -85.534181, 45.578534 ], [ -85.534111, 45.578452 ], [ -85.534346, 45.578288 ], [ -85.534824, 45.578065 ], [ -85.535004, 45.578016 ], [ -85.5352, 45.578017 ], [ -85.535356, 45.578067 ], [ -85.535629, 45.578035 ], [ -85.536365, 45.577856 ], [ -85.536874, 45.577639 ], [ -85.537062, 45.577584 ], [ -85.537492, 45.577498 ], [ -85.537578, 45.577433 ], [ -85.537807, 45.577044 ], [ -85.537968, 45.576969 ], [ -85.538315, 45.577018 ], [ -85.538854, 45.577031 ], [ -85.539464, 45.576923 ], [ -85.539824, 45.576908 ], [ -85.540254, 45.576833 ], [ -85.540504, 45.576746 ], [ -85.540669, 45.576593 ], [ -85.540725, 45.576423 ], [ -85.540749, 45.576269 ], [ -85.540706, 45.575704 ], [ -85.540754, 45.575513 ], [ -85.540825, 45.575359 ], [ -85.541022, 45.575163 ], [ -85.541194, 45.575081 ], [ -85.541382, 45.575038 ], [ -85.542108, 45.575089 ], [ -85.542358, 45.575129 ], [ -85.542772, 45.57513 ], [ -85.543265, 45.575033 ], [ -85.543429, 45.574973 ], [ -85.543727, 45.574799 ], [ -85.544016, 45.574767 ], [ -85.544414, 45.574806 ], [ -85.544758, 45.574802 ], [ -85.545063, 45.57477 ], [ -85.545634, 45.57464 ], [ -85.546362, 45.574401 ], [ -85.546628, 45.574243 ], [ -85.546778, 45.574112 ], [ -85.546965, 45.574091 ], [ -85.54748, 45.574169 ], [ -85.548066, 45.574226 ], [ -85.548582, 45.5742 ], [ -85.548965, 45.574157 ], [ -85.549498, 45.573879 ], [ -85.549779, 45.573826 ], [ -85.550552, 45.573921 ], [ -85.551457, 45.574001 ], [ -85.55184, 45.574013 ], [ -85.552958, 45.573923 ], [ -85.553561, 45.573651 ], [ -85.553819, 45.573652 ], [ -85.554521, 45.573736 ], [ -85.554904, 45.573727 ], [ -85.555216, 45.573744 ], [ -85.55556, 45.573696 ], [ -85.556342, 45.573545 ], [ -85.557438, 45.573241 ], [ -85.557837, 45.573034 ], [ -85.558057, 45.572876 ], [ -85.558073, 45.572761 ], [ -85.558005, 45.572508 ], [ -85.557811, 45.572178 ], [ -85.557859, 45.572107 ], [ -85.558156, 45.572031 ], [ -85.558765, 45.572 ], [ -85.559109, 45.572029 ], [ -85.559468, 45.572019 ], [ -85.560336, 45.571912 ], [ -85.560547, 45.571852 ], [ -85.560688, 45.57176 ], [ -85.560634, 45.571617 ], [ -85.560658, 45.571584 ], [ -85.560916, 45.571547 ], [ -85.561002, 45.571552 ], [ -85.561009, 45.571624 ], [ -85.560915, 45.571766 ], [ -85.560899, 45.571876 ], [ -85.560945, 45.571991 ], [ -85.561093, 45.572085 ], [ -85.561919, 45.572339 ], [ -85.562575, 45.572457 ], [ -85.563035, 45.572513 ], [ -85.563667, 45.572641 ], [ -85.564502, 45.572857 ], [ -85.565717, 45.573426 ], [ -85.565842, 45.573415 ], [ -85.566021, 45.573438 ], [ -85.567137, 45.573633 ], [ -85.567629, 45.573695 ], [ -85.568496, 45.573775 ], [ -85.568917, 45.573929 ], [ -85.5694, 45.574019 ], [ -85.56986, 45.574179 ], [ -85.570492, 45.574356 ], [ -85.570844, 45.574374 ], [ -85.57164, 45.574486 ], [ -85.573356, 45.574886 ], [ -85.573848, 45.57497 ], [ -85.574191, 45.575004 ], [ -85.574832, 45.574951 ], [ -85.575098, 45.574902 ], [ -85.575482, 45.574728 ], [ -85.575819, 45.574444 ], [ -85.57596, 45.574411 ], [ -85.576257, 45.574445 ], [ -85.576412, 45.574522 ], [ -85.576803, 45.574606 ], [ -85.577348, 45.574772 ], [ -85.577551, 45.574882 ], [ -85.578001, 45.57522 ], [ -85.578586, 45.57555 ], [ -85.579771, 45.576429 ], [ -85.580153, 45.576759 ], [ -85.581167, 45.577435 ], [ -85.581674, 45.577847 ], [ -85.582321, 45.578226 ], [ -85.583047, 45.578605 ], [ -85.583632, 45.578847 ], [ -85.584129, 45.579115 ], [ -85.58485, 45.579337 ], [ -85.585857, 45.579585 ], [ -85.586842, 45.579696 ], [ -85.587748, 45.579769 ], [ -85.588639, 45.579809 ], [ -85.589467, 45.579755 ], [ -85.590116, 45.579635 ], [ -85.590687, 45.579461 ], [ -85.591063, 45.579247 ], [ -85.591391, 45.578995 ], [ -85.591533, 45.578826 ], [ -85.59158, 45.578612 ], [ -85.591565, 45.578475 ], [ -85.591502, 45.578382 ], [ -85.591487, 45.578294 ], [ -85.591589, 45.57825 ], [ -85.59169, 45.578294 ], [ -85.591768, 45.578382 ], [ -85.591791, 45.578585 ], [ -85.591861, 45.578815 ], [ -85.591985, 45.578996 ], [ -85.592321, 45.579123 ], [ -85.593, 45.579272 ], [ -85.593938, 45.579416 ], [ -85.594657, 45.579455 ], [ -85.595016, 45.57939 ], [ -85.595431, 45.579253 ], [ -85.595775, 45.579171 ], [ -85.596314, 45.579112 ], [ -85.596549, 45.579024 ], [ -85.596745, 45.578816 ], [ -85.596988, 45.578345 ], [ -85.597074, 45.578279 ], [ -85.597113, 45.578307 ], [ -85.597097, 45.578466 ], [ -85.597018, 45.5788 ], [ -85.597041, 45.578888 ], [ -85.597174, 45.579014 ], [ -85.59772, 45.579196 ], [ -85.598274, 45.579559 ], [ -85.598673, 45.57968 ], [ -85.599149, 45.579806 ], [ -85.599321, 45.57979 ], [ -85.599555, 45.57973 ], [ -85.599782, 45.57961 ], [ -85.599892, 45.579616 ], [ -85.600001, 45.579654 ], [ -85.600016, 45.57972 ], [ -85.599852, 45.57995 ], [ -85.599812, 45.580175 ], [ -85.599975, 45.580575 ], [ -85.600045, 45.580827 ], [ -85.600136, 45.580952 ], [ -85.600209, 45.581052 ], [ -85.60045, 45.581261 ], [ -85.600903, 45.581382 ], [ -85.601528, 45.581482 ], [ -85.601597, 45.581498 ], [ -85.602403, 45.581686 ], [ -85.602981, 45.581752 ], [ -85.60345, 45.581791 ], [ -85.604059, 45.581798 ], [ -85.604802, 45.581722 ], [ -85.605787, 45.581405 ], [ -85.606397, 45.581132 ], [ -85.606984, 45.580902 ], [ -85.607219, 45.580727 ], [ -85.607345, 45.580387 ], [ -85.607392, 45.580097 ], [ -85.607338, 45.579762 ], [ -85.607074, 45.579175 ], [ -85.606919, 45.578709 ], [ -85.606982, 45.578429 ], [ -85.607138, 45.578391 ], [ -85.607256, 45.57843 ], [ -85.607349, 45.578605 ], [ -85.607387, 45.578918 ], [ -85.607496, 45.579148 ], [ -85.607699, 45.579297 ], [ -85.607894, 45.579587 ], [ -85.608112, 45.579747 ], [ -85.609767, 45.5805 ], [ -85.611345, 45.580721 ], [ -85.612111, 45.580656 ], [ -85.612369, 45.580443 ], [ -85.612471, 45.580432 ], [ -85.612751, 45.58086 ], [ -85.61304, 45.580915 ], [ -85.613376, 45.580932 ], [ -85.613532, 45.580976 ], [ -85.613899, 45.581234 ], [ -85.61461, 45.581284 ], [ -85.614883, 45.581378 ], [ -85.615274, 45.581609 ], [ -85.61646, 45.582191 ], [ -85.616944, 45.582367 ], [ -85.617546, 45.582532 ], [ -85.618319, 45.582555 ], [ -85.618773, 45.58249 ], [ -85.619086, 45.582243 ], [ -85.619297, 45.58197 ], [ -85.619478, 45.581668 ], [ -85.619564, 45.581679 ], [ -85.619735, 45.581882 ], [ -85.620032, 45.581948 ], [ -85.620368, 45.581943 ], [ -85.620579, 45.582037 ], [ -85.620664, 45.582152 ], [ -85.62068, 45.582371 ], [ -85.620757, 45.582585 ], [ -85.621054, 45.582794 ], [ -85.621163, 45.583013 ], [ -85.621217, 45.583381 ], [ -85.621341, 45.583732 ], [ -85.62152, 45.583946 ], [ -85.621785, 45.584171 ], [ -85.622105, 45.584369 ], [ -85.622394, 45.584495 ], [ -85.622832, 45.584474 ], [ -85.623278, 45.584414 ], [ -85.624052, 45.584228 ], [ -85.624263, 45.584212 ], [ -85.624395, 45.584284 ], [ -85.624372, 45.584399 ], [ -85.624262, 45.584519 ], [ -85.62348, 45.584727 ], [ -85.623167, 45.584869 ], [ -85.623346, 45.585253 ], [ -85.62333, 45.585554 ], [ -85.623038, 45.586667 ], [ -85.62303, 45.587133 ], [ -85.623216, 45.587852 ], [ -85.623364, 45.588088 ], [ -85.623956, 45.588872 ], [ -85.624213, 45.589141 ], [ -85.624549, 45.589268 ], [ -85.624885, 45.589317 ], [ -85.625119, 45.589416 ], [ -85.625531, 45.589978 ], [ -85.626031, 45.590662 ], [ -85.626117, 45.590914 ], [ -85.626147, 45.591397 ], [ -85.626193, 45.591655 ], [ -85.626676, 45.592593 ], [ -85.626457, 45.59274 ], [ -85.626151, 45.593102 ], [ -85.626033, 45.593442 ], [ -85.626064, 45.593776 ], [ -85.626196, 45.594089 ], [ -85.626383, 45.594303 ], [ -85.626594, 45.594424 ], [ -85.626876, 45.594386 ], [ -85.627134, 45.594243 ], [ -85.627377, 45.594068 ], [ -85.62765, 45.593942 ], [ -85.627744, 45.594041 ], [ -85.627681, 45.594266 ], [ -85.627313, 45.594792 ], [ -85.62732, 45.595033 ], [ -85.627484, 45.595225 ], [ -85.627718, 45.595297 ], [ -85.628117, 45.595297 ], [ -85.628508, 45.595254 ], [ -85.628609, 45.595276 ], [ -85.628632, 45.595325 ], [ -85.628476, 45.595446 ], [ -85.628319, 45.595511 ], [ -85.62828, 45.595561 ], [ -85.628413, 45.595775 ], [ -85.628404, 45.595972 ], [ -85.628506, 45.596186 ], [ -85.629053, 45.596115 ], [ -85.629115, 45.596126 ], [ -85.629154, 45.596181 ], [ -85.629154, 45.596313 ], [ -85.629037, 45.596444 ], [ -85.628747, 45.596636 ], [ -85.628637, 45.596811 ], [ -85.62855, 45.597365 ], [ -85.628581, 45.597474 ], [ -85.628753, 45.597502 ], [ -85.628839, 45.597546 ], [ -85.628815, 45.597826 ], [ -85.628189, 45.598044 ], [ -85.627915, 45.598214 ] ] ], [ [ [ -85.862178, 45.968098 ], [ -85.861232, 45.968107 ], [ -85.860491, 45.968032 ], [ -85.859584, 45.967985 ], [ -85.858944, 45.967904 ], [ -85.858132, 45.967862 ], [ -85.857288, 45.967788 ], [ -85.855561, 45.967738 ], [ -85.853786, 45.967545 ], [ -85.85329, 45.967449 ], [ -85.852767, 45.967349 ], [ -85.849604, 45.967017 ], [ -85.848483, 45.966882 ], [ -85.848025, 45.966801 ], [ -85.846541, 45.966519 ], [ -85.845506, 45.96623 ], [ -85.843499, 45.965531 ], [ -85.842353, 45.965083 ], [ -85.842021, 45.964907 ], [ -85.841791, 45.96471 ], [ -85.841702, 45.96449 ], [ -85.841716, 45.964181 ], [ -85.841635, 45.963912 ], [ -85.84154, 45.963835 ], [ -85.841319, 45.963825 ], [ -85.840877, 45.963738 ], [ -85.840704, 45.963727 ], [ -85.840389, 45.963816 ], [ -85.840691, 45.964195 ], [ -85.84074, 45.964349 ], [ -85.840741, 45.964564 ], [ -85.840703, 45.964718 ], [ -85.840601, 45.964856 ], [ -85.839949, 45.965232 ], [ -85.839855, 45.965321 ], [ -85.8397, 45.965685 ], [ -85.839551, 45.965812 ], [ -85.839229, 45.96589 ], [ -85.839127, 45.96595 ], [ -85.839033, 45.966077 ], [ -85.838991, 45.966237 ], [ -85.838341, 45.966267 ], [ -85.838277, 45.966256 ], [ -85.838104, 45.96635 ], [ -85.837964, 45.966543 ], [ -85.836713, 45.966921 ], [ -85.836484, 45.966921 ], [ -85.83602, 45.967038 ], [ -85.835594, 45.96699 ], [ -85.835358, 45.967034 ], [ -85.834712, 45.967229 ], [ -85.833468, 45.967403 ], [ -85.832744, 45.967592 ], [ -85.832445, 45.967725 ], [ -85.832289, 45.967968 ], [ -85.832252, 45.968243 ], [ -85.832477, 45.968843 ], [ -85.831644, 45.969407 ], [ -85.831597, 45.969423 ], [ -85.831602, 45.969444 ], [ -85.82978, 45.9713 ], [ -85.829568, 45.97129 ], [ -85.829245, 45.971346 ], [ -85.828583, 45.971513 ], [ -85.828175, 45.971679 ], [ -85.827985, 45.971624 ], [ -85.82778, 45.971575 ], [ -85.827543, 45.971593 ], [ -85.82727, 45.972067 ], [ -85.827035, 45.972233 ], [ -85.82668, 45.972283 ], [ -85.826412, 45.972267 ], [ -85.826302, 45.972301 ], [ -85.826271, 45.972356 ], [ -85.826548, 45.972487 ], [ -85.826667, 45.972608 ], [ -85.826902, 45.973621 ], [ -85.826879, 45.973758 ], [ -85.826762, 45.973825 ], [ -85.826739, 45.973995 ], [ -85.826763, 45.9741 ], [ -85.826685, 45.974238 ], [ -85.826607, 45.974277 ], [ -85.826459, 45.974525 ], [ -85.826081, 45.974625 ], [ -85.826073, 45.974663 ], [ -85.82424, 45.976202 ], [ -85.823994, 45.9762 ], [ -85.823647, 45.976278 ], [ -85.823318, 45.976443 ], [ -85.823011, 45.97667 ], [ -85.822854, 45.976786 ], [ -85.822749, 45.976844 ], [ -85.822666, 45.976891 ], [ -85.822281, 45.977201 ], [ -85.822023, 45.977446 ], [ -85.821796, 45.977664 ], [ -85.821379, 45.977913 ], [ -85.820978, 45.978096 ], [ -85.820004, 45.978638 ], [ -85.819662, 45.978788 ], [ -85.81954, 45.978843 ], [ -85.818564, 45.979148 ], [ -85.815304, 45.979895 ], [ -85.8148, 45.979967 ], [ -85.814445, 45.979996 ], [ -85.81353, 45.979899 ], [ -85.81323, 45.979905 ], [ -85.812765, 45.979934 ], [ -85.812574, 45.979956 ], [ -85.811914, 45.980035 ], [ -85.811575, 45.980047 ], [ -85.811055, 45.980032 ], [ -85.810368, 45.979946 ], [ -85.810171, 45.979957 ], [ -85.808696, 45.979917 ], [ -85.808199, 45.979863 ], [ -85.807449, 45.979727 ], [ -85.805445, 45.979605 ], [ -85.804404, 45.979448 ], [ -85.801997, 45.979206 ], [ -85.800798, 45.979121 ], [ -85.79974, 45.978958 ], [ -85.798511, 45.978704 ], [ -85.798366, 45.978675 ], [ -85.79749, 45.978534 ], [ -85.795935, 45.978312 ], [ -85.795257, 45.978253 ], [ -85.794002, 45.978091 ], [ -85.790545, 45.977538 ], [ -85.784584, 45.976235 ], [ -85.781859, 45.975487 ], [ -85.780548, 45.975033 ], [ -85.779789, 45.974726 ], [ -85.776652, 45.973544 ], [ -85.775277, 45.973079 ], [ -85.774448, 45.972838 ], [ -85.77425, 45.97269 ], [ -85.773995, 45.972228 ], [ -85.773812, 45.971959 ], [ -85.773544, 45.971827 ], [ -85.771601, 45.97147 ], [ -85.771176, 45.971392 ], [ -85.770836, 45.971316 ], [ -85.770457, 45.97119 ], [ -85.770165, 45.971064 ], [ -85.769564, 45.970691 ], [ -85.769476, 45.970564 ], [ -85.76923, 45.970311 ], [ -85.768898, 45.970081 ], [ -85.768621, 45.969944 ], [ -85.767222, 45.969336 ], [ -85.765777, 45.968931 ], [ -85.765227, 45.968865 ], [ -85.765059, 45.968845 ], [ -85.764499, 45.968813 ], [ -85.763483, 45.968897 ], [ -85.762537, 45.968938 ], [ -85.760566, 45.968936 ], [ -85.760101, 45.96891 ], [ -85.759193, 45.968807 ], [ -85.757946, 45.968507 ], [ -85.756131, 45.968142 ], [ -85.754702, 45.967809 ], [ -85.753643, 45.967528 ], [ -85.752886, 45.967328 ], [ -85.751955, 45.967104 ], [ -85.750419, 45.966788 ], [ -85.748777, 45.966637 ], [ -85.748565, 45.96657 ], [ -85.74855, 45.966433 ], [ -85.748449, 45.966284 ], [ -85.746873, 45.965918 ], [ -85.745466, 45.965592 ], [ -85.742923, 45.965043 ], [ -85.742334, 45.964827 ], [ -85.741816, 45.96459 ], [ -85.741684, 45.964403 ], [ -85.741606, 45.964194 ], [ -85.741521, 45.963605 ], [ -85.741248, 45.963072 ], [ -85.741005, 45.962758 ], [ -85.740236, 45.962542 ], [ -85.739868, 45.962305 ], [ -85.739632, 45.96225 ], [ -85.739601, 45.962271 ], [ -85.735375, 45.962472 ], [ -85.735233, 45.962516 ], [ -85.73531, 45.963011 ], [ -85.73527, 45.963297 ], [ -85.735403, 45.963396 ], [ -85.73552, 45.963578 ], [ -85.735692, 45.963891 ], [ -85.73577, 45.96398 ], [ -85.735856, 45.964238 ], [ -85.73569, 45.964386 ], [ -85.735502, 45.964468 ], [ -85.735069, 45.964715 ], [ -85.734872, 45.964742 ], [ -85.734141, 45.964928 ], [ -85.733756, 45.96496 ], [ -85.7333, 45.96508 ], [ -85.732609, 45.965101 ], [ -85.732153, 45.965155 ], [ -85.731453, 45.965456 ], [ -85.731304, 45.965502 ], [ -85.731036, 45.965587 ], [ -85.730604, 45.965696 ], [ -85.73018, 45.965723 ], [ -85.729693, 45.965799 ], [ -85.728326, 45.965785 ], [ -85.727784, 45.965751 ], [ -85.727258, 45.965651 ], [ -85.726504, 45.9656 ], [ -85.724973, 45.965371 ], [ -85.724337, 45.965348 ], [ -85.724254, 45.965332 ], [ -85.723521, 45.965193 ], [ -85.722791, 45.96496 ], [ -85.7221, 45.964821 ], [ -85.722, 45.964809 ], [ -85.721174, 45.964715 ], [ -85.720805, 45.964489 ], [ -85.720162, 45.964295 ], [ -85.719731, 45.964053 ], [ -85.71952, 45.963854 ], [ -85.719434, 45.963574 ], [ -85.719608, 45.963338 ], [ -85.719773, 45.963217 ], [ -85.719852, 45.963014 ], [ -85.719679, 45.963057 ], [ -85.71927, 45.963293 ], [ -85.718945, 45.963394 ], [ -85.718578, 45.963616 ], [ -85.718113, 45.963928 ], [ -85.718003, 45.963934 ], [ -85.71798, 45.963774 ], [ -85.717832, 45.963592 ], [ -85.717699, 45.963471 ], [ -85.717511, 45.963355 ], [ -85.717291, 45.963333 ], [ -85.717177, 45.963345 ], [ -85.716953, 45.963371 ], [ -85.716732, 45.96348 ], [ -85.716071, 45.963968 ], [ -85.715694, 45.964 ], [ -85.715051, 45.963945 ], [ -85.714919, 45.963934 ], [ -85.713723, 45.963831 ], [ -85.711767, 45.963728 ], [ -85.710802, 45.963594 ], [ -85.71026, 45.963456 ], [ -85.709751, 45.963229 ], [ -85.708982, 45.963057 ], [ -85.708542, 45.962908 ], [ -85.707952, 45.962626 ], [ -85.706668, 45.962013 ], [ -85.706292, 45.961886 ], [ -85.706167, 45.961803 ], [ -85.705852, 45.961802 ], [ -85.705303, 45.961581 ], [ -85.704958, 45.961658 ], [ -85.704847, 45.961729 ], [ -85.704651, 45.96175 ], [ -85.704423, 45.961739 ], [ -85.704267, 45.961612 ], [ -85.70415, 45.961266 ], [ -85.703947, 45.961067 ], [ -85.703004, 45.961159 ], [ -85.702416, 45.960866 ], [ -85.702204, 45.96081 ], [ -85.702039, 45.960849 ], [ -85.702039, 45.960909 ], [ -85.701889, 45.960991 ], [ -85.701567, 45.961023 ], [ -85.701402, 45.961095 ], [ -85.701307, 45.961215 ], [ -85.701134, 45.961264 ], [ -85.700985, 45.96127 ], [ -85.700726, 45.961225 ], [ -85.70042, 45.961087 ], [ -85.70013, 45.961053 ], [ -85.699855, 45.961086 ], [ -85.699634, 45.961201 ], [ -85.699453, 45.961255 ], [ -85.6991, 45.961304 ], [ -85.698747, 45.961067 ], [ -85.698535, 45.96105 ], [ -85.698151, 45.960922 ], [ -85.697908, 45.960774 ], [ -85.697362, 45.959794 ], [ -85.697214, 45.959601 ], [ -85.697025, 45.959606 ], [ -85.69657, 45.959528 ], [ -85.696249, 45.95917 ], [ -85.696187, 45.958994 ], [ -85.695779, 45.958878 ], [ -85.695614, 45.95896 ], [ -85.695441, 45.958948 ], [ -85.695088, 45.958969 ], [ -85.694671, 45.959013 ], [ -85.694294, 45.959083 ], [ -85.694042, 45.959291 ], [ -85.693955, 45.959407 ], [ -85.69368, 45.959472 ], [ -85.69284, 45.959377 ], [ -85.692487, 45.959249 ], [ -85.692275, 45.95909 ], [ -85.692041, 45.958814 ], [ -85.691995, 45.958506 ], [ -85.691855, 45.958242 ], [ -85.691415, 45.958208 ], [ -85.691305, 45.958351 ], [ -85.691137, 45.958911 ], [ -85.691016, 45.959895 ], [ -85.69096, 45.960087 ], [ -85.690841, 45.96023 ], [ -85.690547, 45.960326 ], [ -85.690016, 45.960503 ], [ -85.689591, 45.960683 ], [ -85.689143, 45.960754 ], [ -85.688899, 45.960858 ], [ -85.688522, 45.960906 ], [ -85.68816, 45.960988 ], [ -85.687908, 45.961229 ], [ -85.687875, 45.961454 ], [ -85.687945, 45.961806 ], [ -85.688077, 45.961977 ], [ -85.688281, 45.962115 ], [ -85.688445, 45.962341 ], [ -85.688507, 45.96261 ], [ -85.688372, 45.962973 ], [ -85.688237, 45.963248 ], [ -85.687882, 45.963692 ], [ -85.687337, 45.964268 ], [ -85.68714, 45.964432 ], [ -85.686841, 45.964619 ], [ -85.686778, 45.964761 ], [ -85.68676, 45.964777 ], [ -85.686517, 45.964981 ], [ -85.686336, 45.965173 ], [ -85.685746, 45.965446 ], [ -85.682184, 45.966362 ], [ -85.681154, 45.966502 ], [ -85.680693, 45.966533 ], [ -85.680376, 45.966555 ], [ -85.679033, 45.966579 ], [ -85.678593, 45.966551 ], [ -85.678233, 45.966231 ], [ -85.677982, 45.966093 ], [ -85.677692, 45.966114 ], [ -85.677605, 45.966169 ], [ -85.677361, 45.966224 ], [ -85.677188, 45.96624 ], [ -85.676865, 45.966224 ], [ -85.676781, 45.966035 ], [ -85.676608, 45.965925 ], [ -85.675839, 45.965786 ], [ -85.675612, 45.96578 ], [ -85.675234, 45.965834 ], [ -85.674935, 45.965965 ], [ -85.674934, 45.966152 ], [ -85.674728, 45.96674 ], [ -85.674531, 45.966893 ], [ -85.674287, 45.966997 ], [ -85.673587, 45.967034 ], [ -85.673029, 45.967109 ], [ -85.672566, 45.967086 ], [ -85.672236, 45.966997 ], [ -85.670501, 45.966911 ], [ -85.669975, 45.966821 ], [ -85.66919, 45.966621 ], [ -85.668751, 45.96656 ], [ -85.668364, 45.9669 ], [ -85.66805, 45.966844 ], [ -85.667972, 45.966783 ], [ -85.667611, 45.9667 ], [ -85.666927, 45.966847 ], [ -85.666699, 45.966962 ], [ -85.666471, 45.967038 ], [ -85.666133, 45.967054 ], [ -85.66571, 45.966756 ], [ -85.665333, 45.966749 ], [ -85.664523, 45.966896 ], [ -85.66402, 45.966938 ], [ -85.663636, 45.966882 ], [ -85.66329, 45.966799 ], [ -85.663149, 45.966683 ], [ -85.662962, 45.966685 ], [ -85.66282, 45.966688 ], [ -85.662631, 45.966781 ], [ -85.662128, 45.966681 ], [ -85.661619, 45.966509 ], [ -85.660199, 45.966093 ], [ -85.659909, 45.965938 ], [ -85.659705, 45.965784 ], [ -85.659274, 45.965607 ], [ -85.65878, 45.965496 ], [ -85.658489, 45.965616 ], [ -85.657828, 45.965774 ], [ -85.65687, 45.965962 ], [ -85.656341, 45.966309 ], [ -85.655295, 45.966619 ], [ -85.655019, 45.966772 ], [ -85.654752, 45.966761 ], [ -85.654673, 45.966964 ], [ -85.654515, 45.967063 ], [ -85.654397, 45.967101 ], [ -85.654263, 45.967254 ], [ -85.654136, 45.967562 ], [ -85.653899, 45.967737 ], [ -85.653781, 45.96788 ], [ -85.653677, 45.968132 ], [ -85.653582, 45.968281 ], [ -85.653393, 45.968423 ], [ -85.653274, 45.968599 ], [ -85.653274, 45.968753 ], [ -85.653398, 45.969033 ], [ -85.653373, 45.969259 ], [ -85.653268, 45.969543 ], [ -85.653214, 45.969692 ], [ -85.653283, 45.970056 ], [ -85.653408, 45.970138 ], [ -85.653932, 45.970711 ], [ -85.654299, 45.971207 ], [ -85.65429, 45.971361 ], [ -85.654124, 45.971603 ], [ -85.6541, 45.971784 ], [ -85.654334, 45.972004 ], [ -85.654475, 45.972082 ], [ -85.654553, 45.972192 ], [ -85.654584, 45.972379 ], [ -85.654528, 45.972577 ], [ -85.654441, 45.972681 ], [ -85.654339, 45.972714 ], [ -85.654221, 45.97279 ], [ -85.654181, 45.972906 ], [ -85.654573, 45.973088 ], [ -85.654698, 45.97327 ], [ -85.654743, 45.973693 ], [ -85.654628, 45.9746 ], [ -85.654383, 45.974968 ], [ -85.65428, 45.975215 ], [ -85.654098, 45.975484 ], [ -85.653822, 45.975697 ], [ -85.653616, 45.975939 ], [ -85.653299, 45.976504 ], [ -85.653102, 45.97674 ], [ -85.652936, 45.977015 ], [ -85.652445, 45.97769 ], [ -85.651321, 45.979523 ], [ -85.650453, 45.980213 ], [ -85.650358, 45.980372 ], [ -85.650466, 45.980774 ], [ -85.650449, 45.980977 ], [ -85.65021, 45.981669 ], [ -85.650028, 45.981982 ], [ -85.649546, 45.982608 ], [ -85.648804, 45.983216 ], [ -85.64859, 45.983408 ], [ -85.648276, 45.983693 ], [ -85.647818, 45.984143 ], [ -85.647525, 45.98456 ], [ -85.646626, 45.985112 ], [ -85.646406, 45.985277 ], [ -85.646357, 45.985486 ], [ -85.645041, 45.986422 ], [ -85.644529, 45.986674 ], [ -85.644347, 45.986822 ], [ -85.644166, 45.986906 ], [ -85.643914, 45.987024 ], [ -85.643748, 45.987183 ], [ -85.643551, 45.987314 ], [ -85.643479, 45.987374 ], [ -85.641833, 45.988387 ], [ -85.641124, 45.988721 ], [ -85.640517, 45.988988 ], [ -85.639163, 45.989512 ], [ -85.638376, 45.989714 ], [ -85.637724, 45.989728 ], [ -85.637639, 45.989742 ], [ -85.636143, 45.990004 ], [ -85.635805, 45.990042 ], [ -85.635726, 45.990124 ], [ -85.635591, 45.990366 ], [ -85.635481, 45.990387 ], [ -85.635267, 45.990618 ], [ -85.63514, 45.991024 ], [ -85.634925, 45.991441 ], [ -85.634672, 45.991749 ], [ -85.634602, 45.991754 ], [ -85.634514, 45.99193 ], [ -85.634442, 45.992259 ], [ -85.63397, 45.992406 ], [ -85.632866, 45.992986 ], [ -85.632653, 45.99315 ], [ -85.631794, 45.993588 ], [ -85.631496, 45.993631 ], [ -85.63107, 45.993773 ], [ -85.630764, 45.993733 ], [ -85.63045, 45.993765 ], [ -85.63037, 45.993897 ], [ -85.630396, 45.994925 ], [ -85.630427, 45.995057 ], [ -85.630387, 45.995255 ], [ -85.630095, 45.995463 ], [ -85.630176, 45.996453 ], [ -85.630276, 45.996849 ], [ -85.630051, 45.997849 ], [ -85.629741, 45.998519 ], [ -85.629274, 45.999221 ], [ -85.628966, 45.999424 ], [ -85.628643, 45.999549 ], [ -85.628063, 46.000244 ], [ -85.626809, 46.001423 ], [ -85.62651, 46.00156 ], [ -85.6264, 46.001714 ], [ -85.625316, 46.002427 ], [ -85.624571, 46.002758 ], [ -85.623804, 46.003185 ], [ -85.622554, 46.003882 ], [ -85.620554, 46.00459 ], [ -85.620027, 46.004808 ], [ -85.618776, 46.005051 ], [ -85.618342, 46.005242 ], [ -85.617759, 46.005586 ], [ -85.617688, 46.0058 ], [ -85.61775, 46.006008 ], [ -85.61786, 46.006135 ], [ -85.617851, 46.006195 ], [ -85.617635, 46.007594 ], [ -85.617605, 46.008134 ], [ -85.617577, 46.008669 ], [ -85.616628, 46.010323 ], [ -85.615893, 46.011419 ], [ -85.614491, 46.012995 ], [ -85.614259, 46.013257 ], [ -85.614069, 46.013537 ], [ -85.613903, 46.013695 ], [ -85.613768, 46.014101 ], [ -85.613467, 46.014568 ], [ -85.613437, 46.014615 ], [ -85.613435, 46.015122 ], [ -85.613433, 46.015629 ], [ -85.613426, 46.017294 ], [ -85.613417, 46.01951 ], [ -85.613401, 46.02339 ], [ -85.6134, 46.023568 ], [ -85.613399, 46.023745 ], [ -85.613393, 46.025334 ], [ -85.613391, 46.02588 ], [ -85.613383, 46.028015 ], [ -85.613361, 46.034508 ], [ -85.613296, 46.053989 ], [ -85.613275, 46.060483 ], [ -85.613248, 46.06749 ], [ -85.613171, 46.088511 ], [ -85.613146, 46.095519 ], [ -85.613183, 46.095823 ], [ -85.613294, 46.096736 ], [ -85.613331, 46.097041 ], [ -85.613246, 46.097093 ], [ -85.613179, 46.097181 ], [ -85.613184, 46.097481 ], [ -85.613211, 46.099011 ], [ -85.61322, 46.099522 ], [ -85.613329, 46.09949 ], [ -85.613328, 46.099362 ], [ -85.613454, 46.09929 ], [ -85.61358, 46.099219 ], [ -85.61387, 46.099126 ], [ -85.613909, 46.099197 ], [ -85.613739, 46.099422 ], [ -85.614152, 46.099549 ], [ -85.614309, 46.09955 ], [ -85.614459, 46.099471 ], [ -85.614499, 46.099451 ], [ -85.614657, 46.099402 ], [ -85.614775, 46.099463 ], [ -85.614845, 46.099562 ], [ -85.614876, 46.099727 ], [ -85.614829, 46.099825 ], [ -85.615009, 46.099919 ], [ -85.615356, 46.100024 ], [ -85.615624, 46.100042 ], [ -85.615798, 46.099861 ], [ -85.616074, 46.09973 ], [ -85.6165, 46.099682 ], [ -85.616815, 46.099683 ], [ -85.617068, 46.099497 ], [ -85.617178, 46.099317 ], [ -85.617101, 46.099015 ], [ -85.617385, 46.09873 ], [ -85.617598, 46.098747 ], [ -85.61781, 46.09894 ], [ -85.618062, 46.098974 ], [ -85.618212, 46.098925 ], [ -85.618346, 46.098783 ], [ -85.61852, 46.098838 ], [ -85.618661, 46.098943 ], [ -85.618905, 46.098976 ], [ -85.618951, 46.098971 ], [ -85.619323, 46.098939 ], [ -85.619559, 46.098945 ], [ -85.619921, 46.099067 ], [ -85.620055, 46.099199 ], [ -85.620188, 46.099485 ], [ -85.620298, 46.099573 ], [ -85.620614, 46.099509 ], [ -85.620676, 46.099497 ], [ -85.620834, 46.099432 ], [ -85.621102, 46.09946 ], [ -85.62144, 46.099702 ], [ -85.621721, 46.099844 ], [ -85.621778, 46.099873 ], [ -85.622117, 46.100011 ], [ -85.6224, 46.100171 ], [ -85.622754, 46.10026 ], [ -85.623148, 46.100338 ], [ -85.624291, 46.100275 ], [ -85.624551, 46.10021 ], [ -85.624701, 46.100128 ], [ -85.625047, 46.100327 ], [ -85.625232, 46.100406 ], [ -85.625286, 46.100429 ], [ -85.6259, 46.100649 ], [ -85.625995, 46.100869 ], [ -85.625897, 46.101137 ], [ -85.631701, 46.101143 ], [ -85.633931, 46.101146 ], [ -85.649115, 46.101145 ], [ -85.65492, 46.101145 ], [ -85.654922, 46.101401 ], [ -85.654929, 46.102171 ], [ -85.654932, 46.102428 ], [ -85.654933, 46.102583 ], [ -85.654938, 46.103049 ], [ -85.65494, 46.103205 ], [ -85.65494, 46.103215 ], [ -85.65494, 46.103248 ], [ -85.65494, 46.103259 ], [ -85.654942, 46.103568 ], [ -85.654951, 46.104495 ], [ -85.654955, 46.104805 ], [ -85.654955, 46.104853 ], [ -85.654957, 46.105 ], [ -85.654958, 46.105049 ], [ -85.65543, 46.104974 ], [ -85.655469, 46.104965 ], [ -85.656984, 46.104619 ], [ -85.657489, 46.104504 ], [ -85.657531, 46.104494 ], [ -85.657657, 46.104465 ], [ -85.6577, 46.104456 ], [ -85.658159, 46.104823 ], [ -85.659539, 46.105925 ], [ -85.659999, 46.106293 ], [ -85.663908, 46.10627 ], [ -85.675636, 46.106204 ], [ -85.679546, 46.106182 ], [ -85.682998, 46.106161 ], [ -85.693356, 46.1061 ], [ -85.696809, 46.10608 ], [ -85.696813, 46.106636 ], [ -85.696826, 46.108304 ], [ -85.696831, 46.108861 ], [ -85.696832, 46.109062 ], [ -85.696835, 46.109667 ], [ -85.696836, 46.109869 ], [ -85.696842, 46.111852 ], [ -85.696862, 46.117801 ], [ -85.696869, 46.119621 ], [ -85.696872, 46.119784 ], [ -85.696921, 46.122273 ], [ -85.696932, 46.122802 ], [ -85.696922, 46.124628 ], [ -85.696945, 46.125075 ], [ -85.697012, 46.12974 ], [ -85.697049, 46.13223 ], [ -85.69693, 46.132181 ], [ -85.69398, 46.131146 ], [ -85.691652, 46.131136 ], [ -85.688866, 46.13134 ], [ -85.687687, 46.131387 ], [ -85.686875, 46.13142 ], [ -85.686822, 46.131352 ], [ -85.686791, 46.131171 ], [ -85.686602, 46.130996 ], [ -85.686262, 46.131051 ], [ -85.685063, 46.130448 ], [ -85.68489, 46.13019 ], [ -85.684456, 46.13002 ], [ -85.684393, 46.129894 ], [ -85.68403, 46.129719 ], [ -85.683573, 46.129823 ], [ -85.68302, 46.129681 ], [ -85.682231, 46.129286 ], [ -85.680914, 46.129166 ], [ -85.680085, 46.129144 ], [ -85.679249, 46.128865 ], [ -85.678879, 46.128366 ], [ -85.678477, 46.127971 ], [ -85.67794, 46.127982 ], [ -85.677419, 46.127873 ], [ -85.676331, 46.127709 ], [ -85.673507, 46.127062 ], [ -85.673278, 46.126782 ], [ -85.672576, 46.126316 ], [ -85.672071, 46.126426 ], [ -85.670194, 46.12545 ], [ -85.669571, 46.124974 ], [ -85.669454, 46.124849 ], [ -85.669157, 46.124615 ], [ -85.668047, 46.124083 ], [ -85.667614, 46.124044 ], [ -85.667228, 46.124105 ], [ -85.666921, 46.124247 ], [ -85.666157, 46.124505 ], [ -85.665448, 46.124675 ], [ -85.665015, 46.124725 ], [ -85.664228, 46.124741 ], [ -85.663795, 46.124703 ], [ -85.663598, 46.124615 ], [ -85.663354, 46.124461 ], [ -85.66311, 46.12422 ], [ -85.662621, 46.123912 ], [ -85.662472, 46.123781 ], [ -85.662275, 46.123698 ], [ -85.661936, 46.123632 ], [ -85.661763, 46.123648 ], [ -85.661038, 46.12372 ], [ -85.660802, 46.123654 ], [ -85.660676, 46.123737 ], [ -85.660306, 46.123769 ], [ -85.659621, 46.123594 ], [ -85.659377, 46.123358 ], [ -85.658723, 46.123231 ], [ -85.657928, 46.123012 ], [ -85.657613, 46.123023 ], [ -85.657526, 46.123105 ], [ -85.657164, 46.123248 ], [ -85.656849, 46.123248 ], [ -85.65655, 46.123215 ], [ -85.656345, 46.123088 ], [ -85.655794, 46.122951 ], [ -85.655487, 46.122962 ], [ -85.655384, 46.123105 ], [ -85.653935, 46.123456 ], [ -85.653731, 46.123373 ], [ -85.653699, 46.123445 ], [ -85.653613, 46.123516 ], [ -85.653447, 46.123521 ], [ -85.652833, 46.123274 ], [ -85.652776, 46.123295 ], [ -85.652473, 46.123219 ], [ -85.652402, 46.123155 ], [ -85.651984, 46.122779 ], [ -85.651419, 46.122807 ], [ -85.65137, 46.122886 ], [ -85.651157, 46.123234 ], [ -85.65088, 46.122906 ], [ -85.650683, 46.122846 ], [ -85.650534, 46.122928 ], [ -85.650211, 46.122791 ], [ -85.649967, 46.122895 ], [ -85.649817, 46.122698 ], [ -85.649557, 46.122829 ], [ -85.649014, 46.122736 ], [ -85.648722, 46.122544 ], [ -85.648415, 46.122588 ], [ -85.647352, 46.122373 ], [ -85.646825, 46.122165 ], [ -85.646651, 46.122061 ], [ -85.64588, 46.121874 ], [ -85.645588, 46.121742 ], [ -85.645446, 46.121724 ], [ -85.645321, 46.121709 ], [ -85.644958, 46.121555 ], [ -85.644218, 46.121423 ], [ -85.644124, 46.121369 ], [ -85.644092, 46.121155 ], [ -85.644014, 46.121023 ], [ -85.642919, 46.120238 ], [ -85.642344, 46.12015 ], [ -85.642045, 46.12015 ], [ -85.641864, 46.120216 ], [ -85.641549, 46.120276 ], [ -85.641407, 46.120446 ], [ -85.641187, 46.120473 ], [ -85.640895, 46.120446 ], [ -85.640675, 46.120468 ], [ -85.640423, 46.120396 ], [ -85.640037, 46.120127 ], [ -85.639998, 46.120018 ], [ -85.640076, 46.119804 ], [ -85.640061, 46.119765 ], [ -85.639927, 46.119732 ], [ -85.639549, 46.119222 ], [ -85.63958, 46.118948 ], [ -85.639399, 46.118728 ], [ -85.639116, 46.118591 ], [ -85.638927, 46.118344 ], [ -85.638653, 46.118067 ], [ -85.638499, 46.117975 ], [ -85.638352, 46.117888 ], [ -85.638364, 46.117865 ], [ -85.638289, 46.117367 ], [ -85.638234, 46.117202 ], [ -85.638454, 46.117093 ], [ -85.638399, 46.116709 ], [ -85.638604, 46.116632 ], [ -85.63873, 46.116539 ], [ -85.638762, 46.116368 ], [ -85.638888, 46.116341 ], [ -85.639242, 46.115842 ], [ -85.639336, 46.11582 ], [ -85.639297, 46.115666 ], [ -85.639517, 46.115644 ], [ -85.639588, 46.11548 ], [ -85.639549, 46.115222 ], [ -85.639447, 46.114915 ], [ -85.639344, 46.114794 ], [ -85.639313, 46.114536 ], [ -85.639384, 46.114278 ], [ -85.63958, 46.114042 ], [ -85.639478, 46.113938 ], [ -85.639636, 46.113883 ], [ -85.639911, 46.113719 ], [ -85.64025, 46.113472 ], [ -85.640179, 46.113302 ], [ -85.64021, 46.113148 ], [ -85.640399, 46.112671 ], [ -85.640533, 46.11261 ], [ -85.640407, 46.112276 ], [ -85.64025, 46.112144 ], [ -85.640273, 46.111903 ], [ -85.640588, 46.111447 ], [ -85.640635, 46.111222 ], [ -85.640108, 46.110789 ], [ -85.640116, 46.110651 ], [ -85.639911, 46.110509 ], [ -85.639447, 46.11019 ], [ -85.639565, 46.110048 ], [ -85.639517, 46.109916 ], [ -85.639399, 46.109856 ], [ -85.639305, 46.109905 ], [ -85.639171, 46.109598 ], [ -85.638848, 46.109548 ], [ -85.638651, 46.109427 ], [ -85.63814, 46.108994 ], [ -85.637715, 46.108752 ], [ -85.637234, 46.108198 ], [ -85.636447, 46.107742 ], [ -85.636195, 46.107687 ], [ -85.636062, 46.10772 ], [ -85.635865, 46.107698 ], [ -85.635597, 46.107731 ], [ -85.63544, 46.107791 ], [ -85.635036, 46.10793 ], [ -85.635068, 46.108057 ], [ -85.635077, 46.108154 ], [ -85.635007, 46.108265 ], [ -85.634799, 46.108283 ], [ -85.634766, 46.108286 ], [ -85.634526, 46.108285 ], [ -85.633969, 46.108302 ], [ -85.633869, 46.108377 ], [ -85.633858, 46.108565 ], [ -85.633871, 46.109125 ], [ -85.633886, 46.109693 ], [ -85.633905, 46.110446 ], [ -85.63392, 46.112815 ], [ -85.633972, 46.120746 ], [ -85.633975, 46.122183 ], [ -85.633984, 46.125306 ], [ -85.633984, 46.125565 ], [ -85.633986, 46.126188 ], [ -85.633986, 46.126217 ], [ -85.633995, 46.128176 ], [ -85.633999, 46.128829 ], [ -85.634725, 46.128647 ], [ -85.635686, 46.127988 ], [ -85.636412, 46.127761 ], [ -85.637668, 46.127627 ], [ -85.639782, 46.126994 ], [ -85.641004, 46.126928 ], [ -85.642589, 46.127412 ], [ -85.643249, 46.127506 ], [ -85.644043, 46.127512 ], [ -85.647278, 46.127539 ], [ -85.650218, 46.128004 ], [ -85.650847, 46.128417 ], [ -85.650555, 46.129174 ], [ -85.650294, 46.129541 ], [ -85.650298, 46.130114 ], [ -85.650595, 46.130435 ], [ -85.65172, 46.131194 ], [ -85.652151, 46.131676 ], [ -85.652779, 46.131997 ], [ -85.655619, 46.132897 ], [ -85.656181, 46.132899 ], [ -85.656478, 46.132807 ], [ -85.657206, 46.132308 ], [ -85.657669, 46.132149 ], [ -85.65856, 46.13206 ], [ -85.661071, 46.132295 ], [ -85.661665, 46.132525 ], [ -85.662724, 46.133397 ], [ -85.663088, 46.133857 ], [ -85.663423, 46.134476 ], [ -85.663952, 46.134865 ], [ -85.665043, 46.135279 ], [ -85.665606, 46.135968 ], [ -85.665707, 46.136358 ], [ -85.665712, 46.137206 ], [ -85.665913, 46.137665 ], [ -85.666541, 46.138055 ], [ -85.667136, 46.138263 ], [ -85.66839, 46.138266 ], [ -85.66887, 46.138324 ], [ -85.669349, 46.138383 ], [ -85.670603, 46.13834 ], [ -85.672157, 46.137659 ], [ -85.673643, 46.137479 ], [ -85.6748, 46.137117 ], [ -85.676055, 46.137097 ], [ -85.677873, 46.137878 ], [ -85.678963, 46.138087 ], [ -85.68212, 46.138453 ], [ -85.682156, 46.138463 ], [ -85.682745, 46.138636 ], [ -85.683271, 46.138979 ], [ -85.683501, 46.139322 ], [ -85.684126, 46.139756 ], [ -85.684487, 46.140236 ], [ -85.685211, 46.140762 ], [ -85.686986, 46.141379 ], [ -85.688729, 46.141745 ], [ -85.690143, 46.142293 ], [ -85.690591, 46.142628 ], [ -85.690998, 46.142933 ], [ -85.691787, 46.144007 ], [ -85.692215, 46.144762 ], [ -85.692609, 46.145082 ], [ -85.692314, 46.145356 ], [ -85.69182, 46.145562 ], [ -85.690098, 46.145714 ], [ -85.690012, 46.145722 ], [ -85.689453, 46.146019 ], [ -85.689058, 46.146476 ], [ -85.688696, 46.147299 ], [ -85.688598, 46.148396 ], [ -85.687841, 46.150202 ], [ -85.687382, 46.150865 ], [ -85.686361, 46.151573 ], [ -85.686073, 46.152172 ], [ -85.685836, 46.15267 ], [ -85.685573, 46.154019 ], [ -85.685244, 46.154682 ], [ -85.685408, 46.154842 ], [ -85.685737, 46.15555 ], [ -85.686099, 46.155802 ], [ -85.686156, 46.155822 ], [ -85.686856, 46.156076 ], [ -85.688105, 46.15635 ], [ -85.688566, 46.156693 ], [ -85.689553, 46.157996 ], [ -85.689801, 46.158169 ], [ -85.689881, 46.158225 ], [ -85.691033, 46.158408 ], [ -85.691272, 46.158477 ], [ -85.6884, 46.158472 ], [ -85.679787, 46.158457 ], [ -85.676916, 46.158453 ], [ -85.67673, 46.158453 ], [ -85.676173, 46.158453 ], [ -85.675988, 46.158454 ], [ -85.676037, 46.158952 ], [ -85.675807, 46.159325 ], [ -85.676154, 46.159863 ], [ -85.675893, 46.160198 ], [ -85.675585, 46.160692 ], [ -85.675071, 46.160955 ], [ -85.674922, 46.161032 ], [ -85.674668, 46.161729 ], [ -85.674408, 46.161998 ], [ -85.674392, 46.162206 ], [ -85.674494, 46.162338 ], [ -85.675663, 46.162277 ], [ -85.675947, 46.16265 ], [ -85.675954, 46.163188 ], [ -85.675883, 46.163462 ], [ -85.676206, 46.16361 ], [ -85.676569, 46.16389 ], [ -85.676679, 46.164543 ], [ -85.676648, 46.164922 ], [ -85.677137, 46.165404 ], [ -85.677136, 46.165904 ], [ -85.677057, 46.166321 ], [ -85.677065, 46.166529 ], [ -85.676907, 46.166793 ], [ -85.677025, 46.167133 ], [ -85.676558, 46.167698 ], [ -85.676345, 46.167901 ], [ -85.675776, 46.168445 ], [ -85.67576, 46.168593 ], [ -85.675547, 46.168823 ], [ -85.675452, 46.169378 ], [ -85.674368, 46.170183 ], [ -85.674111, 46.170058 ], [ -85.673819, 46.169934 ], [ -85.673451, 46.169811 ], [ -85.673361, 46.169789 ], [ -85.673016, 46.169705 ], [ -85.672631, 46.169634 ], [ -85.67212, 46.169604 ], [ -85.671584, 46.169596 ], [ -85.671065, 46.169607 ], [ -85.670132, 46.169649 ], [ -85.670001, 46.169656 ], [ -85.669062, 46.16981 ], [ -85.668789, 46.169858 ], [ -85.668301, 46.16999 ], [ -85.667722, 46.170185 ], [ -85.666552, 46.170654 ], [ -85.664315, 46.17147 ], [ -85.664066, 46.171548 ], [ -85.663415, 46.171756 ], [ -85.663254, 46.171843 ], [ -85.66317, 46.171956 ], [ -85.663174, 46.172156 ], [ -85.663276, 46.172387 ], [ -85.663083, 46.172759 ], [ -85.662886, 46.172983 ], [ -85.662801, 46.173154 ], [ -85.662758, 46.173292 ], [ -85.662643, 46.173434 ], [ -85.662522, 46.173567 ], [ -85.662311, 46.173659 ], [ -85.662094, 46.173741 ], [ -85.661901, 46.173799 ], [ -85.661666, 46.173849 ], [ -85.661425, 46.173911 ], [ -85.6611, 46.173977 ], [ -85.660937, 46.174051 ], [ -85.660768, 46.174139 ], [ -85.660653, 46.174255 ], [ -85.660495, 46.174405 ], [ -85.660323, 46.17499 ], [ -85.660274, 46.175107 ], [ -85.660153, 46.175219 ], [ -85.660081, 46.175324 ], [ -85.659808, 46.175611 ], [ -85.659723, 46.175686 ], [ -85.659591, 46.175753 ], [ -85.659422, 46.175798 ], [ -85.659145, 46.175797 ], [ -85.658514, 46.175758 ], [ -85.658183, 46.175757 ], [ -85.657954, 46.175798 ], [ -85.657051, 46.175895 ], [ -85.65684, 46.175886 ], [ -85.656552, 46.175898 ], [ -85.656226, 46.175964 ], [ -85.655424, 46.176036 ], [ -85.654444, 46.1764 ], [ -85.653668, 46.176595 ], [ -85.652744, 46.176598 ], [ -85.651997, 46.176309 ], [ -85.651072, 46.175615 ], [ -85.650989, 46.175464 ], [ -85.650831, 46.175175 ], [ -85.650819, 46.174484 ], [ -85.650738, 46.173781 ], [ -85.65061, 46.173565 ], [ -85.650479, 46.173443 ], [ -85.650347, 46.173346 ], [ -85.650257, 46.173271 ], [ -85.65015, 46.17317 ], [ -85.65, 46.173082 ], [ -85.649808, 46.172994 ], [ -85.649592, 46.172918 ], [ -85.649303, 46.172867 ], [ -85.649075, 46.172808 ], [ -85.648895, 46.17279 ], [ -85.648697, 46.172735 ], [ -85.648547, 46.172655 ], [ -85.648457, 46.172576 ], [ -85.648283, 46.172475 ], [ -85.647971, 46.172432 ], [ -85.647754, 46.172444 ], [ -85.647598, 46.172435 ], [ -85.647406, 46.172326 ], [ -85.647328, 46.172242 ], [ -85.647241, 46.171803 ], [ -85.647212, 46.171586 ], [ -85.647165, 46.171439 ], [ -85.64717, 46.171358 ], [ -85.647178, 46.171247 ], [ -85.647384, 46.170718 ], [ -85.64743, 46.170466 ], [ -85.647419, 46.170299 ], [ -85.647354, 46.170148 ], [ -85.647324, 46.170027 ], [ -85.647259, 46.169893 ], [ -85.647255, 46.169634 ], [ -85.64728, 46.169496 ], [ -85.647299, 46.169346 ], [ -85.647281, 46.169224 ], [ -85.647204, 46.169099 ], [ -85.647157, 46.16894 ], [ -85.64708, 46.168764 ], [ -85.646997, 46.168609 ], [ -85.646926, 46.168342 ], [ -85.646927, 46.168162 ], [ -85.646946, 46.168003 ], [ -85.64699, 46.167807 ], [ -85.647039, 46.16759 ], [ -85.647047, 46.167247 ], [ -85.64706, 46.167092 ], [ -85.647091, 46.166975 ], [ -85.647346, 46.166673 ], [ -85.647419, 46.166479 ], [ -85.647493, 46.1663 ], [ -85.647517, 46.166191 ], [ -85.647519, 46.166024 ], [ -85.647478, 46.165827 ], [ -85.647473, 46.165664 ], [ -85.647449, 46.16553 ], [ -85.647378, 46.165401 ], [ -85.647258, 46.165308 ], [ -85.647151, 46.165241 ], [ -85.647049, 46.16512 ], [ -85.646475, 46.164604 ], [ -85.646338, 46.164474 ], [ -85.646242, 46.16434 ], [ -85.646037, 46.163739 ], [ -85.645957, 46.163501 ], [ -85.645619, 46.16297 ], [ -85.644062, 46.163468 ], [ -85.643304, 46.163711 ], [ -85.642931, 46.163824 ], [ -85.642317, 46.163893 ], [ -85.642016, 46.163938 ], [ -85.641643, 46.164004 ], [ -85.641372, 46.16407 ], [ -85.641107, 46.164144 ], [ -85.639485, 46.165059 ], [ -85.639452, 46.165079 ], [ -85.639078, 46.165278 ], [ -85.63869, 46.165561 ], [ -85.638267, 46.166108 ], [ -85.638063, 46.166352 ], [ -85.637821, 46.166644 ], [ -85.637409, 46.166938 ], [ -85.637345, 46.166967 ], [ -85.637057, 46.167102 ], [ -85.636175, 46.166656 ], [ -85.636007, 46.166554 ], [ -85.635857, 46.166464 ], [ -85.635612, 46.166286 ], [ -85.635449, 46.166153 ], [ -85.635185, 46.166025 ], [ -85.634867, 46.16591 ], [ -85.634639, 46.16589 ], [ -85.634447, 46.165845 ], [ -85.633293, 46.165259 ], [ -85.633093, 46.165144 ], [ -85.632957, 46.165023 ], [ -85.632865, 46.164981 ], [ -85.632785, 46.164946 ], [ -85.632233, 46.164785 ], [ -85.631715, 46.164723 ], [ -85.631705, 46.165035 ], [ -85.631677, 46.16597 ], [ -85.631668, 46.166283 ], [ -85.630362, 46.166273 ], [ -85.630288, 46.166272 ], [ -85.628983, 46.166268 ], [ -85.62615, 46.166224 ], [ -85.62552, 46.166215 ], [ -85.624779, 46.166109 ], [ -85.624634, 46.166103 ], [ -85.62432, 46.16609 ], [ -85.624199, 46.166086 ], [ -85.624055, 46.166083 ], [ -85.62319, 46.166061 ], [ -85.621857, 46.166041 ], [ -85.615266, 46.165945 ], [ -85.613069, 46.165914 ], [ -85.613084, 46.167072 ], [ -85.613132, 46.170547 ], [ -85.613148, 46.171706 ], [ -85.613151, 46.171837 ], [ -85.613163, 46.172233 ], [ -85.613167, 46.172365 ], [ -85.613238, 46.177541 ], [ -85.613247, 46.177895 ], [ -85.613267, 46.180374 ], [ -85.613179, 46.185236 ], [ -85.613104, 46.187762 ], [ -85.613106, 46.196696 ], [ -85.613176, 46.200792 ], [ -85.613197, 46.202024 ], [ -85.613218, 46.202024 ], [ -85.613941, 46.202028 ], [ -85.61396, 46.202039 ], [ -85.615626, 46.202053 ], [ -85.616456, 46.202059 ], [ -85.617293, 46.202067 ], [ -85.619067, 46.202077 ], [ -85.623557, 46.202103 ], [ -85.623656, 46.202101 ], [ -85.62439, 46.20209 ], [ -85.626165, 46.202065 ], [ -85.626449, 46.202063 ], [ -85.627772, 46.202054 ], [ -85.632595, 46.20202 ], [ -85.634203, 46.20201 ], [ -85.634369, 46.202161 ], [ -85.634568, 46.202384 ], [ -85.634676, 46.202583 ], [ -85.634814, 46.202714 ], [ -85.634983, 46.202807 ], [ -85.635088, 46.202831 ], [ -85.635238, 46.202867 ], [ -85.635474, 46.20296 ], [ -85.635787, 46.203048 ], [ -85.635806, 46.203054 ], [ -85.635903, 46.203117 ], [ -85.63623, 46.203202 ], [ -85.636357, 46.203262 ], [ -85.636496, 46.203334 ], [ -85.636598, 46.20338 ], [ -85.636749, 46.203469 ], [ -85.636889, 46.203524 ], [ -85.637107, 46.20355 ], [ -85.63727, 46.203559 ], [ -85.637397, 46.203593 ], [ -85.637688, 46.203699 ], [ -85.637984, 46.203772 ], [ -85.638196, 46.203848 ], [ -85.638408, 46.203887 ], [ -85.638578, 46.203913 ], [ -85.638717, 46.20393 ], [ -85.639646, 46.203941 ], [ -85.640973, 46.20388 ], [ -85.641545, 46.203794 ], [ -85.642941, 46.203585 ], [ -85.643334, 46.203486 ], [ -85.643468, 46.203402 ], [ -85.643868, 46.203336 ], [ -85.644086, 46.203379 ], [ -85.64424, 46.203435 ], [ -85.644328, 46.203468 ], [ -85.644546, 46.203591 ], [ -85.645048, 46.203841 ], [ -85.645259, 46.203925 ], [ -85.646475, 46.204198 ], [ -85.646742, 46.204258 ], [ -85.647169, 46.204312 ], [ -85.647257, 46.204325 ], [ -85.648265, 46.20447 ], [ -85.649149, 46.204521 ], [ -85.65007, 46.204892 ], [ -85.650816, 46.205406 ], [ -85.650821, 46.205424 ], [ -85.651132, 46.2064 ], [ -85.65143, 46.206725 ], [ -85.651932, 46.20716 ], [ -85.652633, 46.207442 ], [ -85.653154, 46.207617 ], [ -85.653342, 46.207672 ], [ -85.653566, 46.207702 ], [ -85.653736, 46.207703 ], [ -85.653972, 46.207686 ], [ -85.6543, 46.20762 ], [ -85.654385, 46.207599 ], [ -85.654543, 46.207621 ], [ -85.654694, 46.207689 ], [ -85.654863, 46.207794 ], [ -85.655026, 46.207938 ], [ -85.655135, 46.20801 ], [ -85.655255, 46.208111 ], [ -85.655352, 46.208154 ], [ -85.655473, 46.208192 ], [ -85.656079, 46.208202 ], [ -85.656273, 46.208312 ], [ -85.656399, 46.20846 ], [ -85.656495, 46.208599 ], [ -85.656622, 46.208747 ], [ -85.656682, 46.208869 ], [ -85.65676, 46.208962 ], [ -85.656869, 46.209026 ], [ -85.657821, 46.209442 ], [ -85.657976, 46.209777 ], [ -85.658409, 46.209915 ], [ -85.659989, 46.209932 ], [ -85.660293, 46.209925 ], [ -85.661877, 46.209889 ], [ -85.662684, 46.209902 ], [ -85.662805, 46.209936 ], [ -85.662926, 46.210004 ], [ -85.663138, 46.210135 ], [ -85.663271, 46.210177 ], [ -85.663446, 46.210211 ], [ -85.663658, 46.210279 ], [ -85.663791, 46.210377 ], [ -85.663857, 46.210469 ], [ -85.663919, 46.210545 ], [ -85.663909, 46.210899 ], [ -85.66394, 46.211071 ], [ -85.663992, 46.211137 ], [ -85.664027, 46.211182 ], [ -85.664178, 46.211271 ], [ -85.664567, 46.211515 ], [ -85.664742, 46.211605 ], [ -85.664869, 46.211682 ], [ -85.665357, 46.212322 ], [ -85.665415, 46.212398 ], [ -85.665528, 46.212712 ], [ -85.665538, 46.21272 ], [ -85.665613, 46.212876 ], [ -85.66562, 46.212891 ], [ -85.665631, 46.212912 ], [ -85.665658, 46.21292 ], [ -85.665674, 46.212933 ], [ -85.665699, 46.212945 ], [ -85.665775, 46.212984 ], [ -85.665801, 46.212997 ], [ -85.665737, 46.213046 ], [ -85.665728, 46.213062 ], [ -85.665701, 46.213118 ], [ -85.665692, 46.213351 ], [ -85.66569, 46.213406 ], [ -85.665691, 46.21345 ], [ -85.665732, 46.216136 ], [ -85.665733, 46.216196 ], [ -85.665692, 46.21636 ], [ -85.66558, 46.216475 ], [ -85.665327, 46.216618 ], [ -85.665112, 46.21665 ], [ -85.664002, 46.216608 ], [ -85.65795, 46.216599 ], [ -85.655264, 46.216596 ], [ -85.655268, 46.217291 ], [ -85.655283, 46.219376 ], [ -85.655284, 46.219459 ], [ -85.655331, 46.22007 ], [ -85.655358, 46.220543 ], [ -85.655313, 46.221193 ], [ -85.655317, 46.2222 ], [ -85.655317, 46.222241 ], [ -85.655337, 46.223795 ], [ -85.655268, 46.225271 ], [ -85.655212, 46.226019 ], [ -85.655271, 46.228758 ], [ -85.655314, 46.230691 ], [ -85.655236, 46.230919 ], [ -85.655111, 46.230977 ], [ -85.65501, 46.231012 ], [ -85.654875, 46.231034 ], [ -85.654646, 46.231074 ], [ -85.654082, 46.2311 ], [ -85.653735, 46.231087 ], [ -85.653355, 46.231074 ], [ -85.652975, 46.23121 ], [ -85.652875, 46.231247 ], [ -85.651876, 46.23172 ], [ -85.651512, 46.231894 ], [ -85.651454, 46.232568 ], [ -85.650193, 46.233908 ], [ -85.650199, 46.234156 ], [ -85.650259, 46.236382 ], [ -85.650421, 46.242448 ], [ -85.650496, 46.245212 ], [ -85.655463, 46.245229 ], [ -85.674213, 46.245245 ], [ -85.674126, 46.245578 ], [ -85.674182, 46.24572 ], [ -85.674252, 46.245843 ], [ -85.674058, 46.245837 ], [ -85.673865, 46.245887 ], [ -85.673797, 46.245958 ], [ -85.67371, 46.246156 ], [ -85.673576, 46.246304 ], [ -85.673876, 46.246804 ], [ -85.673931, 46.247161 ], [ -85.673449, 46.247425 ], [ -85.672808, 46.247672 ], [ -85.67261, 46.24754 ], [ -85.67231, 46.2477 ], [ -85.67227, 46.247848 ], [ -85.672168, 46.24793 ], [ -85.672088, 46.248617 ], [ -85.671558, 46.248815 ], [ -85.671345, 46.248727 ], [ -85.671124, 46.248958 ], [ -85.670878, 46.249117 ], [ -85.670673, 46.249408 ], [ -85.670293, 46.249529 ], [ -85.66989, 46.249595 ], [ -85.669661, 46.249568 ], [ -85.669234, 46.249579 ], [ -85.669075, 46.249667 ], [ -85.669123, 46.249815 ], [ -85.668969, 46.249956 ], [ -85.668502, 46.250187 ], [ -85.66799, 46.250398 ], [ -85.667567, 46.251163 ], [ -85.667577, 46.251569 ], [ -85.667255, 46.251955 ], [ -85.666704, 46.252242 ], [ -85.666556, 46.252555 ], [ -85.666094, 46.252958 ], [ -85.666209, 46.253146 ], [ -85.666093, 46.253199 ], [ -85.665811, 46.253426 ], [ -85.665781, 46.253594 ], [ -85.665413, 46.25374 ], [ -85.665365, 46.253787 ], [ -85.665441, 46.253894 ], [ -85.665451, 46.253974 ], [ -85.665431, 46.254028 ], [ -85.665344, 46.254034 ], [ -85.664862, 46.253953 ], [ -85.664822, 46.254107 ], [ -85.664449, 46.254314 ], [ -85.664197, 46.254512 ], [ -85.663108, 46.254668 ], [ -85.662951, 46.254784 ], [ -85.66232, 46.25494 ], [ -85.662266, 46.25516 ], [ -85.662488, 46.255434 ], [ -85.662836, 46.255548 ], [ -85.66291, 46.255655 ], [ -85.66287, 46.255889 ], [ -85.662859, 46.25601 ], [ -85.66314, 46.256328 ], [ -85.663151, 46.256976 ], [ -85.663399, 46.257574 ], [ -85.663323, 46.258146 ], [ -85.662839, 46.259373 ], [ -85.662778, 46.259611 ], [ -85.655214, 46.2596 ], [ -85.651089, 46.259591 ], [ -85.650501, 46.259577 ], [ -85.650454, 46.260373 ], [ -85.650301, 46.260796 ], [ -85.650296, 46.263224 ], [ -85.650348, 46.266994 ], [ -85.650402, 46.27041 ], [ -85.650379, 46.271001 ], [ -85.65044, 46.272439 ], [ -85.650392, 46.273993 ], [ -85.650452, 46.277605 ], [ -85.650507, 46.283906 ], [ -85.650579, 46.287934 ], [ -85.650536, 46.288416 ], [ -85.65066, 46.29565 ], [ -85.645423, 46.295659 ], [ -85.645578, 46.303068 ], [ -85.640373, 46.303056 ], [ -85.640368, 46.310252 ], [ -85.644041, 46.31026 ], [ -85.645461, 46.310254 ], [ -85.645482, 46.310415 ], [ -85.645462, 46.310506 ], [ -85.646046, 46.310591 ], [ -85.646437, 46.310667 ], [ -85.646718, 46.310903 ], [ -85.647188, 46.310995 ], [ -85.647067, 46.31115 ], [ -85.646841, 46.311529 ], [ -85.646527, 46.311814 ], [ -85.645619, 46.312186 ], [ -85.644813, 46.312221 ], [ -85.644378, 46.312156 ], [ -85.643588, 46.312267 ], [ -85.642987, 46.312164 ], [ -85.642497, 46.312122 ], [ -85.641605, 46.31236 ], [ -85.641369, 46.312558 ], [ -85.641117, 46.312691 ], [ -85.640936, 46.312894 ], [ -85.640573, 46.313071 ], [ -85.639946, 46.31356 ], [ -85.639589, 46.313991 ], [ -85.639432, 46.314189 ], [ -85.639109, 46.314354 ], [ -85.639039, 46.314514 ], [ -85.638431, 46.314708 ], [ -85.637902, 46.314824 ], [ -85.637689, 46.314847 ], [ -85.637467, 46.31477 ], [ -85.637127, 46.314738 ], [ -85.635627, 46.315011 ], [ -85.63546, 46.31483 ], [ -85.634695, 46.31532 ], [ -85.633969, 46.315383 ], [ -85.63348, 46.31573 ], [ -85.632883, 46.316566 ], [ -85.632981, 46.317209 ], [ -85.632982, 46.317467 ], [ -85.632904, 46.317583 ], [ -85.632454, 46.317671 ], [ -85.63217, 46.317952 ], [ -85.631666, 46.318217 ], [ -85.631525, 46.318525 ], [ -85.631425, 46.31908 ], [ -85.631504, 46.319228 ], [ -85.631442, 46.319388 ], [ -85.63145, 46.319498 ], [ -85.631166, 46.319608 ], [ -85.63067, 46.320071 ], [ -85.629991, 46.320265 ], [ -85.629897, 46.320402 ], [ -85.62884, 46.320685 ], [ -85.628754, 46.320789 ], [ -85.628481, 46.320795 ], [ -85.628327, 46.320978 ], [ -85.628302, 46.320987 ], [ -85.628082, 46.320923 ], [ -85.627868, 46.321068 ], [ -85.627764, 46.321021 ], [ -85.627642, 46.321014 ], [ -85.627538, 46.321053 ], [ -85.627434, 46.321144 ], [ -85.627339, 46.321261 ], [ -85.627451, 46.321359 ], [ -85.627567, 46.32139 ], [ -85.627245, 46.321514 ], [ -85.627188, 46.321437 ], [ -85.62689, 46.321528 ], [ -85.626882, 46.321771 ], [ -85.626816, 46.321838 ], [ -85.626709, 46.321872 ], [ -85.62668, 46.321966 ], [ -85.626553, 46.322026 ], [ -85.626359, 46.322065 ], [ -85.626193, 46.322159 ], [ -85.626114, 46.32234 ], [ -85.625347, 46.322553 ], [ -85.62518, 46.322774 ], [ -85.625034, 46.322847 ], [ -85.625024, 46.322982 ], [ -85.624955, 46.323035 ], [ -85.624854, 46.323055 ], [ -85.624645, 46.323034 ], [ -85.624374, 46.322959 ], [ -85.624324, 46.323154 ], [ -85.624372, 46.323215 ], [ -85.624303, 46.323356 ], [ -85.623658, 46.323646 ], [ -85.623469, 46.32369 ], [ -85.623341, 46.323635 ], [ -85.623097, 46.323563 ], [ -85.622678, 46.323634 ], [ -85.622535, 46.323529 ], [ -85.622385, 46.323705 ], [ -85.622416, 46.323963 ], [ -85.621951, 46.32406 ], [ -85.62172, 46.324028 ], [ -85.620645, 46.323713 ], [ -85.620083, 46.323696 ], [ -85.619687, 46.323844 ], [ -85.619655, 46.32419 ], [ -85.619488, 46.32436 ], [ -85.6191, 46.324661 ], [ -85.618893, 46.325221 ], [ -85.61894, 46.325688 ], [ -85.6192, 46.326177 ], [ -85.61916, 46.326396 ], [ -85.618677, 46.326517 ], [ -85.618273, 46.32673 ], [ -85.617971, 46.327339 ], [ -85.617875, 46.3278 ], [ -85.61721, 46.328486 ], [ -85.617027, 46.328892 ], [ -85.616962, 46.329567 ], [ -85.61674, 46.329808 ], [ -85.616692, 46.329907 ], [ -85.616779, 46.329984 ], [ -85.616651, 46.330522 ], [ -85.616881, 46.330594 ], [ -85.616825, 46.33094 ], [ -85.617006, 46.33122 ], [ -85.616879, 46.331308 ], [ -85.616841, 46.331561 ], [ -85.614459, 46.331631 ], [ -85.614369, 46.337084 ], [ -85.614321, 46.340833 ], [ -85.614135, 46.350595 ], [ -85.614142, 46.351793 ], [ -85.614181, 46.360746 ], [ -85.614303, 46.374919 ], [ -85.614451, 46.383614 ], [ -85.614477, 46.385164 ], [ -85.61448, 46.385829 ], [ -85.614502, 46.386031 ], [ -85.614527, 46.386458 ], [ -85.614619, 46.399374 ], [ -85.614652, 46.401615 ], [ -85.614557, 46.403881 ], [ -85.614601, 46.40489 ], [ -85.614668, 46.40657 ], [ -85.614711, 46.418646 ], [ -85.616164, 46.418625 ], [ -85.617144, 46.418586 ], [ -85.61937, 46.418633 ], [ -85.619084, 46.422534 ], [ -85.619069, 46.423112 ], [ -85.618938, 46.424346 ], [ -85.618826, 46.425841 ], [ -85.618758, 46.426176 ], [ -85.618769, 46.426616 ], [ -85.61892, 46.427033 ], [ -85.619623, 46.42853 ], [ -85.619712, 46.428896 ], [ -85.620086, 46.429384 ], [ -85.622942, 46.433203 ], [ -85.625083, 46.436017 ], [ -85.626181, 46.437475 ], [ -85.628193, 46.4401 ], [ -85.635504, 46.44991 ], [ -85.639359, 46.45504 ], [ -85.638761, 46.455249 ], [ -85.62965, 46.458579 ], [ -85.629321, 46.458765 ], [ -85.62905, 46.458964 ], [ -85.628909, 46.459118 ], [ -85.628759, 46.459304 ], [ -85.628549, 46.459655 ], [ -85.628064, 46.460575 ], [ -85.627611, 46.46132 ], [ -85.627054, 46.462075 ], [ -85.626781, 46.462396 ], [ -85.624811, 46.464404 ], [ -85.623582, 46.465629 ], [ -85.621699, 46.467527 ], [ -85.621061, 46.46817 ], [ -85.622377, 46.468811 ], [ -85.622749, 46.468967 ], [ -85.623092, 46.469103 ], [ -85.623305, 46.469158 ], [ -85.623594, 46.469227 ], [ -85.623883, 46.469286 ], [ -85.624199, 46.469307 ], [ -85.624591, 46.469327 ], [ -85.626491, 46.469308 ], [ -85.627153, 46.469316 ], [ -85.627769, 46.469391 ], [ -85.628257, 46.469512 ], [ -85.631186, 46.470675 ], [ -85.631679, 46.470812 ], [ -85.632275, 46.470917 ], [ -85.632836, 46.470973 ], [ -85.633262, 46.471016 ], [ -85.634867, 46.470941 ], [ -85.635945, 46.47089 ], [ -85.638258, 46.470517 ], [ -85.638939, 46.470404 ], [ -85.640142, 46.470272 ], [ -85.64098, 46.470327 ], [ -85.641612, 46.47047 ], [ -85.642136, 46.47062 ], [ -85.645853, 46.471687 ], [ -85.646346, 46.471805 ], [ -85.646923, 46.471916 ], [ -85.647453, 46.471975 ], [ -85.647798, 46.47197 ], [ -85.648255, 46.471926 ], [ -85.648675, 46.471818 ], [ -85.649328, 46.471589 ], [ -85.649899, 46.471338 ], [ -85.653544, 46.473784 ], [ -85.65423, 46.474294 ], [ -85.65448, 46.474559 ], [ -85.655236, 46.475842 ], [ -85.655522, 46.476315 ], [ -85.655643, 46.476281 ], [ -85.656071, 46.476244 ], [ -85.656499, 46.476342 ], [ -85.656561, 46.476567 ], [ -85.657038, 46.476569 ], [ -85.657803, 46.476539 ], [ -85.658949, 46.476523 ], [ -85.659342, 46.476662 ], [ -85.659955, 46.476526 ], [ -85.665648, 46.476492 ], [ -85.675129, 46.476474 ], [ -85.675306, 46.476761 ], [ -85.675603, 46.477968 ], [ -85.6759, 46.478145 ], [ -85.676659, 46.478278 ], [ -85.677631, 46.478505 ], [ -85.678609, 46.478365 ], [ -85.680248, 46.47845 ], [ -85.681131, 46.478477 ], [ -85.681117, 46.478561 ], [ -85.681048, 46.478629 ], [ -85.680965, 46.478703 ], [ -85.680899, 46.478778 ], [ -85.680852, 46.47886 ], [ -85.680808, 46.479055 ], [ -85.680806, 46.479167 ], [ -85.6808, 46.47928 ], [ -85.680774, 46.47932 ], [ -85.680697, 46.47946 ], [ -85.680629, 46.479545 ], [ -85.680516, 46.479673 ], [ -85.680408, 46.479851 ], [ -85.680354, 46.480011 ], [ -85.680332, 46.480091 ], [ -85.680244, 46.480348 ], [ -85.680191, 46.480533 ], [ -85.680178, 46.480651 ], [ -85.680178, 46.480677 ], [ -85.68019, 46.480783 ], [ -85.68019, 46.480895 ], [ -85.680181, 46.480961 ], [ -85.680171, 46.480995 ], [ -85.680075, 46.481183 ], [ -85.679971, 46.481344 ], [ -85.679945, 46.481387 ], [ -85.679908, 46.481472 ], [ -85.67988, 46.481615 ], [ -85.679874, 46.48166 ], [ -85.679862, 46.481707 ], [ -85.679817, 46.481803 ], [ -85.679779, 46.481882 ], [ -85.679736, 46.481965 ], [ -85.679645, 46.482095 ], [ -85.67955, 46.482208 ], [ -85.679477, 46.482288 ], [ -85.679393, 46.482401 ], [ -85.679365, 46.482444 ], [ -85.679318, 46.482536 ], [ -85.679299, 46.482581 ], [ -85.679212, 46.482813 ], [ -85.67918, 46.482948 ], [ -85.679155, 46.483028 ], [ -85.679166, 46.483205 ], [ -85.679189, 46.483286 ], [ -85.679226, 46.483393 ], [ -85.679243, 46.483457 ], [ -85.679264, 46.483552 ], [ -85.679272, 46.483605 ], [ -85.679277, 46.483682 ], [ -85.679266, 46.483753 ], [ -85.679241, 46.483814 ], [ -85.679221, 46.483848 ], [ -85.679167, 46.483901 ], [ -85.679092, 46.48402 ], [ -85.67905, 46.484127 ], [ -85.67903, 46.4842 ], [ -85.679029, 46.484365 ], [ -85.679036, 46.484407 ], [ -85.679063, 46.484508 ], [ -85.679086, 46.484597 ], [ -85.679064, 46.484718 ], [ -85.67903, 46.484802 ], [ -85.678939, 46.484989 ], [ -85.678875, 46.485113 ], [ -85.678864, 46.485158 ], [ -85.678884, 46.48529 ], [ -85.678952, 46.485604 ], [ -85.67904, 46.486 ], [ -85.679061, 46.486129 ], [ -85.679101, 46.486447 ], [ -85.679164, 46.486679 ], [ -85.679192, 46.486758 ], [ -85.679238, 46.486883 ], [ -85.679315, 46.48702 ], [ -85.679338, 46.487068 ], [ -85.679374, 46.487178 ], [ -85.67938, 46.487225 ], [ -85.679375, 46.487271 ], [ -85.679348, 46.487375 ], [ -85.679318, 46.487505 ], [ -85.679277, 46.487715 ], [ -85.679262, 46.487893 ], [ -85.679253, 46.488179 ], [ -85.679262, 46.488276 ], [ -85.679298, 46.488353 ], [ -85.679354, 46.488432 ], [ -85.679375, 46.488499 ], [ -85.679375, 46.488585 ], [ -85.679362, 46.488644 ], [ -85.679326, 46.488726 ], [ -85.679255, 46.488837 ], [ -85.679189, 46.488921 ], [ -85.679152, 46.488966 ], [ -85.679183, 46.489026 ], [ -85.679248, 46.489052 ], [ -85.679413, 46.48912 ], [ -85.679478, 46.489148 ], [ -85.679542, 46.489173 ], [ -85.679698, 46.489183 ], [ -85.679825, 46.489186 ], [ -85.680121, 46.489229 ], [ -85.680189, 46.489257 ], [ -85.680241, 46.489287 ], [ -85.68038, 46.489366 ], [ -85.680456, 46.489392 ], [ -85.68052, 46.489405 ], [ -85.680608, 46.489415 ], [ -85.680717, 46.489405 ], [ -85.680779, 46.489411 ], [ -85.680889, 46.489476 ], [ -85.681013, 46.489554 ], [ -85.681347, 46.489743 ], [ -85.681486, 46.48985 ], [ -85.681532, 46.489898 ], [ -85.681609, 46.489973 ], [ -85.681718, 46.490042 ], [ -85.681867, 46.490093 ], [ -85.682004, 46.490105 ], [ -85.682099, 46.490092 ], [ -85.682226, 46.490042 ], [ -85.682415, 46.489951 ], [ -85.682547, 46.489875 ], [ -85.682728, 46.489793 ], [ -85.682856, 46.489714 ], [ -85.683022, 46.489601 ], [ -85.683124, 46.489503 ], [ -85.68324, 46.489408 ], [ -85.683298, 46.48938 ], [ -85.683434, 46.489362 ], [ -85.683522, 46.48937 ], [ -85.683602, 46.489402 ], [ -85.683627, 46.489444 ], [ -85.683655, 46.48949 ], [ -85.683687, 46.489589 ], [ -85.683688, 46.489703 ], [ -85.68369, 46.489808 ], [ -85.683764, 46.489902 ], [ -85.683916, 46.490056 ], [ -85.684029, 46.490156 ], [ -85.684175, 46.490213 ], [ -85.684299, 46.490251 ], [ -85.684369, 46.490274 ], [ -85.684458, 46.490319 ], [ -85.684514, 46.490351 ], [ -85.68457, 46.490394 ], [ -85.684649, 46.490488 ], [ -85.684692, 46.490521 ], [ -85.684701, 46.490568 ], [ -85.684737, 46.490667 ], [ -85.684747, 46.490711 ], [ -85.684812, 46.490825 ], [ -85.684846, 46.490907 ], [ -85.684873, 46.490955 ], [ -85.684907, 46.491004 ], [ -85.684923, 46.491057 ], [ -85.68493, 46.491113 ], [ -85.684959, 46.491227 ], [ -85.684999, 46.491351 ], [ -85.685016, 46.491457 ], [ -85.685023, 46.491547 ], [ -85.68508, 46.491687 ], [ -85.685139, 46.491779 ], [ -85.6852, 46.491842 ], [ -85.685248, 46.491884 ], [ -85.685305, 46.491918 ], [ -85.685419, 46.491958 ], [ -85.685498, 46.491977 ], [ -85.685611, 46.491999 ], [ -85.685734, 46.492019 ], [ -85.685861, 46.492045 ], [ -85.685967, 46.492071 ], [ -85.686183, 46.492133 ], [ -85.686406, 46.492215 ], [ -85.686467, 46.492262 ], [ -85.6865, 46.492317 ], [ -85.686522, 46.492368 ], [ -85.68656, 46.49242 ], [ -85.686579, 46.492448 ], [ -85.68667, 46.492486 ], [ -85.686721, 46.492529 ], [ -85.686784, 46.492547 ], [ -85.686853, 46.492557 ], [ -85.686938, 46.492574 ], [ -85.687072, 46.492593 ], [ -85.687228, 46.492614 ], [ -85.687333, 46.492625 ], [ -85.687433, 46.492633 ], [ -85.687525, 46.492648 ], [ -85.687659, 46.492676 ], [ -85.687727, 46.492701 ], [ -85.687803, 46.492723 ], [ -85.687855, 46.492751 ], [ -85.687916, 46.492777 ], [ -85.68798, 46.492815 ], [ -85.68805, 46.492838 ], [ -85.688121, 46.492848 ], [ -85.68821, 46.492839 ], [ -85.688319, 46.492821 ], [ -85.688381, 46.492796 ], [ -85.688449, 46.492786 ], [ -85.68851, 46.49277 ], [ -85.688609, 46.492752 ], [ -85.688719, 46.492748 ], [ -85.688845, 46.492746 ], [ -85.688985, 46.492748 ], [ -85.68909, 46.492752 ], [ -85.689194, 46.492749 ], [ -85.689287, 46.492738 ], [ -85.689396, 46.49272 ], [ -85.689461, 46.492707 ], [ -85.689541, 46.492693 ], [ -85.689629, 46.492686 ], [ -85.689722, 46.492689 ], [ -85.689868, 46.492692 ], [ -85.689986, 46.492694 ], [ -85.690113, 46.492697 ], [ -85.690302, 46.492701 ], [ -85.690432, 46.4927 ], [ -85.690554, 46.492698 ], [ -85.69065, 46.492705 ], [ -85.690767, 46.492722 ], [ -85.690838, 46.492714 ], [ -85.69101, 46.49271 ], [ -85.691142, 46.49272 ], [ -85.691275, 46.492723 ], [ -85.691344, 46.492724 ], [ -85.691414, 46.492725 ], [ -85.69148, 46.492727 ], [ -85.691618, 46.492733 ], [ -85.691844, 46.492748 ], [ -85.691916, 46.49275 ], [ -85.692063, 46.492743 ], [ -85.692248, 46.492707 ], [ -85.692374, 46.492691 ], [ -85.692509, 46.492688 ], [ -85.692578, 46.492687 ], [ -85.692644, 46.49269 ], [ -85.692714, 46.492696 ], [ -85.692788, 46.492705 ], [ -85.692918, 46.492735 ], [ -85.693034, 46.492768 ], [ -85.693098, 46.492781 ], [ -85.693161, 46.492797 ], [ -85.693224, 46.492812 ], [ -85.693289, 46.492825 ], [ -85.693481, 46.492853 ], [ -85.693815, 46.492875 ], [ -85.693934, 46.492877 ], [ -85.694041, 46.492884 ], [ -85.694129, 46.492904 ], [ -85.694223, 46.492928 ], [ -85.694344, 46.492972 ], [ -85.694531, 46.492558 ], [ -85.694594, 46.492548 ], [ -85.695043, 46.492397 ], [ -85.695435, 46.492214 ], [ -85.696057, 46.491801 ], [ -85.696184, 46.491281 ], [ -85.696244, 46.490958 ], [ -85.694947, 46.490272 ], [ -85.694889, 46.490153 ], [ -85.694855, 46.490104 ], [ -85.695675, 46.489978 ], [ -85.696421, 46.489883 ], [ -85.697037, 46.489872 ], [ -85.697576, 46.490073 ], [ -85.697798, 46.490396 ], [ -85.698058, 46.490538 ], [ -85.699235, 46.491358 ], [ -85.700656, 46.491428 ], [ -85.701142, 46.49137 ], [ -85.701398, 46.491759 ], [ -85.701576, 46.492221 ], [ -85.701517, 46.492616 ], [ -85.701401, 46.492813 ], [ -85.701361, 46.493208 ], [ -85.700984, 46.494083 ], [ -85.701096, 46.494571 ], [ -85.701111, 46.495289 ], [ -85.701291, 46.495533 ], [ -85.701709, 46.495784 ], [ -85.701994, 46.495917 ], [ -85.703033, 46.496176 ], [ -85.704527, 46.496635 ], [ -85.705764, 46.497165 ], [ -85.706487, 46.497661 ], [ -85.707133, 46.498078 ], [ -85.707904, 46.498419 ], [ -85.708621, 46.498705 ], [ -85.708692, 46.498733 ], [ -85.709331, 46.49916 ], [ -85.70947, 46.499318 ], [ -85.709888, 46.499851 ], [ -85.710128, 46.500067 ], [ -85.710336, 46.500191 ], [ -85.710495, 46.500371 ], [ -85.710775, 46.500586 ], [ -85.711353, 46.500933 ], [ -85.711712, 46.501266 ], [ -85.712051, 46.501412 ], [ -85.712651, 46.501517 ], [ -85.713091, 46.501574 ], [ -85.713402, 46.501581 ], [ -85.713724, 46.501556 ], [ -85.714023, 46.501445 ], [ -85.714345, 46.501148 ], [ -85.714897, 46.500742 ], [ -85.7151, 46.50021 ], [ -85.715111, 46.500044 ], [ -85.715074, 46.499588 ], [ -85.714958, 46.498758 ], [ -85.71494, 46.498351 ], [ -85.714994, 46.497646 ], [ -85.714966, 46.497148 ], [ -85.715011, 46.496454 ], [ -85.715039, 46.496346 ], [ -85.715328, 46.495925 ], [ -85.71572, 46.495583 ], [ -85.716066, 46.495136 ], [ -85.716431, 46.494597 ], [ -85.717147, 46.493795 ], [ -85.717852, 46.492875 ], [ -85.717998, 46.492349 ], [ -85.718139, 46.490834 ], [ -85.718414, 46.490121 ], [ -85.718202, 46.489721 ], [ -85.718055, 46.489283 ], [ -85.717976, 46.488414 ], [ -85.717672, 46.487712 ], [ -85.717275, 46.486994 ], [ -85.716808, 46.486425 ], [ -85.716593, 46.484561 ], [ -85.716349, 46.48396 ], [ -85.716235, 46.482732 ], [ -85.716397, 46.48058 ], [ -85.716306, 46.480068 ], [ -85.716271, 46.479999 ], [ -85.717395, 46.480244 ], [ -85.718215, 46.480092 ], [ -85.719595, 46.479928 ], [ -85.720601, 46.480027 ], [ -85.721467, 46.480087 ], [ -85.722035, 46.480114 ], [ -85.72306, 46.48011 ], [ -85.723843, 46.480144 ], [ -85.724504, 46.480236 ], [ -85.724913, 46.480405 ], [ -85.725133, 46.48043 ], [ -85.724897, 46.47998 ], [ -85.724489, 46.479419 ], [ -85.724139, 46.479199 ], [ -85.72437, 46.479122 ], [ -85.725032, 46.479047 ], [ -85.72934, 46.479332 ], [ -85.729993, 46.479264 ], [ -85.73159, 46.47941 ], [ -85.732345, 46.47936 ], [ -85.733621, 46.47946 ], [ -85.734896, 46.479598 ], [ -85.735168, 46.47938 ], [ -85.735345, 46.47929 ], [ -85.735623, 46.479113 ], [ -85.736409, 46.478945 ], [ -85.73682, 46.478714 ], [ -85.737073, 46.478535 ], [ -85.737719, 46.477397 ], [ -85.737788, 46.477069 ], [ -85.737169, 46.476038 ], [ -85.736993, 46.475696 ], [ -85.7368, 46.474836 ], [ -85.736768, 46.474138 ], [ -85.736955, 46.474016 ], [ -85.73719, 46.473669 ], [ -85.737427, 46.472871 ], [ -85.737255, 46.47219 ], [ -85.737198, 46.472027 ], [ -85.736854, 46.471782 ], [ -85.736813, 46.471668 ], [ -85.737765, 46.471643 ], [ -85.738625, 46.471554 ], [ -85.739604, 46.471518 ], [ -85.740349, 46.471507 ], [ -85.741356, 46.471549 ], [ -85.742694, 46.471595 ], [ -85.745431, 46.47184 ], [ -85.746394, 46.471843 ], [ -85.750034, 46.47173 ], [ -85.751226, 46.471677 ], [ -85.751684, 46.471634 ], [ -85.752292, 46.471579 ], [ -85.754493, 46.471514 ], [ -85.755555, 46.471363 ], [ -85.756116, 46.471322 ], [ -85.756849, 46.471253 ], [ -85.757033, 46.471204 ], [ -85.757786, 46.471206 ], [ -85.758102, 46.471143 ], [ -85.75855, 46.471116 ], [ -85.75908, 46.471117 ], [ -85.759925, 46.471112 ], [ -85.76131, 46.471094 ], [ -85.761768, 46.471112 ], [ -85.762154, 46.471164 ], [ -85.762369, 46.471113 ], [ -85.762604, 46.471114 ], [ -85.763316, 46.471137 ], [ -85.763765, 46.471095 ], [ -85.764375, 46.471118 ], [ -85.764813, 46.471112 ], [ -85.765129, 46.471154 ], [ -85.76628, 46.471044 ], [ -85.767156, 46.471074 ], [ -85.767624, 46.471033 ], [ -85.768348, 46.470992 ], [ -85.768877, 46.471015 ], [ -85.769213, 46.470966 ], [ -85.769549, 46.47096 ], [ -85.769947, 46.470967 ], [ -85.770415, 46.471025 ], [ -85.771005, 46.471075 ], [ -85.771606, 46.471027 ], [ -85.77238, 46.471029 ], [ -85.772838, 46.471072 ], [ -85.773103, 46.47103 ], [ -85.773633, 46.471031 ], [ -85.774845, 46.471006 ], [ -85.776097, 46.470988 ], [ -85.776007, 46.470734 ], [ -85.775861, 46.469087 ], [ -85.775991, 46.467258 ], [ -85.775873, 46.466202 ], [ -85.775763, 46.46566 ], [ -85.775676, 46.464615 ], [ -85.775549, 46.462712 ], [ -85.775502, 46.462437 ], [ -85.775401, 46.462092 ], [ -85.775371, 46.461749 ], [ -85.775363, 46.461257 ], [ -85.77488, 46.460859 ], [ -85.774228, 46.460529 ], [ -85.773437, 46.460247 ], [ -85.772948, 46.460036 ], [ -85.772208, 46.458261 ], [ -85.772111, 46.45783 ], [ -85.772142, 46.457406 ], [ -85.772203, 46.45482 ], [ -85.772063, 46.452925 ], [ -85.772045, 46.452309 ], [ -85.772086, 46.452158 ], [ -85.772195, 46.452022 ], [ -85.772265, 46.451967 ], [ -85.772357, 46.451869 ], [ -85.772197, 46.451707 ], [ -85.772118, 46.451017 ], [ -85.771927, 46.450856 ], [ -85.771602, 46.450763 ], [ -85.76995, 46.450685 ], [ -85.76882, 46.450222 ], [ -85.767588, 46.449988 ], [ -85.766421, 46.449845 ], [ -85.76626, 46.449752 ], [ -85.765579, 46.449635 ], [ -85.764646, 46.449057 ], [ -85.764667, 46.448345 ], [ -85.76438, 46.448067 ], [ -85.764562, 46.447922 ], [ -85.764603, 46.447703 ], [ -85.764636, 46.446845 ], [ -85.764572, 46.445586 ], [ -85.764432, 46.443827 ], [ -85.764413, 46.44369 ], [ -85.764504, 46.443225 ], [ -85.764631, 46.441208 ], [ -85.764633, 46.440736 ], [ -85.764222, 46.440402 ], [ -85.765694, 46.44043 ], [ -85.770191, 46.440452 ], [ -85.770394, 46.440443 ], [ -85.770849, 46.440454 ], [ -85.770976, 46.440455 ], [ -85.774342, 46.440482 ], [ -85.774916, 46.440394 ], [ -85.775679, 46.440252 ], [ -85.776294, 46.440007 ], [ -85.776779, 46.439762 ], [ -85.777117, 46.439516 ], [ -85.777437, 46.439193 ], [ -85.777692, 46.439155 ], [ -85.778544, 46.439047 ], [ -85.779365, 46.439049 ], [ -85.78624, 46.439701 ], [ -85.790058, 46.440112 ], [ -85.790444, 46.440181 ], [ -85.791056, 46.440429 ], [ -85.791461, 46.440635 ], [ -85.791921, 46.440994 ], [ -85.792141, 46.4413 ], [ -85.794412, 46.445375 ], [ -85.794605, 46.445789 ], [ -85.794617, 46.446018 ], [ -85.794437, 46.446462 ], [ -85.793978, 46.447385 ], [ -85.793755, 46.447955 ], [ -85.793817, 46.448164 ], [ -85.793866, 46.448294 ], [ -85.794313, 46.448826 ], [ -85.795808, 46.450309 ], [ -85.79633, 46.450905 ], [ -85.796644, 46.45157 ], [ -85.796972, 46.452044 ], [ -85.797048, 46.452241 ], [ -85.797104, 46.452911 ], [ -85.797331, 46.453233 ], [ -85.797597, 46.453514 ], [ -85.797873, 46.453864 ], [ -85.798049, 46.454019 ], [ -85.797998, 46.454705 ], [ -85.797836, 46.455799 ], [ -85.797805, 46.456107 ], [ -85.797824, 46.456347 ], [ -85.797921, 46.456812 ], [ -85.798039, 46.457033 ], [ -85.798127, 46.457196 ], [ -85.798855, 46.458476 ], [ -85.799042, 46.458791 ], [ -85.799426, 46.459373 ], [ -85.799574, 46.459579 ], [ -85.799741, 46.459716 ], [ -85.800018, 46.459915 ], [ -85.800512, 46.460203 ], [ -85.8007, 46.460279 ], [ -85.801144, 46.46058 ], [ -85.801302, 46.460765 ], [ -85.80144, 46.460889 ], [ -85.801587, 46.461105 ], [ -85.801873, 46.461416 ], [ -85.802428, 46.461915 ], [ -85.803554, 46.462867 ], [ -85.804643, 46.463798 ], [ -85.808638, 46.46715 ], [ -85.809043, 46.467657 ], [ -85.809206, 46.468053 ], [ -85.809222, 46.468194 ], [ -85.809264, 46.468579 ], [ -85.809273, 46.468776 ], [ -85.809252, 46.468998 ], [ -85.809333, 46.469555 ], [ -85.810138, 46.470812 ], [ -85.810731, 46.471319 ], [ -85.811809, 46.471637 ], [ -85.812395, 46.471722 ], [ -85.812904, 46.471762 ], [ -85.813473, 46.471782 ], [ -85.81902, 46.47216 ], [ -85.819607, 46.47237 ], [ -85.819938, 46.472556 ], [ -85.820166, 46.47272 ], [ -85.820615, 46.473108 ], [ -85.821888, 46.474119 ], [ -85.822318, 46.474665 ], [ -85.822821, 46.475396 ], [ -85.823388, 46.475911 ], [ -85.824021, 46.476318 ], [ -85.824791, 46.476681 ], [ -85.826317, 46.477082 ], [ -85.827667, 46.477321 ], [ -85.828743, 46.477563 ], [ -85.832612, 46.478432 ], [ -85.833082, 46.478489 ], [ -85.834036, 46.478434 ], [ -85.835148, 46.478258 ], [ -85.83569, 46.478151 ], [ -85.836894, 46.47793 ], [ -85.838438, 46.477768 ], [ -85.839398, 46.477629 ], [ -85.844411, 46.476996 ], [ -85.845634, 46.476992 ], [ -85.845835, 46.476979 ], [ -85.846918, 46.477025 ], [ -85.852545, 46.47733 ], [ -85.853145, 46.477363 ], [ -85.853697, 46.477332 ], [ -85.854169, 46.477272 ], [ -85.854891, 46.477181 ], [ -85.85775, 46.476474 ], [ -85.858421, 46.476316 ], [ -85.858825, 46.476266 ], [ -85.8608, 46.476104 ], [ -85.86167, 46.475958 ], [ -85.864791, 46.475452 ], [ -85.864924, 46.488605 ], [ -85.864949, 46.491114 ], [ -85.864958, 46.492044 ], [ -85.86495, 46.495477 ], [ -85.864934, 46.503524 ], [ -85.864932, 46.504758 ], [ -85.86491, 46.513354 ], [ -85.864901, 46.519286 ], [ -85.864685, 46.528358 ], [ -85.864538, 46.533689 ], [ -85.864549, 46.535624 ], [ -85.864555, 46.536715 ], [ -85.864583, 46.540578 ], [ -85.864582, 46.540728 ], [ -85.86458, 46.540879 ], [ -85.864585, 46.540947 ], [ -85.86459, 46.541181 ], [ -85.864587, 46.541248 ], [ -85.864602, 46.542197 ], [ -85.8646, 46.543251 ], [ -85.86462, 46.548245 ], [ -85.864543, 46.562674 ], [ -85.864615, 46.565751 ], [ -85.864822, 46.576984 ], [ -85.864648, 46.591695 ], [ -85.864523, 46.59668 ], [ -85.86451, 46.597031 ], [ -85.864499, 46.597332 ], [ -85.864498, 46.597413 ], [ -85.864491, 46.597687 ], [ -85.864496, 46.597929 ], [ -85.864485, 46.598274 ], [ -85.864472, 46.598652 ], [ -85.864463, 46.598783 ], [ -85.864462, 46.598824 ], [ -85.864457, 46.599036 ], [ -85.864415, 46.600544 ], [ -85.86441, 46.600795 ], [ -85.864404, 46.601046 ], [ -85.86427, 46.60619 ], [ -85.864516, 46.617782 ], [ -85.864574, 46.620768 ], [ -85.864539, 46.622699 ], [ -85.864544, 46.622845 ], [ -85.864479, 46.626497 ], [ -85.864467, 46.627192 ], [ -85.864461, 46.6275 ], [ -85.864455, 46.627839 ], [ -85.864429, 46.629007 ], [ -85.864525, 46.629373 ], [ -85.864491, 46.630832 ], [ -85.864597, 46.631958 ], [ -85.86463, 46.6323 ], [ -85.864647, 46.633046 ], [ -85.864656, 46.633457 ], [ -85.8646, 46.634186 ], [ -85.864488, 46.634326 ], [ -85.864406, 46.634294 ], [ -85.864342, 46.634269 ], [ -85.864319, 46.635321 ], [ -85.86443, 46.643125 ], [ -85.864518, 46.649413 ], [ -85.864535, 46.65349 ], [ -85.864538, 46.654947 ], [ -85.864549, 46.658674 ], [ -85.864572, 46.659696 ], [ -85.864565, 46.66368 ], [ -85.864567, 46.664422 ], [ -85.864723, 46.678951 ], [ -85.8647, 46.680233 ], [ -85.864558, 46.689921 ], [ -85.864473, 46.692465 ], [ -85.864184, 46.701214 ], [ -85.864155, 46.702662 ], [ -85.813636, 46.695992 ], [ -85.779321, 46.689246 ], [ -85.742954, 46.686753 ], [ -85.670805, 46.690712 ], [ -85.654967, 46.691006 ], [ -85.602616, 46.6869 ], [ -85.559942, 46.68294 ], [ -85.502311, 46.68602 ], [ -85.479141, 46.692912 ], [ -85.451132, 46.700684 ], [ -85.409926, 46.714615 ], [ -85.376784, 46.72488 ], [ -85.343789, 46.735439 ], [ -85.304929, 46.752596 ], [ -85.262695, 46.763155 ], [ -85.237123, 46.76637 ], [ -85.211929, 46.768714 ], [ -85.175671, 46.774487 ], [ -85.163358, 46.775546 ], [ -85.144309, 46.775926 ], [ -85.115678, 46.77498 ], [ -85.084043, 46.771068 ], [ -85.065134, 46.769917 ], [ -85.053872, 46.771895 ], [ -85.053831, 46.771042 ], [ -85.012871, 46.778575 ], [ -84.970931, 46.781907 ], [ -84.939503, 46.779523 ], [ -84.932535, 46.773793 ], [ -84.934706, 46.76744 ], [ -84.941063, 46.75752 ], [ -84.98712, 46.723672 ], [ -85.000081, 46.706156 ], [ -85.003846, 46.701069 ], [ -85.00994, 46.687257 ], [ -85.009794, 46.678312 ], [ -85.010244, 46.678266 ], [ -85.012373, 46.615931 ], [ -85.014305, 46.559312 ], [ -85.014331, 46.558544 ], [ -85.008385, 46.545673 ], [ -85.000377, 46.544042 ], [ -85.000083, 46.544054 ], [ -84.99043, 46.544436 ], [ -84.967018, 46.545362 ], [ -84.954719, 46.544397 ], [ -84.951647, 46.543487 ], [ -84.947574, 46.542237 ], [ -84.942533, 46.539324 ], [ -84.940374, 46.537321 ], [ -84.938312, 46.535125 ], [ -84.936419, 46.531769 ], [ -84.936035, 46.529126 ], [ -84.935377, 46.52587 ], [ -84.935324, 46.522503 ], [ -84.934812, 46.51799 ], [ -84.934368, 46.509015 ], [ -84.933238, 46.502084 ], [ -84.932108, 46.50002 ], [ -84.931091, 46.498164 ], [ -84.928386, 46.493823 ], [ -84.923981, 46.489317 ], [ -84.915863, 46.481579 ], [ -84.908045, 46.478713 ], [ -84.906396, 46.478108 ], [ -84.894876, 46.474729 ], [ -84.875713, 46.47589 ], [ -84.868438, 46.476646 ], [ -84.861467, 46.477355 ], [ -84.856549, 46.477053 ], [ -84.852504, 46.475415 ], [ -84.848968, 46.473907 ], [ -84.847092, 46.471583 ], [ -84.840655, 46.463592 ], [ -84.838041, 46.459654 ], [ -84.835322, 46.457319 ], [ -84.812824, 46.455361 ], [ -84.780967, 46.464716 ], [ -84.760649, 46.472467 ], [ -84.749417, 46.476118 ], [ -84.729586, 46.482369 ], [ -84.705819, 46.490058 ], [ -84.690323, 46.49447 ], [ -84.683751, 46.496393 ], [ -84.672862, 46.495659 ], [ -84.667453, 46.494648 ], [ -84.655538, 46.494301 ], [ -84.63931, 46.492459 ], [ -84.627021, 46.491082 ], [ -84.625053, 46.490208 ], [ -84.624012, 46.489746 ], [ -84.610045, 46.488628 ], [ -84.590882, 46.489093 ], [ -84.590378, 46.489171 ], [ -84.556976, 46.46065 ], [ -84.556962, 46.460639 ], [ -84.556909, 46.460634 ], [ -84.500047, 46.455184 ], [ -84.475594, 46.452864 ], [ -84.467249, 46.462772 ], [ -84.467172, 46.462864 ], [ -84.46691, 46.463174 ], [ -84.466262, 46.463943 ], [ -84.466107, 46.464127 ], [ -84.463322, 46.467435 ], [ -84.445149, 46.489016 ], [ -84.422227, 46.500022 ], [ -84.420274, 46.501077 ], [ -84.405749, 46.500022 ], [ -84.401372, 46.499714 ], [ -84.397227, 46.499422 ], [ -84.394725, 46.499242 ], [ -84.393143, 46.500022 ], [ -84.388296, 46.502337 ], [ -84.37504, 46.508669 ], [ -84.37504, 46.508599 ], [ -84.37399, 46.509099 ], [ -84.360765, 46.508462 ], [ -84.360639, 46.508456 ], [ -84.341959, 46.507505 ], [ -84.329466, 46.501862 ], [ -84.325371, 46.500021 ], [ -84.312882, 46.497228 ], [ -84.306944, 46.4959 ], [ -84.306082, 46.495707 ], [ -84.301533, 46.494696 ], [ -84.293016, 46.492803 ], [ -84.292795, 46.492803 ], [ -84.275814, 46.492821 ], [ -84.274434, 46.493027 ], [ -84.266865, 46.494221 ], [ -84.265542, 46.494404 ], [ -84.263921, 46.495373 ], [ -84.25612, 46.500033 ], [ -84.254857, 46.50079 ], [ -84.250033, 46.506221 ], [ -84.226131, 46.53392 ], [ -84.19402, 46.540149 ], [ -84.177428, 46.52692 ], [ -84.166027, 46.52622 ], [ -84.162055, 46.526861 ], [ -84.159098, 46.527339 ], [ -84.156493, 46.52776 ], [ -84.153144, 46.528301 ], [ -84.153027, 46.52832 ], [ -84.151855, 46.528825 ], [ -84.149006, 46.530051 ], [ -84.146745, 46.531025 ], [ -84.146526, 46.531119 ], [ -84.145836, 46.531226 ], [ -84.139426, 46.532219 ], [ -84.128925, 46.530119 ], [ -84.125025, 46.523712 ], [ -84.123325, 46.520919 ], [ -84.122647, 46.520505 ], [ -84.117925, 46.517619 ], [ -84.116989, 46.515734 ], [ -84.111252, 46.504174 ], [ -84.111225, 46.504119 ], [ -84.112885, 46.50002 ], [ -84.125026, 46.469878 ], [ -84.125026, 46.470143 ], [ -84.146172, 46.41852 ], [ -84.139485, 46.375019 ], [ -84.138906, 46.372221 ], [ -84.138167, 46.37089 ], [ -84.125025, 46.34721 ], [ -84.119122, 46.337014 ], [ -84.116815, 46.334317 ], [ -84.106247, 46.321963 ], [ -84.119332, 46.315173 ], [ -84.119629, 46.315013 ], [ -84.116395, 46.277134 ], [ -84.115563, 46.268225 ], [ -84.109497, 46.264229 ], [ -84.097766, 46.256512 ], [ -84.10222, 46.250017 ], [ -84.105138, 46.24565 ], [ -84.108021, 46.241339 ], [ -84.108089, 46.241238 ], [ -84.097389, 46.226247 ], [ -84.085785, 46.209991 ], [ -84.077027, 46.187558 ], [ -84.07131, 46.184513 ], [ -84.033464, 46.16435 ], [ -84.005685, 46.149551 ], [ -84.005804, 46.125018 ], [ -84.005873, 46.118469 ], [ -84.000012, 46.115267 ], [ -83.976196, 46.102587 ], [ -83.976134, 46.102554 ], [ -83.955424, 46.057188 ], [ -83.945239, 46.057875 ], [ -83.932026, 46.058767 ], [ -83.930961, 46.058844 ], [ -83.930039, 46.058911 ], [ -83.903737, 46.060819 ], [ -83.903474, 46.06091 ], [ -83.901898, 46.062189 ], [ -83.887383, 46.073082 ], [ -83.875007, 46.082465 ], [ -83.826243, 46.119288 ], [ -83.788365, 46.110081 ], [ -83.760391, 46.103379 ], [ -83.759529, 46.103173 ], [ -83.750004, 46.104858 ], [ -83.654647, 46.122055 ], [ -83.624999, 46.116331 ], [ -83.571467, 46.105998 ], [ -83.509782, 46.057889 ], [ -83.499993, 46.050412 ], [ -83.436102, 46.000022 ], [ -83.433558, 45.998895 ], [ -83.499992, 45.92685 ], [ -83.518515, 45.906694 ], [ -83.563118, 45.905626 ], [ -83.620123, 45.92398 ], [ -83.624996, 45.924194 ], [ -83.64145, 45.924849 ], [ -83.651293, 45.931708 ], [ -83.6593, 45.934895 ], [ -83.665419, 45.936294 ], [ -83.671316, 45.93527 ], [ -83.697103, 45.931062 ], [ -83.697592, 45.930981 ], [ -83.706721, 45.929467 ], [ -83.716911, 45.928571 ], [ -83.724206, 45.9293 ], [ -83.741558, 45.93202 ], [ -83.74962, 45.932965 ], [ -83.750001, 45.932987 ], [ -83.750001, 45.929171 ], [ -83.83542, 45.931761 ], [ -83.875003, 45.939489 ], [ -83.891828, 45.942666 ], [ -83.889896, 45.951413 ], [ -83.893103, 45.951512 ], [ -83.896392, 45.951519 ], [ -83.898865, 45.951467 ], [ -83.901827, 45.951368 ], [ -83.904499, 45.951406 ], [ -83.90875, 45.951926 ], [ -83.910128, 45.951747 ], [ -83.912, 45.951184 ], [ -83.919752, 45.951399 ], [ -83.923153, 45.951914 ], [ -83.926731, 45.953318 ], [ -83.929012, 45.957443 ], [ -83.929788, 45.957825 ], [ -83.932753, 45.957614 ], [ -83.933962, 45.957361 ], [ -83.941189, 45.958977 ], [ -83.954318, 45.955634 ], [ -83.970484, 45.949396 ], [ -83.983695, 45.945296 ], [ -83.995392, 45.942376 ], [ -84.002615, 45.943099 ], [ -84.030281, 45.945348 ], [ -84.042348, 45.949192 ], [ -84.053693, 45.953112 ], [ -84.059627, 45.955501 ], [ -84.062643, 45.956218 ], [ -84.076735, 45.955769 ], [ -84.086089, 45.955896 ], [ -84.091953, 45.956355 ], [ -84.095125, 45.956974 ], [ -84.100646, 45.958579 ], [ -84.105043, 45.960305 ], [ -84.108148, 45.962331 ], [ -84.109617, 45.964329 ], [ -84.110899, 45.96631 ], [ -84.112224, 45.968664 ], [ -84.114563, 45.969556 ], [ -84.114448, 45.973985 ], [ -84.114287, 45.978239 ], [ -84.117488, 45.977834 ], [ -84.117961, 45.977776 ], [ -84.12146, 45.977349 ], [ -84.124794, 45.976861 ], [ -84.125096, 45.97681 ], [ -84.126277, 45.97659 ], [ -84.12883, 45.976227 ], [ -84.12896, 45.976213 ], [ -84.132644, 45.975831 ], [ -84.132684, 45.975757 ], [ -84.132714, 45.975705 ], [ -84.132879, 45.975688 ], [ -84.132904, 45.975694 ], [ -84.132987, 45.975713 ], [ -84.135449, 45.975549 ], [ -84.135595, 45.97554 ], [ -84.140927, 45.97533 ], [ -84.14285, 45.975299 ], [ -84.145318, 45.975261 ], [ -84.145317, 45.974966 ], [ -84.145379, 45.974751 ], [ -84.1457, 45.974471 ], [ -84.145967, 45.97435 ], [ -84.146104, 45.974303 ], [ -84.146281, 45.974245 ], [ -84.146407, 45.974239 ], [ -84.146604, 45.974294 ], [ -84.146825, 45.974425 ], [ -84.146982, 45.974474 ], [ -84.14721, 45.974419 ], [ -84.147273, 45.974342 ], [ -84.147272, 45.974144 ], [ -84.147185, 45.974084 ], [ -84.147043, 45.97387 ], [ -84.147034, 45.973695 ], [ -84.147128, 45.973612 ], [ -84.147199, 45.97359 ], [ -84.14738, 45.973546 ], [ -84.147529, 45.973551 ], [ -84.147836, 45.973616 ], [ -84.148104, 45.97372 ], [ -84.149055, 45.973587 ], [ -84.149097, 45.973572 ], [ -84.149597, 45.973399 ], [ -84.149738, 45.973383 ], [ -84.149998, 45.973459 ], [ -84.150325, 45.973755 ], [ -84.169424, 45.966995 ], [ -84.169357, 45.966904 ], [ -84.16932, 45.966852 ], [ -84.169195, 45.966807 ], [ -84.169116, 45.966714 ], [ -84.169117, 45.966696 ], [ -84.169125, 45.96661 ], [ -84.169138, 45.966588 ], [ -84.169251, 45.966396 ], [ -84.169346, 45.966253 ], [ -84.169622, 45.965946 ], [ -84.169701, 45.965891 ], [ -84.169913, 45.965782 ], [ -84.170102, 45.965716 ], [ -84.170323, 45.965557 ], [ -84.170724, 45.96541 ], [ -84.170811, 45.96541 ], [ -84.170831, 45.965417 ], [ -84.170999, 45.965476 ], [ -84.171227, 45.96552 ], [ -84.171565, 45.965466 ], [ -84.171644, 45.965494 ], [ -84.171816, 45.965648 ], [ -84.171934, 45.965813 ], [ -84.172067, 45.965917 ], [ -84.172247, 45.965994 ], [ -84.172436, 45.966039 ], [ -84.173927, 45.966854 ], [ -84.174264, 45.967074 ], [ -84.174602, 45.967255 ], [ -84.174758, 45.967404 ], [ -84.17479, 45.96747 ], [ -84.175151, 45.967641 ], [ -84.175559, 45.967773 ], [ -84.17603, 45.967966 ], [ -84.176478, 45.968159 ], [ -84.176498, 45.96817 ], [ -84.176878, 45.968385 ], [ -84.176996, 45.968401 ], [ -84.177891, 45.968705 ], [ -84.178213, 45.968941 ], [ -84.17833, 45.969117 ], [ -84.178337, 45.969156 ], [ -84.182731, 45.968647 ], [ -84.195914, 45.967121 ], [ -84.200309, 45.966613 ], [ -84.20049, 45.966789 ], [ -84.200764, 45.966987 ], [ -84.20089, 45.967042 ], [ -84.20129, 45.967219 ], [ -84.201722, 45.967571 ], [ -84.202058, 45.967774 ], [ -84.20274, 45.968187 ], [ -84.202821, 45.968236 ], [ -84.203134, 45.968473 ], [ -84.203141, 45.968715 ], [ -84.205265, 45.968774 ], [ -84.211639, 45.968953 ], [ -84.213764, 45.969013 ], [ -84.213808, 45.968974 ], [ -84.213832, 45.968954 ], [ -84.213971, 45.968909 ], [ -84.21399, 45.968904 ], [ -84.21403, 45.968903 ], [ -84.213772, 45.967713 ], [ -84.219077, 45.967427 ], [ -84.218869, 45.968539 ], [ -84.238323, 45.96766 ], [ -84.238323, 45.967637 ], [ -84.238334, 45.967619 ], [ -84.238382, 45.967549 ], [ -84.238408, 45.967508 ], [ -84.238433, 45.967472 ], [ -84.253716, 45.957033 ], [ -84.254815, 45.955818 ], [ -84.256392, 45.955882 ], [ -84.261834, 45.956105 ], [ -84.261929, 45.956023 ], [ -84.262592, 45.955742 ], [ -84.262884, 45.955418 ], [ -84.263145, 45.955335 ], [ -84.263548, 45.955302 ], [ -84.263871, 45.95533 ], [ -84.264219, 45.955396 ], [ -84.264842, 45.955385 ], [ -84.265711, 45.955594 ], [ -84.266445, 45.955935 ], [ -84.266545, 45.956005 ], [ -84.266887, 45.956248 ], [ -84.267282, 45.956413 ], [ -84.26759, 45.956594 ], [ -84.268553, 45.95699 ], [ -84.269761, 45.957617 ], [ -84.270598, 45.957969 ], [ -84.270827, 45.958095 ], [ -84.271111, 45.958332 ], [ -84.271711, 45.958673 ], [ -84.272177, 45.958761 ], [ -84.27288, 45.958843 ], [ -84.27468, 45.958843 ], [ -84.274917, 45.958892 ], [ -84.275225, 45.959046 ], [ -84.275849, 45.959217 ], [ -84.276307, 45.959255 ], [ -84.276702, 45.959354 ], [ -84.277097, 45.959392 ], [ -84.278013, 45.959101 ], [ -84.278645, 45.958848 ], [ -84.279095, 45.958798 ], [ -84.279521, 45.958809 ], [ -84.279829, 45.958743 ], [ -84.280832, 45.958331 ], [ -84.280853, 45.958316 ], [ -84.281471, 45.957908 ], [ -84.281764, 45.957671 ], [ -84.282008, 45.957418 ], [ -84.282135, 45.95711 ], [ -84.282103, 45.956934 ], [ -84.281716, 45.956495 ], [ -84.281598, 45.95639 ], [ -84.281598, 45.956258 ], [ -84.281724, 45.95622 ], [ -84.281582, 45.956016 ], [ -84.281593, 45.95601 ], [ -84.282474, 45.955466 ], [ -84.282561, 45.955307 ], [ -84.282711, 45.955164 ], [ -84.282877, 45.955197 ], [ -84.283092, 45.955316 ], [ -84.285357, 45.955015 ], [ -84.292153, 45.954115 ], [ -84.294419, 45.953815 ], [ -84.29446, 45.953804 ], [ -84.29461, 45.953837 ], [ -84.294874, 45.954029 ], [ -84.294941, 45.954078 ], [ -84.295902, 45.95465 ], [ -84.296039, 45.954732 ], [ -84.296205, 45.954856 ], [ -84.296623, 45.955171 ], [ -84.296702, 45.955161 ], [ -84.296938, 45.955132 ], [ -84.297018, 45.955123 ], [ -84.297034, 45.955007 ], [ -84.297145, 45.954963 ], [ -84.297359, 45.955043 ], [ -84.297468, 45.955084 ], [ -84.301873, 45.955334 ], [ -84.315088, 45.956084 ], [ -84.319494, 45.956335 ], [ -84.31957, 45.956214 ], [ -84.319657, 45.956109 ], [ -84.319736, 45.956082 ], [ -84.319862, 45.956126 ], [ -84.320107, 45.95628 ], [ -84.320289, 45.956285 ], [ -84.320446, 45.956241 ], [ -84.320699, 45.956153 ], [ -84.320913, 45.956127 ], [ -84.321354, 45.956076 ], [ -84.321607, 45.955998 ], [ -84.321773, 45.955822 ], [ -84.321915, 45.955723 ], [ -84.322523, 45.955657 ], [ -84.32362, 45.955783 ], [ -84.323897, 45.955849 ], [ -84.324165, 45.955942 ], [ -84.324362, 45.956094 ], [ -84.324813, 45.956316 ], [ -84.325247, 45.9562 ], [ -84.325446, 45.956075 ], [ -84.325555, 45.956007 ], [ -84.325673, 45.955985 ], [ -84.325776, 45.956046 ], [ -84.3258, 45.956464 ], [ -84.325903, 45.956557 ], [ -84.326053, 45.956645 ], [ -84.326448, 45.956716 ], [ -84.326553, 45.95676 ], [ -84.326612, 45.956739 ], [ -84.326789, 45.956678 ], [ -84.326849, 45.956658 ], [ -84.326653, 45.956613 ], [ -84.326522, 45.956521 ], [ -84.326481, 45.956471 ], [ -84.326391, 45.956361 ], [ -84.326423, 45.956179 ], [ -84.326718, 45.956064 ], [ -84.32698, 45.956087 ], [ -84.327177, 45.956201 ], [ -84.327177, 45.95634 ], [ -84.327178, 45.956425 ], [ -84.327179, 45.956582 ], [ -84.327, 45.956623 ], [ -84.327158, 45.956604 ], [ -84.327316, 45.956585 ], [ -84.327633, 45.956546 ], [ -84.328741, 45.95641 ], [ -84.329532, 45.956313 ], [ -84.330166, 45.956236 ], [ -84.33034, 45.956054 ], [ -84.33047, 45.955817 ], [ -84.330574, 45.955564 ], [ -84.330632, 45.955427 ], [ -84.330781, 45.955284 ], [ -84.331042, 45.955207 ], [ -84.331476, 45.955251 ], [ -84.331729, 45.955311 ], [ -84.332392, 45.955185 ], [ -84.332779, 45.955184 ], [ -84.33285, 45.955184 ], [ -84.333245, 45.955113 ], [ -84.333568, 45.955112 ], [ -84.335913, 45.953279 ], [ -84.341651, 45.948799 ], [ -84.342496, 45.948137 ], [ -84.335836, 45.914108 ], [ -84.37758, 45.909983 ], [ -84.48986, 45.917457 ], [ -84.490485, 45.917453 ], [ -84.495828, 45.917415 ], [ -84.500039, 45.917325 ], [ -84.500427, 45.917316 ], [ -84.500968, 45.917314 ], [ -84.502028, 45.917312 ], [ -84.503134, 45.917333 ], [ -84.512613, 45.917427 ], [ -84.519972, 45.917526 ], [ -84.531536, 45.917468 ], [ -84.546036, 45.917544 ], [ -84.570929, 45.917709 ], [ -84.572791, 45.917722 ], [ -84.602483, 45.917803 ], [ -84.60905, 45.917964 ], [ -84.610386, 45.917313 ], [ -84.614395, 45.915361 ], [ -84.615732, 45.914711 ], [ -84.621639, 45.911835 ], [ -84.625045, 45.910178 ], [ -84.637215, 45.899913 ], [ -84.638893, 45.898498 ], [ -84.633168, 45.897886 ], [ -84.628311, 45.897477 ], [ -84.624885, 45.897426 ], [ -84.6233, 45.896914 ], [ -84.618085, 45.89354 ], [ -84.614762, 45.891853 ], [ -84.596872, 45.874303 ], [ -84.593237, 45.871708 ], [ -84.591959, 45.870584 ], [ -84.591294, 45.86905 ], [ -84.588891, 45.86726 ], [ -84.588226, 45.866698 ], [ -84.587408, 45.864397 ], [ -84.586641, 45.863426 ], [ -84.583676, 45.857699 ], [ -84.582653, 45.856626 ], [ -84.582295, 45.85499 ], [ -84.578827, 45.848842 ], [ -84.573793, 45.838067 ], [ -84.571119, 45.831364 ], [ -84.569864, 45.827236 ], [ -84.569666, 45.827368 ], [ -84.5696, 45.827699 ], [ -84.569468, 45.827963 ], [ -84.569137, 45.827996 ], [ -84.569005, 45.827831 ], [ -84.56926, 45.823311 ], [ -84.562007, 45.821474 ], [ -84.553871, 45.818497 ], [ -84.5449, 45.815395 ], [ -84.53891, 45.814528 ], [ -84.534896, 45.814692 ], [ -84.531674, 45.814989 ], [ -84.531074, 45.814959 ], [ -84.529652, 45.81489 ], [ -84.525888, 45.814436 ], [ -84.522265, 45.81461 ], [ -84.518126, 45.815433 ], [ -84.515072, 45.816012 ], [ -84.510988, 45.816247 ], [ -84.507435, 45.816341 ], [ -84.502563, 45.816054 ], [ -84.50245, 45.816048 ], [ -84.500039, 45.81588 ], [ -84.499293, 45.815382 ], [ -84.497637, 45.814447 ], [ -84.495706, 45.813271 ], [ -84.49128, 45.810507 ], [ -84.48344, 45.806864 ], [ -84.47597, 45.804429 ], [ -84.468901, 45.802621 ], [ -84.463374, 45.801651 ], [ -84.457225, 45.800415 ], [ -84.451779, 45.798849 ], [ -84.44701, 45.797243 ], [ -84.442862, 45.795685 ], [ -84.442758, 45.795656 ], [ -84.438727, 45.794538 ], [ -84.43375, 45.794043 ], [ -84.431613, 45.794387 ], [ -84.429313, 45.795319 ], [ -84.427691, 45.797419 ], [ -84.427046, 45.798859 ], [ -84.428316, 45.803643 ], [ -84.432298, 45.808937 ], [ -84.434986, 45.812273 ], [ -84.435696, 45.81423 ], [ -84.4355, 45.81526 ], [ -84.434798, 45.815912 ], [ -84.4329, 45.816731 ], [ -84.429818, 45.817155 ], [ -84.426128, 45.817361 ], [ -84.422392, 45.817043 ], [ -84.419921, 45.81638 ], [ -84.418932, 45.815912 ], [ -84.416658, 45.814839 ], [ -84.415027, 45.813251 ], [ -84.413653, 45.811534 ], [ -84.41108, 45.808319 ], [ -84.402502, 45.795918 ], [ -84.399992, 45.791478 ], [ -84.398925, 45.79043 ], [ -84.39749, 45.790002 ], [ -84.395903, 45.789757 ], [ -84.393513, 45.789851 ], [ -84.390377, 45.78967 ], [ -84.387827, 45.78936 ], [ -84.38483, 45.788455 ], [ -84.38259, 45.787332 ], [ -84.375029, 45.78324 ], [ -84.370508, 45.78147 ], [ -84.366279, 45.780145 ], [ -84.364077, 45.779724 ], [ -84.362904, 45.779501 ], [ -84.359525, 45.77922 ], [ -84.357671, 45.779029 ], [ -84.356608, 45.778724 ], [ -84.354084, 45.777756 ], [ -84.351518, 45.776402 ], [ -84.349811, 45.775021 ], [ -84.348772, 45.773323 ], [ -84.348222, 45.772023 ], [ -84.348128, 45.769688 ], [ -84.348822, 45.7676 ], [ -84.349358, 45.766654 ], [ -84.350884, 45.765135 ], [ -84.354439, 45.762142 ], [ -84.35599, 45.760317 ], [ -84.356536, 45.759472 ], [ -84.357116, 45.758578 ], [ -84.358271, 45.75754 ], [ -84.360433, 45.755245 ], [ -84.361431, 45.75373 ], [ -84.361576, 45.752862 ], [ -84.361447, 45.751895 ], [ -84.360547, 45.750012 ], [ -84.360352, 45.74925 ], [ -84.3604, 45.748494 ], [ -84.360731, 45.747188 ], [ -84.360748, 45.747157 ], [ -84.362009, 45.745522 ], [ -84.363128, 45.744104 ], [ -84.3657, 45.741579 ], [ -84.368156, 45.739933 ], [ -84.370385, 45.739082 ], [ -84.372353, 45.73861 ], [ -84.372973, 45.738416 ], [ -84.37333, 45.738206 ], [ -84.374391, 45.737726 ], [ -84.375028, 45.737397 ], [ -84.376122, 45.736984 ], [ -84.378268, 45.736529 ], [ -84.381874, 45.735196 ], [ -84.383493, 45.734016 ], [ -84.385102, 45.731839 ], [ -84.387112, 45.728338 ], [ -84.386917, 45.726995 ], [ -84.387282, 45.725673 ], [ -84.389325, 45.723204 ], [ -84.391507, 45.721886 ], [ -84.395324, 45.720772 ], [ -84.397616, 45.720075 ], [ -84.399688, 45.718923 ], [ -84.400639, 45.718464 ], [ -84.403839, 45.716922 ], [ -84.406309, 45.716335 ], [ -84.409584, 45.716332 ], [ -84.411983, 45.716532 ], [ -84.41307, 45.716582 ], [ -84.413935, 45.71626 ], [ -84.41746, 45.715353 ], [ -84.421073, 45.715084 ], [ -84.42465, 45.715669 ], [ -84.43019, 45.717819 ], [ -84.438811, 45.721918 ], [ -84.440111, 45.722136 ], [ -84.441951, 45.722165 ], [ -84.447713, 45.721196 ], [ -84.450499, 45.721088 ], [ -84.451408, 45.721253 ], [ -84.455483, 45.721992 ], [ -84.469007, 45.727034 ], [ -84.47267, 45.727619 ], [ -84.475972, 45.727329 ], [ -84.476105, 45.727317 ], [ -84.476702, 45.727266 ], [ -84.47692, 45.727228 ], [ -84.481793, 45.726392 ], [ -84.484686, 45.726317 ], [ -84.486156, 45.72641 ], [ -84.488029, 45.726698 ], [ -84.493348, 45.72855 ], [ -84.500038, 45.732013 ], [ -84.50307, 45.733651 ], [ -84.505703, 45.735446 ], [ -84.508368, 45.737835 ], [ -84.512811, 45.744804 ], [ -84.513927, 45.750012 ], [ -84.515026, 45.751868 ], [ -84.516374, 45.753186 ], [ -84.519373, 45.754715 ], [ -84.524636, 45.756931 ], [ -84.528141, 45.758437 ], [ -84.530578, 45.760003 ], [ -84.53269, 45.762612 ], [ -84.534779, 45.765286 ], [ -84.536026, 45.766515 ], [ -84.540992, 45.771311 ], [ -84.542416, 45.772732 ], [ -84.545051, 45.775363 ], [ -84.548714, 45.779854 ], [ -84.551843, 45.783933 ], [ -84.553632, 45.785904 ], [ -84.555155, 45.787175 ], [ -84.558234, 45.788888 ], [ -84.564149, 45.791757 ], [ -84.569665, 45.794455 ], [ -84.576454, 45.797303 ], [ -84.582718, 45.79994 ], [ -84.587237, 45.802608 ], [ -84.589897, 45.804675 ], [ -84.590072, 45.804811 ], [ -84.590435, 45.805093 ], [ -84.593078, 45.807897 ], [ -84.594291, 45.810147 ], [ -84.594315, 45.810291 ], [ -84.610816, 45.814185 ], [ -84.613127, 45.814731 ], [ -84.633122, 45.829019 ], [ -84.637431, 45.832096 ], [ -84.64017, 45.836023 ], [ -84.64079, 45.837211 ], [ -84.642546, 45.838503 ], [ -84.64544, 45.839588 ], [ -84.648127, 45.839898 ], [ -84.649625, 45.840363 ], [ -84.652725, 45.841655 ], [ -84.655412, 45.843411 ], [ -84.65753, 45.844755 ], [ -84.659856, 45.846822 ], [ -84.663472, 45.850077 ], [ -84.665281, 45.851472 ], [ -84.666676, 45.853332 ], [ -84.667348, 45.8539 ], [ -84.668491, 45.85516 ], [ -84.668983, 45.855676 ], [ -84.671001, 45.856961 ], [ -84.672285, 45.858612 ], [ -84.672285, 45.859529 ], [ -84.671918, 45.860125 ], [ -84.672239, 45.860996 ], [ -84.672193, 45.862097 ], [ -84.672239, 45.862877 ], [ -84.671001, 45.86572 ], [ -84.671184, 45.866362 ], [ -84.671459, 45.867509 ], [ -84.671414, 45.868472 ], [ -84.670771, 45.869985 ], [ -84.669763, 45.870903 ], [ -84.669304, 45.871912 ], [ -84.669166, 45.872691 ], [ -84.66857, 45.873884 ], [ -84.666506, 45.877094 ], [ -84.66646, 45.878057 ], [ -84.666781, 45.879158 ], [ -84.667332, 45.880992 ], [ -84.668249, 45.884753 ], [ -84.668708, 45.886221 ], [ -84.668249, 45.887092 ], [ -84.663663, 45.893238 ], [ -84.65949, 45.896537 ], [ -84.671138, 45.89671 ], [ -84.698358, 45.897113 ], [ -84.711631, 45.89731 ], [ -84.712334, 45.897308 ], [ -84.716696, 45.897297 ], [ -84.729785, 45.897268 ], [ -84.734148, 45.897258 ], [ -84.734081, 45.897201 ], [ -84.734072, 45.897193 ], [ -84.733539, 45.897065 ], [ -84.733219, 45.896893 ], [ -84.732936, 45.896859 ], [ -84.73252, 45.89672 ], [ -84.732285, 45.896604 ], [ -84.732141, 45.896557 ], [ -84.732097, 45.896543 ], [ -84.731972, 45.896476 ], [ -84.731918, 45.89635 ], [ -84.731521, 45.895942 ], [ -84.731379, 45.895903 ], [ -84.731222, 45.895924 ], [ -84.731167, 45.895869 ], [ -84.731207, 45.895781 ], [ -84.730815, 45.895719 ], [ -84.730471, 45.895531 ], [ -84.730189, 45.895316 ], [ -84.729907, 45.895282 ], [ -84.729639, 45.895335 ], [ -84.729482, 45.895263 ], [ -84.728802, 45.894821 ], [ -84.728582, 45.89476 ], [ -84.728434, 45.894644 ], [ -84.728124, 45.894148 ], [ -84.728015, 45.894038 ], [ -84.728103, 45.89377 ], [ -84.727792, 45.893379 ], [ -84.727739, 45.893197 ], [ -84.727515, 45.893073 ], [ -84.727489, 45.893059 ], [ -84.727019, 45.892854 ], [ -84.726754, 45.892584 ], [ -84.726413, 45.892337 ], [ -84.726199, 45.892213 ], [ -84.725674, 45.892024 ], [ -84.726062, 45.891691 ], [ -84.726079, 45.891554 ], [ -84.726205, 45.891284 ], [ -84.726223, 45.891247 ], [ -84.726292, 45.890545 ], [ -84.726212, 45.889804 ], [ -84.725886, 45.889303 ], [ -84.725817, 45.889083 ], [ -84.72538, 45.888794 ], [ -84.725348, 45.888773 ], [ -84.725413, 45.888625 ], [ -84.725166, 45.888021 ], [ -84.725167, 45.887927 ], [ -84.725342, 45.887697 ], [ -84.725038, 45.887372 ], [ -84.724905, 45.887333 ], [ -84.724818, 45.88736 ], [ -84.724679, 45.887486 ], [ -84.724565, 45.88759 ], [ -84.724455, 45.887545 ], [ -84.724472, 45.887441 ], [ -84.724734, 45.887113 ], [ -84.724768, 45.886866 ], [ -84.724487, 45.886601 ], [ -84.724477, 45.88597 ], [ -84.724416, 45.885706 ], [ -84.724395, 45.885421 ], [ -84.724264, 45.885107 ], [ -84.723945, 45.884787 ], [ -84.723923, 45.884753 ], [ -84.72386, 45.884655 ], [ -84.723917, 45.884431 ], [ -84.723871, 45.884222 ], [ -84.723794, 45.884117 ], [ -84.723668, 45.884067 ], [ -84.723551, 45.883968 ], [ -84.723615, 45.883858 ], [ -84.723614, 45.883815 ], [ -84.723603, 45.883436 ], [ -84.723595, 45.883421 ], [ -84.723472, 45.883188 ], [ -84.723466, 45.882947 ], [ -84.723505, 45.882713 ], [ -84.723455, 45.882452 ], [ -84.723385, 45.882289 ], [ -84.723339, 45.882183 ], [ -84.723301, 45.881907 ], [ -84.723286, 45.881796 ], [ -84.723258, 45.88159 ], [ -84.723273, 45.881464 ], [ -84.723287, 45.881354 ], [ -84.72329, 45.881332 ], [ -84.723356, 45.881118 ], [ -84.723318, 45.880964 ], [ -84.723171, 45.880793 ], [ -84.7231, 45.880749 ], [ -84.722888, 45.880726 ], [ -84.722834, 45.880644 ], [ -84.722796, 45.880468 ], [ -84.72268, 45.880325 ], [ -84.722603, 45.880088 ], [ -84.722581, 45.879913 ], [ -84.722551, 45.879844 ], [ -84.722489, 45.879698 ], [ -84.722287, 45.879417 ], [ -84.722245, 45.878791 ], [ -84.72231, 45.87861 ], [ -84.722087, 45.877995 ], [ -84.722059, 45.877649 ], [ -84.721786, 45.877428 ], [ -84.721741, 45.877148 ], [ -84.721311, 45.876866 ], [ -84.721187, 45.876657 ], [ -84.720447, 45.875013 ], [ -84.720379, 45.874881 ], [ -84.720278, 45.874684 ], [ -84.720286, 45.874591 ], [ -84.720381, 45.874541 ], [ -84.720736, 45.874482 ], [ -84.720799, 45.874367 ], [ -84.720778, 45.874004 ], [ -84.720984, 45.873785 ], [ -84.721271, 45.873908 ], [ -84.721118, 45.873712 ], [ -84.720491, 45.872903 ], [ -84.718154, 45.869888 ], [ -84.717375, 45.868884 ], [ -84.715493, 45.868468 ], [ -84.715369, 45.868441 ], [ -84.714934, 45.868328 ], [ -84.713645, 45.868048 ], [ -84.709903, 45.866999 ], [ -84.708048, 45.866479 ], [ -84.696315, 45.856712 ], [ -84.698494, 45.84556 ], [ -84.704699, 45.84487 ], [ -84.706569, 45.844663 ], [ -84.719387, 45.842612 ], [ -84.723906, 45.841656 ], [ -84.724472, 45.837914 ], [ -84.724627, 45.83692 ], [ -84.72481, 45.836839 ], [ -84.724932, 45.836858 ], [ -84.72633, 45.827536 ], [ -84.726428, 45.827528 ], [ -84.726534, 45.827527 ], [ -84.728439, 45.827505 ], [ -84.734145, 45.827438 ], [ -84.756093, 45.82852 ], [ -84.774812, 45.833993 ], [ -84.778623, 45.843776 ], [ -84.780752, 45.847711 ], [ -84.795337, 45.853363 ], [ -84.812202, 45.858007 ], [ -84.817881, 45.857318 ], [ -84.83675, 45.854249 ], [ -84.851408, 45.851214 ], [ -84.861503, 45.849663 ], [ -84.868595, 45.850027 ], [ -84.876194, 45.853113 ], [ -84.882613, 45.856322 ], [ -84.886704, 45.859819 ], [ -84.887889, 45.865397 ], [ -84.883839, 45.871755 ], [ -84.87474, 45.878653 ], [ -84.867591, 45.884428 ], [ -84.866806, 45.892399 ], [ -84.866913, 45.89254 ], [ -84.868478, 45.89461 ], [ -84.871563, 45.89614 ], [ -84.881395, 45.905374 ], [ -84.892711, 45.912308 ], [ -84.907646, 45.917021 ], [ -84.920203, 45.920898 ], [ -84.930827, 45.932578 ], [ -84.933854, 45.938602 ], [ -84.94293, 45.946667 ], [ -84.978959, 45.976852 ], [ -84.994822, 45.992624 ], [ -84.997238, 45.997893 ], [ -84.999748, 46.001229 ], [ -85.000866, 46.0011 ], [ -85.003636, 46.001834 ], [ -85.039231, 46.00625 ], [ -85.050245, 46.007823 ], [ -85.096496, 46.013127 ], [ -85.162679, 46.023687 ], [ -85.212582, 46.029826 ], [ -85.261776, 46.033755 ], [ -85.305662, 46.052172 ], [ -85.329729, 46.074273 ], [ -85.342289, 46.083114 ], [ -85.342291, 46.082924 ], [ -85.35507, 46.075087 ], [ -85.368041, 46.067127 ], [ -85.379279, 46.066043 ], [ -85.38553, 46.066921 ], [ -85.396721, 46.069517 ], [ -85.417844, 46.070962 ], [ -85.43748, 46.062806 ], [ -85.460388, 46.060637 ], [ -85.477357, 46.06406 ], [ -85.496238, 46.067865 ], [ -85.506651, 46.066006 ], [ -85.530508, 46.0448 ], [ -85.531413, 46.043617 ], [ -85.580286, 45.992755 ], [ -85.59722, 45.975105 ], [ -85.610311, 45.95546 ], [ -85.623401, 45.946865 ], [ -85.655568, 45.936233 ], [ -85.705242, 45.928072 ], [ -85.770392, 45.933108 ], [ -85.807834, 45.941443 ], [ -85.832047, 45.940401 ], [ -85.865745, 45.934671 ], [ -85.866173, 45.93464 ], [ -85.866035, 45.940004 ], [ -85.865616, 45.956257 ], [ -85.865608, 45.956536 ], [ -85.865587, 45.957376 ], [ -85.86558, 45.957657 ], [ -85.865544, 45.959776 ], [ -85.865501, 45.962286 ], [ -85.865437, 45.966133 ], [ -85.865402, 45.968253 ], [ -85.864276, 45.968191 ], [ -85.862178, 45.968098 ] ], [ [ -85.265941, 46.658441 ], [ -85.266015, 46.654304 ], [ -85.276733, 46.65431 ], [ -85.276848, 46.650508 ], [ -85.287038, 46.650137 ], [ -85.287107, 46.646168 ], [ -85.307855, 46.646335 ], [ -85.308172, 46.641999 ], [ -85.323952, 46.642149 ], [ -85.323802, 46.624739 ], [ -85.324048, 46.599855 ], [ -85.313641, 46.599923 ], [ -85.313654, 46.59332 ], [ -85.270999, 46.593556 ], [ -85.271017, 46.586415 ], [ -85.291756, 46.586371 ], [ -85.291755, 46.585745 ], [ -85.291749, 46.584212 ], [ -85.291724, 46.578928 ], [ -85.291712, 46.573227 ], [ -85.291698, 46.569934 ], [ -85.291702, 46.56543 ], [ -85.29172, 46.564161 ], [ -85.291713, 46.556599 ], [ -85.287105, 46.556528 ], [ -85.286218, 46.556564 ], [ -85.286221, 46.556902 ], [ -85.286306, 46.566228 ], [ -85.286314, 46.567132 ], [ -85.286338, 46.569814 ], [ -85.286358, 46.571947 ], [ -85.286418, 46.5786 ], [ -85.274338, 46.57867 ], [ -85.270782, 46.578692 ], [ -85.270689, 46.5754 ], [ -85.270659, 46.574321 ], [ -85.270644, 46.573835 ], [ -85.270593, 46.571977 ], [ -85.270637, 46.57184 ], [ -85.270469, 46.571472 ], [ -85.26931, 46.571476 ], [ -85.268532, 46.57126 ], [ -85.267618, 46.570902 ], [ -85.266581, 46.570686 ], [ -85.26622, 46.57096 ], [ -85.265765, 46.570868 ], [ -85.265382, 46.570852 ], [ -85.265063, 46.570698 ], [ -85.26488, 46.57072 ], [ -85.264378, 46.570902 ], [ -85.264044, 46.570963 ], [ -85.263733, 46.570903 ], [ -85.263557, 46.570904 ], [ -85.262999, 46.570679 ], [ -85.262876, 46.570573 ], [ -85.261827, 46.570422 ], [ -85.261468, 46.570433 ], [ -85.261253, 46.570362 ], [ -85.260862, 46.570307 ], [ -85.260108, 46.570269 ], [ -85.260087, 46.569152 ], [ -85.259998, 46.564764 ], [ -85.254833, 46.564826 ], [ -85.249986, 46.564884 ], [ -85.238883, 46.564468 ], [ -85.23905, 46.574183 ], [ -85.239083, 46.575971 ], [ -85.239131, 46.578851 ], [ -85.239148, 46.58403 ], [ -85.23915, 46.585024 ], [ -85.239194, 46.593106 ], [ -85.239194, 46.593129 ], [ -85.239208, 46.595823 ], [ -85.239253, 46.6005 ], [ -85.239322, 46.607718 ], [ -85.239256, 46.616382 ], [ -85.239248, 46.617485 ], [ -85.239214, 46.621942 ], [ -85.239206, 46.622775 ], [ -85.2391, 46.63712 ], [ -85.239102, 46.639327 ], [ -85.239121, 46.653071 ], [ -85.239125, 46.654341 ], [ -85.239138, 46.658718 ], [ -85.250384, 46.658186 ], [ -85.265941, 46.658441 ] ] ], [ [ [ -83.149452, 41.243567 ], [ -83.149427, 41.244645 ], [ -83.149409, 41.24519 ], [ -83.14933, 41.24635 ], [ -83.149337, 41.246474 ], [ -83.149358, 41.246596 ], [ -83.149379, 41.246668 ], [ -83.141657, 41.24661 ], [ -83.141414, 41.245865 ], [ -83.141352, 41.244612 ], [ -83.141503, 41.243952 ], [ -83.141895, 41.242994 ], [ -83.142497, 41.242037 ], [ -83.143494, 41.241285 ], [ -83.144491, 41.240033 ], [ -83.144823, 41.239615 ], [ -83.145254, 41.239362 ], [ -83.14568, 41.239111 ], [ -83.146848, 41.238457 ], [ -83.14757, 41.237472 ], [ -83.147811, 41.236901 ], [ -83.14784, 41.23642 ], [ -83.147793, 41.236272 ], [ -83.149853, 41.236261 ], [ -83.149795, 41.236482 ], [ -83.149713, 41.236854 ], [ -83.149673, 41.237126 ], [ -83.149638, 41.237468 ], [ -83.149611, 41.238073 ], [ -83.149594, 41.238461 ], [ -83.149571, 41.23918 ], [ -83.149551, 41.23918 ], [ -83.149543, 41.239837 ], [ -83.149537, 41.239997 ], [ -83.149532, 41.240376 ], [ -83.149524, 41.240929 ], [ -83.150374, 41.240929 ], [ -83.150397, 41.241003 ], [ -83.150391, 41.241099 ], [ -83.150389, 41.241151 ], [ -83.150389, 41.241265 ], [ -83.150388, 41.241328 ], [ -83.150386, 41.241392 ], [ -83.150384, 41.241455 ], [ -83.150381, 41.241519 ], [ -83.150379, 41.241538 ], [ -83.149515, 41.241522 ], [ -83.14946, 41.2432 ], [ -83.149452, 41.243567 ] ] ], [ [ [ -82.839201, 41.65112 ], [ -82.837872, 41.652454 ], [ -82.837354, 41.653209 ], [ -82.835129, 41.656389 ], [ -82.834092, 41.657121 ], [ -82.83336, 41.657487 ], [ -82.830799, 41.657899 ], [ -82.830158, 41.658014 ], [ -82.829091, 41.658448 ], [ -82.827474, 41.659249 ], [ -82.826285, 41.659684 ], [ -82.825522, 41.65973 ], [ -82.824821, 41.659524 ], [ -82.824731, 41.659428 ], [ -82.808587, 41.661682 ], [ -82.806575, 41.663406 ], [ -82.805281, 41.66437 ], [ -82.805057, 41.664414 ], [ -82.80465, 41.664415 ], [ -82.803156, 41.664054 ], [ -82.802821, 41.66405 ], [ -82.802121, 41.664428 ], [ -82.801543, 41.664899 ], [ -82.800202, 41.665248 ], [ -82.799259, 41.665236 ], [ -82.797888, 41.665426 ], [ -82.797754, 41.665461 ], [ -82.797217, 41.665607 ], [ -82.796333, 41.665973 ], [ -82.795418, 41.66595 ], [ -82.795236, 41.665871 ], [ -82.793832, 41.665263 ], [ -82.793069, 41.664692 ], [ -82.793266, 41.664495 ], [ -82.793751, 41.664011 ], [ -82.793802, 41.66396 ], [ -82.794198, 41.662496 ], [ -82.794534, 41.661993 ], [ -82.795584, 41.661296 ], [ -82.795602, 41.661284 ], [ -82.796029, 41.660804 ], [ -82.796179, 41.660475 ], [ -82.796421, 41.659945 ], [ -82.796822, 41.659066 ], [ -82.797493, 41.658197 ], [ -82.798256, 41.657649 ], [ -82.798957, 41.657214 ], [ -82.79972, 41.6571 ], [ -82.800482, 41.656459 ], [ -82.801855, 41.655796 ], [ -82.802404, 41.655179 ], [ -82.802526, 41.654554 ], [ -82.802556, 41.654401 ], [ -82.802741, 41.653852 ], [ -82.803137, 41.653601 ], [ -82.803533, 41.653555 ], [ -82.8053, 41.653749 ], [ -82.80753, 41.655041 ], [ -82.807935, 41.655019 ], [ -82.808263, 41.655002 ], [ -82.80975, 41.654265 ], [ -82.811425, 41.653156 ], [ -82.811838, 41.652843 ], [ -82.811966, 41.652748 ], [ -82.812449, 41.652717 ], [ -82.812599, 41.652536 ], [ -82.812599, 41.652235 ], [ -82.812388, 41.652144 ], [ -82.812237, 41.652084 ], [ -82.812177, 41.651903 ], [ -82.812117, 41.651691 ], [ -82.812513, 41.65111 ], [ -82.812591, 41.651039 ], [ -82.812926, 41.650376 ], [ -82.813048, 41.64953 ], [ -82.812774, 41.648683 ], [ -82.812255, 41.647746 ], [ -82.812255, 41.647044 ], [ -82.812255, 41.646945 ], [ -82.812408, 41.645939 ], [ -82.812499, 41.645847 ], [ -82.812743, 41.644772 ], [ -82.813154, 41.644194 ], [ -82.813231, 41.644086 ], [ -82.81361, 41.643801 ], [ -82.813749, 41.643697 ], [ -82.814149, 41.643573 ], [ -82.816188, 41.642942 ], [ -82.816707, 41.642348 ], [ -82.817012, 41.641776 ], [ -82.817682, 41.641501 ], [ -82.817907, 41.641448 ], [ -82.818488, 41.64131 ], [ -82.818841, 41.641227 ], [ -82.81939, 41.640701 ], [ -82.819877, 41.639831 ], [ -82.820054, 41.639742 ], [ -82.821191, 41.639186 ], [ -82.821754, 41.638912 ], [ -82.822469, 41.638573 ], [ -82.823536, 41.637956 ], [ -82.824084, 41.636972 ], [ -82.824999, 41.636149 ], [ -82.827011, 41.633701 ], [ -82.828474, 41.633015 ], [ -82.830578, 41.632099 ], [ -82.831292, 41.631436 ], [ -82.831858, 41.63091 ], [ -82.833169, 41.630093 ], [ -82.83329, 41.630018 ], [ -82.834662, 41.629331 ], [ -82.83521, 41.629194 ], [ -82.83582, 41.629125 ], [ -82.837279, 41.628948 ], [ -82.838472, 41.628804 ], [ -82.84149, 41.628163 ], [ -82.841673, 41.62814 ], [ -82.842099, 41.628323 ], [ -82.841985, 41.629403 ], [ -82.841978, 41.629467 ], [ -82.841064, 41.630611 ], [ -82.840668, 41.631411 ], [ -82.840242, 41.632076 ], [ -82.840243, 41.633242 ], [ -82.840426, 41.634111 ], [ -82.84003, 41.634843 ], [ -82.838842, 41.635805 ], [ -82.838324, 41.636583 ], [ -82.838019, 41.637269 ], [ -82.838111, 41.638047 ], [ -82.837869, 41.639419 ], [ -82.83732, 41.640541 ], [ -82.837259, 41.640907 ], [ -82.836886, 41.642172 ], [ -82.838267, 41.643216 ], [ -82.838814, 41.64349 ], [ -82.840278, 41.643604 ], [ -82.840857, 41.643856 ], [ -82.841315, 41.644289 ], [ -82.841772, 41.644403 ], [ -82.843906, 41.645477 ], [ -82.843937, 41.645934 ], [ -82.843791, 41.646843 ], [ -82.843649, 41.647149 ], [ -82.843191, 41.647584 ], [ -82.842814, 41.647767 ], [ -82.841956, 41.648405 ], [ -82.841469, 41.648908 ], [ -82.841073, 41.649549 ], [ -82.840801, 41.649741 ], [ -82.840036, 41.650281 ], [ -82.839201, 41.65112 ] ] ], [ [ [ -82.856089, 41.68221 ], [ -82.856046, 41.682316 ], [ -82.855993, 41.682325 ], [ -82.855911, 41.682277 ], [ -82.855873, 41.682224 ], [ -82.85583, 41.6822 ], [ -82.855705, 41.68221 ], [ -82.855546, 41.68221 ], [ -82.855378, 41.682167 ], [ -82.855292, 41.682148 ], [ -82.85522, 41.682181 ], [ -82.855138, 41.682167 ], [ -82.855071, 41.68209 ], [ -82.855004, 41.682061 ], [ -82.854989, 41.682133 ], [ -82.854922, 41.682186 ], [ -82.854759, 41.682138 ], [ -82.854667, 41.682013 ], [ -82.854653, 41.681951 ], [ -82.854619, 41.681874 ], [ -82.854504, 41.681836 ], [ -82.854399, 41.681821 ], [ -82.854216, 41.681624 ], [ -82.854096, 41.681427 ], [ -82.853971, 41.681288 ], [ -82.853707, 41.681106 ], [ -82.853453, 41.680995 ], [ -82.853212, 41.680942 ], [ -82.852977, 41.680899 ], [ -82.852718, 41.680753 ], [ -82.852526, 41.680733 ], [ -82.852353, 41.680753 ], [ -82.852228, 41.680753 ], [ -82.852122, 41.680762 ], [ -82.851902, 41.680772 ], [ -82.851748, 41.680753 ], [ -82.851383, 41.680743 ], [ -82.851143, 41.680705 ], [ -82.850797, 41.680685 ], [ -82.850509, 41.680685 ], [ -82.85023, 41.680676 ], [ -82.849962, 41.680647 ], [ -82.849731, 41.680618 ], [ -82.849472, 41.68057 ], [ -82.849212, 41.680561 ], [ -82.84904, 41.680551 ], [ -82.848915, 41.680503 ], [ -82.848809, 41.680503 ], [ -82.848732, 41.680513 ], [ -82.848646, 41.680445 ], [ -82.848377, 41.680378 ], [ -82.848242, 41.680378 ], [ -82.848146, 41.680455 ], [ -82.848041, 41.680436 ], [ -82.847878, 41.680311 ], [ -82.847618, 41.680224 ], [ -82.847061, 41.680032 ], [ -82.846831, 41.679879 ], [ -82.8466, 41.679754 ], [ -82.84636, 41.679639 ], [ -82.846178, 41.6796 ], [ -82.846091, 41.679555 ], [ -82.846101, 41.679487 ], [ -82.846072, 41.679444 ], [ -82.845856, 41.679343 ], [ -82.84563, 41.679305 ], [ -82.845525, 41.679339 ], [ -82.845433, 41.679343 ], [ -82.845366, 41.679315 ], [ -82.845347, 41.679257 ], [ -82.845246, 41.67919 ], [ -82.845112, 41.679166 ], [ -82.844953, 41.679074 ], [ -82.844891, 41.679022 ], [ -82.844804, 41.678998 ], [ -82.844679, 41.679002 ], [ -82.844555, 41.678978 ], [ -82.844507, 41.678911 ], [ -82.844507, 41.678748 ], [ -82.844598, 41.678551 ], [ -82.844819, 41.678393 ], [ -82.844982, 41.678268 ], [ -82.845188, 41.678152 ], [ -82.845414, 41.678085 ], [ -82.845601, 41.678056 ], [ -82.845669, 41.678026 ], [ -82.845693, 41.677964 ], [ -82.845758, 41.677945 ], [ -82.845697, 41.677892 ], [ -82.845642, 41.677868 ], [ -82.845685, 41.677841 ], [ -82.84575, 41.677801 ], [ -82.845752, 41.677818 ], [ -82.845765, 41.677837 ], [ -82.845854, 41.677916 ], [ -82.846026, 41.677926 ], [ -82.846161, 41.67793 ], [ -82.846365, 41.677957 ], [ -82.84648, 41.677959 ], [ -82.846708, 41.677892 ], [ -82.846903, 41.677777 ], [ -82.847001, 41.677705 ], [ -82.847121, 41.677635 ], [ -82.847184, 41.677563 ], [ -82.847294, 41.677481 ], [ -82.847395, 41.677441 ], [ -82.847469, 41.677419 ], [ -82.847515, 41.677438 ], [ -82.847657, 41.677549 ], [ -82.847649, 41.677561 ], [ -82.84757, 41.677585 ], [ -82.84758, 41.677616 ], [ -82.847292, 41.677753 ], [ -82.847647, 41.678199 ], [ -82.848684, 41.677735 ], [ -82.848262, 41.677288 ], [ -82.847959, 41.677442 ], [ -82.847926, 41.677427 ], [ -82.847873, 41.677437 ], [ -82.847758, 41.677346 ], [ -82.847671, 41.67725 ], [ -82.847657, 41.677202 ], [ -82.8477, 41.677168 ], [ -82.84781, 41.677187 ], [ -82.847988, 41.677202 ], [ -82.848223, 41.677182 ], [ -82.848583, 41.677168 ], [ -82.848752, 41.677149 ], [ -82.848804, 41.677134 ], [ -82.848886, 41.677149 ], [ -82.84892, 41.677178 ], [ -82.84904, 41.677245 ], [ -82.849256, 41.677293 ], [ -82.849381, 41.677283 ], [ -82.849491, 41.677317 ], [ -82.849654, 41.677355 ], [ -82.849721, 41.67736 ], [ -82.849875, 41.677389 ], [ -82.849976, 41.677413 ], [ -82.850062, 41.677418 ], [ -82.850163, 41.677437 ], [ -82.85024, 41.67748 ], [ -82.850269, 41.677519 ], [ -82.850274, 41.677567 ], [ -82.85025, 41.677619 ], [ -82.85025, 41.677648 ], [ -82.850293, 41.677715 ], [ -82.850346, 41.677744 ], [ -82.850427, 41.677816 ], [ -82.850475, 41.677898 ], [ -82.850538, 41.677994 ], [ -82.850619, 41.678066 ], [ -82.850711, 41.678085 ], [ -82.850807, 41.678128 ], [ -82.850898, 41.678229 ], [ -82.851042, 41.678402 ], [ -82.8511, 41.678522 ], [ -82.8511, 41.678594 ], [ -82.851095, 41.678637 ], [ -82.85108, 41.67869 ], [ -82.851042, 41.678762 ], [ -82.851042, 41.678791 ], [ -82.851071, 41.67883 ], [ -82.851114, 41.678849 ], [ -82.85122, 41.678921 ], [ -82.851258, 41.67894 ], [ -82.851359, 41.678964 ], [ -82.851388, 41.679002 ], [ -82.85145, 41.679022 ], [ -82.85158, 41.679089 ], [ -82.851724, 41.679204 ], [ -82.851906, 41.679343 ], [ -82.852137, 41.679631 ], [ -82.852439, 41.679953 ], [ -82.852679, 41.680203 ], [ -82.852996, 41.680438 ], [ -82.853318, 41.680577 ], [ -82.853678, 41.680712 ], [ -82.853808, 41.680745 ], [ -82.853947, 41.68075 ], [ -82.854038, 41.680702 ], [ -82.854082, 41.680645 ], [ -82.854134, 41.68063 ], [ -82.854206, 41.680635 ], [ -82.854317, 41.680659 ], [ -82.854418, 41.680664 ], [ -82.854543, 41.680673 ], [ -82.854653, 41.680712 ], [ -82.854672, 41.680745 ], [ -82.854706, 41.680827 ], [ -82.854739, 41.68089 ], [ -82.854759, 41.680904 ], [ -82.854812, 41.680938 ], [ -82.855152, 41.681043 ], [ -82.855277, 41.681005 ], [ -82.855345, 41.680947 ], [ -82.855388, 41.680938 ], [ -82.855445, 41.680942 ], [ -82.855479, 41.680966 ], [ -82.855445, 41.681086 ], [ -82.855498, 41.681086 ], [ -82.855513, 41.681158 ], [ -82.855469, 41.681168 ], [ -82.855469, 41.681226 ], [ -82.855561, 41.681226 ], [ -82.855585, 41.681211 ], [ -82.855685, 41.68112 ], [ -82.855616, 41.681083 ], [ -82.85564, 41.681047 ], [ -82.855585, 41.681028 ], [ -82.85558, 41.681008 ], [ -82.855611, 41.680987 ], [ -82.855635, 41.680989 ], [ -82.855741, 41.681037 ], [ -82.855762, 41.681013 ], [ -82.855621, 41.68078 ], [ -82.855373, 41.680715 ], [ -82.855397, 41.680663 ], [ -82.855676, 41.680732 ], [ -82.855873, 41.68104 ], [ -82.855886, 41.681033 ], [ -82.856017, 41.681206 ], [ -82.856122, 41.681423 ], [ -82.856286, 41.681581 ], [ -82.856391, 41.681619 ], [ -82.856497, 41.681725 ], [ -82.856545, 41.681797 ], [ -82.856507, 41.681845 ], [ -82.856391, 41.681936 ], [ -82.856387, 41.682013 ], [ -82.856444, 41.682104 ], [ -82.856521, 41.682186 ], [ -82.856535, 41.682229 ], [ -82.856497, 41.682244 ], [ -82.856387, 41.682196 ], [ -82.856281, 41.6822 ], [ -82.856185, 41.6822 ], [ -82.856089, 41.68221 ] ] ], [ [ [ -82.820189, 41.687359 ], [ -82.820067, 41.688045 ], [ -82.819609, 41.688365 ], [ -82.818572, 41.688388 ], [ -82.81787, 41.688571 ], [ -82.817748, 41.689006 ], [ -82.817931, 41.689578 ], [ -82.817565, 41.689966 ], [ -82.816894, 41.69031 ], [ -82.814239, 41.691225 ], [ -82.812805, 41.692002 ], [ -82.812494, 41.692062 ], [ -82.811615, 41.692231 ], [ -82.810975, 41.692185 ], [ -82.81012, 41.691934 ], [ -82.809585, 41.691704 ], [ -82.808072, 41.691054 ], [ -82.808045, 41.691042 ], [ -82.806733, 41.690584 ], [ -82.805329, 41.689601 ], [ -82.804596, 41.689372 ], [ -82.8042, 41.689441 ], [ -82.800782, 41.694175 ], [ -82.800385, 41.694747 ], [ -82.799561, 41.695295 ], [ -82.798584, 41.695455 ], [ -82.79715, 41.695547 ], [ -82.796357, 41.695387 ], [ -82.794465, 41.695501 ], [ -82.792176, 41.695866 ], [ -82.791077, 41.696003 ], [ -82.790101, 41.696301 ], [ -82.788758, 41.696895 ], [ -82.787781, 41.697032 ], [ -82.783783, 41.697649 ], [ -82.783696, 41.697636 ], [ -82.781494, 41.697305 ], [ -82.780121, 41.696962 ], [ -82.77948, 41.696596 ], [ -82.779723, 41.696135 ], [ -82.779938, 41.695727 ], [ -82.78064, 41.695086 ], [ -82.781269, 41.69493 ], [ -82.781373, 41.694904 ], [ -82.783052, 41.694835 ], [ -82.785036, 41.693944 ], [ -82.785891, 41.693464 ], [ -82.787996, 41.692892 ], [ -82.789461, 41.692184 ], [ -82.790285, 41.692092 ], [ -82.790804, 41.692207 ], [ -82.792207, 41.692756 ], [ -82.793306, 41.69287 ], [ -82.798463, 41.692825 ], [ -82.799622, 41.692391 ], [ -82.800446, 41.691773 ], [ -82.800996, 41.691064 ], [ -82.801881, 41.690195 ], [ -82.802888, 41.688548 ], [ -82.803285, 41.687611 ], [ -82.803346, 41.68601 ], [ -82.8033, 41.685781 ], [ -82.803102, 41.684797 ], [ -82.802797, 41.684065 ], [ -82.80265, 41.683406 ], [ -82.802559, 41.682996 ], [ -82.802461, 41.682556 ], [ -82.802553, 41.681824 ], [ -82.803102, 41.681069 ], [ -82.803804, 41.680292 ], [ -82.803842, 41.680221 ], [ -82.804176, 41.679594 ], [ -82.804292, 41.679377 ], [ -82.804719, 41.679011 ], [ -82.805146, 41.678874 ], [ -82.80588, 41.678576 ], [ -82.806368, 41.677913 ], [ -82.8065, 41.676978 ], [ -82.806642, 41.675969 ], [ -82.805941, 41.675031 ], [ -82.80588, 41.673087 ], [ -82.805514, 41.672607 ], [ -82.80527, 41.672309 ], [ -82.805423, 41.67192 ], [ -82.806002, 41.671486 ], [ -82.806948, 41.671189 ], [ -82.809419, 41.67064 ], [ -82.809876, 41.670502 ], [ -82.811096, 41.670434 ], [ -82.813781, 41.670594 ], [ -82.814025, 41.670914 ], [ -82.814234, 41.671731 ], [ -82.81433, 41.672104 ], [ -82.814818, 41.672996 ], [ -82.815733, 41.674299 ], [ -82.815916, 41.674871 ], [ -82.815872, 41.675917 ], [ -82.815855, 41.676312 ], [ -82.815666, 41.67751 ], [ -82.815581, 41.67805 ], [ -82.815764, 41.679057 ], [ -82.816134, 41.679534 ], [ -82.817412, 41.681184 ], [ -82.817991, 41.681481 ], [ -82.819578, 41.68171 ], [ -82.821714, 41.681618 ], [ -82.823636, 41.682006 ], [ -82.824144, 41.682353 ], [ -82.824307, 41.682464 ], [ -82.824768, 41.682491 ], [ -82.825466, 41.682532 ], [ -82.825802, 41.682784 ], [ -82.826229, 41.683356 ], [ -82.826809, 41.684453 ], [ -82.826443, 41.684774 ], [ -82.826016, 41.684911 ], [ -82.824613, 41.685117 ], [ -82.823914, 41.685382 ], [ -82.822681, 41.685852 ], [ -82.822508, 41.685918 ], [ -82.822395, 41.685962 ], [ -82.8219, 41.68616 ], [ -82.821074, 41.68649 ], [ -82.820433, 41.686924 ], [ -82.820189, 41.687359 ] ] ], [ [ [ -82.832403, 41.713637 ], [ -82.832892, 41.714346 ], [ -82.832954, 41.715169 ], [ -82.832709, 41.71565 ], [ -82.832037, 41.716084 ], [ -82.831, 41.716634 ], [ -82.830603, 41.716885 ], [ -82.828955, 41.71732 ], [ -82.827948, 41.718075 ], [ -82.827673, 41.718761 ], [ -82.82751, 41.719756 ], [ -82.82746, 41.720065 ], [ -82.8263, 41.722352 ], [ -82.82572, 41.72281 ], [ -82.823706, 41.723451 ], [ -82.822729, 41.723657 ], [ -82.821569, 41.724183 ], [ -82.820867, 41.724434 ], [ -82.820409, 41.724549 ], [ -82.819584, 41.724503 ], [ -82.81888, 41.724428 ], [ -82.816348, 41.72416 ], [ -82.813967, 41.72368 ], [ -82.813013, 41.723257 ], [ -82.812624, 41.723093 ], [ -82.811616, 41.722273 ], [ -82.81104, 41.721547 ], [ -82.810518, 41.720626 ], [ -82.810518, 41.719589 ], [ -82.811236, 41.718444 ], [ -82.811745, 41.717876 ], [ -82.811922, 41.717281 ], [ -82.811954, 41.715654 ], [ -82.811771, 41.715096 ], [ -82.811667, 41.71399 ], [ -82.809592, 41.709771 ], [ -82.808874, 41.709144 ], [ -82.808639, 41.708772 ], [ -82.808678, 41.708498 ], [ -82.808861, 41.708322 ], [ -82.808756, 41.708146 ], [ -82.806877, 41.70656 ], [ -82.806864, 41.706325 ], [ -82.807203, 41.706158 ], [ -82.810153, 41.707871 ], [ -82.810531, 41.707852 ], [ -82.811158, 41.707676 ], [ -82.812176, 41.707225 ], [ -82.813154, 41.707216 ], [ -82.814407, 41.707382 ], [ -82.815269, 41.707314 ], [ -82.815898, 41.707452 ], [ -82.816135, 41.707348 ], [ -82.819758, 41.707039 ], [ -82.822747, 41.706951 ], [ -82.823673, 41.707157 ], [ -82.828593, 41.709134 ], [ -82.829389, 41.709301 ], [ -82.830407, 41.709134 ], [ -82.831451, 41.708635 ], [ -82.833073, 41.708445 ], [ -82.833729, 41.708527 ], [ -82.834508, 41.708651 ], [ -82.835118, 41.708971 ], [ -82.83576, 41.710228 ], [ -82.835577, 41.710823 ], [ -82.83515, 41.711304 ], [ -82.834753, 41.711487 ], [ -82.834234, 41.711464 ], [ -82.833166, 41.711235 ], [ -82.832586, 41.711258 ], [ -82.831914, 41.711922 ], [ -82.831517, 41.712699 ], [ -82.831517, 41.713043 ], [ -82.83164, 41.713248 ], [ -82.832403, 41.713637 ] ] ] ] } }
]
}
