{
"type": "FeatureCollection",
"name": "Indianapolis",
"crs": { "type": "name", "properties": { "name": "urn:ogc:def:crs:OGC:1.3:CRS84" } },
"xy_coordinate_resolution": 1e-15,
"features": [
{ "type": "Feature", "properties": { "ZCTA5CE20": "61833", "GEOID20": "61833", "GEOIDFQ20": "860Z200US61833", "CLASSFP20": "B5", "MTFCC20": "G6350", "FUNCSTAT20": "S", "ALAND20": 3780370, "AWATER20": 0, "INTPTLAT20": "+40.0991955", "INTPTLON20": "-087.6472297", "Sheet1_Pri": 11, "Sheet1_P_1": "Indianapolis" }, "geometry": { "type": "MultiPolygon", "coordinates": [ [ [ [ -88.062144, 37.893934 ], [ -88.058156, 37.892753 ], [ -88.056665, 37.891686 ], [ -88.055373, 37.891238 ], [ -88.049545, 37.891104 ], [ -88.044926, 37.891216 ], [ -88.038779, 37.89205 ], [ -88.035992, 37.892777 ], [ -88.034591, 37.89278 ], [ -88.033819, 37.892782 ], [ -88.032897, 37.892932 ], [ -88.031277, 37.892966 ], [ -88.03048, 37.892875 ], [ -88.029138, 37.892637 ], [ -88.027804, 37.892044 ], [ -88.026569, 37.891024 ], [ -88.025674, 37.889956 ], [ -88.024818, 37.88886 ], [ -88.024217, 37.888628 ], [ -88.02321, 37.888332 ], [ -88.021117, 37.888057 ], [ -88.020284, 37.888051 ], [ -88.018693, 37.888403 ], [ -88.017073, 37.889222 ], [ -88.015155, 37.890792 ], [ -88.014351, 37.891916 ], [ -88.014225, 37.892206 ], [ -88.014001, 37.892723 ], [ -88.013451, 37.893951 ], [ -88.013355, 37.894854 ], [ -88.015959, 37.899952 ], [ -88.017816, 37.902696 ], [ -88.018793, 37.905903 ], [ -88.019977, 37.909771 ], [ -88.019922, 37.910666 ], [ -88.019879, 37.911698 ], [ -88.019893, 37.912352 ], [ -88.02006, 37.9129 ], [ -88.020204, 37.913062 ], [ -88.020824, 37.913758 ], [ -88.021878, 37.914183 ], [ -88.022513, 37.914756 ], [ -88.024074, 37.91455 ], [ -88.025085, 37.914551 ], [ -88.02731, 37.914711 ], [ -88.028754, 37.91462 ], [ -88.030199, 37.914346 ], [ -88.031846, 37.913751 ], [ -88.032482, 37.913637 ], [ -88.032944, 37.91366 ], [ -88.033493, 37.913866 ], [ -88.034129, 37.914324 ], [ -88.034793, 37.914622 ], [ -88.036382, 37.914897 ], [ -88.038, 37.914966 ], [ -88.040456, 37.914921 ], [ -88.042046, 37.914967 ], [ -88.048489, 37.915471 ], [ -88.053372, 37.916067 ], [ -88.059209, 37.917189 ], [ -88.062242, 37.917898 ], [ -88.063023, 37.918196 ], [ -88.063803, 37.918585 ], [ -88.06519, 37.919684 ], [ -88.066924, 37.921332 ], [ -88.067245, 37.921733 ], [ -88.068023, 37.922705 ], [ -88.068225, 37.922705 ], [ -88.069005, 37.924239 ], [ -88.069468, 37.925704 ], [ -88.069613, 37.926848 ], [ -88.069497, 37.927352 ], [ -88.068948, 37.928565 ], [ -88.067966, 37.929779 ], [ -88.067561, 37.930214 ], [ -88.064815, 37.932022 ], [ -88.063341, 37.932778 ], [ -88.059902, 37.933831 ], [ -88.059767, 37.933856 ], [ -88.059067, 37.933985 ], [ -88.058543, 37.934082 ], [ -88.057127, 37.934151 ], [ -88.056989, 37.934125 ], [ -88.056145, 37.933968 ], [ -88.054757, 37.933487 ], [ -88.054122, 37.933029 ], [ -88.05363, 37.932526 ], [ -88.053255, 37.931129 ], [ -88.052793, 37.930488 ], [ -88.050539, 37.92813 ], [ -88.049354, 37.927192 ], [ -88.048661, 37.926757 ], [ -88.047129, 37.926001 ], [ -88.045002, 37.925105 ], [ -88.044989, 37.925099 ], [ -88.042454, 37.924457 ], [ -88.041296, 37.92429 ], [ -88.040122, 37.924327 ], [ -88.039644, 37.924309 ], [ -88.038627, 37.924432 ], [ -88.037735, 37.924599 ], [ -88.037122, 37.924826 ], [ -88.036364, 37.92517 ], [ -88.035345, 37.925528 ], [ -88.034683, 37.925859 ], [ -88.034065, 37.926159 ], [ -88.03394, 37.926264 ], [ -88.032492, 37.927499 ], [ -88.031067, 37.928889 ], [ -88.030534, 37.929626 ], [ -88.030415, 37.930104 ], [ -88.030337, 37.930404 ], [ -88.03034, 37.931045 ], [ -88.030704, 37.932067 ], [ -88.031262, 37.932931 ], [ -88.032995, 37.935532 ], [ -88.036125, 37.942745 ], [ -88.036186, 37.94386 ], [ -88.036586, 37.949814 ], [ -88.036675, 37.95113 ], [ -88.037013, 37.956276 ], [ -88.036793, 37.956793 ], [ -88.036688, 37.956872 ], [ -88.035884, 37.957481 ], [ -88.0348, 37.957993 ], [ -88.031989, 37.95859 ], [ -88.028218, 37.958409 ], [ -88.020868, 37.959351 ], [ -88.018235, 37.960713 ], [ -88.016311, 37.961574 ], [ -88.015099, 37.962739 ], [ -88.013882, 37.964573 ], [ -88.012929, 37.966544 ], [ -88.012271, 37.969941 ], [ -88.012574, 37.977062 ], [ -88.013732, 37.979646 ], [ -88.015217, 37.982957 ], [ -88.019492, 37.991057 ], [ -88.022864, 37.997983 ], [ -88.023082, 37.998635 ], [ -88.023131, 38.000045 ], [ -88.023231, 38.000245 ], [ -88.023331, 38.000345 ], [ -88.023631, 38.000945 ], [ -88.024131, 38.002345 ], [ -88.024931, 38.004545 ], [ -88.025431, 38.005645 ], [ -88.025831, 38.007245 ], [ -88.025631, 38.009145 ], [ -88.025259, 38.010632 ], [ -88.025131, 38.011145 ], [ -88.024431, 38.013045 ], [ -88.023331, 38.015445 ], [ -88.022431, 38.017145 ], [ -88.021166, 38.019133 ], [ -88.021144, 38.019168 ], [ -88.021031, 38.019345 ], [ -88.018931, 38.021945 ], [ -88.016931, 38.024045 ], [ -88.015031, 38.025145 ], [ -88.014074, 38.025353 ], [ -88.012731, 38.025645 ], [ -88.012515, 38.025717 ], [ -88.010631, 38.026345 ], [ -88.01033, 38.026525 ], [ -88.008631, 38.027545 ], [ -88.007631, 38.029145 ], [ -88.007931, 38.030845 ], [ -88.008931, 38.031945 ], [ -88.010531, 38.033045 ], [ -88.012131, 38.033845 ], [ -88.014131, 38.034345 ], [ -88.015931, 38.034645 ], [ -88.017631, 38.034745 ], [ -88.019631, 38.034245 ], [ -88.022131, 38.033345 ], [ -88.024631, 38.032545 ], [ -88.027731, 38.031745 ], [ -88.030432, 38.031545 ], [ -88.032532, 38.031645 ], [ -88.034132, 38.032045 ], [ -88.035632, 38.032845 ], [ -88.037932, 38.033945 ], [ -88.040232, 38.035645 ], [ -88.041003, 38.036653 ], [ -88.041532, 38.037345 ], [ -88.041749, 38.037924 ], [ -88.041837, 38.038161 ], [ -88.041845, 38.038181 ], [ -88.042132, 38.038945 ], [ -88.042136, 38.039012 ], [ -88.042232, 38.040545 ], [ -88.042332, 38.042445 ], [ -88.042371, 38.043272 ], [ -88.042432, 38.044545 ], [ -88.042358, 38.044983 ], [ -88.042132, 38.046345 ], [ -88.040432, 38.048445 ], [ -88.037832, 38.050245 ], [ -88.035332, 38.051145 ], [ -88.032632, 38.051745 ], [ -88.030032, 38.052145 ], [ -88.027232, 38.052145 ], [ -88.024131, 38.051945 ], [ -88.020631, 38.051845 ], [ -88.017231, 38.051745 ], [ -88.014031, 38.051445 ], [ -88.010531, 38.051245 ], [ -88.007431, 38.051145 ], [ -88.004731, 38.051045 ], [ -88.00133, 38.051545 ], [ -88.00003, 38.052345 ], [ -87.98877, 38.055591 ], [ -87.978735, 38.059815 ], [ -87.97761, 38.060527 ], [ -87.973204, 38.063318 ], [ -87.967226, 38.067105 ], [ -87.965814, 38.070534 ], [ -87.963994, 38.074286 ], [ -87.96126, 38.078295 ], [ -87.959023, 38.081522 ], [ -87.957879, 38.083791 ], [ -87.956664, 38.086202 ], [ -87.956878, 38.088284 ], [ -87.957246, 38.088977 ], [ -87.959138, 38.092539 ], [ -87.960279, 38.09647 ], [ -87.960463, 38.099086 ], [ -87.960253, 38.099811 ], [ -87.96023, 38.099893 ], [ -87.960451, 38.10004 ], [ -87.960677, 38.100191 ], [ -87.96108, 38.1001 ], [ -87.96221, 38.100054 ], [ -87.962934, 38.099917 ], [ -87.964006, 38.099413 ], [ -87.964643, 38.098978 ], [ -87.966293, 38.097512 ], [ -87.968031, 38.096276 ], [ -87.968813, 38.095932 ], [ -87.9753, 38.094168 ], [ -87.976516, 38.093755 ], [ -87.977454, 38.093346 ], [ -87.978775, 38.09277 ], [ -87.983408, 38.091189 ], [ -87.98555, 38.090341 ], [ -87.990096, 38.088737 ], [ -87.996988, 38.086651 ], [ -88.000031, 38.085396 ], [ -88.000969, 38.085101 ], [ -88.002635, 38.08449 ], [ -88.004697, 38.083965 ], [ -88.006717, 38.083924 ], [ -88.010143, 38.084381 ], [ -88.01139, 38.084691 ], [ -88.012131, 38.085275 ], [ -88.013125, 38.086808 ], [ -88.01415, 38.088825 ], [ -88.014633, 38.090398 ], [ -88.015657, 38.092891 ], [ -88.016153, 38.093931 ], [ -88.016806, 38.095717 ], [ -88.016729, 38.097257 ], [ -88.015916, 38.099818 ], [ -88.015114, 38.101411 ], [ -88.013118, 38.103527 ], [ -88.00988, 38.105066 ], [ -88.006743, 38.106171 ], [ -88.00323, 38.10727 ], [ -88.000031, 38.107896 ], [ -87.99831, 38.108488 ], [ -87.998224, 38.108557 ], [ -87.997451, 38.108578 ], [ -87.997383, 38.10858 ], [ -87.997147, 38.108532 ], [ -87.993674, 38.107827 ], [ -87.991275, 38.107462 ], [ -87.98584, 38.107069 ], [ -87.983068, 38.107139 ], [ -87.979926, 38.10802 ], [ -87.978493, 38.108423 ], [ -87.976058, 38.109562 ], [ -87.975299, 38.110053 ], [ -87.974781, 38.110515 ], [ -87.974541, 38.111011 ], [ -87.974236, 38.111634 ], [ -87.973832, 38.113396 ], [ -87.973774, 38.114447 ], [ -87.973951, 38.118248 ], [ -87.974124, 38.118431 ], [ -87.97436, 38.118913 ], [ -87.974502, 38.1196 ], [ -87.974445, 38.120836 ], [ -87.974272, 38.121981 ], [ -87.974098, 38.122073 ], [ -87.972998, 38.125046 ], [ -87.972888, 38.125233 ], [ -87.972244, 38.126325 ], [ -87.971491, 38.127905 ], [ -87.971308, 38.12817 ], [ -87.969955, 38.130136 ], [ -87.969869, 38.130263 ], [ -87.969464, 38.130744 ], [ -87.968392, 38.131567 ], [ -87.967349, 38.132139 ], [ -87.966393, 38.132506 ], [ -87.965755, 38.132621 ], [ -87.964404, 38.132642 ], [ -87.964306, 38.132644 ], [ -87.960482, 38.132095 ], [ -87.959352, 38.13221 ], [ -87.956943, 38.132874 ], [ -87.955872, 38.132897 ], [ -87.954858, 38.132622 ], [ -87.953611, 38.132073 ], [ -87.951408, 38.130792 ], [ -87.949176, 38.129074 ], [ -87.948081, 38.127982 ], [ -87.947961, 38.127863 ], [ -87.94767, 38.127588 ], [ -87.947468, 38.127221 ], [ -87.947266, 38.127015 ], [ -87.947208, 38.126924 ], [ -87.9464, 38.126554 ], [ -87.945869, 38.126452 ], [ -87.945472, 38.126616 ], [ -87.945209, 38.126819 ], [ -87.944825, 38.127272 ], [ -87.942951, 38.130638 ], [ -87.942506, 38.13128 ], [ -87.942175, 38.131759 ], [ -87.940438, 38.133713 ], [ -87.938812, 38.135773 ], [ -87.938619, 38.136017 ], [ -87.9379, 38.136779 ], [ -87.935135, 38.139428 ], [ -87.934238, 38.139718 ], [ -87.933343, 38.139909 ], [ -87.931387, 38.140197 ], [ -87.929423, 38.140727 ], [ -87.92783, 38.141545 ], [ -87.926627, 38.142546 ], [ -87.925811, 38.143633 ], [ -87.925436, 38.144863 ], [ -87.9255, 38.146251 ], [ -87.925893, 38.147832 ], [ -87.926895, 38.149182 ], [ -87.92778, 38.149991 ], [ -87.928234, 38.150416 ], [ -87.92827, 38.150893 ], [ -87.927899, 38.151646 ], [ -87.927468, 38.151946 ], [ -87.927445, 38.152065 ], [ -87.927233, 38.152308 ], [ -87.925891, 38.152912 ], [ -87.925433, 38.152914 ], [ -87.924658, 38.152894 ], [ -87.924088, 38.152922 ], [ -87.923653, 38.153119 ], [ -87.923387, 38.15324 ], [ -87.92229, 38.153721 ], [ -87.921365, 38.154064 ], [ -87.91909, 38.155132 ], [ -87.917719, 38.155889 ], [ -87.916716, 38.15664 ], [ -87.915184, 38.157788 ], [ -87.913664, 38.159198 ], [ -87.913453, 38.159675 ], [ -87.912868, 38.160588 ], [ -87.912584, 38.160816 ], [ -87.911996, 38.161222 ], [ -87.911428, 38.16174 ], [ -87.911034, 38.162194 ], [ -87.910924, 38.162557 ], [ -87.910695, 38.165096 ], [ -87.910623, 38.166604 ], [ -87.910792, 38.167666 ], [ -87.911369, 38.168622 ], [ -87.912325, 38.170059 ], [ -87.912553, 38.170759 ], [ -87.912678, 38.171049 ], [ -87.913088, 38.17153 ], [ -87.91315, 38.171573 ], [ -87.915666, 38.173322 ], [ -87.917, 38.174078 ], [ -87.91729, 38.174169 ], [ -87.918247, 38.174124 ], [ -87.919059, 38.173986 ], [ -87.920712, 38.174032 ], [ -87.92172, 38.17381 ], [ -87.922901, 38.173291 ], [ -87.923637, 38.172666 ], [ -87.92399, 38.172365 ], [ -87.924076, 38.172293 ], [ -87.924241, 38.17223 ], [ -87.925029, 38.171087 ], [ -87.92523, 38.170634 ], [ -87.925289, 38.170316 ], [ -87.925309, 38.170215 ], [ -87.925896, 38.166473 ], [ -87.925813, 38.166119 ], [ -87.925131, 38.164616 ], [ -87.924656, 38.163676 ], [ -87.92451, 38.163104 ], [ -87.924513, 38.162025 ], [ -87.924581, 38.161412 ], [ -87.925963, 38.159342 ], [ -87.926388, 38.15884 ], [ -87.927413, 38.158173 ], [ -87.929581, 38.157118 ], [ -87.929742, 38.157046 ], [ -87.930249, 38.156796 ], [ -87.930262, 38.15679 ], [ -87.93048, 38.156682 ], [ -87.931211, 38.156348 ], [ -87.931738, 38.156341 ], [ -87.933768, 38.156317 ], [ -87.934299, 38.156459 ], [ -87.934637, 38.156748 ], [ -87.935251, 38.158735 ], [ -87.935234, 38.159315 ], [ -87.935043, 38.159622 ], [ -87.934178, 38.161335 ], [ -87.933751, 38.163094 ], [ -87.933759, 38.164351 ], [ -87.935048, 38.168373 ], [ -87.936443, 38.171355 ], [ -87.937162, 38.172189 ], [ -87.940491, 38.174902 ], [ -87.945135, 38.17756 ], [ -87.947681, 38.178907 ], [ -87.950921, 38.180315 ], [ -87.953415, 38.181405 ], [ -87.954833, 38.18204 ], [ -87.957515, 38.183243 ], [ -87.958923, 38.184046 ], [ -87.9595, 38.184376 ], [ -87.969865, 38.191786 ], [ -87.975819, 38.197834 ], [ -87.977494, 38.199783 ], [ -87.978433, 38.200949 ], [ -87.979808, 38.202654 ], [ -87.982763, 38.206705 ], [ -87.983402, 38.207973 ], [ -87.983973, 38.209107 ], [ -87.984234, 38.20996 ], [ -87.985186, 38.214853 ], [ -87.985274, 38.215486 ], [ -87.985627, 38.217993 ], [ -87.985558, 38.222482 ], [ -87.984995, 38.227964 ], [ -87.984929, 38.22826 ], [ -87.98487, 38.228523 ], [ -87.984838, 38.228674 ], [ -87.984787, 38.228747 ], [ -87.98426, 38.22955 ], [ -87.983732, 38.230354 ], [ -87.983373, 38.230906 ], [ -87.981215, 38.234215 ], [ -87.980469, 38.235412 ], [ -87.980158, 38.236115 ], [ -87.979689, 38.238946 ], [ -87.979629, 38.24055 ], [ -87.979789, 38.241661 ], [ -87.980905, 38.245119 ], [ -87.98212, 38.248053 ], [ -87.9824, 38.248696 ], [ -87.983058, 38.250046 ], [ -87.983897, 38.251012 ], [ -87.984647, 38.251877 ], [ -87.986338, 38.253663 ], [ -87.987661, 38.254905 ], [ -87.987871, 38.255141 ], [ -87.987989, 38.255352 ], [ -87.988037, 38.255486 ], [ -87.988164, 38.255838 ], [ -87.988123, 38.256451 ], [ -87.988078, 38.256717 ], [ -87.987911, 38.256957 ], [ -87.987618, 38.257381 ], [ -87.987103, 38.257731 ], [ -87.986109, 38.258058 ], [ -87.984705, 38.257953 ], [ -87.981868, 38.256444 ], [ -87.978333, 38.252894 ], [ -87.975469, 38.250046 ], [ -87.972813, 38.24752 ], [ -87.972259, 38.247039 ], [ -87.97146, 38.245938 ], [ -87.97108, 38.245415 ], [ -87.970466, 38.244568 ], [ -87.969947, 38.243354 ], [ -87.970005, 38.242806 ], [ -87.970503, 38.241111 ], [ -87.970593, 38.240861 ], [ -87.970346, 38.239106 ], [ -87.970231, 38.238727 ], [ -87.970216, 38.238676 ], [ -87.9702, 38.238623 ], [ -87.968968, 38.237389 ], [ -87.967556, 38.236729 ], [ -87.965381, 38.236411 ], [ -87.964279, 38.236297 ], [ -87.963201, 38.236311 ], [ -87.962322, 38.23655 ], [ -87.960968, 38.236807 ], [ -87.960225, 38.237118 ], [ -87.958867, 38.238294 ], [ -87.958695, 38.2385 ], [ -87.95826, 38.239022 ], [ -87.957992, 38.240096 ], [ -87.957897, 38.241256 ], [ -87.958383, 38.242816 ], [ -87.958389, 38.242835 ], [ -87.958408, 38.242897 ], [ -87.958839, 38.244964 ], [ -87.958841, 38.244974 ], [ -87.958883, 38.246666 ], [ -87.958081, 38.248828 ], [ -87.957881, 38.249371 ], [ -87.95761, 38.250046 ], [ -87.956145, 38.251652 ], [ -87.955371, 38.25224 ], [ -87.954032, 38.253032 ], [ -87.950723, 38.25405 ], [ -87.948893, 38.254432 ], [ -87.948177, 38.254577 ], [ -87.946065, 38.255319 ], [ -87.944705, 38.25619 ], [ -87.943599, 38.257081 ], [ -87.94303, 38.25779 ], [ -87.942067, 38.260301 ], [ -87.945469, 38.262495 ], [ -87.94566, 38.262495 ], [ -87.946614, 38.262749 ], [ -87.948903, 38.264116 ], [ -87.950651, 38.266819 ], [ -87.950688, 38.268025 ], [ -87.951277, 38.26875 ], [ -87.951614, 38.26942 ], [ -87.952163, 38.270512 ], [ -87.952296, 38.271627 ], [ -87.952198, 38.273102 ], [ -87.952125, 38.273763 ], [ -87.951923, 38.274253 ], [ -87.951171, 38.275834 ], [ -87.950298, 38.276792 ], [ -87.949279, 38.277345 ], [ -87.94674, 38.277993 ], [ -87.94452, 38.278467 ], [ -87.944017, 38.278681 ], [ -87.942333, 38.279402 ], [ -87.941134, 38.280291 ], [ -87.940285, 38.281064 ], [ -87.93992, 38.281528 ], [ -87.939212, 38.282923 ], [ -87.938867, 38.284525 ], [ -87.938955, 38.286422 ], [ -87.938854, 38.287535 ], [ -87.938609, 38.288678 ], [ -87.938244, 38.290279 ], [ -87.937519, 38.292046 ], [ -87.937329, 38.292431 ], [ -87.936819, 38.293014 ], [ -87.935642, 38.294404 ], [ -87.934844, 38.295145 ], [ -87.933556, 38.295896 ], [ -87.931873, 38.296498 ], [ -87.929898, 38.296934 ], [ -87.928791, 38.29726 ], [ -87.926799, 38.298043 ], [ -87.924973, 38.298659 ], [ -87.922833, 38.299198 ], [ -87.921423, 38.299343 ], [ -87.918548, 38.299397 ], [ -87.916489, 38.299372 ], [ -87.914813, 38.299005 ], [ -87.913325, 38.298447 ], [ -87.911394, 38.297576 ], [ -87.910128, 38.296577 ], [ -87.909536, 38.296061 ], [ -87.909338, 38.29572 ], [ -87.908973, 38.295054 ], [ -87.908635, 38.29459 ], [ -87.908295, 38.294239 ], [ -87.908008, 38.293767 ], [ -87.907866, 38.293176 ], [ -87.907994, 38.292331 ], [ -87.908311, 38.291737 ], [ -87.908529, 38.290957 ], [ -87.908915, 38.290478 ], [ -87.909853, 38.289335 ], [ -87.910686, 38.288385 ], [ -87.912026, 38.287013 ], [ -87.912642, 38.286197 ], [ -87.913692, 38.284515 ], [ -87.915444, 38.28235 ], [ -87.917086, 38.280078 ], [ -87.917711, 38.279351 ], [ -87.918113, 38.278517 ], [ -87.918939, 38.276832 ], [ -87.919292, 38.275908 ], [ -87.91947, 38.274547 ], [ -87.919373, 38.273706 ], [ -87.919216, 38.272801 ], [ -87.918794, 38.271916 ], [ -87.918252, 38.270941 ], [ -87.917615, 38.270078 ], [ -87.917092, 38.269701 ], [ -87.916125, 38.269084 ], [ -87.915276, 38.268735 ], [ -87.914081, 38.268309 ], [ -87.91285, 38.268133 ], [ -87.91111, 38.268031 ], [ -87.91012, 38.268108 ], [ -87.908542, 38.268581 ], [ -87.906841, 38.269634 ], [ -87.90572, 38.270758 ], [ -87.903716, 38.272759 ], [ -87.902406, 38.274198 ], [ -87.901792, 38.274874 ], [ -87.8997, 38.277229 ], [ -87.897803, 38.279482 ], [ -87.897067, 38.280134 ], [ -87.895632, 38.28115 ], [ -87.89456, 38.28179 ], [ -87.893583, 38.282278 ], [ -87.89356, 38.28229 ], [ -87.89343, 38.282355 ], [ -87.893388, 38.282376 ], [ -87.893369, 38.282385 ], [ -87.893345, 38.282397 ], [ -87.89243, 38.282854 ], [ -87.890943, 38.283384 ], [ -87.889059, 38.284378 ], [ -87.888223, 38.284917 ], [ -87.888, 38.285145 ], [ -87.887963, 38.285183 ], [ -87.887953, 38.285193 ], [ -87.887932, 38.285214 ], [ -87.887849, 38.285299 ], [ -87.886859, 38.286465 ], [ -87.886452, 38.287009 ], [ -87.885763, 38.288953 ], [ -87.885568, 38.290008 ], [ -87.885355, 38.291164 ], [ -87.88532, 38.291353 ], [ -87.885157, 38.292408 ], [ -87.885154, 38.292427 ], [ -87.885152, 38.29244 ], [ -87.885148, 38.292464 ], [ -87.885146, 38.29248 ], [ -87.884858, 38.293063 ], [ -87.884854, 38.293072 ], [ -87.88478, 38.293221 ], [ -87.884748, 38.293286 ], [ -87.884278, 38.294237 ], [ -87.883587, 38.295221 ], [ -87.883118, 38.29603 ], [ -87.883093, 38.29607 ], [ -87.883058, 38.296132 ], [ -87.883038, 38.296166 ], [ -87.883032, 38.296177 ], [ -87.883018, 38.296202 ], [ -87.882765, 38.296639 ], [ -87.882471, 38.297391 ], [ -87.882463, 38.297412 ], [ -87.882448, 38.297451 ], [ -87.882436, 38.297482 ], [ -87.882424, 38.297511 ], [ -87.882122, 38.298285 ], [ -87.881587, 38.300175 ], [ -87.881169, 38.302349 ], [ -87.880848, 38.303725 ], [ -87.880083, 38.305353 ], [ -87.879389, 38.306507 ], [ -87.878303, 38.307849 ], [ -87.877504, 38.308573 ], [ -87.876439, 38.309375 ], [ -87.875664, 38.309931 ], [ -87.87503, 38.310221 ], [ -87.873289, 38.311187 ], [ -87.872896, 38.311406 ], [ -87.870537, 38.31222 ], [ -87.868886, 38.312277 ], [ -87.867265, 38.31198 ], [ -87.865964, 38.311453 ], [ -87.864271, 38.310703 ], [ -87.86311, 38.309823 ], [ -87.861636, 38.308398 ], [ -87.86112, 38.307826 ], [ -87.860453, 38.305372 ], [ -87.860453, 38.303113 ], [ -87.860809, 38.302246 ], [ -87.861786, 38.300001 ], [ -87.863086, 38.297906 ], [ -87.864812, 38.295389 ], [ -87.86512, 38.294377 ], [ -87.865835, 38.292031 ], [ -87.866248, 38.28998 ], [ -87.866032, 38.287823 ], [ -87.865522, 38.286081 ], [ -87.864817, 38.284516 ], [ -87.864263, 38.283287 ], [ -87.863963, 38.282621 ], [ -87.863068, 38.280267 ], [ -87.863032, 38.280172 ], [ -87.861774, 38.278637 ], [ -87.859651, 38.276711 ], [ -87.856605, 38.275522 ], [ -87.852847, 38.275242 ], [ -87.85113, 38.27512 ], [ -87.849188, 38.275543 ], [ -87.845937, 38.276667 ], [ -87.84345, 38.278172 ], [ -87.840984, 38.280105 ], [ -87.838979, 38.282327 ], [ -87.838152, 38.283378 ], [ -87.836495, 38.285486 ], [ -87.833934, 38.290614 ], [ -87.832802, 38.29334 ], [ -87.831523, 38.296727 ], [ -87.831283, 38.297845 ], [ -87.830953, 38.299365 ], [ -87.830754, 38.301355 ], [ -87.830714, 38.303073 ], [ -87.830849, 38.305608 ], [ -87.831136, 38.306814 ], [ -87.831477, 38.307489 ], [ -87.831848, 38.308156 ], [ -87.832254, 38.309977 ], [ -87.832534, 38.311482 ], [ -87.83288, 38.312826 ], [ -87.833344, 38.315649 ], [ -87.833402, 38.31665 ], [ -87.833382, 38.317537 ], [ -87.833444, 38.318377 ], [ -87.833477, 38.319555 ], [ -87.833273, 38.320892 ], [ -87.833205, 38.321657 ], [ -87.833033, 38.322897 ], [ -87.832723, 38.324853 ], [ -87.832422, 38.325979 ], [ -87.831982, 38.326973 ], [ -87.831396, 38.328086 ], [ -87.830638, 38.329148 ], [ -87.829989, 38.329929 ], [ -87.82876, 38.332001 ], [ -87.828237, 38.333018 ], [ -87.827684, 38.334026 ], [ -87.827319, 38.334836 ], [ -87.826986, 38.335606 ], [ -87.826483, 38.336631 ], [ -87.826076, 38.337529 ], [ -87.825813, 38.338316 ], [ -87.825577, 38.339248 ], [ -87.825335, 38.340043 ], [ -87.825159, 38.341025 ], [ -87.824773, 38.342286 ], [ -87.824539, 38.343178 ], [ -87.824325, 38.344055 ], [ -87.824171, 38.344528 ], [ -87.823717, 38.345224 ], [ -87.823514, 38.34564 ], [ -87.823411, 38.345968 ], [ -87.822721, 38.346912 ], [ -87.821826, 38.34773 ], [ -87.820049, 38.349237 ], [ -87.818146, 38.350467 ], [ -87.817162, 38.351203 ], [ -87.816156, 38.351971 ], [ -87.815483, 38.352413 ], [ -87.814993, 38.352931 ], [ -87.814371, 38.353397 ], [ -87.813791, 38.353792 ], [ -87.812843, 38.355126 ], [ -87.811887, 38.356371 ], [ -87.811135, 38.357586 ], [ -87.811015, 38.357939 ], [ -87.810314, 38.35872 ], [ -87.809033, 38.360267 ], [ -87.808897, 38.360431 ], [ -87.808879, 38.358589 ], [ -87.809652, 38.357245 ], [ -87.810233, 38.355826 ], [ -87.810844, 38.35475 ], [ -87.813343, 38.350058 ], [ -87.813779, 38.349508 ], [ -87.814855, 38.348821 ], [ -87.815058, 38.348593 ], [ -87.814291, 38.348392 ], [ -87.813822, 38.348268 ], [ -87.812982, 38.347903 ], [ -87.81217, 38.347674 ], [ -87.811561, 38.347675 ], [ -87.811068, 38.347835 ], [ -87.810461, 38.348248 ], [ -87.809736, 38.348569 ], [ -87.809243, 38.348592 ], [ -87.808782, 38.348285 ], [ -87.808755, 38.345652 ], [ -87.808722, 38.34317 ], [ -87.808731, 38.342816 ], [ -87.808818, 38.342377 ], [ -87.808873, 38.341867 ], [ -87.808908, 38.341106 ], [ -87.808917, 38.340922 ], [ -87.808917, 38.340818 ], [ -87.808914, 38.339501 ], [ -87.808942, 38.338413 ], [ -87.808952, 38.338046 ], [ -87.808959, 38.337078 ], [ -87.808953, 38.335438 ], [ -87.808962, 38.333468 ], [ -87.808885, 38.329701 ], [ -87.808856, 38.32891 ], [ -87.808826, 38.326726 ], [ -87.808819, 38.324465 ], [ -87.808833, 38.322415 ], [ -87.808825, 38.320135 ], [ -87.808838, 38.318523 ], [ -87.81069, 38.318534 ], [ -87.812785, 38.318563 ], [ -87.813421, 38.318577 ], [ -87.814117, 38.318568 ], [ -87.815067, 38.31859 ], [ -87.81794, 38.31861 ], [ -87.818253, 38.304004 ], [ -87.818278, 38.302744 ], [ -87.818422, 38.300742 ], [ -87.818392, 38.299145 ], [ -87.818478, 38.298516 ], [ -87.823008, 38.296776 ], [ -87.823124, 38.296663 ], [ -87.82321, 38.295113 ], [ -87.823478, 38.294968 ], [ -87.825768, 38.293614 ], [ -87.825829, 38.289695 ], [ -87.825975, 38.28884 ], [ -87.826004, 38.288388 ], [ -87.821208, 38.28894 ], [ -87.819289, 38.289399 ], [ -87.818178, 38.289521 ], [ -87.817224, 38.289722 ], [ -87.816176, 38.289759 ], [ -87.815632, 38.289925 ], [ -87.81479, 38.290337 ], [ -87.812875, 38.292167 ], [ -87.812091, 38.292556 ], [ -87.808759, 38.293878 ], [ -87.808379, 38.294025 ], [ -87.807132, 38.294345 ], [ -87.806754, 38.294544 ], [ -87.80618, 38.294673 ], [ -87.806023, 38.294707 ], [ -87.79042, 38.297643 ], [ -87.780983, 38.299419 ], [ -87.769189, 38.301567 ], [ -87.768753, 38.301589 ], [ -87.768132, 38.301849 ], [ -87.766794, 38.303149 ], [ -87.765781, 38.304154 ], [ -87.765725, 38.3042 ], [ -87.757383, 38.309335 ], [ -87.752964, 38.311078 ], [ -87.750096, 38.312792 ], [ -87.74335, 38.316895 ], [ -87.74146, 38.318043 ], [ -87.740456, 38.318579 ], [ -87.733702, 38.322171 ], [ -87.726173, 38.326175 ], [ -87.725767, 38.326221 ], [ -87.725653, 38.326402 ], [ -87.719247, 38.329894 ], [ -87.719312, 38.329985 ], [ -87.720516, 38.331712 ], [ -87.722045, 38.333872 ], [ -87.723716, 38.336262 ], [ -87.724161, 38.336913 ], [ -87.726038, 38.339662 ], [ -87.726762, 38.34073 ], [ -87.726845, 38.340892 ], [ -87.727766, 38.342179 ], [ -87.727901, 38.342397 ], [ -87.728026, 38.342726 ], [ -87.728041, 38.34275 ], [ -87.728434, 38.342794 ], [ -87.73217, 38.34286 ], [ -87.731972, 38.343217 ], [ -87.731686, 38.343415 ], [ -87.729421, 38.347664 ], [ -87.730149, 38.347896 ], [ -87.730713, 38.348045 ], [ -87.730859, 38.348102 ], [ -87.731006, 38.34822 ], [ -87.731098, 38.348353 ], [ -87.731287, 38.349101 ], [ -87.731595, 38.350268 ], [ -87.731991, 38.351653 ], [ -87.732105, 38.352146 ], [ -87.732288, 38.35287 ], [ -87.73263, 38.353814 ], [ -87.732902, 38.354361 ], [ -87.733123, 38.354646 ], [ -87.733571, 38.355068 ], [ -87.734749, 38.355251 ], [ -87.738859, 38.355472 ], [ -87.747875, 38.362635 ], [ -87.748157, 38.363229 ], [ -87.747941, 38.364143 ], [ -87.747215, 38.364785 ], [ -87.746953, 38.365404 ], [ -87.746867, 38.36694 ], [ -87.746955, 38.367444 ], [ -87.747042, 38.367513 ], [ -87.747187, 38.368086 ], [ -87.74742, 38.368614 ], [ -87.747392, 38.370058 ], [ -87.747143, 38.371249 ], [ -87.747131, 38.371306 ], [ -87.746957, 38.372142 ], [ -87.746872, 38.373468 ], [ -87.747032, 38.375053 ], [ -87.747133, 38.375536 ], [ -87.747337, 38.37584 ], [ -87.747513, 38.376503 ], [ -87.747311, 38.377806 ], [ -87.747253, 38.378675 ], [ -87.746907, 38.380025 ], [ -87.746819, 38.38007 ], [ -87.746752, 38.380637 ], [ -87.749677, 38.380679 ], [ -87.75103, 38.380698 ], [ -87.751714, 38.380708 ], [ -87.753674, 38.380736 ], [ -87.754541, 38.380749 ], [ -87.756212, 38.380735 ], [ -87.757039, 38.380729 ], [ -87.76004, 38.380706 ], [ -87.760059, 38.380715 ], [ -87.760327, 38.380842 ], [ -87.761433, 38.381366 ], [ -87.761909, 38.381593 ], [ -87.764311, 38.382737 ], [ -87.765103, 38.383113 ], [ -87.764749, 38.383372 ], [ -87.764429, 38.383715 ], [ -87.763497, 38.385157 ], [ -87.762392, 38.386049 ], [ -87.761548, 38.386507 ], [ -87.760471, 38.387399 ], [ -87.757182, 38.391335 ], [ -87.756163, 38.392479 ], [ -87.75594, 38.392747 ], [ -87.75465, 38.39431 ], [ -87.753922, 38.39566 ], [ -87.753553, 38.397128 ], [ -87.753511, 38.397297 ], [ -87.753495, 38.397369 ], [ -87.753426, 38.397675 ], [ -87.752843, 38.398704 ], [ -87.751898, 38.399603 ], [ -87.752848, 38.400295 ], [ -87.752735, 38.400412 ], [ -87.752391, 38.40077 ], [ -87.752047, 38.401128 ], [ -87.75154, 38.401657 ], [ -87.75003, 38.403027 ], [ -87.749418, 38.403794 ], [ -87.74689, 38.40696 ], [ -87.745254, 38.408996 ], [ -87.744965, 38.409814 ], [ -87.744294, 38.411715 ], [ -87.743772, 38.413115 ], [ -87.743715, 38.413995 ], [ -87.743693, 38.41435 ], [ -87.743691, 38.414387 ], [ -87.743533, 38.41689 ], [ -87.743504, 38.41732 ], [ -87.743218, 38.421681 ], [ -87.743117, 38.423138 ], [ -87.743108, 38.423264 ], [ -87.742828, 38.427335 ], [ -87.741566, 38.433207 ], [ -87.74104, 38.435576 ], [ -87.740585, 38.436634 ], [ -87.740394, 38.437079 ], [ -87.739767, 38.437977 ], [ -87.738812, 38.438929 ], [ -87.737677, 38.439508 ], [ -87.736144, 38.440067 ], [ -87.734607, 38.440876 ], [ -87.732849, 38.441393 ], [ -87.731641, 38.442165 ], [ -87.730699, 38.442908 ], [ -87.730393, 38.444228 ], [ -87.730211, 38.445429 ], [ -87.730134, 38.446518 ], [ -87.730369, 38.447884 ], [ -87.73082, 38.449228 ], [ -87.731974, 38.45078 ], [ -87.733218, 38.451825 ], [ -87.73459, 38.452499 ], [ -87.735729, 38.452986 ], [ -87.737747, 38.453617 ], [ -87.739315, 38.454164 ], [ -87.740525, 38.454716 ], [ -87.74216, 38.454916 ], [ -87.743899, 38.454997 ], [ -87.745388, 38.454623 ], [ -87.748429, 38.454529 ], [ -87.749475, 38.454417 ], [ -87.750026, 38.45418 ], [ -87.750797, 38.454197 ], [ -87.751477, 38.454213 ], [ -87.752826, 38.454415 ], [ -87.754834, 38.455176 ], [ -87.755931, 38.455876 ], [ -87.75618, 38.456317 ], [ -87.756534, 38.456944 ], [ -87.756825, 38.458502 ], [ -87.756714, 38.460299 ], [ -87.756435, 38.461491 ], [ -87.756179, 38.462538 ], [ -87.755355, 38.46396 ], [ -87.754668, 38.465069 ], [ -87.753952, 38.465932 ], [ -87.753725, 38.466208 ], [ -87.752814, 38.467251 ], [ -87.7519, 38.468487 ], [ -87.751433, 38.469138 ], [ -87.750934, 38.469844 ], [ -87.750028, 38.471427 ], [ -87.744644, 38.477266 ], [ -87.743265, 38.477844 ], [ -87.743371, 38.478689 ], [ -87.743132, 38.479309 ], [ -87.742082, 38.480232 ], [ -87.741836, 38.480768 ], [ -87.74171, 38.482103 ], [ -87.74162, 38.482944 ], [ -87.741604, 38.483617 ], [ -87.741682, 38.484447 ], [ -87.741724, 38.484556 ], [ -87.741811, 38.48466 ], [ -87.74176, 38.484742 ], [ -87.741732, 38.484837 ], [ -87.74169, 38.485246 ], [ -87.74167, 38.485321 ], [ -87.741696, 38.485559 ], [ -87.741702, 38.485664 ], [ -87.741707, 38.485746 ], [ -87.741721, 38.48926 ], [ -87.74172, 38.489465 ], [ -87.741719, 38.489581 ], [ -87.741666, 38.489995 ], [ -87.741651, 38.490251 ], [ -87.741636, 38.490509 ], [ -87.741648, 38.491611 ], [ -87.741654, 38.49207 ], [ -87.741673, 38.493459 ], [ -87.741696, 38.495697 ], [ -87.741735, 38.496674 ], [ -87.741715, 38.497487 ], [ -87.741746, 38.498466 ], [ -87.74401, 38.498521 ], [ -87.744495, 38.498523 ], [ -87.745048, 38.498534 ], [ -87.745369, 38.498551 ], [ -87.746146, 38.498574 ], [ -87.747688, 38.498627 ], [ -87.749922, 38.498679 ], [ -87.750498, 38.498685 ], [ -87.750796, 38.498712 ], [ -87.751003, 38.49872 ], [ -87.751116, 38.498681 ], [ -87.751196, 38.498604 ], [ -87.751213, 38.498518 ], [ -87.751195, 38.497979 ], [ -87.751206, 38.497898 ], [ -87.751242, 38.497865 ], [ -87.751285, 38.497826 ], [ -87.751351, 38.497792 ], [ -87.751466, 38.497773 ], [ -87.752018, 38.497788 ], [ -87.754865, 38.497827 ], [ -87.755557, 38.497832 ], [ -87.755837, 38.497844 ], [ -87.75685, 38.497886 ], [ -87.758142, 38.497892 ], [ -87.759368, 38.497893 ], [ -87.760024, 38.497913 ], [ -87.760345, 38.497911 ], [ -87.760376, 38.498983 ], [ -87.760412, 38.500203 ], [ -87.760469, 38.502441 ], [ -87.760505, 38.503945 ], [ -87.760523, 38.505695 ], [ -87.760549, 38.506222 ], [ -87.760572, 38.507762 ], [ -87.760607, 38.508536 ], [ -87.760612, 38.509768 ], [ -87.761076, 38.509769 ], [ -87.761314, 38.509764 ], [ -87.761314, 38.508911 ], [ -87.761529, 38.508167 ], [ -87.76368, 38.507504 ], [ -87.765253, 38.507233 ], [ -87.765256, 38.509703 ], [ -87.765147, 38.509853 ], [ -87.76611, 38.509874 ], [ -87.766595, 38.509875 ], [ -87.767402, 38.509897 ], [ -87.767947, 38.509823 ], [ -87.768163, 38.50983 ], [ -87.769131, 38.509847 ], [ -87.770235, 38.50986 ], [ -87.770235, 38.511733 ], [ -87.770374, 38.51181 ], [ -87.771131, 38.512359 ], [ -87.772676, 38.513024 ], [ -87.77352, 38.513779 ], [ -87.774982, 38.514629 ], [ -87.775017, 38.515746 ], [ -87.774976, 38.517307 ], [ -87.777644, 38.517268 ], [ -87.777783, 38.517377 ], [ -87.777899, 38.51737 ], [ -87.779713, 38.517383 ], [ -87.779714, 38.517867 ], [ -87.779731, 38.519447 ], [ -87.781724, 38.521426 ], [ -87.785324, 38.524797 ], [ -87.785926, 38.525548 ], [ -87.786713, 38.526556 ], [ -87.787586, 38.527975 ], [ -87.787674, 38.528501 ], [ -87.787936, 38.528639 ], [ -87.788635, 38.529898 ], [ -87.789566, 38.532095 ], [ -87.790207, 38.532805 ], [ -87.794577, 38.536194 ], [ -87.795772, 38.536903 ], [ -87.796734, 38.537636 ], [ -87.796967, 38.537728 ], [ -87.799278, 38.537752 ], [ -87.799765, 38.537756 ], [ -87.80028, 38.537457 ], [ -87.801316, 38.537572 ], [ -87.801916, 38.53796 ], [ -87.802578, 38.538143 ], [ -87.804534, 38.538098 ], [ -87.804735, 38.538189 ], [ -87.806021, 38.539241 ], [ -87.806538, 38.539447 ], [ -87.80731, 38.539459 ], [ -87.807541, 38.539659 ], [ -87.809461, 38.539681 ], [ -87.812939, 38.539738 ], [ -87.815455, 38.539784 ], [ -87.816254, 38.539793 ], [ -87.817784, 38.539812 ], [ -87.817786, 38.545421 ], [ -87.817786, 38.545621 ], [ -87.817776, 38.551358 ], [ -87.819313, 38.551331 ], [ -87.820114, 38.551295 ], [ -87.82038, 38.551257 ], [ -87.820624, 38.55118 ], [ -87.820795, 38.551127 ], [ -87.820945, 38.551074 ], [ -87.821172, 38.551027 ], [ -87.821504, 38.551009 ], [ -87.822507, 38.551022 ], [ -87.823326, 38.55102 ], [ -87.823783, 38.551019 ], [ -87.825472, 38.551025 ], [ -87.825452, 38.554649 ], [ -87.827507, 38.554643 ], [ -87.82748, 38.561414 ], [ -87.827436, 38.562146 ], [ -87.827361, 38.569699 ], [ -87.822723, 38.56965 ], [ -87.8226, 38.569649 ], [ -87.822468, 38.569648 ], [ -87.822299, 38.569646 ], [ -87.821925, 38.569642 ], [ -87.817741, 38.569598 ], [ -87.817706, 38.569596 ], [ -87.813227, 38.569306 ], [ -87.813201, 38.569304 ], [ -87.81316, 38.569304 ], [ -87.811629, 38.569305 ], [ -87.811616, 38.569305 ], [ -87.811471, 38.569305 ], [ -87.81103, 38.569303 ], [ -87.810607, 38.569301 ], [ -87.809755, 38.569297 ], [ -87.808571, 38.569276 ], [ -87.808558, 38.569276 ], [ -87.808197, 38.56927 ], [ -87.807775, 38.569271 ], [ -87.807763, 38.569271 ], [ -87.806629, 38.569273 ], [ -87.805041, 38.569253 ], [ -87.803016, 38.569236 ], [ -87.801214, 38.569206 ], [ -87.801195, 38.569206 ], [ -87.801163, 38.569205 ], [ -87.801044, 38.569203 ], [ -87.800827, 38.569202 ], [ -87.800808, 38.569202 ], [ -87.800796, 38.569202 ], [ -87.799186, 38.569196 ], [ -87.79842, 38.569206 ], [ -87.798085, 38.569197 ], [ -87.796747, 38.569162 ], [ -87.796732, 38.569162 ], [ -87.796674, 38.56916 ], [ -87.796487, 38.569159 ], [ -87.794472, 38.569148 ], [ -87.79256, 38.569126 ], [ -87.792251, 38.56912 ], [ -87.792238, 38.56912 ], [ -87.792188, 38.569119 ], [ -87.79139, 38.569103 ], [ -87.790126, 38.569092 ], [ -87.789434, 38.569094 ], [ -87.78942, 38.569094 ], [ -87.789379, 38.569094 ], [ -87.789335, 38.569093 ], [ -87.789204, 38.569092 ], [ -87.788989, 38.569089 ], [ -87.788966, 38.569089 ], [ -87.78897, 38.56834 ], [ -87.789032, 38.566597 ], [ -87.789051, 38.565204 ], [ -87.78909, 38.563771 ], [ -87.789112, 38.562997 ], [ -87.789144, 38.562125 ], [ -87.789125, 38.562018 ], [ -87.789047, 38.561911 ], [ -87.788913, 38.561818 ], [ -87.788846, 38.561791 ], [ -87.788586, 38.561757 ], [ -87.787792, 38.561748 ], [ -87.785844, 38.561737 ], [ -87.782795, 38.561711 ], [ -87.780518, 38.561696 ], [ -87.778857, 38.56169 ], [ -87.778637, 38.56169 ], [ -87.777752, 38.561654 ], [ -87.775132, 38.561608 ], [ -87.774574, 38.561628 ], [ -87.773439, 38.561608 ], [ -87.771196, 38.561579 ], [ -87.770287, 38.561569 ], [ -87.76955, 38.561568 ], [ -87.768255, 38.561546 ], [ -87.765606, 38.561544 ], [ -87.763167, 38.561555 ], [ -87.76262, 38.561553 ], [ -87.761788, 38.56155 ], [ -87.760848, 38.561545 ], [ -87.760205, 38.561519 ], [ -87.760176, 38.563073 ], [ -87.760148, 38.565781 ], [ -87.760126, 38.567019 ], [ -87.760095, 38.568724 ], [ -87.760094, 38.568783 ], [ -87.760082, 38.568783 ], [ -87.750812, 38.568628 ], [ -87.741338, 38.56847 ], [ -87.741319, 38.56847 ], [ -87.734286, 38.568448 ], [ -87.731965, 38.568441 ], [ -87.723011, 38.568357 ], [ -87.71917, 38.56835 ], [ -87.715857, 38.568348 ], [ -87.71348, 38.568346 ], [ -87.713091, 38.568346 ], [ -87.712997, 38.568346 ], [ -87.712971, 38.568346 ], [ -87.712944, 38.568345 ], [ -87.712895, 38.568345 ], [ -87.712734, 38.568345 ], [ -87.712549, 38.568345 ], [ -87.712291, 38.568345 ], [ -87.712239, 38.568345 ], [ -87.712227, 38.568345 ], [ -87.712206, 38.568346 ], [ -87.711027, 38.56838 ], [ -87.710984, 38.56838 ], [ -87.710891, 38.568371 ], [ -87.709923, 38.568374 ], [ -87.708999, 38.568369 ], [ -87.70379, 38.568341 ], [ -87.701197, 38.568329 ], [ -87.69917, 38.568319 ], [ -87.696137, 38.568306 ], [ -87.694654, 38.568298 ], [ -87.694614, 38.568298 ], [ -87.685446, 38.568265 ], [ -87.685364, 38.568265 ], [ -87.685326, 38.568265 ], [ -87.676915, 38.568218 ], [ -87.676498, 38.568217 ], [ -87.676453, 38.568217 ], [ -87.672089, 38.568208 ], [ -87.671988, 38.568208 ], [ -87.671971, 38.568208 ], [ -87.671923, 38.568207 ], [ -87.671874, 38.568207 ], [ -87.671757, 38.568207 ], [ -87.67129, 38.568206 ], [ -87.67058, 38.568205 ], [ -87.670412, 38.568205 ], [ -87.670377, 38.568205 ], [ -87.66847, 38.568201 ], [ -87.668327, 38.568201 ], [ -87.668062, 38.568201 ], [ -87.658688, 38.568064 ], [ -87.658214, 38.568064 ], [ -87.654312, 38.568061 ], [ -87.654245, 38.568216 ], [ -87.654211, 38.5683 ], [ -87.654037, 38.568292 ], [ -87.653977, 38.568289 ], [ -87.653957, 38.568288 ], [ -87.653945, 38.568288 ], [ -87.653926, 38.568287 ], [ -87.653281, 38.568257 ], [ -87.652582, 38.568219 ], [ -87.651529, 38.568166 ], [ -87.651307, 38.568616 ], [ -87.651107, 38.569026 ], [ -87.650597, 38.569627 ], [ -87.650181, 38.570059 ], [ -87.649682, 38.570523 ], [ -87.648618, 38.571056 ], [ -87.647886, 38.571341 ], [ -87.647248, 38.571474 ], [ -87.646405, 38.571541 ], [ -87.645089, 38.571774 ], [ -87.643967, 38.572 ], [ -87.642937, 38.572283 ], [ -87.642308, 38.572505 ], [ -87.641389, 38.572934 ], [ -87.640592, 38.573444 ], [ -87.640054, 38.573771 ], [ -87.639567, 38.574163 ], [ -87.638911, 38.574876 ], [ -87.638522, 38.575606 ], [ -87.638247, 38.576273 ], [ -87.638116, 38.576829 ], [ -87.638049, 38.577263 ], [ -87.638073, 38.577828 ], [ -87.638097, 38.578344 ], [ -87.638256, 38.578796 ], [ -87.638405, 38.579136 ], [ -87.638586, 38.579467 ], [ -87.639106, 38.580575 ], [ -87.639525, 38.581489 ], [ -87.639775, 38.581998 ], [ -87.639851, 38.582522 ], [ -87.639984, 38.583297 ], [ -87.640093, 38.584434 ], [ -87.640175, 38.585145 ], [ -87.64026, 38.58587 ], [ -87.640258, 38.589199 ], [ -87.64021, 38.589795 ], [ -87.640113, 38.5901 ], [ -87.639839, 38.590679 ], [ -87.639433, 38.591255 ], [ -87.639088, 38.5916 ], [ -87.638393, 38.5922 ], [ -87.637835, 38.59253 ], [ -87.637627, 38.592654 ], [ -87.636853, 38.592891 ], [ -87.636237, 38.592911 ], [ -87.635509, 38.592842 ], [ -87.634823, 38.592692 ], [ -87.634057, 38.592372 ], [ -87.633007, 38.591793 ], [ -87.632172, 38.591231 ], [ -87.628157, 38.588101 ], [ -87.627383, 38.587644 ], [ -87.626822, 38.587342 ], [ -87.625943, 38.58703 ], [ -87.625329, 38.58684 ], [ -87.625024, 38.586685 ], [ -87.622897, 38.586198 ], [ -87.621401, 38.586118 ], [ -87.619562, 38.586463 ], [ -87.616604, 38.587029 ], [ -87.614508, 38.58751 ], [ -87.613138, 38.588277 ], [ -87.61196, 38.589248 ], [ -87.611376, 38.590471 ], [ -87.610907, 38.591405 ], [ -87.610886, 38.592632 ], [ -87.61135, 38.593611 ], [ -87.612439, 38.594642 ], [ -87.613461, 38.595042 ], [ -87.616437, 38.594905 ], [ -87.619443, 38.594824 ], [ -87.620793, 38.595186 ], [ -87.622636, 38.595648 ], [ -87.623441, 38.596241 ], [ -87.624143, 38.596955 ], [ -87.625024, 38.598259 ], [ -87.625255, 38.598945 ], [ -87.625406, 38.599188 ], [ -87.625462, 38.599583 ], [ -87.625475, 38.60022 ], [ -87.625562, 38.60064 ], [ -87.625637, 38.60114 ], [ -87.625852, 38.602052 ], [ -87.62605, 38.602602 ], [ -87.626248, 38.603167 ], [ -87.62661, 38.603718 ], [ -87.627247, 38.605206 ], [ -87.627287, 38.605299 ], [ -87.627348, 38.60544 ], [ -87.627423, 38.605972 ], [ -87.62745, 38.606278 ], [ -87.627446, 38.606585 ], [ -87.62738, 38.606907 ], [ -87.627345, 38.607237 ], [ -87.627218, 38.60755 ], [ -87.626987, 38.60796 ], [ -87.626602, 38.60832 ], [ -87.626081, 38.608905 ], [ -87.62551, 38.609441 ], [ -87.625024, 38.609727 ], [ -87.623933, 38.610262 ], [ -87.622656, 38.61082 ], [ -87.621306, 38.611516 ], [ -87.620532, 38.612165 ], [ -87.620352, 38.612786 ], [ -87.621019, 38.613943 ], [ -87.622425, 38.616469 ], [ -87.622759, 38.617084 ], [ -87.622556, 38.618011 ], [ -87.622375, 38.618873 ], [ -87.621794, 38.619597 ], [ -87.620474, 38.620478 ], [ -87.619095, 38.620955 ], [ -87.618208, 38.621515 ], [ -87.617043, 38.622195 ], [ -87.616152, 38.623215 ], [ -87.615585, 38.625047 ], [ -87.615469, 38.625889 ], [ -87.615584, 38.626456 ], [ -87.615678, 38.627094 ], [ -87.615736, 38.627292 ], [ -87.615785, 38.627458 ], [ -87.615943, 38.627952 ], [ -87.616425, 38.628674 ], [ -87.618924, 38.631382 ], [ -87.619819, 38.632737 ], [ -87.620382, 38.634307 ], [ -87.620586, 38.635023 ], [ -87.6209, 38.636128 ], [ -87.62098, 38.637655 ], [ -87.62012, 38.639489 ], [ -87.619197, 38.64075 ], [ -87.617315, 38.642157 ], [ -87.614321, 38.643038 ], [ -87.612206, 38.643539 ], [ -87.610877, 38.643917 ], [ -87.609831, 38.644216 ], [ -87.607896, 38.644984 ], [ -87.605817, 38.646518 ], [ -87.60433, 38.648356 ], [ -87.60295, 38.651236 ], [ -87.602898, 38.652616 ], [ -87.602759, 38.654375 ], [ -87.602863, 38.656363 ], [ -87.602031, 38.659053 ], [ -87.60018, 38.662462 ], [ -87.597247, 38.665314 ], [ -87.593678, 38.667402 ], [ -87.590093, 38.668944 ], [ -87.587684, 38.66998 ], [ -87.579397, 38.672475 ], [ -87.569607, 38.674358 ], [ -87.564674, 38.674916 ], [ -87.564417, 38.674944 ], [ -87.55843, 38.675585 ], [ -87.545538, 38.677613 ], [ -87.540051, 38.679143 ], [ -87.535164, 38.681437 ], [ -87.535062, 38.681485 ], [ -87.534435, 38.681754 ], [ -87.533177, 38.682605 ], [ -87.531231, 38.684036 ], [ -87.528622, 38.686385 ], [ -87.528557, 38.686443 ], [ -87.528131, 38.686828 ], [ -87.525694, 38.689311 ], [ -87.522039, 38.69335 ], [ -87.520877, 38.695093 ], [ -87.520636, 38.695454 ], [ -87.51961, 38.697198 ], [ -87.519038, 38.699526 ], [ -87.518982, 38.702939 ], [ -87.518946, 38.705149 ], [ -87.519164, 38.707168 ], [ -87.519189, 38.707404 ], [ -87.519519, 38.710455 ], [ -87.518598, 38.712739 ], [ -87.516707, 38.716332 ], [ -87.514607, 38.71898 ], [ -87.510706, 38.723348 ], [ -87.508515, 38.725768 ], [ -87.507697, 38.727335 ], [ -87.50713, 38.729947 ], [ -87.506221, 38.733533 ], [ -87.506172, 38.733725 ], [ -87.505339, 38.73497 ], [ -87.504059, 38.735823 ], [ -87.501938, 38.736435 ], [ -87.50002, 38.737008 ], [ -87.497526, 38.738532 ], [ -87.49652, 38.739336 ], [ -87.496041, 38.739981 ], [ -87.495799, 38.740699 ], [ -87.495797, 38.741005 ], [ -87.495794, 38.741361 ], [ -87.496076, 38.742113 ], [ -87.496494, 38.742728 ], [ -87.497405, 38.743409 ], [ -87.498451, 38.743994 ], [ -87.49956, 38.744457 ], [ -87.50002, 38.744912 ], [ -87.50159, 38.745725 ], [ -87.503318, 38.74708 ], [ -87.503879, 38.748054 ], [ -87.504046, 38.748507 ], [ -87.504006, 38.74971 ], [ -87.503576, 38.750046 ], [ -87.503531, 38.750402 ], [ -87.50338, 38.75098 ], [ -87.502613, 38.752601 ], [ -87.501814, 38.754197 ], [ -87.500919, 38.755294 ], [ -87.50002, 38.756182 ], [ -87.499647, 38.756808 ], [ -87.498948, 38.757774 ], [ -87.498515, 38.758983 ], [ -87.498238, 38.760063 ], [ -87.497884, 38.761877 ], [ -87.497654, 38.762592 ], [ -87.497334, 38.763593 ], [ -87.49711, 38.764536 ], [ -87.49687, 38.766181 ], [ -87.496906, 38.766818 ], [ -87.497476, 38.767647 ], [ -87.497529, 38.767724 ], [ -87.498216, 38.768307 ], [ -87.499131, 38.768835 ], [ -87.499749, 38.76899 ], [ -87.50002, 38.769036 ], [ -87.500494, 38.769176 ], [ -87.502516, 38.769173 ], [ -87.504953, 38.76886 ], [ -87.505881, 38.768431 ], [ -87.506565, 38.767856 ], [ -87.508183, 38.767312 ], [ -87.51033, 38.767181 ], [ -87.511969, 38.767538 ], [ -87.513652, 38.768475 ], [ -87.514373, 38.769172 ], [ -87.514861, 38.770503 ], [ -87.514548, 38.771821 ], [ -87.513799, 38.772758 ], [ -87.513137, 38.773196 ], [ -87.511798, 38.773558 ], [ -87.505668, 38.77367 ], [ -87.505258, 38.773722 ], [ -87.504301, 38.773846 ], [ -87.503768, 38.773981 ], [ -87.503497, 38.77405 ], [ -87.502115, 38.774628 ], [ -87.50002, 38.775652 ], [ -87.498587, 38.77648 ], [ -87.49743, 38.777438 ], [ -87.496537, 38.778571 ], [ -87.495739, 38.780303 ], [ -87.495199, 38.781979 ], [ -87.495211, 38.78306 ], [ -87.495381, 38.783811 ], [ -87.495509, 38.784626 ], [ -87.495905, 38.785434 ], [ -87.497821, 38.787071 ], [ -87.497792, 38.787167 ], [ -87.497842, 38.787409 ], [ -87.497912, 38.787699 ], [ -87.498567, 38.7885 ], [ -87.499274, 38.789221 ], [ -87.50002, 38.790245 ], [ -87.501123, 38.79138 ], [ -87.501547, 38.791696 ], [ -87.503129, 38.792874 ], [ -87.50656, 38.794546 ], [ -87.508211, 38.795716 ], [ -87.510553, 38.798396 ], [ -87.512272, 38.800766 ], [ -87.514919, 38.803713 ], [ -87.516689, 38.80618 ], [ -87.517747, 38.80807 ], [ -87.51922, 38.810478 ], [ -87.521595, 38.813013 ], [ -87.526816, 38.817369 ], [ -87.527342, 38.818121 ], [ -87.527407, 38.818766 ], [ -87.527133, 38.819432 ], [ -87.526463, 38.820538 ], [ -87.525901, 38.821171 ], [ -87.525239, 38.821601 ], [ -87.524381, 38.822111 ], [ -87.523636, 38.822597 ], [ -87.52338, 38.82344 ], [ -87.523178, 38.82401 ], [ -87.521681, 38.826576 ], [ -87.521841, 38.828734 ], [ -87.522212, 38.830483 ], [ -87.523235, 38.831852 ], [ -87.524577, 38.833634 ], [ -87.525961, 38.836198 ], [ -87.526695, 38.838578 ], [ -87.526718, 38.841129 ], [ -87.526682, 38.842546 ], [ -87.526524, 38.842883 ], [ -87.526106, 38.843468 ], [ -87.525904, 38.844142 ], [ -87.526049, 38.844924 ], [ -87.526168, 38.845368 ], [ -87.525996, 38.846059 ], [ -87.525908, 38.847507 ], [ -87.525893, 38.848795 ], [ -87.526729, 38.850362 ], [ -87.528194, 38.851691 ], [ -87.529186, 38.852132 ], [ -87.531145, 38.852507 ], [ -87.53452, 38.853124 ], [ -87.537248, 38.853592 ], [ -87.538845, 38.854174 ], [ -87.540309, 38.854715 ], [ -87.54169, 38.855343 ], [ -87.542608, 38.855953 ], [ -87.54483, 38.856828 ], [ -87.550515, 38.85956 ], [ -87.552028, 38.860318 ], [ -87.553106, 38.861411 ], [ -87.553394, 38.86241 ], [ -87.553384, 38.863344 ], [ -87.552871, 38.864146 ], [ -87.552066, 38.864511 ], [ -87.550985, 38.864601 ], [ -87.549469, 38.864181 ], [ -87.547904, 38.863406 ], [ -87.545719, 38.86303 ], [ -87.544235, 38.863375 ], [ -87.543188, 38.864214 ], [ -87.542642, 38.865281 ], [ -87.542606, 38.866641 ], [ -87.543271, 38.867941 ], [ -87.54433, 38.868873 ], [ -87.54587, 38.869994 ], [ -87.546957, 38.871184 ], [ -87.547611, 38.872516 ], [ -87.547739, 38.874014 ], [ -87.547548, 38.875044 ], [ -87.547511, 38.875302 ], [ -87.54737, 38.875614 ], [ -87.547064, 38.875957 ], [ -87.546655, 38.876258 ], [ -87.545937, 38.876587 ], [ -87.545203, 38.87673 ], [ -87.54373, 38.876765 ], [ -87.541815, 38.876762 ], [ -87.540412, 38.876887 ], [ -87.538438, 38.877165 ], [ -87.536816, 38.877408 ], [ -87.535943, 38.877759 ], [ -87.535472, 38.878091 ], [ -87.535144, 38.878474 ], [ -87.534919, 38.878874 ], [ -87.534834, 38.879414 ], [ -87.534992, 38.880594 ], [ -87.535536, 38.881555 ], [ -87.536125, 38.88233 ], [ -87.536521, 38.882578 ], [ -87.536741, 38.882847 ], [ -87.53722, 38.883976 ], [ -87.537552, 38.884756 ], [ -87.537746, 38.88512 ], [ -87.538031, 38.885457 ], [ -87.53828, 38.885799 ], [ -87.538736, 38.886137 ], [ -87.539855, 38.886718 ], [ -87.540612, 38.886915 ], [ -87.541542, 38.887202 ], [ -87.54256, 38.887701 ], [ -87.543383, 38.888197 ], [ -87.544292, 38.888953 ], [ -87.544854, 38.890059 ], [ -87.545052, 38.890821 ], [ -87.54513, 38.891467 ], [ -87.544919, 38.89345 ], [ -87.544641, 38.894374 ], [ -87.544089, 38.895093 ], [ -87.543229, 38.89575 ], [ -87.542437, 38.896167 ], [ -87.541628, 38.896381 ], [ -87.540804, 38.896385 ], [ -87.539869, 38.896307 ], [ -87.539122, 38.896119 ], [ -87.53859, 38.89553 ], [ -87.538495, 38.895174 ], [ -87.538576, 38.893448 ], [ -87.538411, 38.892582 ], [ -87.537916, 38.891442 ], [ -87.537718, 38.890925 ], [ -87.537652, 38.890254 ], [ -87.537596, 38.889551 ], [ -87.53738, 38.889088 ], [ -87.537191, 38.88877 ], [ -87.536879, 38.888459 ], [ -87.536521, 38.887897 ], [ -87.536264, 38.887425 ], [ -87.535955, 38.886993 ], [ -87.535703, 38.887207 ], [ -87.535172, 38.887926 ], [ -87.534789, 38.888873 ], [ -87.534363, 38.890376 ], [ -87.534342, 38.891296 ], [ -87.534472, 38.892339 ], [ -87.534641, 38.892584 ], [ -87.535033, 38.893009 ], [ -87.535464, 38.893516 ], [ -87.535827, 38.893852 ], [ -87.536398, 38.894562 ], [ -87.536603, 38.895042 ], [ -87.536591, 38.895566 ], [ -87.534046, 38.900017 ], [ -87.533858, 38.900588 ], [ -87.533695, 38.900957 ], [ -87.53293, 38.901519 ], [ -87.532101, 38.901717 ], [ -87.531337, 38.901786 ], [ -87.530608, 38.901719 ], [ -87.529004, 38.901583 ], [ -87.528261, 38.901653 ], [ -87.527329, 38.90189 ], [ -87.525292, 38.902239 ], [ -87.524465, 38.902365 ], [ -87.522939, 38.90239 ], [ -87.522737, 38.902512 ], [ -87.52212, 38.902523 ], [ -87.520515, 38.902516 ], [ -87.518896, 38.902613 ], [ -87.518008, 38.902705 ], [ -87.517425, 38.902987 ], [ -87.51712, 38.903249 ], [ -87.516831, 38.903697 ], [ -87.516728, 38.904123 ], [ -87.516811, 38.904544 ], [ -87.516976, 38.904999 ], [ -87.517235, 38.905342 ], [ -87.517732, 38.905672 ], [ -87.51848, 38.905836 ], [ -87.518953, 38.905859 ], [ -87.519604, 38.905796 ], [ -87.520234, 38.905692 ], [ -87.521798, 38.905319 ], [ -87.522731, 38.905099 ], [ -87.523431, 38.905093 ], [ -87.524314, 38.905194 ], [ -87.525265, 38.905515 ], [ -87.526068, 38.905946 ], [ -87.526625, 38.906382 ], [ -87.527295, 38.907215 ], [ -87.527645, 38.907688 ], [ -87.52791, 38.908209 ], [ -87.5279, 38.908636 ], [ -87.527887, 38.909201 ], [ -87.527628, 38.909722 ], [ -87.5272, 38.910402 ], [ -87.526046, 38.913073 ], [ -87.526033, 38.913606 ], [ -87.526087, 38.914381 ], [ -87.526307, 38.915111 ], [ -87.526652, 38.915762 ], [ -87.527053, 38.916252 ], [ -87.527481, 38.917332 ], [ -87.527702, 38.918449 ], [ -87.527704, 38.918812 ], [ -87.527715, 38.919232 ], [ -87.527462, 38.919906 ], [ -87.527184, 38.920346 ], [ -87.526771, 38.920833 ], [ -87.526058, 38.921355 ], [ -87.525477, 38.921524 ], [ -87.525188, 38.921568 ], [ -87.524837, 38.921661 ], [ -87.52417, 38.921555 ], [ -87.523525, 38.921408 ], [ -87.522475, 38.921345 ], [ -87.52168, 38.921462 ], [ -87.520634, 38.921665 ], [ -87.520217, 38.921893 ], [ -87.519119, 38.922603 ], [ -87.518826, 38.923205 ], [ -87.518603, 38.923944 ], [ -87.518469, 38.924798 ], [ -87.518619, 38.92588 ], [ -87.518728, 38.926947 ], [ -87.518789, 38.927844 ], [ -87.518696, 38.928327 ], [ -87.518431, 38.929066 ], [ -87.51801, 38.929794 ], [ -87.517046, 38.931467 ], [ -87.516767, 38.932343 ], [ -87.516628, 38.932995 ], [ -87.516658, 38.93348 ], [ -87.51675, 38.933965 ], [ -87.517355, 38.934943 ], [ -87.519922, 38.937531 ], [ -87.52124, 38.93889 ], [ -87.521608, 38.93946 ], [ -87.521851, 38.940069 ], [ -87.521871, 38.940553 ], [ -87.521765, 38.941117 ], [ -87.521284, 38.941836 ], [ -87.521, 38.942107 ], [ -87.519469, 38.942981 ], [ -87.519318, 38.943067 ], [ -87.519235, 38.94313 ], [ -87.518615, 38.943606 ], [ -87.517481, 38.944493 ], [ -87.516343, 38.945558 ], [ -87.51536, 38.946609 ], [ -87.514311, 38.947837 ], [ -87.513598, 38.948795 ], [ -87.512927, 38.950133 ], [ -87.512328, 38.951941 ], [ -87.512198, 38.952649 ], [ -87.51213, 38.953811 ], [ -87.512187, 38.954417 ], [ -87.512605, 38.955085 ], [ -87.513346, 38.956 ], [ -87.513783, 38.956232 ], [ -87.515121, 38.956776 ], [ -87.516365, 38.957335 ], [ -87.517539, 38.957935 ], [ -87.517893, 38.958116 ], [ -87.519173, 38.95891 ], [ -87.520614, 38.959843 ], [ -87.5218, 38.960715 ], [ -87.524335, 38.962964 ], [ -87.524964, 38.963845 ], [ -87.525486, 38.964877 ], [ -87.525967, 38.966361 ], [ -87.526489, 38.967394 ], [ -87.527002, 38.96883 ], [ -87.527597, 38.969831 ], [ -87.52871, 38.971171 ], [ -87.529496, 38.971925 ], [ -87.530853, 38.972526 ], [ -87.532449, 38.973058 ], [ -87.534519, 38.97358 ], [ -87.537806, 38.974555 ], [ -87.5408, 38.97526 ], [ -87.542437, 38.975587 ], [ -87.542493, 38.975599 ], [ -87.543563, 38.976147 ], [ -87.548034, 38.978504 ], [ -87.551274, 38.9793 ], [ -87.554415, 38.979886 ], [ -87.557985, 38.980687 ], [ -87.560279, 38.981366 ], [ -87.562564, 38.982455 ], [ -87.564366, 38.983022 ], [ -87.569264, 38.984357 ], [ -87.573466, 38.985441 ], [ -87.575605, 38.986166 ], [ -87.576531, 38.986711 ], [ -87.577586, 38.987913 ], [ -87.578319, 38.988786 ], [ -87.578493, 38.989749 ], [ -87.578297, 38.990199 ], [ -87.578019, 38.990647 ], [ -87.577547, 38.990987 ], [ -87.576984, 38.99127 ], [ -87.575804, 38.991463 ], [ -87.574535, 38.991518 ], [ -87.573402, 38.991429 ], [ -87.57254, 38.991248 ], [ -87.571774, 38.99093 ], [ -87.569781, 38.990143 ], [ -87.568371, 38.989607 ], [ -87.566794, 38.989133 ], [ -87.565193, 38.988795 ], [ -87.563966, 38.988802 ], [ -87.562981, 38.989022 ], [ -87.562043, 38.989469 ], [ -87.561269, 38.990378 ], [ -87.560742, 38.991315 ], [ -87.560574, 38.991862 ], [ -87.560427, 38.992425 ], [ -87.560654, 38.992944 ], [ -87.560991, 38.993514 ], [ -87.561405, 38.993883 ], [ -87.561976, 38.994198 ], [ -87.562888, 38.994429 ], [ -87.563351, 38.994468 ], [ -87.564023, 38.994405 ], [ -87.564676, 38.994277 ], [ -87.565153, 38.994146 ], [ -87.566096, 38.993934 ], [ -87.566495, 38.993624 ], [ -87.567085, 38.993544 ], [ -87.568205, 38.993705 ], [ -87.569465, 38.99407 ], [ -87.571305, 38.994782 ], [ -87.573113, 38.995534 ], [ -87.575422, 38.996478 ], [ -87.576565, 38.997027 ], [ -87.577001, 38.997332 ], [ -87.577627, 38.997914 ], [ -87.578258, 38.998762 ], [ -87.578654, 38.999502 ], [ -87.578806, 39.000042 ], [ -87.579117, 39.001607 ], [ -87.578889, 39.002413 ], [ -87.578569, 39.00305 ], [ -87.577764, 39.0038 ], [ -87.576836, 39.004791 ], [ -87.575649, 39.006427 ], [ -87.573761, 39.008684 ], [ -87.572976, 39.010272 ], [ -87.57187, 39.012545 ], [ -87.570317, 39.017333 ], [ -87.569696, 39.019413 ], [ -87.569627, 39.020414 ], [ -87.569626, 39.020432 ], [ -87.56959, 39.02096 ], [ -87.569579, 39.021863 ], [ -87.569875, 39.023105 ], [ -87.570686, 39.024967 ], [ -87.575027, 39.034062 ], [ -87.576087, 39.035151 ], [ -87.577629, 39.036659 ], [ -87.579512, 39.038401 ], [ -87.580252, 39.039377 ], [ -87.580373, 39.040707 ], [ -87.580207, 39.04194 ], [ -87.578824, 39.043528 ], [ -87.577472, 39.044487 ], [ -87.57642, 39.045543 ], [ -87.574728, 39.046929 ], [ -87.572983, 39.049201 ], [ -87.572555, 39.050056 ], [ -87.57229, 39.050587 ], [ -87.571926, 39.052739 ], [ -87.572138, 39.055448 ], [ -87.572588, 39.057286 ], [ -87.574328, 39.058536 ], [ -87.576984, 39.060182 ], [ -87.578702, 39.061698 ], [ -87.5801, 39.063891 ], [ -87.581859, 39.065826 ], [ -87.583546, 39.067947 ], [ -87.585687, 39.069729 ], [ -87.587726, 39.071027 ], [ -87.589854, 39.072278 ], [ -87.58995, 39.072334 ], [ -87.591515, 39.073181 ], [ -87.592442, 39.074253 ], [ -87.592822, 39.075228 ], [ -87.593398, 39.076325 ], [ -87.593954, 39.077155 ], [ -87.594592, 39.077986 ], [ -87.595559, 39.078978 ], [ -87.596373, 39.079639 ], [ -87.597475, 39.080195 ], [ -87.598556, 39.080622 ], [ -87.601101, 39.081405 ], [ -87.602905, 39.081558 ], [ -87.604122, 39.081405 ], [ -87.607121, 39.081179 ], [ -87.610696, 39.081234 ], [ -87.611863, 39.081252 ], [ -87.614171, 39.081784 ], [ -87.615964, 39.082566 ], [ -87.61859, 39.084863 ], [ -87.618733, 39.08501 ], [ -87.620258, 39.086572 ], [ -87.620978, 39.088096 ], [ -87.621142, 39.088966 ], [ -87.620729, 39.090264 ], [ -87.620387, 39.091522 ], [ -87.618994, 39.093022 ], [ -87.617611, 39.094287 ], [ -87.615465, 39.095771 ], [ -87.614309, 39.097778 ], [ -87.613946, 39.099536 ], [ -87.613996, 39.100995 ], [ -87.614881, 39.102655 ], [ -87.615684, 39.103316 ], [ -87.618385, 39.104284 ], [ -87.620766, 39.104396 ], [ -87.623509, 39.104476 ], [ -87.625024, 39.104225 ], [ -87.628686, 39.10449 ], [ -87.632655, 39.104908 ], [ -87.634721, 39.105387 ], [ -87.637117, 39.10573 ], [ -87.638585, 39.105894 ], [ -87.640312, 39.105655 ], [ -87.642352, 39.10516 ], [ -87.644609, 39.104432 ], [ -87.64707, 39.104268 ], [ -87.649166, 39.104803 ], [ -87.651198, 39.105829 ], [ -87.652796, 39.106839 ], [ -87.653618, 39.107806 ], [ -87.654636, 39.109111 ], [ -87.654864, 39.110133 ], [ -87.65491, 39.110337 ], [ -87.654936, 39.110453 ], [ -87.654951, 39.110517 ], [ -87.654957, 39.110541 ], [ -87.655042, 39.110921 ], [ -87.654859, 39.112394 ], [ -87.654182, 39.113382 ], [ -87.653278, 39.114403 ], [ -87.652083, 39.115543 ], [ -87.651377, 39.116122 ], [ -87.651022, 39.116439 ], [ -87.650434, 39.116495 ], [ -87.65019, 39.116455 ], [ -87.649916, 39.11641 ], [ -87.648818, 39.116036 ], [ -87.647644, 39.115637 ], [ -87.646165, 39.115395 ], [ -87.644317, 39.115205 ], [ -87.643941, 39.115025 ], [ -87.640761, 39.114372 ], [ -87.640899, 39.115283 ], [ -87.639471, 39.115925 ], [ -87.638491, 39.116441 ], [ -87.637494, 39.116943 ], [ -87.636514, 39.117661 ], [ -87.635903, 39.118329 ], [ -87.635296, 39.119291 ], [ -87.634971, 39.120089 ], [ -87.634931, 39.121495 ], [ -87.635019, 39.122124 ], [ -87.6351, 39.122298 ], [ -87.636927, 39.123104 ], [ -87.637987, 39.123428 ], [ -87.638187, 39.123469 ], [ -87.639326, 39.123053 ], [ -87.64089, 39.122774 ], [ -87.641376, 39.122904 ], [ -87.641654, 39.123012 ], [ -87.641934, 39.123121 ], [ -87.64217, 39.123212 ], [ -87.642199, 39.123695 ], [ -87.64207, 39.124895 ], [ -87.642055, 39.12504 ], [ -87.642194, 39.126003 ], [ -87.642335, 39.126891 ], [ -87.64272, 39.128009 ], [ -87.643145, 39.128562 ], [ -87.644066, 39.129104 ], [ -87.644804, 39.129523 ], [ -87.645524, 39.129691 ], [ -87.647067, 39.130159 ], [ -87.650037, 39.130576 ], [ -87.6515, 39.130817 ], [ -87.655239, 39.132283 ], [ -87.656016, 39.132791 ], [ -87.657045, 39.133721 ], [ -87.658111, 39.134934 ], [ -87.658745, 39.135997 ], [ -87.658707, 39.136985 ], [ -87.658694, 39.137311 ], [ -87.658201, 39.138404 ], [ -87.65408, 39.142687 ], [ -87.653201, 39.143993 ], [ -87.653052, 39.144863 ], [ -87.65334, 39.145608 ], [ -87.653334, 39.146641 ], [ -87.653311, 39.148028 ], [ -87.652782, 39.149435 ], [ -87.651719, 39.150602 ], [ -87.650049, 39.151577 ], [ -87.648205, 39.15247 ], [ -87.64638, 39.153428 ], [ -87.645938, 39.153701 ], [ -87.64497, 39.154301 ], [ -87.644216, 39.154858 ], [ -87.643793, 39.155427 ], [ -87.643462, 39.156069 ], [ -87.642948, 39.156532 ], [ -87.642561, 39.156842 ], [ -87.642175, 39.157097 ], [ -87.641581, 39.157132 ], [ -87.64153, 39.157134 ], [ -87.641129, 39.157158 ], [ -87.64055, 39.157136 ], [ -87.639712, 39.157159 ], [ -87.639019, 39.157152 ], [ -87.638545, 39.157067 ], [ -87.638122, 39.156982 ], [ -87.637443, 39.156773 ], [ -87.636874, 39.156203 ], [ -87.636336, 39.15556 ], [ -87.635758, 39.15486 ], [ -87.635331, 39.15446 ], [ -87.634773, 39.153777 ], [ -87.634379, 39.153419 ], [ -87.634295, 39.15339 ], [ -87.633348, 39.153068 ], [ -87.632398, 39.152954 ], [ -87.631571, 39.152986 ], [ -87.630835, 39.153091 ], [ -87.630223, 39.153206 ], [ -87.629713, 39.153394 ], [ -87.629243, 39.15368 ], [ -87.628743, 39.153917 ], [ -87.628325, 39.154211 ], [ -87.62804, 39.154539 ], [ -87.627713, 39.154906 ], [ -87.627509, 39.15538 ], [ -87.627742, 39.15623 ], [ -87.628186, 39.15692 ], [ -87.628798, 39.157513 ], [ -87.628949, 39.157696 ], [ -87.629106, 39.157815 ], [ -87.629377, 39.158023 ], [ -87.630375, 39.15834 ], [ -87.630626, 39.158368 ], [ -87.63117, 39.15843 ], [ -87.631449, 39.158513 ], [ -87.631756, 39.158604 ], [ -87.63321, 39.158717 ], [ -87.633894, 39.158771 ], [ -87.635702, 39.158846 ], [ -87.637426, 39.159025 ], [ -87.638324, 39.159139 ], [ -87.639371, 39.159382 ], [ -87.639849, 39.159493 ], [ -87.640856, 39.159867 ], [ -87.641237, 39.160199 ], [ -87.641412, 39.160351 ], [ -87.641549, 39.160472 ], [ -87.642063, 39.161332 ], [ -87.642065, 39.162477 ], [ -87.641806, 39.16374 ], [ -87.641285, 39.16526 ], [ -87.641007, 39.165739 ], [ -87.640434, 39.166727 ], [ -87.639526, 39.167463 ], [ -87.639501, 39.167484 ], [ -87.638501, 39.168085 ], [ -87.637934, 39.168428 ], [ -87.63649, 39.168833 ], [ -87.634792, 39.168993 ], [ -87.632911, 39.168893 ], [ -87.629623, 39.168892 ], [ -87.627832, 39.168994 ], [ -87.625024, 39.169296 ], [ -87.624165, 39.169413 ], [ -87.623607, 39.16949 ], [ -87.621812, 39.170061 ], [ -87.620521, 39.17033 ], [ -87.619618, 39.170975 ], [ -87.619404, 39.172066 ], [ -87.61941, 39.172089 ], [ -87.619436, 39.172187 ], [ -87.619517, 39.172481 ], [ -87.619544, 39.17258 ], [ -87.619774, 39.173418 ], [ -87.620796, 39.17479 ], [ -87.6208, 39.174822 ], [ -87.621397, 39.178868 ], [ -87.621436, 39.181943 ], [ -87.621335, 39.182608 ], [ -87.62114, 39.183898 ], [ -87.620492, 39.185034 ], [ -87.6204, 39.185195 ], [ -87.619603, 39.186032 ], [ -87.618551, 39.186404 ], [ -87.616307, 39.185849 ], [ -87.613064, 39.18418 ], [ -87.609976, 39.184043 ], [ -87.607879, 39.184463 ], [ -87.606293, 39.18513 ], [ -87.605173, 39.185897 ], [ -87.603714, 39.189298 ], [ -87.603045, 39.191304 ], [ -87.601631, 39.192493 ], [ -87.600099, 39.193441 ], [ -87.596969, 39.194225 ], [ -87.594151, 39.194932 ], [ -87.588614, 39.197824 ], [ -87.585725, 39.200396 ], [ -87.585918, 39.202606 ], [ -87.585736, 39.203866 ], [ -87.584977, 39.205276 ], [ -87.582881, 39.206704 ], [ -87.580332, 39.20841 ], [ -87.577029, 39.211123 ], [ -87.575601, 39.213837 ], [ -87.574558, 39.218404 ], [ -87.574615, 39.223931 ], [ -87.575373, 39.228355 ], [ -87.5758, 39.230208 ], [ -87.577609, 39.239184 ], [ -87.578246, 39.240621 ], [ -87.578808, 39.241888 ], [ -87.579152, 39.242665 ], [ -87.579319, 39.243552 ], [ -87.578992, 39.244144 ], [ -87.578224, 39.244794 ], [ -87.576471, 39.245159 ], [ -87.574352, 39.245853 ], [ -87.573074, 39.246693 ], [ -87.572088, 39.247825 ], [ -87.571467, 39.249322 ], [ -87.571321, 39.25082 ], [ -87.571586, 39.252287 ], [ -87.57238, 39.253669 ], [ -87.573439, 39.254582 ], [ -87.574791, 39.255129 ], [ -87.576836, 39.255458 ], [ -87.578662, 39.255385 ], [ -87.580652, 39.255237 ], [ -87.582387, 39.254764 ], [ -87.583601, 39.254311 ], [ -87.584177, 39.254004 ], [ -87.58518, 39.253138 ], [ -87.586854, 39.250038 ], [ -87.587158, 39.249616 ], [ -87.587507, 39.249282 ], [ -87.587949, 39.24898 ], [ -87.588339, 39.248703 ], [ -87.588679, 39.248539 ], [ -87.589153, 39.248277 ], [ -87.590315, 39.247566 ], [ -87.59111, 39.247261 ], [ -87.591803, 39.247126 ], [ -87.592394, 39.247146 ], [ -87.593008, 39.247327 ], [ -87.593486, 39.247452 ], [ -87.593991, 39.248021 ], [ -87.594684, 39.248742 ], [ -87.595496, 39.250038 ], [ -87.596047, 39.251159 ], [ -87.598135, 39.254093 ], [ -87.600536, 39.256088 ], [ -87.604141, 39.259458 ], [ -87.604947, 39.260212 ], [ -87.605543, 39.261122 ], [ -87.605574, 39.262398 ], [ -87.605262, 39.263403 ], [ -87.60215, 39.270715 ], [ -87.601501, 39.272242 ], [ -87.601271, 39.273583 ], [ -87.601393, 39.27439 ], [ -87.601948, 39.275165 ], [ -87.603068, 39.275542 ], [ -87.60527, 39.275824 ], [ -87.606394, 39.275898 ], [ -87.607342, 39.276206 ], [ -87.608543, 39.277187 ], [ -87.609438, 39.278535 ], [ -87.61005, 39.282232 ], [ -87.610008, 39.282595 ], [ -87.609767, 39.284714 ], [ -87.608753, 39.286689 ], [ -87.605484, 39.289321 ], [ -87.599907, 39.293583 ], [ -87.597545, 39.296388 ], [ -87.597337, 39.29692 ], [ -87.597323, 39.296957 ], [ -87.597527, 39.298167 ], [ -87.597946, 39.299479 ], [ -87.598416, 39.300086 ], [ -87.599835, 39.300934 ], [ -87.604055, 39.302739 ], [ -87.605348, 39.303217 ], [ -87.60677, 39.303024 ], [ -87.608419, 39.302703 ], [ -87.608444, 39.302695 ], [ -87.610245, 39.302176 ], [ -87.613102, 39.301168 ], [ -87.613312, 39.301114 ], [ -87.614015, 39.300938 ], [ -87.614997, 39.300901 ], [ -87.615813, 39.30087 ], [ -87.615841, 39.300869 ], [ -87.617786, 39.301257 ], [ -87.618197, 39.301408 ], [ -87.618964, 39.301691 ], [ -87.619021, 39.30162 ], [ -87.619193, 39.301409 ], [ -87.619211, 39.301388 ], [ -87.619231, 39.301329 ], [ -87.619584, 39.301555 ], [ -87.619916, 39.301767 ], [ -87.620541, 39.302366 ], [ -87.620844, 39.302657 ], [ -87.621487, 39.302654 ], [ -87.623416, 39.302645 ], [ -87.624059, 39.302642 ], [ -87.624973, 39.302637 ], [ -87.627718, 39.302624 ], [ -87.628633, 39.30262 ], [ -87.62864, 39.302451 ], [ -87.628663, 39.302316 ], [ -87.628702, 39.302184 ], [ -87.628759, 39.302055 ], [ -87.630394, 39.29921 ], [ -87.630441, 39.299154 ], [ -87.630502, 39.299107 ], [ -87.630574, 39.29907 ], [ -87.630621, 39.299055 ], [ -87.630654, 39.299045 ], [ -87.630738, 39.299033 ], [ -87.632639, 39.299051 ], [ -87.632724, 39.299041 ], [ -87.632804, 39.299018 ], [ -87.632877, 39.298984 ], [ -87.632939, 39.298939 ], [ -87.632995, 39.298876 ], [ -87.633191, 39.298522 ], [ -87.633237, 39.298432 ], [ -87.633326, 39.298226 ], [ -87.633394, 39.298015 ], [ -87.63344, 39.297801 ], [ -87.633464, 39.297584 ], [ -87.63351, 39.292596 ], [ -87.633484, 39.290762 ], [ -87.633501, 39.290608 ], [ -87.633535, 39.290474 ], [ -87.633585, 39.290344 ], [ -87.633662, 39.290201 ], [ -87.634351, 39.289212 ], [ -87.634935, 39.288377 ], [ -87.634979, 39.288327 ], [ -87.635046, 39.288281 ], [ -87.635125, 39.28825 ], [ -87.635201, 39.288236 ], [ -87.638019, 39.288231 ], [ -87.637747, 39.28737 ], [ -87.637357, 39.286136 ], [ -87.637265, 39.285763 ], [ -87.63723, 39.285622 ], [ -87.637186, 39.285515 ], [ -87.637126, 39.285413 ], [ -87.637051, 39.285317 ], [ -87.636948, 39.285216 ], [ -87.636829, 39.285128 ], [ -87.636714, 39.285062 ], [ -87.636621, 39.285015 ], [ -87.63636, 39.284885 ], [ -87.63602, 39.284726 ], [ -87.635972, 39.284685 ], [ -87.635946, 39.28464 ], [ -87.635937, 39.284606 ], [ -87.635939, 39.284564 ], [ -87.63594, 39.284522 ], [ -87.636111, 39.284556 ], [ -87.636366, 39.284595 ], [ -87.636623, 39.284621 ], [ -87.636882, 39.284633 ], [ -87.63812, 39.284633 ], [ -87.638234, 39.284632 ], [ -87.645141, 39.284622 ], [ -87.647444, 39.28462 ], [ -87.648409, 39.28462 ], [ -87.651304, 39.284621 ], [ -87.65227, 39.284622 ], [ -87.653166, 39.284622 ], [ -87.655854, 39.284623 ], [ -87.656731, 39.284624 ], [ -87.656751, 39.284624 ], [ -87.656733, 39.28819 ], [ -87.656685, 39.298373 ], [ -87.656679, 39.298891 ], [ -87.656641, 39.302458 ], [ -87.656712, 39.302518 ], [ -87.656925, 39.302698 ], [ -87.656996, 39.302759 ], [ -87.665942, 39.302859 ], [ -87.670104, 39.302878 ], [ -87.670221, 39.302878 ], [ -87.670574, 39.30288 ], [ -87.670692, 39.302881 ], [ -87.673366, 39.302893 ], [ -87.681388, 39.30293 ], [ -87.684062, 39.302943 ], [ -87.684035, 39.300032 ], [ -87.68398, 39.293767 ], [ -87.683979, 39.293587 ], [ -87.683979, 39.291302 ], [ -87.68398, 39.288392 ], [ -87.684013, 39.286154 ], [ -87.684113, 39.27944 ], [ -87.684147, 39.277203 ], [ -87.68416, 39.276284 ], [ -87.684162, 39.276084 ], [ -87.684177, 39.274993 ], [ -87.684178, 39.274876 ], [ -87.684218, 39.272024 ], [ -87.684185, 39.266638 ], [ -87.684208, 39.263049 ], [ -87.684208, 39.260717 ], [ -87.684287, 39.260921 ], [ -87.685225, 39.262844 ], [ -87.685489, 39.263347 ], [ -87.685746, 39.263608 ], [ -87.685782, 39.263645 ], [ -87.685811, 39.264606 ], [ -87.685928, 39.264766 ], [ -87.686957, 39.264698 ], [ -87.687427, 39.265018 ], [ -87.687337, 39.265911 ], [ -87.687542, 39.266254 ], [ -87.689011, 39.26749 ], [ -87.689687, 39.267696 ], [ -87.690481, 39.2682 ], [ -87.692039, 39.267787 ], [ -87.692744, 39.267444 ], [ -87.693126, 39.267375 ], [ -87.693235, 39.26737 ], [ -87.696213, 39.267238 ], [ -87.696745, 39.267135 ], [ -87.69704, 39.267078 ], [ -87.697346, 39.266964 ], [ -87.697723, 39.266826 ], [ -87.698983, 39.266047 ], [ -87.69939, 39.265796 ], [ -87.699539, 39.265796 ], [ -87.699921, 39.26607 ], [ -87.701217, 39.266597 ], [ -87.703249, 39.267718 ], [ -87.704338, 39.268221 ], [ -87.705074, 39.268908 ], [ -87.705176, 39.269027 ], [ -87.705192, 39.269045 ], [ -87.705133, 39.269343 ], [ -87.704368, 39.269961 ], [ -87.70428, 39.270281 ], [ -87.704398, 39.27044 ], [ -87.70481, 39.270578 ], [ -87.705193, 39.270829 ], [ -87.705369, 39.27115 ], [ -87.705399, 39.27234 ], [ -87.705223, 39.27266 ], [ -87.704693, 39.27321 ], [ -87.704693, 39.27353 ], [ -87.704811, 39.273667 ], [ -87.705606, 39.273736 ], [ -87.705753, 39.27401 ], [ -87.705724, 39.2744 ], [ -87.705017, 39.27559 ], [ -87.704693, 39.275819 ], [ -87.703486, 39.276322 ], [ -87.703486, 39.276597 ], [ -87.703751, 39.276803 ], [ -87.704134, 39.27694 ], [ -87.706107, 39.277237 ], [ -87.706608, 39.277443 ], [ -87.706932, 39.277741 ], [ -87.706961, 39.278107 ], [ -87.706785, 39.278428 ], [ -87.706667, 39.278977 ], [ -87.706756, 39.279366 ], [ -87.706873, 39.279503 ], [ -87.707845, 39.279846 ], [ -87.708081, 39.280075 ], [ -87.708317, 39.280556 ], [ -87.709259, 39.281265 ], [ -87.709461, 39.281321 ], [ -87.711291, 39.281837 ], [ -87.712145, 39.282478 ], [ -87.712558, 39.283095 ], [ -87.71356, 39.283965 ], [ -87.714031, 39.284789 ], [ -87.713807, 39.285309 ], [ -87.713708, 39.285544 ], [ -87.713005, 39.286094 ], [ -87.711596, 39.286349 ], [ -87.710071, 39.287105 ], [ -87.709414, 39.287372 ], [ -87.709338, 39.287404 ], [ -87.708459, 39.287931 ], [ -87.707755, 39.28823 ], [ -87.706816, 39.288391 ], [ -87.70391, 39.288441 ], [ -87.703587, 39.288624 ], [ -87.703237, 39.289243 ], [ -87.703063, 39.289953 ], [ -87.703125, 39.290527 ], [ -87.703601, 39.291466 ], [ -87.703956, 39.291809 ], [ -87.704136, 39.29252 ], [ -87.704402, 39.292635 ], [ -87.705968, 39.292636 ], [ -87.706471, 39.292774 ], [ -87.706945, 39.293346 ], [ -87.707212, 39.293896 ], [ -87.707949, 39.294294 ], [ -87.710141, 39.295479 ], [ -87.712542, 39.296173 ], [ -87.713615, 39.296484 ], [ -87.714121, 39.296798 ], [ -87.714605, 39.297098 ], [ -87.715039, 39.297714 ], [ -87.715237, 39.298353 ], [ -87.71567, 39.299013 ], [ -87.716105, 39.299423 ], [ -87.717612, 39.300334 ], [ -87.717911, 39.300515 ], [ -87.718814, 39.300993 ], [ -87.71884, 39.301335 ], [ -87.719105, 39.30154 ], [ -87.719252, 39.302201 ], [ -87.719575, 39.302977 ], [ -87.719722, 39.303091 ], [ -87.719958, 39.303044 ], [ -87.720135, 39.302815 ], [ -87.720634, 39.302927 ], [ -87.721812, 39.304045 ], [ -87.72201, 39.30433 ], [ -87.722018, 39.304341 ], [ -87.722046, 39.305162 ], [ -87.721899, 39.305459 ], [ -87.721928, 39.30644 ], [ -87.722164, 39.306508 ], [ -87.723665, 39.306435 ], [ -87.724872, 39.306592 ], [ -87.726168, 39.30684 ], [ -87.727139, 39.307272 ], [ -87.727993, 39.307909 ], [ -87.728639, 39.309027 ], [ -87.729199, 39.309186 ], [ -87.731025, 39.308975 ], [ -87.73332, 39.30906 ], [ -87.733848, 39.30932 ], [ -87.734704, 39.309742 ], [ -87.735763, 39.310127 ], [ -87.738061, 39.310716 ], [ -87.73862, 39.310932 ], [ -87.738727, 39.309428 ], [ -87.738729, 39.309407 ], [ -87.738746, 39.3091 ], [ -87.738756, 39.308668 ], [ -87.738745, 39.308176 ], [ -87.738712, 39.307684 ], [ -87.738415, 39.304925 ], [ -87.738393, 39.304715 ], [ -87.738398, 39.304569 ], [ -87.738422, 39.304443 ], [ -87.738462, 39.304319 ], [ -87.738519, 39.304199 ], [ -87.738592, 39.304085 ], [ -87.738997, 39.303612 ], [ -87.738282, 39.303624 ], [ -87.73614, 39.303663 ], [ -87.735654, 39.303671 ], [ -87.735382, 39.303227 ], [ -87.735072, 39.302686 ], [ -87.73414, 39.302113 ], [ -87.733727, 39.301726 ], [ -87.73236, 39.301328 ], [ -87.730921, 39.300836 ], [ -87.730778, 39.300787 ], [ -87.730094, 39.300335 ], [ -87.72966, 39.299827 ], [ -87.729392, 39.298908 ], [ -87.729299, 39.298221 ], [ -87.729228, 39.297197 ], [ -87.72838, 39.296438 ], [ -87.727036, 39.295445 ], [ -87.725732, 39.294612 ], [ -87.725443, 39.294184 ], [ -87.725413, 39.29366 ], [ -87.725258, 39.292708 ], [ -87.724845, 39.292103 ], [ -87.723841, 39.291279 ], [ -87.722787, 39.290408 ], [ -87.722104, 39.289923 ], [ -87.721566, 39.289753 ], [ -87.721365, 39.289726 ], [ -87.720759, 39.289648 ], [ -87.719785, 39.289663 ], [ -87.718865, 39.289525 ], [ -87.71841, 39.28933 ], [ -87.717986, 39.289128 ], [ -87.716642, 39.288012 ], [ -87.716648, 39.287257 ], [ -87.716653, 39.287188 ], [ -87.71668, 39.287079 ], [ -87.716721, 39.286988 ], [ -87.716778, 39.286903 ], [ -87.716839, 39.286835 ], [ -87.716923, 39.286764 ], [ -87.717019, 39.286702 ], [ -87.71714, 39.286645 ], [ -87.717272, 39.286605 ], [ -87.717341, 39.286591 ], [ -87.717411, 39.286581 ], [ -87.717502, 39.286575 ], [ -87.71772, 39.286565 ], [ -87.720803, 39.28643 ], [ -87.720858, 39.286425 ], [ -87.720964, 39.286403 ], [ -87.72105, 39.28637 ], [ -87.721127, 39.286325 ], [ -87.721193, 39.28627 ], [ -87.721244, 39.286207 ], [ -87.72128, 39.286138 ], [ -87.7213, 39.286065 ], [ -87.721334, 39.283284 ], [ -87.721361, 39.281107 ], [ -87.721367, 39.280596 ], [ -87.721386, 39.279067 ], [ -87.721393, 39.278557 ], [ -87.721452, 39.273775 ], [ -87.720167, 39.273779 ], [ -87.717791, 39.273787 ], [ -87.717714, 39.27378 ], [ -87.717641, 39.273761 ], [ -87.717575, 39.27373 ], [ -87.717519, 39.273688 ], [ -87.717476, 39.273638 ], [ -87.717448, 39.273582 ], [ -87.716875, 39.271887 ], [ -87.716812, 39.271693 ], [ -87.716798, 39.271623 ], [ -87.716789, 39.271553 ], [ -87.716786, 39.271483 ], [ -87.716777, 39.266718 ], [ -87.716768, 39.266666 ], [ -87.716738, 39.26661 ], [ -87.716688, 39.266564 ], [ -87.716623, 39.266531 ], [ -87.716539, 39.266513 ], [ -87.71579, 39.266517 ], [ -87.715228, 39.266548 ], [ -87.714921, 39.266573 ], [ -87.71457, 39.266586 ], [ -87.713107, 39.266611 ], [ -87.710081, 39.266596 ], [ -87.709934, 39.26658 ], [ -87.709791, 39.266547 ], [ -87.709689, 39.266512 ], [ -87.708556, 39.266052 ], [ -87.707935, 39.2658 ], [ -87.707797, 39.26576 ], [ -87.707655, 39.265732 ], [ -87.707411, 39.265711 ], [ -87.707084, 39.26568 ], [ -87.706715, 39.265628 ], [ -87.706019, 39.265504 ], [ -87.705805, 39.265448 ], [ -87.705623, 39.265387 ], [ -87.705267, 39.265253 ], [ -87.705079, 39.265168 ], [ -87.704925, 39.265087 ], [ -87.704731, 39.264966 ], [ -87.704281, 39.264664 ], [ -87.703843, 39.264388 ], [ -87.70333, 39.264085 ], [ -87.703078, 39.263942 ], [ -87.70299, 39.263881 ], [ -87.704316, 39.263609 ], [ -87.705876, 39.263449 ], [ -87.706523, 39.262831 ], [ -87.706849, 39.26226 ], [ -87.706876, 39.262214 ], [ -87.707523, 39.261253 ], [ -87.707905, 39.260979 ], [ -87.708523, 39.26075 ], [ -87.709877, 39.260682 ], [ -87.71073, 39.261094 ], [ -87.711466, 39.261805 ], [ -87.71226, 39.263156 ], [ -87.712467, 39.263705 ], [ -87.712319, 39.264621 ], [ -87.712525, 39.264827 ], [ -87.71329, 39.26508 ], [ -87.713879, 39.26508 ], [ -87.715262, 39.264646 ], [ -87.716233, 39.264577 ], [ -87.716782, 39.264697 ], [ -87.717177, 39.264784 ], [ -87.718353, 39.26531 ], [ -87.719413, 39.265607 ], [ -87.721093, 39.265578 ], [ -87.721177, 39.265447 ], [ -87.721155, 39.264355 ], [ -87.721083, 39.260612 ], [ -87.72106, 39.259387 ], [ -87.71662, 39.259402 ], [ -87.716589, 39.257004 ], [ -87.716577, 39.256023 ], [ -87.721129, 39.256028 ], [ -87.721113, 39.254547 ], [ -87.72109, 39.25221 ], [ -87.720226, 39.25221 ], [ -87.717635, 39.252212 ], [ -87.716772, 39.252213 ], [ -87.716752, 39.252213 ], [ -87.716695, 39.252213 ], [ -87.716676, 39.252213 ], [ -87.716665, 39.251128 ], [ -87.716642, 39.24856 ], [ -87.716647, 39.247875 ], [ -87.716655, 39.246791 ], [ -87.718512, 39.246754 ], [ -87.724084, 39.246643 ], [ -87.725942, 39.246607 ], [ -87.72595, 39.247708 ], [ -87.725977, 39.251015 ], [ -87.725986, 39.252117 ], [ -87.726027, 39.252113 ], [ -87.727246, 39.251946 ], [ -87.731026, 39.25143 ], [ -87.732287, 39.251258 ], [ -87.733359, 39.251219 ], [ -87.733534, 39.251195 ], [ -87.733705, 39.251155 ], [ -87.733867, 39.251098 ], [ -87.73543, 39.250353 ], [ -87.740826, 39.247786 ], [ -87.741058, 39.247657 ], [ -87.74125, 39.247532 ], [ -87.744072, 39.245437 ], [ -87.746746, 39.243455 ], [ -87.7468, 39.245323 ], [ -87.746963, 39.250928 ], [ -87.747018, 39.252797 ], [ -87.747039, 39.253554 ], [ -87.74704, 39.25357 ], [ -87.747072, 39.255124 ], [ -87.747107, 39.256791 ], [ -87.74709, 39.256905 ], [ -87.747058, 39.257001 ], [ -87.747002, 39.257107 ], [ -87.746926, 39.257204 ], [ -87.746706, 39.257445 ], [ -87.74664, 39.25754 ], [ -87.745874, 39.258913 ], [ -87.745829, 39.259044 ], [ -87.745807, 39.259161 ], [ -87.745802, 39.259211 ], [ -87.745898, 39.260475 ], [ -87.745925, 39.260597 ], [ -87.745968, 39.260717 ], [ -87.746028, 39.260832 ], [ -87.746541, 39.261555 ], [ -87.746596, 39.261633 ], [ -87.746649, 39.261744 ], [ -87.746677, 39.261845 ], [ -87.746688, 39.261962 ], [ -87.746677, 39.26208 ], [ -87.746649, 39.26218 ], [ -87.746604, 39.262277 ], [ -87.746544, 39.262369 ], [ -87.745663, 39.26352 ], [ -87.74565, 39.263537 ], [ -87.745534, 39.263718 ], [ -87.745439, 39.263906 ], [ -87.745381, 39.264051 ], [ -87.745329, 39.264224 ], [ -87.745295, 39.264399 ], [ -87.745287, 39.264472 ], [ -87.745277, 39.264576 ], [ -87.745278, 39.264778 ], [ -87.745302, 39.26498 ], [ -87.745341, 39.265154 ], [ -87.745701, 39.266234 ], [ -87.746341, 39.268106 ], [ -87.746738, 39.268714 ], [ -87.746801, 39.268774 ], [ -87.746929, 39.268914 ], [ -87.746938, 39.268926 ], [ -87.747058, 39.269083 ], [ -87.747167, 39.26926 ], [ -87.747214, 39.269351 ], [ -87.747256, 39.269444 ], [ -87.747316, 39.26961 ], [ -87.747359, 39.269778 ], [ -87.747386, 39.269949 ], [ -87.747434, 39.270923 ], [ -87.74747, 39.271626 ], [ -87.747505, 39.27236 ], [ -87.747612, 39.274564 ], [ -87.747648, 39.275299 ], [ -87.747657, 39.275496 ], [ -87.747686, 39.27609 ], [ -87.747696, 39.276288 ], [ -87.747749, 39.277387 ], [ -87.74791, 39.280686 ], [ -87.747964, 39.281786 ], [ -87.747971, 39.281944 ], [ -87.747994, 39.282418 ], [ -87.748002, 39.282577 ], [ -87.748098, 39.284326 ], [ -87.748386, 39.289575 ], [ -87.748483, 39.291325 ], [ -87.748546, 39.292479 ], [ -87.748736, 39.295943 ], [ -87.7488, 39.297098 ], [ -87.749197, 39.297087 ], [ -87.750387, 39.297056 ], [ -87.750785, 39.297046 ], [ -87.75128, 39.297032 ], [ -87.752766, 39.296994 ], [ -87.753262, 39.296982 ], [ -87.754225, 39.296956 ], [ -87.757118, 39.296881 ], [ -87.758082, 39.296856 ], [ -87.759938, 39.296817 ], [ -87.765506, 39.2967 ], [ -87.767362, 39.296661 ], [ -87.76741, 39.297708 ], [ -87.767408, 39.297742 ], [ -87.767385, 39.297874 ], [ -87.767347, 39.297988 ], [ -87.76732, 39.298041 ], [ -87.767234, 39.298214 ], [ -87.767069, 39.298575 ], [ -87.766914, 39.298957 ], [ -87.766882, 39.29907 ], [ -87.766867, 39.299202 ], [ -87.766872, 39.299319 ], [ -87.766898, 39.29945 ], [ -87.76694, 39.299561 ], [ -87.767007, 39.299683 ], [ -87.767095, 39.299797 ], [ -87.767187, 39.299889 ], [ -87.767304, 39.299982 ], [ -87.767393, 39.300072 ], [ -87.767462, 39.300172 ], [ -87.767505, 39.300265 ], [ -87.767531, 39.300362 ], [ -87.76754, 39.300461 ], [ -87.767532, 39.30056 ], [ -87.767505, 39.300658 ], [ -87.767455, 39.300764 ], [ -87.767369, 39.300881 ], [ -87.767275, 39.301016 ], [ -87.767187, 39.301178 ], [ -87.76712, 39.301345 ], [ -87.767075, 39.301517 ], [ -87.767052, 39.301691 ], [ -87.767051, 39.3018 ], [ -87.767051, 39.301866 ], [ -87.767069, 39.301964 ], [ -87.76711, 39.302072 ], [ -87.767163, 39.302162 ], [ -87.767232, 39.302245 ], [ -87.767314, 39.30232 ], [ -87.767452, 39.302413 ], [ -87.76753, 39.302482 ], [ -87.767583, 39.302551 ], [ -87.767622, 39.302626 ], [ -87.767645, 39.302715 ], [ -87.767657, 39.302973 ], [ -87.767707, 39.30403 ], [ -87.76769, 39.304155 ], [ -87.767644, 39.304292 ], [ -87.76758, 39.304407 ], [ -87.767508, 39.304502 ], [ -87.767369, 39.30464 ], [ -87.767254, 39.304766 ], [ -87.767139, 39.304918 ], [ -87.767056, 39.305058 ], [ -87.766999, 39.305176 ], [ -87.766987, 39.305202 ], [ -87.766935, 39.305351 ], [ -87.766911, 39.305459 ], [ -87.766915, 39.305535 ], [ -87.766936, 39.305609 ], [ -87.766973, 39.305661 ], [ -87.767039, 39.305718 ], [ -87.76727, 39.305848 ], [ -87.767462, 39.305968 ], [ -87.767643, 39.306098 ], [ -87.767812, 39.306237 ], [ -87.767965, 39.306336 ], [ -87.768063, 39.306375 ], [ -87.768153, 39.3064 ], [ -87.768277, 39.306418 ], [ -87.768404, 39.306418 ], [ -87.768514, 39.306404 ], [ -87.768619, 39.306377 ], [ -87.769567, 39.306189 ], [ -87.769644, 39.306184 ], [ -87.769722, 39.306191 ], [ -87.769795, 39.306212 ], [ -87.76986, 39.306244 ], [ -87.770065, 39.306408 ], [ -87.770138, 39.306488 ], [ -87.770197, 39.306574 ], [ -87.770298, 39.306735 ], [ -87.770415, 39.306889 ], [ -87.770566, 39.307057 ], [ -87.770713, 39.307194 ], [ -87.770873, 39.307323 ], [ -87.771085, 39.307469 ], [ -87.771177, 39.307551 ], [ -87.771265, 39.307655 ], [ -87.771326, 39.307753 ], [ -87.771372, 39.307856 ], [ -87.771403, 39.307978 ], [ -87.771427, 39.308242 ], [ -87.771464, 39.308454 ], [ -87.771512, 39.308555 ], [ -87.771586, 39.308665 ], [ -87.771665, 39.308754 ], [ -87.771779, 39.308854 ], [ -87.771849, 39.308933 ], [ -87.771934, 39.309084 ], [ -87.772034, 39.309259 ], [ -87.772101, 39.309355 ], [ -87.772182, 39.309444 ], [ -87.772471, 39.309696 ], [ -87.772535, 39.309775 ], [ -87.772589, 39.309873 ], [ -87.772621, 39.309976 ], [ -87.772733, 39.311259 ], [ -87.772758, 39.311975 ], [ -87.772833, 39.314124 ], [ -87.772859, 39.314841 ], [ -87.769904, 39.314804 ], [ -87.768858, 39.314792 ], [ -87.768233, 39.314791 ], [ -87.767828, 39.314798 ], [ -87.763864, 39.314899 ], [ -87.761059, 39.315044 ], [ -87.761045, 39.315042 ], [ -87.760961, 39.315031 ], [ -87.76088, 39.315006 ], [ -87.760807, 39.314969 ], [ -87.760753, 39.314929 ], [ -87.760474, 39.3147 ], [ -87.760369, 39.314618 ], [ -87.760236, 39.314537 ], [ -87.760108, 39.314478 ], [ -87.759195, 39.314164 ], [ -87.758992, 39.314112 ], [ -87.758782, 39.314077 ], [ -87.758596, 39.31406 ], [ -87.758326, 39.314049 ], [ -87.758331, 39.314321 ], [ -87.758349, 39.315137 ], [ -87.758355, 39.315409 ], [ -87.758416, 39.31871 ], [ -87.758493, 39.322817 ], [ -87.752698, 39.322819 ], [ -87.752752, 39.326124 ], [ -87.75224, 39.326136 ], [ -87.750707, 39.326175 ], [ -87.75022, 39.326188 ], [ -87.750196, 39.326186 ], [ -87.75022, 39.328692 ], [ -87.750267, 39.333507 ], [ -87.750416, 39.336133 ], [ -87.750419, 39.336207 ], [ -87.750482, 39.337522 ], [ -87.750487, 39.337567 ], [ -87.750534, 39.33796 ], [ -87.750545, 39.33871 ], [ -87.750585, 39.34012 ], [ -87.750683, 39.34012 ], [ -87.750893, 39.340121 ], [ -87.75605, 39.340145 ], [ -87.757769, 39.340154 ], [ -87.758574, 39.340157 ], [ -87.76099, 39.340169 ], [ -87.761796, 39.340173 ], [ -87.761866, 39.34035 ], [ -87.762322, 39.340829 ], [ -87.762367, 39.340877 ], [ -87.762573, 39.341243 ], [ -87.763987, 39.342456 ], [ -87.764064, 39.342649 ], [ -87.764281, 39.343189 ], [ -87.764458, 39.343395 ], [ -87.765479, 39.343269 ], [ -87.765932, 39.343214 ], [ -87.766551, 39.342964 ], [ -87.767052, 39.342599 ], [ -87.768342, 39.342225 ], [ -87.769331, 39.34194 ], [ -87.769646, 39.341849 ], [ -87.770088, 39.341597 ], [ -87.770442, 39.341506 ], [ -87.773814, 39.341772 ], [ -87.775924, 39.34194 ], [ -87.777044, 39.342329 ], [ -87.777486, 39.342695 ], [ -87.777662, 39.343084 ], [ -87.778134, 39.343565 ], [ -87.77834, 39.343908 ], [ -87.778369, 39.34416 ], [ -87.778575, 39.344434 ], [ -87.778752, 39.344914 ], [ -87.779075, 39.347362 ], [ -87.779281, 39.347637 ], [ -87.779694, 39.347797 ], [ -87.781168, 39.347957 ], [ -87.782465, 39.347843 ], [ -87.78329, 39.347614 ], [ -87.783636, 39.347476 ], [ -87.784617, 39.347087 ], [ -87.785707, 39.347202 ], [ -87.78609, 39.347133 ], [ -87.786768, 39.346743 ], [ -87.788017, 39.346929 ], [ -87.788043, 39.349351 ], [ -87.788087, 39.353304 ], [ -87.784772, 39.353386 ], [ -87.783543, 39.353417 ], [ -87.783689, 39.354601 ], [ -87.783747, 39.356088 ], [ -87.783823, 39.358017 ], [ -87.783844, 39.358117 ], [ -87.783875, 39.358201 ], [ -87.783933, 39.358307 ], [ -87.784142, 39.358586 ], [ -87.784231, 39.35873 ], [ -87.784296, 39.358857 ], [ -87.784437, 39.359168 ], [ -87.784444, 39.359212 ], [ -87.784433, 39.359249 ], [ -87.784405, 39.359281 ], [ -87.784359, 39.359306 ], [ -87.783353, 39.359591 ], [ -87.783073, 39.359671 ], [ -87.783584, 39.360754 ], [ -87.783682, 39.360962 ], [ -87.783977, 39.361589 ], [ -87.784076, 39.361798 ], [ -87.784144, 39.361943 ], [ -87.784351, 39.36238 ], [ -87.7844, 39.362484 ], [ -87.78442, 39.362526 ], [ -87.784471, 39.362639 ], [ -87.784626, 39.362981 ], [ -87.784678, 39.363095 ], [ -87.784747, 39.363248 ], [ -87.784955, 39.363708 ], [ -87.784962, 39.363722 ], [ -87.784986, 39.36376 ], [ -87.785034, 39.363802 ], [ -87.785075, 39.363821 ], [ -87.785088, 39.363827 ], [ -87.785158, 39.363841 ], [ -87.78523, 39.363837 ], [ -87.785879, 39.363657 ], [ -87.785902, 39.363651 ], [ -87.785959, 39.363639 ], [ -87.78609, 39.363623 ], [ -87.786207, 39.363623 ], [ -87.786322, 39.363636 ], [ -87.786449, 39.363667 ], [ -87.788321, 39.364409 ], [ -87.788849, 39.364618 ], [ -87.789099, 39.364762 ], [ -87.789471, 39.364976 ], [ -87.789965, 39.36526 ], [ -87.790092, 39.365313 ], [ -87.790227, 39.365351 ], [ -87.790351, 39.36537 ], [ -87.790477, 39.365376 ], [ -87.790668, 39.365371 ], [ -87.791098, 39.365362 ], [ -87.792151, 39.365338 ], [ -87.795313, 39.365268 ], [ -87.796367, 39.365246 ], [ -87.796621, 39.36524 ], [ -87.79672, 39.365238 ], [ -87.799982, 39.364023 ], [ -87.813084, 39.358936 ], [ -87.821128, 39.355728 ], [ -87.821206, 39.358159 ], [ -87.821443, 39.365452 ], [ -87.821522, 39.367883 ], [ -87.824314, 39.367821 ], [ -87.826221, 39.36778 ], [ -87.832691, 39.367604 ], [ -87.835484, 39.367529 ], [ -87.83555, 39.369728 ], [ -87.835704, 39.374802 ], [ -87.83577, 39.376325 ], [ -87.835831, 39.377717 ], [ -87.83582, 39.377849 ], [ -87.835793, 39.37798 ], [ -87.835749, 39.378108 ], [ -87.835688, 39.378232 ], [ -87.835635, 39.378317 ], [ -87.835541, 39.378456 ], [ -87.835307, 39.378802 ], [ -87.835239, 39.378934 ], [ -87.835187, 39.37908 ], [ -87.835181, 39.379108 ], [ -87.83516, 39.379211 ], [ -87.83515, 39.379344 ], [ -87.835157, 39.379476 ], [ -87.835182, 39.379608 ], [ -87.835223, 39.379736 ], [ -87.835334, 39.379995 ], [ -87.835442, 39.380247 ], [ -87.8355, 39.38038 ], [ -87.835551, 39.380499 ], [ -87.83567, 39.380777 ], [ -87.835816, 39.381114 ], [ -87.835892, 39.381332 ], [ -87.835951, 39.381553 ], [ -87.835998, 39.381808 ], [ -87.836018, 39.382018 ], [ -87.83602, 39.382033 ], [ -87.836035, 39.38245 ], [ -87.836068, 39.383508 ], [ -87.83617, 39.386682 ], [ -87.836238, 39.387013 ], [ -87.836326, 39.387258 ], [ -87.836546, 39.387601 ], [ -87.836335, 39.387665 ], [ -87.836136, 39.387674 ], [ -87.835857, 39.387595 ], [ -87.834225, 39.386871 ], [ -87.832725, 39.386212 ], [ -87.832514, 39.386111 ], [ -87.832316, 39.385996 ], [ -87.832153, 39.385885 ], [ -87.829694, 39.383909 ], [ -87.829586, 39.383844 ], [ -87.829466, 39.383794 ], [ -87.829337, 39.38376 ], [ -87.829202, 39.383742 ], [ -87.829065, 39.383742 ], [ -87.828947, 39.383756 ], [ -87.828833, 39.383783 ], [ -87.82871, 39.383827 ], [ -87.827389, 39.384304 ], [ -87.827279, 39.384348 ], [ -87.827159, 39.38441 ], [ -87.82705, 39.384482 ], [ -87.826952, 39.384564 ], [ -87.826857, 39.384668 ], [ -87.826799, 39.384753 ], [ -87.82678, 39.384781 ], [ -87.826731, 39.384886 ], [ -87.826697, 39.384995 ], [ -87.82668, 39.385121 ], [ -87.826745, 39.38671 ], [ -87.826988, 39.39265 ], [ -87.82707, 39.394631 ], [ -87.827089, 39.395102 ], [ -87.827147, 39.396516 ], [ -87.827167, 39.396988 ], [ -87.827262, 39.399169 ], [ -87.827547, 39.405712 ], [ -87.827643, 39.407893 ], [ -87.827674, 39.408614 ], [ -87.827769, 39.410778 ], [ -87.827801, 39.4115 ], [ -87.831501, 39.411399 ], [ -87.842601, 39.411095 ], [ -87.846302, 39.410995 ], [ -87.846327, 39.411722 ], [ -87.846404, 39.413903 ], [ -87.84643, 39.41463 ], [ -87.847986, 39.414562 ], [ -87.852657, 39.414359 ], [ -87.854214, 39.414292 ], [ -87.854532, 39.414277 ], [ -87.855488, 39.414236 ], [ -87.855807, 39.414223 ], [ -87.858622, 39.4141 ], [ -87.865185, 39.413816 ], [ -87.867068, 39.413749 ], [ -87.869885, 39.41365 ], [ -87.870008, 39.417195 ], [ -87.870031, 39.41724 ], [ -87.870067, 39.417272 ], [ -87.870113, 39.417294 ], [ -87.870158, 39.417304 ], [ -87.870242, 39.417301 ], [ -87.874606, 39.417151 ], [ -87.874649, 39.417163 ], [ -87.874683, 39.417187 ], [ -87.874704, 39.417218 ], [ -87.87471, 39.417243 ], [ -87.874944, 39.424205 ], [ -87.874953, 39.424448 ], [ -87.875036, 39.428032 ], [ -87.875098, 39.428966 ], [ -87.875143, 39.429642 ], [ -87.875141, 39.429679 ], [ -87.875124, 39.42973 ], [ -87.875091, 39.429775 ], [ -87.875036, 39.429818 ], [ -87.874977, 39.429843 ], [ -87.874912, 39.429857 ], [ -87.874212, 39.429852 ], [ -87.874188, 39.429855 ], [ -87.874149, 39.429866 ], [ -87.874101, 39.429891 ], [ -87.874066, 39.429926 ], [ -87.874044, 39.429967 ], [ -87.873974, 39.430836 ], [ -87.873938, 39.4313 ], [ -87.873916, 39.431451 ], [ -87.873869, 39.43162 ], [ -87.873817, 39.431754 ], [ -87.873697, 39.432055 ], [ -87.873358, 39.432913 ], [ -87.873341, 39.432962 ], [ -87.873313, 39.43305 ], [ -87.873281, 39.433162 ], [ -87.873256, 39.433275 ], [ -87.872918, 39.433325 ], [ -87.870021, 39.433349 ], [ -87.869518, 39.433565 ], [ -87.869489, 39.433578 ], [ -87.868868, 39.433464 ], [ -87.868159, 39.433579 ], [ -87.867775, 39.433762 ], [ -87.86674, 39.434793 ], [ -87.866237, 39.43509 ], [ -87.865971, 39.435525 ], [ -87.865349, 39.435937 ], [ -87.863811, 39.437517 ], [ -87.863456, 39.438158 ], [ -87.863425, 39.439211 ], [ -87.863158, 39.439577 ], [ -87.862064, 39.440699 ], [ -87.861858, 39.440819 ], [ -87.860113, 39.441844 ], [ -87.859521, 39.442302 ], [ -87.859019, 39.442898 ], [ -87.858934, 39.443117 ], [ -87.858803, 39.444879 ], [ -87.858643, 39.447036 ], [ -87.855506, 39.447123 ], [ -87.85374, 39.447173 ], [ -87.853755, 39.448638 ], [ -87.853803, 39.453033 ], [ -87.853805, 39.453167 ], [ -87.853822, 39.454499 ], [ -87.853604, 39.45447 ], [ -87.85295, 39.454383 ], [ -87.852733, 39.454355 ], [ -87.851777, 39.454228 ], [ -87.84891, 39.453848 ], [ -87.847955, 39.453722 ], [ -87.847991, 39.454717 ], [ -87.848003, 39.455088 ], [ -87.848139, 39.459186 ], [ -87.848185, 39.460553 ], [ -87.84829, 39.463722 ], [ -87.848469, 39.469119 ], [ -87.848578, 39.473231 ], [ -87.848663, 39.476401 ], [ -87.848672, 39.476736 ], [ -87.848699, 39.477741 ], [ -87.848708, 39.478076 ], [ -87.848823, 39.482413 ], [ -87.848849, 39.483363 ], [ -87.848858, 39.483635 ], [ -87.854277, 39.483459 ], [ -87.862067, 39.483196 ], [ -87.870209, 39.482916 ], [ -87.872226, 39.482854 ], [ -87.872253, 39.48335 ], [ -87.872348, 39.486512 ], [ -87.872411, 39.488228 ], [ -87.872406, 39.488911 ], [ -87.872412, 39.488974 ], [ -87.872219, 39.488984 ], [ -87.871031, 39.489181 ], [ -87.870485, 39.48926 ], [ -87.870202, 39.489289 ], [ -87.869918, 39.489302 ], [ -87.869128, 39.489265 ], [ -87.86856, 39.489221 ], [ -87.868297, 39.489234 ], [ -87.868111, 39.489262 ], [ -87.867945, 39.489306 ], [ -87.867634, 39.489367 ], [ -87.86713, 39.489441 ], [ -87.866473, 39.489505 ], [ -87.86556, 39.489605 ], [ -87.864962, 39.48967 ], [ -87.864514, 39.489719 ], [ -87.863466, 39.489831 ], [ -87.863286, 39.489859 ], [ -87.86319, 39.489908 ], [ -87.863114, 39.489978 ], [ -87.863074, 39.490037 ], [ -87.863028, 39.490279 ], [ -87.863001, 39.490349 ], [ -87.862946, 39.490392 ], [ -87.862871, 39.490441 ], [ -87.862788, 39.490463 ], [ -87.859916, 39.490543 ], [ -87.858441, 39.490591 ], [ -87.857328, 39.490628 ], [ -87.855549, 39.490685 ], [ -87.854445, 39.490714 ], [ -87.854145, 39.490722 ], [ -87.854, 39.49075 ], [ -87.85391, 39.490804 ], [ -87.853842, 39.490869 ], [ -87.853801, 39.490944 ], [ -87.853788, 39.491036 ], [ -87.853807, 39.49144 ], [ -87.853796, 39.491623 ], [ -87.853749, 39.491752 ], [ -87.853681, 39.491865 ], [ -87.853053, 39.492621 ], [ -87.852303, 39.493566 ], [ -87.851896, 39.494084 ], [ -87.851819, 39.494184 ], [ -87.851689, 39.494303 ], [ -87.85149, 39.494417 ], [ -87.851372, 39.494444 ], [ -87.851179, 39.494473 ], [ -87.849919, 39.494487 ], [ -87.849206, 39.494509 ], [ -87.849121, 39.494524 ], [ -87.849128, 39.494954 ], [ -87.849181, 39.496439 ], [ -87.849218, 39.497727 ], [ -87.849241, 39.499042 ], [ -87.849299, 39.500971 ], [ -87.849405, 39.505406 ], [ -87.849493, 39.508334 ], [ -87.849507, 39.509021 ], [ -87.849524, 39.509796 ], [ -87.849568, 39.511078 ], [ -87.849605, 39.512634 ], [ -87.849647, 39.513573 ], [ -87.849665, 39.514001 ], [ -87.849691, 39.514613 ], [ -87.849705, 39.515173 ], [ -87.849718, 39.515734 ], [ -87.84983, 39.519194 ], [ -87.849842, 39.519746 ], [ -87.849848, 39.519977 ], [ -87.849932, 39.523069 ], [ -87.849956, 39.523873 ], [ -87.849995, 39.524759 ], [ -87.850041, 39.525161 ], [ -87.850094, 39.525501 ], [ -87.850312, 39.52639 ], [ -87.850438, 39.527003 ], [ -87.850498, 39.527365 ], [ -87.850551, 39.527785 ], [ -87.850553, 39.527982 ], [ -87.850579, 39.529015 ], [ -87.850662, 39.532875 ], [ -87.850671, 39.533375 ], [ -87.850678, 39.533746 ], [ -87.850702, 39.534626 ], [ -87.850738, 39.535826 ], [ -87.850795, 39.538389 ], [ -87.850801, 39.539467 ], [ -87.850791, 39.539708 ], [ -87.850779, 39.539869 ], [ -87.850712, 39.540079 ], [ -87.850638, 39.540262 ], [ -87.850515, 39.540439 ], [ -87.850399, 39.54059 ], [ -87.850263, 39.540752 ], [ -87.850064, 39.540915 ], [ -87.850727, 39.541336 ], [ -87.851405, 39.541766 ], [ -87.851572, 39.541839 ], [ -87.851718, 39.541876 ], [ -87.851912, 39.541891 ], [ -87.853096, 39.541855 ], [ -87.855118, 39.541776 ], [ -87.856337, 39.541745 ], [ -87.856925, 39.541721 ], [ -87.857279, 39.541706 ], [ -87.857673, 39.541671 ], [ -87.858255, 39.541646 ], [ -87.859612, 39.541603 ], [ -87.861953, 39.541548 ], [ -87.868429, 39.54142 ], [ -87.869566, 39.541392 ], [ -87.870098, 39.541379 ], [ -87.870631, 39.541366 ], [ -87.873104, 39.541326 ], [ -87.87568, 39.541231 ], [ -87.876871, 39.541194 ], [ -87.878245, 39.541152 ], [ -87.878505, 39.541141 ], [ -87.878989, 39.541121 ], [ -87.879012, 39.541336 ], [ -87.879081, 39.542685 ], [ -87.879172, 39.545667 ], [ -87.879194, 39.54738 ], [ -87.879226, 39.549324 ], [ -87.879222, 39.549491 ], [ -87.879217, 39.549723 ], [ -87.879227, 39.549963 ], [ -87.879275, 39.551071 ], [ -87.879306, 39.552386 ], [ -87.879327, 39.553546 ], [ -87.879365, 39.554741 ], [ -87.879384, 39.555682 ], [ -87.879387, 39.555988 ], [ -87.879437, 39.557687 ], [ -87.879462, 39.559127 ], [ -87.879533, 39.560933 ], [ -87.879607, 39.562977 ], [ -87.87965, 39.564708 ], [ -87.87973, 39.567168 ], [ -87.879782, 39.568944 ], [ -87.879788, 39.56915 ], [ -87.879817, 39.570223 ], [ -87.879803, 39.57037 ], [ -87.87982, 39.570653 ], [ -87.879838, 39.570952 ], [ -87.879846, 39.571271 ], [ -87.87985, 39.571442 ], [ -87.879857, 39.571727 ], [ -87.879935, 39.574832 ], [ -87.879982, 39.576321 ], [ -87.880003, 39.577452 ], [ -87.879796, 39.577469 ], [ -87.879324, 39.577473 ], [ -87.876497, 39.577553 ], [ -87.874938, 39.577608 ], [ -87.872866, 39.577656 ], [ -87.871183, 39.5777 ], [ -87.870683, 39.577718 ], [ -87.870725, 39.578766 ], [ -87.870809, 39.581243 ], [ -87.870872, 39.582936 ], [ -87.871005, 39.587236 ], [ -87.871075, 39.58931 ], [ -87.87114, 39.59155 ], [ -87.871153, 39.592312 ], [ -87.866469, 39.592446 ], [ -87.864475, 39.592555 ], [ -87.863696, 39.59259 ], [ -87.861878, 39.592646 ], [ -87.861231, 39.592646 ], [ -87.860837, 39.592687 ], [ -87.860282, 39.592663 ], [ -87.858471, 39.592714 ], [ -87.857091, 39.592734 ], [ -87.847636, 39.593097 ], [ -87.847663, 39.594181 ], [ -87.849445, 39.59387 ], [ -87.850215, 39.593891 ], [ -87.850689, 39.594072 ], [ -87.851458, 39.59448 ], [ -87.851932, 39.594594 ], [ -87.856221, 39.59444 ], [ -87.858336, 39.594575 ], [ -87.859595, 39.594663 ], [ -87.860275, 39.594572 ], [ -87.860866, 39.594162 ], [ -87.861517, 39.593957 ], [ -87.862049, 39.593981 ], [ -87.862492, 39.594302 ], [ -87.862847, 39.594371 ], [ -87.86338, 39.594372 ], [ -87.863587, 39.594487 ], [ -87.863764, 39.594647 ], [ -87.863735, 39.594854 ], [ -87.863824, 39.5949 ], [ -87.863824, 39.594992 ], [ -87.864031, 39.595084 ], [ -87.864741, 39.595016 ], [ -87.865007, 39.595109 ], [ -87.865362, 39.595292 ], [ -87.865688, 39.595294 ], [ -87.865954, 39.595248 ], [ -87.866072, 39.595157 ], [ -87.866161, 39.594929 ], [ -87.866308, 39.594814 ], [ -87.866575, 39.594838 ], [ -87.866871, 39.595114 ], [ -87.867019, 39.595389 ], [ -87.867374, 39.595802 ], [ -87.867847, 39.59594 ], [ -87.868232, 39.595941 ], [ -87.868734, 39.595667 ], [ -87.868941, 39.595691 ], [ -87.869296, 39.595898 ], [ -87.869473, 39.595898 ], [ -87.870094, 39.595784 ], [ -87.870242, 39.595647 ], [ -87.870183, 39.595236 ], [ -87.870271, 39.595168 ], [ -87.870463, 39.595168 ], [ -87.870508, 39.595169 ], [ -87.870922, 39.59549 ], [ -87.871207, 39.595546 ], [ -87.871198, 39.595688 ], [ -87.871187, 39.596566 ], [ -87.871186, 39.596689 ], [ -87.871189, 39.596952 ], [ -87.87127, 39.599576 ], [ -87.871328, 39.601652 ], [ -87.871356, 39.602883 ], [ -87.87136, 39.603047 ], [ -87.871436, 39.606355 ], [ -87.875227, 39.606423 ], [ -87.875527, 39.607093 ], [ -87.875468, 39.607299 ], [ -87.875453, 39.607712 ], [ -87.875513, 39.607964 ], [ -87.876055, 39.60824 ], [ -87.876351, 39.608514 ], [ -87.876735, 39.608973 ], [ -87.877061, 39.609065 ], [ -87.877623, 39.609135 ], [ -87.877712, 39.609181 ], [ -87.877771, 39.609341 ], [ -87.877859, 39.609937 ], [ -87.878333, 39.610258 ], [ -87.879191, 39.610488 ], [ -87.879487, 39.610741 ], [ -87.879636, 39.610947 ], [ -87.879606, 39.611314 ], [ -87.879487, 39.611497 ], [ -87.879309, 39.612093 ], [ -87.87931, 39.612459 ], [ -87.879635, 39.612781 ], [ -87.87999, 39.612918 ], [ -87.880404, 39.612941 ], [ -87.880759, 39.613171 ], [ -87.880908, 39.613446 ], [ -87.880996, 39.613928 ], [ -87.880989, 39.614115 ], [ -87.880966, 39.614683 ], [ -87.880759, 39.615185 ], [ -87.880787, 39.615849 ], [ -87.880875, 39.616123 ], [ -87.881378, 39.61658 ], [ -87.881703, 39.617038 ], [ -87.881733, 39.617107 ], [ -87.881792, 39.617198 ], [ -87.88188, 39.617587 ], [ -87.881878, 39.618571 ], [ -87.88176, 39.619096 ], [ -87.881878, 39.619577 ], [ -87.882025, 39.619943 ], [ -87.882203, 39.620148 ], [ -87.882171, 39.620926 ], [ -87.881964, 39.621269 ], [ -87.881638, 39.621497 ], [ -87.881017, 39.621725 ], [ -87.880721, 39.622091 ], [ -87.88072, 39.622525 ], [ -87.880779, 39.622617 ], [ -87.88072, 39.622891 ], [ -87.880453, 39.62312 ], [ -87.880009, 39.623211 ], [ -87.879387, 39.623302 ], [ -87.879209, 39.62337 ], [ -87.879121, 39.623508 ], [ -87.879091, 39.623942 ], [ -87.879445, 39.624376 ], [ -87.879445, 39.624537 ], [ -87.879208, 39.624639 ], [ -87.879088, 39.625037 ], [ -87.879234, 39.625472 ], [ -87.878849, 39.625772 ], [ -87.878908, 39.626138 ], [ -87.879736, 39.626847 ], [ -87.879853, 39.627373 ], [ -87.879705, 39.627854 ], [ -87.879763, 39.628379 ], [ -87.879961, 39.628763 ], [ -87.880029, 39.628906 ], [ -87.879971, 39.629319 ], [ -87.879497, 39.629891 ], [ -87.879408, 39.630098 ], [ -87.879468, 39.63035 ], [ -87.879586, 39.630695 ], [ -87.879793, 39.630946 ], [ -87.87997, 39.631153 ], [ -87.88, 39.631612 ], [ -87.88006, 39.631727 ], [ -87.881125, 39.632576 ], [ -87.881243, 39.632828 ], [ -87.881244, 39.633103 ], [ -87.880948, 39.633355 ], [ -87.880949, 39.633882 ], [ -87.881067, 39.634158 ], [ -87.88157, 39.634846 ], [ -87.88157, 39.635167 ], [ -87.881392, 39.635442 ], [ -87.881274, 39.635786 ], [ -87.881156, 39.636473 ], [ -87.880801, 39.636932 ], [ -87.880238, 39.63739 ], [ -87.879942, 39.637506 ], [ -87.879411, 39.637529 ], [ -87.879263, 39.637666 ], [ -87.879293, 39.639477 ], [ -87.87944, 39.639707 ], [ -87.879588, 39.639845 ], [ -87.879529, 39.640119 ], [ -87.879382, 39.640326 ], [ -87.879381, 39.640739 ], [ -87.879707, 39.641014 ], [ -87.880032, 39.642069 ], [ -87.881135, 39.643432 ], [ -87.879016, 39.643464 ], [ -87.875363, 39.643534 ], [ -87.872717, 39.643568 ], [ -87.872189, 39.643578 ], [ -87.869357, 39.643634 ], [ -87.868001, 39.643654 ], [ -87.867635, 39.643654 ], [ -87.867519, 39.643654 ], [ -87.86738, 39.643653 ], [ -87.866879, 39.643652 ], [ -87.866416, 39.643617 ], [ -87.866244, 39.643604 ], [ -87.864974, 39.643445 ], [ -87.864884, 39.643431 ], [ -87.864108, 39.643279 ], [ -87.863217, 39.643059 ], [ -87.862756, 39.642916 ], [ -87.861636, 39.642526 ], [ -87.860517, 39.642006 ], [ -87.860395, 39.641941 ], [ -87.860311, 39.641896 ], [ -87.86027, 39.640939 ], [ -87.85881, 39.640979 ], [ -87.858865, 39.643243 ], [ -87.858592, 39.643259 ], [ -87.858596, 39.643932 ], [ -87.85818, 39.643947 ], [ -87.857958, 39.643953 ], [ -87.85721, 39.643967 ], [ -87.856675, 39.643977 ], [ -87.856473, 39.643984 ], [ -87.856022, 39.644 ], [ -87.855548, 39.644017 ], [ -87.854915, 39.644039 ], [ -87.853229, 39.644098 ], [ -87.853215, 39.645462 ], [ -87.853229, 39.652496 ], [ -87.853253, 39.65444 ], [ -87.853233, 39.655708 ], [ -87.853231, 39.656574 ], [ -87.853228, 39.658191 ], [ -87.853241, 39.663543 ], [ -87.85323, 39.666197 ], [ -87.853251, 39.667249 ], [ -87.853239, 39.669877 ], [ -87.853223, 39.673469 ], [ -87.851366, 39.673525 ], [ -87.848554, 39.673621 ], [ -87.84684, 39.673667 ], [ -87.843898, 39.673765 ], [ -87.841659, 39.673824 ], [ -87.839814, 39.673866 ], [ -87.834671, 39.674025 ], [ -87.834718, 39.677866 ], [ -87.83477, 39.683211 ], [ -87.834816, 39.685784 ], [ -87.834819, 39.686414 ], [ -87.834831, 39.688788 ], [ -87.838741, 39.688638 ], [ -87.841622, 39.688552 ], [ -87.843708, 39.688482 ], [ -87.847497, 39.688366 ], [ -87.849618, 39.68829 ], [ -87.851654, 39.68821 ], [ -87.851961, 39.688203 ], [ -87.851763, 39.688483 ], [ -87.851554, 39.688553 ], [ -87.848636, 39.688656 ], [ -87.848558, 39.691415 ], [ -87.848416, 39.694887 ], [ -87.848176, 39.695209 ], [ -87.848027, 39.695369 ], [ -87.847967, 39.695554 ], [ -87.848142, 39.700451 ], [ -87.848156, 39.702839 ], [ -87.847538, 39.702855 ], [ -87.845211, 39.702934 ], [ -87.843093, 39.702981 ], [ -87.83966, 39.703073 ], [ -87.834949, 39.703198 ], [ -87.8304, 39.703309 ], [ -87.829604, 39.703335 ], [ -87.828977, 39.70334 ], [ -87.828492, 39.703364 ], [ -87.827588, 39.703381 ], [ -87.826198, 39.703422 ], [ -87.823298, 39.703495 ], [ -87.820951, 39.703564 ], [ -87.81708, 39.703648 ], [ -87.816216, 39.703639 ], [ -87.815292, 39.70365 ], [ -87.813255, 39.703706 ], [ -87.811419, 39.703753 ], [ -87.809303, 39.703807 ], [ -87.807374, 39.703852 ], [ -87.807138, 39.703853 ], [ -87.801364, 39.704011 ], [ -87.800454, 39.704038 ], [ -87.798349, 39.7041 ], [ -87.797558, 39.704119 ], [ -87.797419, 39.704122 ], [ -87.794889, 39.704139 ], [ -87.793465, 39.704138 ], [ -87.787731, 39.704198 ], [ -87.785519, 39.704229 ], [ -87.784021, 39.704254 ], [ -87.782058, 39.704278 ], [ -87.782067, 39.704424 ], [ -87.782084, 39.706574 ], [ -87.782084, 39.709535 ], [ -87.782119, 39.712052 ], [ -87.78219, 39.71891 ], [ -87.778812, 39.718995 ], [ -87.774618, 39.719071 ], [ -87.772794, 39.7191 ], [ -87.772912, 39.726962 ], [ -87.76364, 39.726962 ], [ -87.76368, 39.728963 ], [ -87.763741, 39.730928 ], [ -87.763741, 39.732391 ], [ -87.763773, 39.733866 ], [ -87.763812, 39.73609 ], [ -87.763825, 39.737189 ], [ -87.763859, 39.738345 ], [ -87.76388, 39.740936 ], [ -87.763935, 39.743956 ], [ -87.764007, 39.746457 ], [ -87.764037, 39.748523 ], [ -87.762016, 39.748543 ], [ -87.761416, 39.748549 ], [ -87.759251, 39.748546 ], [ -87.757695, 39.748556 ], [ -87.754596, 39.748604 ], [ -87.75414, 39.748619 ], [ -87.751455, 39.74867 ], [ -87.748429, 39.748734 ], [ -87.745562, 39.748775 ], [ -87.745381, 39.748794 ], [ -87.745471, 39.751685 ], [ -87.745542, 39.754962 ], [ -87.745558, 39.756103 ], [ -87.747105, 39.756071 ], [ -87.750928, 39.756007 ], [ -87.760957, 39.755879 ], [ -87.762514, 39.755859 ], [ -87.764118, 39.755833 ], [ -87.764187, 39.769613 ], [ -87.764213, 39.79229 ], [ -87.766254, 39.792301 ], [ -87.766251, 39.792863 ], [ -87.766191, 39.799286 ], [ -87.766121, 39.807065 ], [ -87.765982, 39.821839 ], [ -87.765928, 39.827312 ], [ -87.76605, 39.832716 ], [ -87.767592, 39.832248 ], [ -87.770091, 39.831882 ], [ -87.773661, 39.831883 ], [ -87.77482, 39.831906 ], [ -87.775574, 39.831707 ], [ -87.77584, 39.831632 ], [ -87.775989, 39.831495 ], [ -87.776434, 39.831335 ], [ -87.777621, 39.831175 ], [ -87.778898, 39.831405 ], [ -87.779611, 39.831702 ], [ -87.78056, 39.83232 ], [ -87.780946, 39.832526 ], [ -87.781718, 39.832664 ], [ -87.785042, 39.83255 ], [ -87.787094, 39.832549 ], [ -87.788731, 39.832411 ], [ -87.789742, 39.832227 ], [ -87.790486, 39.832227 ], [ -87.794114, 39.832659 ], [ -87.797684, 39.832657 ], [ -87.800182, 39.83277 ], [ -87.801104, 39.832976 ], [ -87.803157, 39.833615 ], [ -87.804124, 39.83403 ], [ -87.804635, 39.834246 ], [ -87.805481, 39.834666 ], [ -87.807318, 39.835778 ], [ -87.807638, 39.836044 ], [ -87.807956, 39.836402 ], [ -87.808529, 39.837389 ], [ -87.808582, 39.837771 ], [ -87.80878, 39.838243 ], [ -87.808818, 39.839434 ], [ -87.808964, 39.839521 ], [ -87.809076, 39.839837 ], [ -87.809092, 39.83986 ], [ -87.807627, 39.83985 ], [ -87.80533, 39.839828 ], [ -87.80407, 39.839818 ], [ -87.804066, 39.841372 ], [ -87.804072, 39.845535 ], [ -87.804081, 39.847113 ], [ -87.804087, 39.848105 ], [ -87.804064, 39.852224 ], [ -87.804071, 39.854098 ], [ -87.804073, 39.854277 ], [ -87.804081, 39.854938 ], [ -87.804028, 39.856553 ], [ -87.804031, 39.858598 ], [ -87.804014, 39.860837 ], [ -87.803995, 39.861716 ], [ -87.802993, 39.861718 ], [ -87.802363, 39.861719 ], [ -87.801908, 39.86172 ], [ -87.797926, 39.861703 ], [ -87.79388, 39.861692 ], [ -87.789763, 39.861687 ], [ -87.787058, 39.861677 ], [ -87.785128, 39.861641 ], [ -87.78469, 39.861616 ], [ -87.784446, 39.861607 ], [ -87.784102, 39.861631 ], [ -87.783173, 39.861676 ], [ -87.782518, 39.861708 ], [ -87.780984, 39.861807 ], [ -87.778805, 39.861921 ], [ -87.776604, 39.862058 ], [ -87.775471, 39.862109 ], [ -87.775473, 39.862445 ], [ -87.775461, 39.865135 ], [ -87.775464, 39.865921 ], [ -87.775454, 39.870529 ], [ -87.775458, 39.871737 ], [ -87.775461, 39.872594 ], [ -87.775461, 39.872771 ], [ -87.775422, 39.874906 ], [ -87.775399, 39.876659 ], [ -87.775396, 39.877583 ], [ -87.775439, 39.87774 ], [ -87.775569, 39.87802 ], [ -87.77609, 39.878726 ], [ -87.776622, 39.879532 ], [ -87.77689, 39.8801 ], [ -87.776994, 39.880499 ], [ -87.77706, 39.88087 ], [ -87.77706, 39.88146 ], [ -87.77705, 39.88197 ], [ -87.77705, 39.88337 ], [ -87.77705, 39.88429 ], [ -87.77703, 39.88502 ], [ -87.77703, 39.88536 ], [ -87.77702, 39.88571 ], [ -87.77698, 39.88647 ], [ -87.77684, 39.88822 ], [ -87.77675, 39.88911 ], [ -87.77669, 39.8896 ], [ -87.77669, 39.88976 ], [ -87.77672, 39.88983 ], [ -87.77676, 39.88988 ], [ -87.77681, 39.88992 ], [ -87.77689, 39.88996 ], [ -87.77698, 39.88998 ], [ -87.77713, 39.88999 ], [ -87.77735, 39.88999 ], [ -87.77748, 39.89 ], [ -87.77758, 39.89003 ], [ -87.77766, 39.89007 ], [ -87.777672, 39.89008 ], [ -87.77771, 39.89011 ], [ -87.77777, 39.89019 ], [ -87.77779, 39.89029 ], [ -87.77778, 39.89074 ], [ -87.77777, 39.89164 ], [ -87.77778, 39.89229 ], [ -87.77777, 39.89254 ], [ -87.777778, 39.893132 ], [ -87.77778, 39.89324 ], [ -87.777771, 39.894909 ], [ -87.77777, 39.89514 ], [ -87.77779, 39.89533 ], [ -87.7778, 39.8955 ], [ -87.77838, 39.89549 ], [ -87.778464, 39.895486 ], [ -87.780456, 39.895414 ], [ -87.78057, 39.89541 ], [ -87.781121, 39.895392 ], [ -87.781112, 39.895418 ], [ -87.781115, 39.895544 ], [ -87.781093, 39.895624 ], [ -87.781065, 39.895673 ], [ -87.781045, 39.895697 ], [ -87.781021, 39.895738 ], [ -87.781003, 39.895757 ], [ -87.780985, 39.895789 ], [ -87.780962, 39.895812 ], [ -87.780956, 39.89583 ], [ -87.780938, 39.895844 ], [ -87.780842, 39.895956 ], [ -87.7808, 39.895995 ], [ -87.780746, 39.896054 ], [ -87.780704, 39.896123 ], [ -87.78068, 39.896191 ], [ -87.78068, 39.896223 ], [ -87.780661, 39.896352 ], [ -87.780653, 39.896372 ], [ -87.780622, 39.896459 ], [ -87.780607, 39.89653 ], [ -87.780621, 39.896633 ], [ -87.780651, 39.896794 ], [ -87.780676, 39.896864 ], [ -87.780705, 39.896979 ], [ -87.780705, 39.897038 ], [ -87.78068, 39.897244 ], [ -87.780691, 39.897308 ], [ -87.780703, 39.897331 ], [ -87.780756, 39.897381 ], [ -87.780774, 39.897404 ], [ -87.780774, 39.897423 ], [ -87.780762, 39.897455 ], [ -87.780726, 39.897491 ], [ -87.780622, 39.897546 ], [ -87.780571, 39.897583 ], [ -87.780523, 39.897633 ], [ -87.780495, 39.897696 ], [ -87.780466, 39.897773 ], [ -87.780433, 39.89788 ], [ -87.780409, 39.89794 ], [ -87.78036, 39.898027 ], [ -87.780295, 39.898086 ], [ -87.780259, 39.898127 ], [ -87.780241, 39.898164 ], [ -87.780235, 39.898205 ], [ -87.78024, 39.898374 ], [ -87.780227, 39.898448 ], [ -87.780145, 39.898597 ], [ -87.780071, 39.898699 ], [ -87.780047, 39.898782 ], [ -87.780046, 39.898891 ], [ -87.780058, 39.898946 ], [ -87.780076, 39.898983 ], [ -87.780135, 39.899061 ], [ -87.780253, 39.899166 ], [ -87.78027, 39.899198 ], [ -87.780273, 39.899226 ], [ -87.780258, 39.899285 ], [ -87.780204, 39.899354 ], [ -87.780115, 39.899438 ], [ -87.780073, 39.899486 ], [ -87.780054, 39.899583 ], [ -87.78006, 39.89966 ], [ -87.780092, 39.899738 ], [ -87.780136, 39.899811 ], [ -87.780154, 39.89983 ], [ -87.780195, 39.899898 ], [ -87.780236, 39.899949 ], [ -87.780254, 39.89999 ], [ -87.780271, 39.900054 ], [ -87.780291, 39.900248 ], [ -87.780293, 39.900347 ], [ -87.780287, 39.90037 ], [ -87.780299, 39.900393 ], [ -87.780297, 39.900429 ], [ -87.780292, 39.900539 ], [ -87.780259, 39.900609 ], [ -87.780247, 39.900636 ], [ -87.780244, 39.900654 ], [ -87.78025, 39.900667 ], [ -87.780297, 39.900681 ], [ -87.781245, 39.900642 ], [ -87.781661, 39.900629 ], [ -87.781944, 39.900613 ], [ -87.782177, 39.900605 ], [ -87.782372, 39.900599 ], [ -87.782408, 39.900595 ], [ -87.782431, 39.900599 ], [ -87.782826, 39.900597 ], [ -87.782924, 39.900601 ], [ -87.783025, 39.900599 ], [ -87.783055, 39.900608 ], [ -87.783079, 39.900585 ], [ -87.783147, 39.900597 ], [ -87.783248, 39.900606 ], [ -87.783337, 39.900606 ], [ -87.783462, 39.900597 ], [ -87.783536, 39.900599 ], [ -87.78375, 39.900659 ], [ -87.783874, 39.900705 ], [ -87.783922, 39.900727 ], [ -87.783945, 39.900732 ], [ -87.783981, 39.90075 ], [ -87.784011, 39.900759 ], [ -87.784034, 39.900773 ], [ -87.784076, 39.900787 ], [ -87.784117, 39.90081 ], [ -87.784265, 39.900865 ], [ -87.784301, 39.900888 ], [ -87.784331, 39.900897 ], [ -87.784378, 39.900921 ], [ -87.784402, 39.900924 ], [ -87.784431, 39.90094 ], [ -87.784775, 39.901089 ], [ -87.784799, 39.901094 ], [ -87.78484, 39.901112 ], [ -87.78487, 39.901119 ], [ -87.785115, 39.901207 ], [ -87.785166, 39.901213 ], [ -87.786228, 39.901506 ], [ -87.786258, 39.90152 ], [ -87.786311, 39.901529 ], [ -87.787178, 39.901762 ], [ -87.78756, 39.90187 ], [ -87.787744, 39.901918 ], [ -87.787922, 39.901966 ], [ -87.787949, 39.901968 ], [ -87.78805, 39.901991 ], [ -87.788085, 39.901987 ], [ -87.788127, 39.902 ], [ -87.788151, 39.902019 ], [ -87.788193, 39.902031 ], [ -87.788246, 39.902028 ], [ -87.788281, 39.902051 ], [ -87.788352, 39.902064 ], [ -87.78845, 39.90209 ], [ -87.788587, 39.902113 ], [ -87.788705, 39.902126 ], [ -87.789154, 39.90217 ], [ -87.789299, 39.902177 ], [ -87.789348, 39.902185 ], [ -87.789513, 39.9022 ], [ -87.789611, 39.902216 ], [ -87.789637, 39.902217 ], [ -87.78964, 39.90275 ], [ -87.789659, 39.903745 ], [ -87.78966, 39.90377 ], [ -87.78969, 39.90617 ], [ -87.789714, 39.908331 ], [ -87.78972, 39.90877 ], [ -87.78973, 39.90937 ], [ -87.78973, 39.90986 ], [ -87.788776, 39.909865 ], [ -87.78598, 39.90988 ], [ -87.785916, 39.90988 ], [ -87.78522, 39.90988 ], [ -87.78511, 39.90989 ], [ -87.78504, 39.90992 ], [ -87.785, 39.90996 ], [ -87.784991, 39.909971 ], [ -87.78496, 39.91001 ], [ -87.78494, 39.91015 ], [ -87.78496, 39.91042 ], [ -87.78496, 39.91077 ], [ -87.784969, 39.911398 ], [ -87.78499, 39.91269 ], [ -87.78499, 39.91316 ], [ -87.78499, 39.91369 ], [ -87.78501, 39.915719 ], [ -87.78502, 39.91659 ], [ -87.78502, 39.91716 ], [ -87.785248, 39.91716 ], [ -87.7857, 39.91716 ], [ -87.785935, 39.917156 ], [ -87.786164, 39.917154 ], [ -87.787161, 39.91714 ], [ -87.78722, 39.91714 ], [ -87.78742, 39.91713 ], [ -87.78766, 39.91714 ], [ -87.78788, 39.91716 ], [ -87.78806, 39.91719 ], [ -87.78832, 39.91724 ], [ -87.78872, 39.91737 ], [ -87.78888, 39.91744 ], [ -87.78907, 39.91755 ], [ -87.78934, 39.91772 ], [ -87.78954, 39.91788 ], [ -87.78968, 39.91801 ], [ -87.7898, 39.91815 ], [ -87.789837, 39.918197 ], [ -87.79, 39.9184 ], [ -87.7904, 39.91902 ], [ -87.790474, 39.919129 ], [ -87.7907, 39.91946 ], [ -87.790789, 39.919559 ], [ -87.79089, 39.91967 ], [ -87.79107, 39.91985 ], [ -87.79133, 39.92006 ], [ -87.79158, 39.9202 ], [ -87.79181, 39.92031 ], [ -87.79209, 39.92042 ], [ -87.792148, 39.920434 ], [ -87.79234, 39.92048 ], [ -87.79255, 39.92052 ], [ -87.79281, 39.92055 ], [ -87.792923, 39.920554 ], [ -87.79305, 39.92056 ], [ -87.7933, 39.92056 ], [ -87.79345, 39.92055 ], [ -87.79365, 39.92053 ], [ -87.794046, 39.920488 ], [ -87.79442, 39.92045 ], [ -87.79445, 39.92154 ], [ -87.79446, 39.92213 ], [ -87.79448, 39.923 ], [ -87.794491, 39.923798 ], [ -87.794495, 39.924152 ], [ -87.79452, 39.92602 ], [ -87.79453, 39.92645 ], [ -87.79461, 39.93188 ], [ -87.79468, 39.93445 ], [ -87.79471, 39.9352 ], [ -87.794711, 39.935258 ], [ -87.7948, 39.93896 ], [ -87.79463, 39.93899 ], [ -87.79379, 39.939 ], [ -87.790094, 39.939022 ], [ -87.78719, 39.93904 ], [ -87.78411, 39.93909 ], [ -87.78087, 39.93919 ], [ -87.775976, 39.939358 ], [ -87.77362, 39.93944 ], [ -87.77265, 39.93947 ], [ -87.77141, 39.93949 ], [ -87.77135, 39.93951 ], [ -87.77128, 39.93954 ], [ -87.77125, 39.93957 ], [ -87.77123, 39.93961 ], [ -87.77122, 39.93966 ], [ -87.77122, 39.93974 ], [ -87.771235, 39.941 ], [ -87.771291, 39.945435 ], [ -87.7713, 39.94613 ], [ -87.7713, 39.94668 ], [ -87.77129, 39.94673 ], [ -87.77125, 39.94682 ], [ -87.77119, 39.94688 ], [ -87.77124, 39.94693 ], [ -87.77126, 39.94697 ], [ -87.77127, 39.94706 ], [ -87.77127, 39.9472 ], [ -87.77126, 39.948331 ], [ -87.77126, 39.94836 ], [ -87.77128, 39.95073 ], [ -87.771308, 39.952762 ], [ -87.77133, 39.95424 ], [ -87.77276, 39.95418 ], [ -87.77444, 39.95412 ], [ -87.776064, 39.954048 ], [ -87.77741, 39.95399 ], [ -87.78099, 39.95381 ], [ -87.78228, 39.95374 ], [ -87.78425, 39.95367 ], [ -87.78528, 39.95364 ], [ -87.78674, 39.95361 ], [ -87.790271, 39.953605 ], [ -87.79501, 39.9536 ], [ -87.79581, 39.9536 ], [ -87.796929, 39.953593 ], [ -87.80077, 39.95357 ], [ -87.80213, 39.95357 ], [ -87.80239, 39.95356 ], [ -87.802686, 39.953555 ], [ -87.80378, 39.95354 ], [ -87.80439, 39.95352 ], [ -87.804605, 39.953515 ], [ -87.80527, 39.9535 ], [ -87.805506, 39.953498 ], [ -87.80747, 39.95349 ], [ -87.808212, 39.953482 ], [ -87.80847, 39.95348 ], [ -87.80892, 39.95349 ], [ -87.809, 39.95351 ], [ -87.80907, 39.95355 ], [ -87.80908, 39.95358 ], [ -87.80912, 39.95362 ], [ -87.80915, 39.95369 ], [ -87.80916, 39.95379 ], [ -87.80917, 39.95644 ], [ -87.80916, 39.95712 ], [ -87.80916, 39.9576 ], [ -87.80918, 39.95868 ], [ -87.80918, 39.95907 ], [ -87.80922, 39.96044 ], [ -87.80923, 39.96287 ], [ -87.80932, 39.96827 ], [ -87.80934, 39.96861 ], [ -87.80714, 39.96865 ], [ -87.804879, 39.968684 ], [ -87.80114, 39.96874 ], [ -87.801057, 39.968741 ], [ -87.79936, 39.96878 ], [ -87.79911, 39.96878 ], [ -87.79764, 39.9688 ], [ -87.79106, 39.96886 ], [ -87.789591, 39.968891 ], [ -87.78919, 39.9689 ], [ -87.78577, 39.96894 ], [ -87.7858, 39.96943 ], [ -87.785828, 39.970957 ], [ -87.78586, 39.97268 ], [ -87.78587, 39.97321 ], [ -87.78588, 39.97352 ], [ -87.785909, 39.977011 ], [ -87.78592, 39.97829 ], [ -87.78593, 39.97903 ], [ -87.78594, 39.97971 ], [ -87.785941, 39.979925 ], [ -87.78595, 39.98141 ], [ -87.785967, 39.982614 ], [ -87.78598, 39.98351 ], [ -87.786002, 39.984968 ], [ -87.786069, 39.989342 ], [ -87.78608, 39.99004 ], [ -87.7861, 39.9908 ], [ -87.786127, 39.992262 ], [ -87.78614, 39.9929 ], [ -87.78617, 39.99559 ], [ -87.786192, 39.99665 ], [ -87.7862, 39.997 ], [ -87.786219, 39.998113 ], [ -87.781459, 39.998142 ], [ -87.781266, 39.998148 ], [ -87.76701, 39.998651 ], [ -87.766415, 39.998636 ], [ -87.761464, 39.99852 ], [ -87.76138, 39.998518 ], [ -87.761131, 39.998512 ], [ -87.761048, 39.99851 ], [ -87.760126, 39.998533 ], [ -87.757361, 39.998606 ], [ -87.75644, 39.99863 ], [ -87.75645, 39.99924 ], [ -87.756449, 39.999265 ], [ -87.75644, 39.99972 ], [ -87.75644, 40.00013 ], [ -87.75644, 40.0003 ], [ -87.75645, 40.0005 ], [ -87.756462, 40.00117 ], [ -87.756475, 40.001806 ], [ -87.75652, 40.00418 ], [ -87.75657, 40.0073 ], [ -87.75658, 40.00825 ], [ -87.75658, 40.00869 ], [ -87.75659, 40.00931 ], [ -87.75657, 40.00957 ], [ -87.75655, 40.0097 ], [ -87.7564, 40.0097 ], [ -87.75482, 40.0097 ], [ -87.75181, 40.00969 ], [ -87.74985, 40.00967 ], [ -87.74689, 40.00968 ], [ -87.74588, 40.00968 ], [ -87.74212, 40.00966 ], [ -87.73824, 40.00966 ], [ -87.73768, 40.00964 ], [ -87.73737, 40.0096 ], [ -87.735153, 40.009591 ], [ -87.735094, 40.009588 ], [ -87.735192, 40.009678 ], [ -87.735239, 40.009729 ], [ -87.735257, 40.00977 ], [ -87.735337, 40.009848 ], [ -87.735358, 40.00988 ], [ -87.735357, 40.009903 ], [ -87.735458, 40.010017 ], [ -87.735464, 40.010044 ], [ -87.735496, 40.010076 ], [ -87.735529, 40.010118 ], [ -87.735541, 40.010145 ], [ -87.73557, 40.010173 ], [ -87.735588, 40.010214 ], [ -87.735617, 40.010241 ], [ -87.7357, 40.010342 ], [ -87.735712, 40.010369 ], [ -87.735743, 40.010402 ], [ -87.735747, 40.01042 ], [ -87.735777, 40.010447 ], [ -87.735834, 40.010513 ], [ -87.735842, 40.01053 ], [ -87.736001, 40.010722 ], [ -87.736019, 40.010754 ], [ -87.736096, 40.010841 ], [ -87.736212, 40.010985 ], [ -87.73622, 40.011003 ], [ -87.736359, 40.011138 ], [ -87.736445, 40.011248 ], [ -87.736462, 40.011294 ], [ -87.736498, 40.011335 ], [ -87.736519, 40.011374 ], [ -87.736521, 40.011399 ], [ -87.736633, 40.011582 ], [ -87.736668, 40.011645 ], [ -87.736681, 40.01166 ], [ -87.736681, 40.011678 ], [ -87.736698, 40.011692 ], [ -87.73671, 40.011733 ], [ -87.736729, 40.011996 ], [ -87.736772, 40.012378 ], [ -87.736776, 40.012421 ], [ -87.7368, 40.012676 ], [ -87.736793, 40.012813 ], [ -87.73682, 40.012893 ], [ -87.736836, 40.013223 ], [ -87.736842, 40.013269 ], [ -87.749955, 40.013374 ], [ -87.756627, 40.013444 ], [ -87.75667, 40.01355 ], [ -87.75669, 40.01371 ], [ -87.75671, 40.01403 ], [ -87.75672, 40.01675 ], [ -87.75675, 40.02003 ], [ -87.75678, 40.02175 ], [ -87.75678, 40.02368 ], [ -87.75679, 40.02605 ], [ -87.75681, 40.02802 ], [ -87.755824, 40.02802 ], [ -87.752866, 40.02802 ], [ -87.75188, 40.02802 ], [ -87.75184, 40.02802 ], [ -87.751505, 40.02802 ], [ -87.75038, 40.02802 ], [ -87.750006, 40.02802 ], [ -87.74998, 40.02802 ], [ -87.74798, 40.02801 ], [ -87.746556, 40.02801 ], [ -87.74422, 40.02801 ], [ -87.74246, 40.02799 ], [ -87.74047, 40.02798 ], [ -87.73765, 40.02795 ], [ -87.736208, 40.02796 ], [ -87.73497, 40.02797 ], [ -87.73276, 40.02793 ], [ -87.73278, 40.02842 ], [ -87.73277, 40.02885 ], [ -87.73278, 40.03023 ], [ -87.73282, 40.0323 ], [ -87.73285, 40.03483 ], [ -87.7329, 40.03797 ], [ -87.73295, 40.0406 ], [ -87.73297, 40.04273 ], [ -87.73297, 40.04355 ], [ -87.73299, 40.04549 ], [ -87.73301, 40.04635 ], [ -87.73446, 40.04635 ], [ -87.735904, 40.046353 ], [ -87.73875, 40.04636 ], [ -87.744586, 40.046391 ], [ -87.74626, 40.0464 ], [ -87.74748, 40.04641 ], [ -87.74748, 40.04707 ], [ -87.747494, 40.047952 ], [ -87.74753, 40.05022 ], [ -87.747546, 40.052579 ], [ -87.74755, 40.053 ], [ -87.74754, 40.05337 ], [ -87.74755, 40.05343 ], [ -87.74757, 40.05349 ], [ -87.74761, 40.05354 ], [ -87.74766, 40.05358 ], [ -87.74774, 40.0536 ], [ -87.748, 40.0536 ], [ -87.748157, 40.053591 ], [ -87.74824, 40.0536 ], [ -87.74833, 40.05362 ], [ -87.7484, 40.05365 ], [ -87.74844, 40.0537 ], [ -87.74848, 40.05379 ], [ -87.74848, 40.05393 ], [ -87.748492, 40.054403 ], [ -87.7485, 40.05466 ], [ -87.7485, 40.05471 ], [ -87.74852, 40.05496 ], [ -87.748523, 40.056781 ], [ -87.74853, 40.05975 ], [ -87.74853, 40.063148 ], [ -87.74853, 40.06433 ], [ -87.74854, 40.06516 ], [ -87.74853, 40.06527 ], [ -87.74854, 40.06564 ], [ -87.74857, 40.06678 ], [ -87.748577, 40.067467 ], [ -87.74861, 40.07059 ], [ -87.74861, 40.07133 ], [ -87.74862, 40.07209 ], [ -87.748632, 40.074061 ], [ -87.74864, 40.07526 ], [ -87.74864, 40.07626 ], [ -87.74865, 40.07696 ], [ -87.748661, 40.078481 ], [ -87.74867, 40.07963 ], [ -87.74866, 40.08005 ], [ -87.74866, 40.08082 ], [ -87.74866, 40.08113 ], [ -87.74865, 40.08459 ], [ -87.748653, 40.085147 ], [ -87.74866, 40.08601 ], [ -87.74866, 40.08737 ], [ -87.749576, 40.087378 ], [ -87.74978, 40.08738 ], [ -87.75034, 40.08738 ], [ -87.752324, 40.087395 ], [ -87.75285, 40.0874 ], [ -87.75322, 40.08741 ], [ -87.75324, 40.087407 ], [ -87.75324, 40.088575 ], [ -87.75324, 40.088646 ], [ -87.75324, 40.092081 ], [ -87.75324, 40.09325 ], [ -87.753343, 40.093579 ], [ -87.753655, 40.094567 ], [ -87.753759, 40.094897 ], [ -87.753697, 40.095585 ], [ -87.753514, 40.097649 ], [ -87.753461, 40.09825 ], [ -87.753453, 40.098338 ], [ -87.7533, 40.098261 ], [ -87.753289, 40.098256 ], [ -87.753257, 40.09823 ], [ -87.753186, 40.098184 ], [ -87.753145, 40.098167 ], [ -87.753107, 40.098145 ], [ -87.7529, 40.098002 ], [ -87.752869, 40.097976 ], [ -87.752662, 40.097831 ], [ -87.752363, 40.097604 ], [ -87.752207, 40.09747 ], [ -87.752124, 40.097384 ], [ -87.752074, 40.097324 ], [ -87.751968, 40.097166 ], [ -87.75196, 40.097143 ], [ -87.751957, 40.097132 ], [ -87.75192, 40.097067 ], [ -87.751906, 40.097033 ], [ -87.751887, 40.096964 ], [ -87.751859, 40.096896 ], [ -87.751847, 40.096791 ], [ -87.751846, 40.096684 ], [ -87.751854, 40.096614 ], [ -87.751882, 40.09651 ], [ -87.751955, 40.09634 ], [ -87.752052, 40.096219 ], [ -87.752083, 40.096192 ], [ -87.752163, 40.096105 ], [ -87.752195, 40.096079 ], [ -87.752264, 40.095989 ], [ -87.752292, 40.095921 ], [ -87.752376, 40.095796 ], [ -87.752545, 40.095626 ], [ -87.752618, 40.095535 ], [ -87.752652, 40.09547 ], [ -87.752676, 40.095439 ], [ -87.752725, 40.095339 ], [ -87.752741, 40.095269 ], [ -87.752742, 40.095163 ], [ -87.752737, 40.095128 ], [ -87.7527, 40.095062 ], [ -87.752643, 40.094975 ], [ -87.752617, 40.094945 ], [ -87.752513, 40.094786 ], [ -87.752503, 40.094752 ], [ -87.7524, 40.094592 ], [ -87.752315, 40.094508 ], [ -87.752123, 40.094353 ], [ -87.752056, 40.094303 ], [ -87.751909, 40.094215 ], [ -87.751825, 40.094184 ], [ -87.751223, 40.093988 ], [ -87.7511, 40.093936 ], [ -87.750973, 40.093892 ], [ -87.750851, 40.093842 ], [ -87.750763, 40.093817 ], [ -87.75023, 40.093593 ], [ -87.749994, 40.093479 ], [ -87.749846, 40.093414 ], [ -87.749791, 40.093391 ], [ -87.749579, 40.093316 ], [ -87.749359, 40.093254 ], [ -87.749226, 40.093221 ], [ -87.749134, 40.093204 ], [ -87.749041, 40.093193 ], [ -87.748901, 40.093185 ], [ -87.748385, 40.093175 ], [ -87.747945, 40.093156 ], [ -87.746565, 40.093169 ], [ -87.74502, 40.093284 ], [ -87.744251, 40.093386 ], [ -87.743647, 40.093467 ], [ -87.743297, 40.093514 ], [ -87.742947, 40.09356 ], [ -87.742647, 40.0936 ], [ -87.741207, 40.093721 ], [ -87.740517, 40.093867 ], [ -87.740174, 40.09394 ], [ -87.739306, 40.094359 ], [ -87.738924, 40.094646 ], [ -87.738228, 40.09517 ], [ -87.737533, 40.095694 ], [ -87.737419, 40.095781 ], [ -87.737262, 40.096048 ], [ -87.736877, 40.0967 ], [ -87.736743, 40.097511 ], [ -87.737038, 40.098416 ], [ -87.737437, 40.099139 ], [ -87.737625, 40.09948 ], [ -87.737919, 40.099919 ], [ -87.738592, 40.101036 ], [ -87.738823, 40.101248 ], [ -87.739631, 40.101839 ], [ -87.739767, 40.101938 ], [ -87.739639, 40.10194 ], [ -87.739627, 40.101941 ], [ -87.739378, 40.101946 ], [ -87.739256, 40.101948 ], [ -87.739129, 40.101952 ], [ -87.738931, 40.101935 ], [ -87.738875, 40.10321 ], [ -87.738774, 40.105564 ], [ -87.738694, 40.107288 ], [ -87.738667, 40.107631 ], [ -87.738555, 40.109102 ], [ -87.737569, 40.109084 ], [ -87.73618, 40.109059 ], [ -87.729056, 40.108931 ], [ -87.726682, 40.108889 ], [ -87.726652, 40.108885 ], [ -87.726564, 40.108874 ], [ -87.726535, 40.108871 ], [ -87.726336, 40.108254 ], [ -87.726, 40.107573 ], [ -87.725528, 40.107013 ], [ -87.725455, 40.106948 ], [ -87.723524, 40.105251 ], [ -87.722789, 40.104731 ], [ -87.72246, 40.104546 ], [ -87.722298, 40.104455 ], [ -87.722136, 40.104364 ], [ -87.721699, 40.104118 ], [ -87.721369, 40.104056 ], [ -87.719833, 40.103761 ], [ -87.719743, 40.103751 ], [ -87.719285, 40.103705 ], [ -87.718402, 40.103616 ], [ -87.717518, 40.103526 ], [ -87.717127, 40.103439 ], [ -87.717044, 40.103421 ], [ -87.716173, 40.102724 ], [ -87.715861, 40.102474 ], [ -87.715778, 40.102404 ], [ -87.715726, 40.10236 ], [ -87.715592, 40.102246 ], [ -87.71553, 40.102193 ], [ -87.71552, 40.102185 ], [ -87.715448, 40.102124 ], [ -87.715446, 40.102182 ], [ -87.715446, 40.10223 ], [ -87.715444, 40.102322 ], [ -87.715443, 40.102356 ], [ -87.715443, 40.102415 ], [ -87.715394, 40.102377 ], [ -87.715341, 40.102354 ], [ -87.71524, 40.102285 ], [ -87.715175, 40.102253 ], [ -87.715151, 40.102251 ], [ -87.71508, 40.102216 ], [ -87.715056, 40.102212 ], [ -87.71502, 40.102193 ], [ -87.714996, 40.102189 ], [ -87.714949, 40.102168 ], [ -87.714794, 40.10212 ], [ -87.714676, 40.102092 ], [ -87.714413, 40.102051 ], [ -87.714324, 40.102051 ], [ -87.714008, 40.102063 ], [ -87.713932, 40.102082 ], [ -87.713871, 40.102088 ], [ -87.713835, 40.102111 ], [ -87.71353, 40.102261 ], [ -87.7135, 40.102271 ], [ -87.713309, 40.102394 ], [ -87.713243, 40.102421 ], [ -87.713219, 40.10244 ], [ -87.712944, 40.102581 ], [ -87.711678, 40.103199 ], [ -87.711429, 40.103309 ], [ -87.711379, 40.103336 ], [ -87.711164, 40.103427 ], [ -87.711044, 40.103454 ], [ -87.711021, 40.103468 ], [ -87.710842, 40.103514 ], [ -87.710818, 40.103528 ], [ -87.710463, 40.103617 ], [ -87.7104, 40.103623 ], [ -87.710357, 40.103636 ], [ -87.710233, 40.103655 ], [ -87.710194, 40.103667 ], [ -87.710131, 40.103674 ], [ -87.70895, 40.103975 ], [ -87.708926, 40.103989 ], [ -87.708848, 40.104007 ], [ -87.708825, 40.104021 ], [ -87.708371, 40.10414 ], [ -87.708156, 40.104203 ], [ -87.708132, 40.104217 ], [ -87.708054, 40.104235 ], [ -87.708031, 40.104249 ], [ -87.707953, 40.104272 ], [ -87.707714, 40.104391 ], [ -87.707651, 40.104418 ], [ -87.707535, 40.104496 ], [ -87.707505, 40.104505 ], [ -87.707277, 40.104656 ], [ -87.707209, 40.104683 ], [ -87.706907, 40.10488 ], [ -87.706856, 40.104903 ], [ -87.706751, 40.104969 ], [ -87.706676, 40.104999 ], [ -87.706506, 40.105106 ], [ -87.706467, 40.105122 ], [ -87.706207, 40.105296 ], [ -87.706138, 40.105323 ], [ -87.706007, 40.105406 ], [ -87.705779, 40.105566 ], [ -87.705513, 40.10576 ], [ -87.705214, 40.106 ], [ -87.705118, 40.106087 ], [ -87.705058, 40.10616 ], [ -87.705046, 40.106183 ], [ -87.704974, 40.106247 ], [ -87.704944, 40.106286 ], [ -87.704764, 40.106444 ], [ -87.704752, 40.106467 ], [ -87.704404, 40.106782 ], [ -87.703919, 40.107173 ], [ -87.703653, 40.107409 ], [ -87.703614, 40.107461 ], [ -87.703566, 40.1075 ], [ -87.703542, 40.107532 ], [ -87.703183, 40.107827 ], [ -87.702039, 40.108787 ], [ -87.701925, 40.108876 ], [ -87.701752, 40.109023 ], [ -87.703532, 40.109026 ], [ -87.703608, 40.112851 ], [ -87.703676, 40.116274 ], [ -87.702063, 40.116301 ], [ -87.701739, 40.116307 ], [ -87.701755, 40.11699 ], [ -87.701763, 40.117362 ], [ -87.701331, 40.117378 ], [ -87.700105, 40.117423 ], [ -87.700113, 40.118087 ], [ -87.700114, 40.118177 ], [ -87.69995, 40.1184 ], [ -87.7003, 40.11858 ], [ -87.701824, 40.119307 ], [ -87.70227, 40.11952 ], [ -87.70371, 40.12017 ], [ -87.7063, 40.12125 ], [ -87.70844, 40.12214 ], [ -87.70896, 40.12235 ], [ -87.710293, 40.122915 ], [ -87.7108, 40.12313 ], [ -87.71165, 40.12346 ], [ -87.71256, 40.12386 ], [ -87.71325, 40.12414 ], [ -87.713449, 40.124226 ], [ -87.7139, 40.12442 ], [ -87.7143, 40.124578 ], [ -87.71458, 40.1247 ], [ -87.7151, 40.12491 ], [ -87.71563, 40.12514 ], [ -87.715894, 40.125247 ], [ -87.716101, 40.125332 ], [ -87.71609, 40.125538 ], [ -87.71608, 40.125733 ], [ -87.716052, 40.126317 ], [ -87.716043, 40.126513 ], [ -87.71598, 40.12652 ], [ -87.71589, 40.12656 ], [ -87.71583, 40.12662 ], [ -87.71577, 40.1267 ], [ -87.71574, 40.12678 ], [ -87.7157, 40.12686 ], [ -87.71567, 40.12696 ], [ -87.71564, 40.12711 ], [ -87.715611, 40.127282 ], [ -87.7156, 40.12735 ], [ -87.71555, 40.12753 ], [ -87.71553, 40.12767 ], [ -87.7155, 40.12774 ], [ -87.71545, 40.1278 ], [ -87.71536, 40.12787 ], [ -87.71521, 40.12801 ], [ -87.71514, 40.12809 ], [ -87.71505, 40.12814 ], [ -87.71494, 40.12815 ], [ -87.71486, 40.12813 ], [ -87.71481, 40.12811 ], [ -87.71465, 40.12798 ], [ -87.71454, 40.12792 ], [ -87.71446, 40.12789 ], [ -87.71439, 40.12788 ], [ -87.71431, 40.12788 ], [ -87.71419, 40.12791 ], [ -87.71384, 40.12815 ], [ -87.7138, 40.12817 ], [ -87.71369, 40.12823 ], [ -87.71358, 40.12828 ], [ -87.71348, 40.1283 ], [ -87.713451, 40.1283 ], [ -87.71339, 40.1283 ], [ -87.71332, 40.12827 ], [ -87.71327, 40.12824 ], [ -87.71324, 40.12819 ], [ -87.7132, 40.12814 ], [ -87.71317, 40.12805 ], [ -87.71312, 40.12798 ], [ -87.71306, 40.12792 ], [ -87.71291, 40.12781 ], [ -87.71283, 40.12777 ], [ -87.71275, 40.12772 ], [ -87.71276, 40.12769 ], [ -87.71277, 40.12758 ], [ -87.71275, 40.12748 ], [ -87.71269, 40.12738 ], [ -87.71262, 40.12729 ], [ -87.71255, 40.12721 ], [ -87.71245, 40.12712 ], [ -87.71235, 40.12705 ], [ -87.712346, 40.127035 ], [ -87.71223, 40.12698 ], [ -87.712184, 40.126952 ], [ -87.7121, 40.1269 ], [ -87.71201, 40.12685 ], [ -87.71188, 40.1268 ], [ -87.71174, 40.12677 ], [ -87.71152, 40.12676 ], [ -87.71134, 40.12677 ], [ -87.71109, 40.1268 ], [ -87.71097, 40.12681 ], [ -87.71084, 40.12685 ], [ -87.71055, 40.12696 ], [ -87.71045, 40.12698 ], [ -87.71037, 40.12697 ], [ -87.71034, 40.12697 ], [ -87.71029, 40.12696 ], [ -87.71024, 40.12692 ], [ -87.71014, 40.1268 ], [ -87.71008, 40.12674 ], [ -87.71002, 40.1267 ], [ -87.70996, 40.12669 ], [ -87.70986, 40.12669 ], [ -87.70982, 40.12669 ], [ -87.70974, 40.12672 ], [ -87.70968, 40.12675 ], [ -87.70951, 40.12683 ], [ -87.70947, 40.12685 ], [ -87.709309, 40.126917 ], [ -87.70916, 40.12698 ], [ -87.70894, 40.12708 ], [ -87.70836, 40.12733 ], [ -87.707933, 40.12751 ], [ -87.70791, 40.12752 ], [ -87.706659, 40.128061 ], [ -87.70657, 40.1281 ], [ -87.7064, 40.12817 ], [ -87.7063, 40.12822 ], [ -87.70623, 40.12822 ], [ -87.70625, 40.12836 ], [ -87.70625, 40.12845 ], [ -87.70625, 40.128549 ], [ -87.70625, 40.12887 ], [ -87.70623, 40.1295 ], [ -87.706231, 40.129542 ], [ -87.70624, 40.12976 ], [ -87.70621, 40.12987 ], [ -87.70625, 40.12991 ], [ -87.70628, 40.12999 ], [ -87.7063, 40.13017 ], [ -87.7063, 40.13028 ], [ -87.706305, 40.1303 ], [ -87.70631, 40.13032 ], [ -87.70632, 40.13034 ], [ -87.70637, 40.13038 ], [ -87.7064, 40.13041 ], [ -87.70653, 40.13066 ], [ -87.70659, 40.13078 ], [ -87.70663, 40.13088 ], [ -87.70666, 40.13098 ], [ -87.70672, 40.13126 ], [ -87.70675, 40.13142 ], [ -87.706766, 40.131555 ], [ -87.70678, 40.13166 ], [ -87.70678, 40.1319 ], [ -87.70677, 40.13194 ], [ -87.70676, 40.13197 ], [ -87.70673, 40.13199 ], [ -87.7067, 40.13201 ], [ -87.70661, 40.13204 ], [ -87.706512, 40.13205 ], [ -87.70625, 40.13208 ], [ -87.70619, 40.13209 ], [ -87.705827, 40.132114 ], [ -87.70575, 40.13212 ], [ -87.7056, 40.13214 ], [ -87.70553, 40.13214 ], [ -87.705495, 40.132144 ], [ -87.70536, 40.13216 ], [ -87.70521, 40.13217 ], [ -87.705184, 40.13217 ], [ -87.70508, 40.13217 ], [ -87.70495, 40.13215 ], [ -87.704915, 40.132141 ], [ -87.70487, 40.13213 ], [ -87.70474, 40.13209 ], [ -87.70463, 40.13204 ], [ -87.70452, 40.132 ], [ -87.704442, 40.131978 ], [ -87.70441, 40.13197 ], [ -87.70428, 40.13194 ], [ -87.70429, 40.1318 ], [ -87.70429, 40.13158 ], [ -87.70432, 40.13112 ], [ -87.704313, 40.131065 ], [ -87.70431, 40.13103 ], [ -87.70431, 40.13098 ], [ -87.70427, 40.1309 ], [ -87.70422, 40.13087 ], [ -87.70418, 40.13086 ], [ -87.70404, 40.13084 ], [ -87.70395, 40.13084 ], [ -87.70372, 40.13082 ], [ -87.70344, 40.13079 ], [ -87.70313, 40.13077 ], [ -87.70281, 40.13074 ], [ -87.70261, 40.13073 ], [ -87.70249, 40.13072 ], [ -87.70239, 40.13073 ], [ -87.70233, 40.13077 ], [ -87.70229, 40.13082 ], [ -87.70228, 40.13087 ], [ -87.70227, 40.13104 ], [ -87.702265, 40.131239 ], [ -87.70226, 40.13149 ], [ -87.70226, 40.13183 ], [ -87.70225, 40.13197 ], [ -87.70223, 40.13203 ], [ -87.70219, 40.13206 ], [ -87.70216, 40.13207 ], [ -87.70213, 40.13208 ], [ -87.702058, 40.132088 ], [ -87.70197, 40.1321 ], [ -87.70185, 40.13211 ], [ -87.701752, 40.132143 ], [ -87.70167, 40.13218 ], [ -87.70166, 40.13219 ], [ -87.70159, 40.13214 ], [ -87.7015, 40.13208 ], [ -87.70143, 40.132 ], [ -87.701361, 40.131894 ], [ -87.70115, 40.13157 ], [ -87.70108, 40.13142 ], [ -87.70103, 40.13127 ], [ -87.70099, 40.13113 ], [ -87.70099, 40.13085 ], [ -87.70103, 40.13071 ], [ -87.70108, 40.13054 ], [ -87.70108, 40.13044 ], [ -87.70107, 40.13035 ], [ -87.70104, 40.1303 ], [ -87.70122, 40.13023 ], [ -87.70134, 40.13016 ], [ -87.70146, 40.13 ], [ -87.7015, 40.12977 ], [ -87.70151, 40.12965 ], [ -87.7015, 40.12954 ], [ -87.70015, 40.12945 ], [ -87.69921, 40.12938 ], [ -87.698189, 40.129315 ], [ -87.69794, 40.1293 ], [ -87.69666, 40.1292 ], [ -87.69666, 40.129352 ], [ -87.69666, 40.1296 ], [ -87.69666, 40.12972 ], [ -87.696663, 40.129808 ], [ -87.69667, 40.12996 ], [ -87.696672, 40.130198 ], [ -87.696678, 40.130911 ], [ -87.69668, 40.13115 ], [ -87.69668, 40.131342 ], [ -87.69668, 40.131918 ], [ -87.69668, 40.13211 ], [ -87.696683, 40.132205 ], [ -87.69669, 40.13235 ], [ -87.69669, 40.132493 ], [ -87.69669, 40.13259 ], [ -87.696692, 40.13275 ], [ -87.696698, 40.13323 ], [ -87.6967, 40.13339 ], [ -87.6967, 40.13384 ], [ -87.696707, 40.13444 ], [ -87.69671, 40.13469 ], [ -87.69671, 40.13505 ], [ -87.69672, 40.13519 ], [ -87.69672, 40.13614 ], [ -87.69672, 40.13694 ], [ -87.696726, 40.137591 ], [ -87.69673, 40.13794 ], [ -87.696744, 40.138642 ], [ -87.69675, 40.13897 ], [ -87.69675, 40.13948 ], [ -87.69675, 40.13959 ], [ -87.69693, 40.13964 ], [ -87.69744, 40.13988 ], [ -87.69781, 40.14004 ], [ -87.6983, 40.14028 ], [ -87.69892, 40.1406 ], [ -87.69938, 40.14085 ], [ -87.69976, 40.14105 ], [ -87.70005, 40.14121 ], [ -87.70026, 40.14131 ], [ -87.70099, 40.14162 ], [ -87.70117, 40.14169 ], [ -87.70142, 40.14183 ], [ -87.70161, 40.14196 ], [ -87.701834, 40.14216 ], [ -87.701727, 40.143563 ], [ -87.701609, 40.145112 ], [ -87.701306, 40.146573 ], [ -87.700929, 40.148402 ], [ -87.7004, 40.150958 ], [ -87.700099, 40.15242 ], [ -87.69985, 40.15242 ], [ -87.699809, 40.152419 ], [ -87.698939, 40.152412 ], [ -87.69878, 40.15241 ], [ -87.69865, 40.15241 ], [ -87.698556, 40.15241 ], [ -87.698274, 40.15241 ], [ -87.69818, 40.15241 ], [ -87.697972, 40.15241 ], [ -87.698036, 40.152612 ], [ -87.698075, 40.153455 ], [ -87.698828, 40.153456 ], [ -87.703893, 40.153466 ], [ -87.703932, 40.153847 ], [ -87.705474, 40.153892 ], [ -87.705481, 40.154083 ], [ -87.705489, 40.154295 ], [ -87.706697, 40.154318 ], [ -87.706695, 40.154185 ], [ -87.706686, 40.153472 ], [ -87.71621, 40.153504 ], [ -87.71621, 40.15316 ], [ -87.71622, 40.15283 ], [ -87.71623, 40.15271 ], [ -87.716239, 40.152603 ], [ -87.71625, 40.15249 ], [ -87.71625, 40.15238 ], [ -87.71625, 40.15233 ], [ -87.716232, 40.152288 ], [ -87.71619, 40.15219 ], [ -87.71638, 40.15212 ], [ -87.71658, 40.15203 ], [ -87.71689, 40.15188 ], [ -87.71704, 40.1518 ], [ -87.717188, 40.151697 ], [ -87.71736, 40.15158 ], [ -87.71759, 40.15141 ], [ -87.7178, 40.1512 ], [ -87.71801, 40.15097 ], [ -87.7182, 40.15071 ], [ -87.71834, 40.15043 ], [ -87.71836, 40.1504 ], [ -87.71857, 40.1499 ], [ -87.7188, 40.1494 ], [ -87.71899, 40.148956 ], [ -87.71943, 40.14793 ], [ -87.71955, 40.14765 ], [ -87.719568, 40.147606 ], [ -87.71961, 40.14751 ], [ -87.71981, 40.14712 ], [ -87.71995, 40.14693 ], [ -87.7201, 40.14675 ], [ -87.72013, 40.146718 ], [ -87.7203, 40.14654 ], [ -87.72038, 40.14647 ], [ -87.72059, 40.14629 ], [ -87.72077, 40.14617 ], [ -87.720901, 40.146087 ], [ -87.72093, 40.14607 ], [ -87.72109, 40.14596 ], [ -87.72159, 40.14573 ], [ -87.72199, 40.14559 ], [ -87.72229, 40.14551 ], [ -87.7225, 40.14546 ], [ -87.722714, 40.145431 ], [ -87.72295, 40.1454 ], [ -87.72336, 40.14537 ], [ -87.723756, 40.14537 ], [ -87.72397, 40.14537 ], [ -87.72418, 40.14536 ], [ -87.7244, 40.14536 ], [ -87.724946, 40.145331 ], [ -87.72497, 40.14533 ], [ -87.72527, 40.1453 ], [ -87.725341, 40.145291 ], [ -87.726524, 40.145279 ], [ -87.727223, 40.145273 ], [ -87.730075, 40.145271 ], [ -87.730466, 40.145271 ], [ -87.731259, 40.145271 ], [ -87.731268, 40.145255 ], [ -87.731283, 40.145198 ], [ -87.731371, 40.144994 ], [ -87.731545, 40.144665 ], [ -87.731557, 40.144633 ], [ -87.731593, 40.144591 ], [ -87.731611, 40.144555 ], [ -87.731701, 40.14445 ], [ -87.731803, 40.144349 ], [ -87.732288, 40.143923 ], [ -87.732552, 40.143708 ], [ -87.732596, 40.143676 ], [ -87.732758, 40.143579 ], [ -87.732803, 40.143561 ], [ -87.733006, 40.14346 ], [ -87.73306, 40.143437 ], [ -87.733084, 40.143433 ], [ -87.733119, 40.14341 ], [ -87.733161, 40.143401 ], [ -87.733227, 40.143373 ], [ -87.733251, 40.143359 ], [ -87.733299, 40.14335 ], [ -87.733801, 40.143133 ], [ -87.733896, 40.143084 ], [ -87.73392, 40.14308 ], [ -87.73401, 40.143039 ], [ -87.73404, 40.143034 ], [ -87.734064, 40.14302 ], [ -87.734117, 40.143007 ], [ -87.734153, 40.142984 ], [ -87.734177, 40.142981 ], [ -87.734315, 40.142915 ], [ -87.734494, 40.142837 ], [ -87.734912, 40.142638 ], [ -87.735139, 40.142525 ], [ -87.735235, 40.142461 ], [ -87.735265, 40.142452 ], [ -87.735471, 40.142324 ], [ -87.735504, 40.14231 ], [ -87.735618, 40.142232 ], [ -87.735672, 40.142214 ], [ -87.735722, 40.142182 ], [ -87.735767, 40.142159 ], [ -87.735797, 40.142154 ], [ -87.735827, 40.142136 ], [ -87.736078, 40.142067 ], [ -87.736182, 40.142056 ], [ -87.736221, 40.142044 ], [ -87.736337, 40.142033 ], [ -87.736412, 40.142012 ], [ -87.736507, 40.142003 ], [ -87.736587, 40.141988 ], [ -87.736621, 40.141978 ], [ -87.736731, 40.141964 ], [ -87.73677, 40.141952 ], [ -87.736946, 40.141936 ], [ -87.737179, 40.141909 ], [ -87.737764, 40.141853 ], [ -87.737814, 40.14184 ], [ -87.738556, 40.14179 ], [ -87.738602, 40.141787 ], [ -87.738912, 40.14175 ], [ -87.73893, 40.141736 ], [ -87.739241, 40.141644 ], [ -87.739318, 40.141626 ], [ -87.739712, 40.141456 ], [ -87.739766, 40.141424 ], [ -87.739979, 40.141256 ], [ -87.740012, 40.141223 ], [ -87.740018, 40.141205 ], [ -87.740042, 40.141172 ], [ -87.740084, 40.141131 ], [ -87.740108, 40.141072 ], [ -87.740126, 40.141058 ], [ -87.740174, 40.140962 ], [ -87.740188, 40.140901 ], [ -87.74021, 40.140847 ], [ -87.740231, 40.140757 ], [ -87.740253, 40.14066 ], [ -87.740222, 40.14031 ], [ -87.740205, 40.139948 ], [ -87.740216, 40.139644 ], [ -87.740236, 40.139528 ], [ -87.740243, 40.13949 ], [ -87.740258, 40.139461 ], [ -87.740273, 40.139399 ], [ -87.740439, 40.139044 ], [ -87.740463, 40.138984 ], [ -87.740481, 40.138966 ], [ -87.740487, 40.138943 ], [ -87.740505, 40.138925 ], [ -87.740529, 40.138888 ], [ -87.740541, 40.138856 ], [ -87.740577, 40.138815 ], [ -87.740583, 40.138792 ], [ -87.740763, 40.13854 ], [ -87.740823, 40.138472 ], [ -87.740841, 40.138458 ], [ -87.740847, 40.138439 ], [ -87.740943, 40.138334 ], [ -87.741159, 40.138144 ], [ -87.74168, 40.13772 ], [ -87.741832, 40.137606 ], [ -87.742012, 40.137487 ], [ -87.742044, 40.137473 ], [ -87.74211, 40.137432 ], [ -87.74217, 40.137418 ], [ -87.742194, 40.137404 ], [ -87.742277, 40.137381 ], [ -87.742635, 40.137354 ], [ -87.742919, 40.137353 ], [ -87.742963, 40.137353 ], [ -87.743199, 40.137333 ], [ -87.743277, 40.137319 ], [ -87.743715, 40.137211 ], [ -87.743739, 40.137197 ], [ -87.743799, 40.137184 ], [ -87.743901, 40.137138 ], [ -87.744004, 40.137114 ], [ -87.744121, 40.137106 ], [ -87.744131, 40.137169 ], [ -87.744163, 40.137361 ], [ -87.744174, 40.137425 ], [ -87.744157, 40.137786 ], [ -87.744138, 40.138228 ], [ -87.744129, 40.138405 ], [ -87.744108, 40.138868 ], [ -87.744101, 40.139025 ], [ -87.744096, 40.139128 ], [ -87.744092, 40.13923 ], [ -87.744039, 40.139283 ], [ -87.743961, 40.139372 ], [ -87.743903, 40.139427 ], [ -87.743828, 40.139516 ], [ -87.743745, 40.139602 ], [ -87.743669, 40.139691 ], [ -87.743413, 40.140028 ], [ -87.743398, 40.140061 ], [ -87.743307, 40.140184 ], [ -87.743205, 40.140343 ], [ -87.743179, 40.140373 ], [ -87.743147, 40.140429 ], [ -87.74305, 40.1406 ], [ -87.743026, 40.140632 ], [ -87.742993, 40.140698 ], [ -87.742861, 40.140886 ], [ -87.742821, 40.14095 ], [ -87.742797, 40.14098 ], [ -87.7427, 40.141179 ], [ -87.742492, 40.141538 ], [ -87.742412, 40.141704 ], [ -87.742369, 40.141806 ], [ -87.742351, 40.141876 ], [ -87.742213, 40.142542 ], [ -87.742151, 40.142713 ], [ -87.742057, 40.142913 ], [ -87.741964, 40.143075 ], [ -87.741897, 40.143168 ], [ -87.741765, 40.143315 ], [ -87.741703, 40.143368 ], [ -87.741536, 40.143494 ], [ -87.741249, 40.143678 ], [ -87.741112, 40.143776 ], [ -87.741074, 40.143797 ], [ -87.74099, 40.143854 ], [ -87.740914, 40.143896 ], [ -87.740702, 40.144037 ], [ -87.740646, 40.144077 ], [ -87.740532, 40.144161 ], [ -87.740472, 40.144215 ], [ -87.740437, 40.14424 ], [ -87.740379, 40.144295 ], [ -87.740254, 40.144402 ], [ -87.740205, 40.144462 ], [ -87.740163, 40.144526 ], [ -87.740091, 40.144657 ], [ -87.740068, 40.144726 ], [ -87.740038, 40.144794 ], [ -87.740002, 40.14497 ], [ -87.740009, 40.145111 ], [ -87.740016, 40.145147 ], [ -87.740048, 40.14525 ], [ -87.740089, 40.145348 ], [ -87.740105, 40.145386 ], [ -87.740165, 40.145482 ], [ -87.740272, 40.145599 ], [ -87.740335, 40.145651 ], [ -87.740361, 40.145681 ], [ -87.740967, 40.146176 ], [ -87.741144, 40.146341 ], [ -87.741169, 40.146371 ], [ -87.741287, 40.146482 ], [ -87.741308, 40.146513 ], [ -87.741418, 40.146628 ], [ -87.741534, 40.14678 ], [ -87.741655, 40.14693 ], [ -87.741724, 40.14706 ], [ -87.741747, 40.147091 ], [ -87.74179, 40.14719 ], [ -87.741824, 40.147292 ], [ -87.741874, 40.147498 ], [ -87.741881, 40.147637 ], [ -87.741874, 40.147741 ], [ -87.741861, 40.147774 ], [ -87.741857, 40.147842 ], [ -87.74184, 40.147909 ], [ -87.741825, 40.147942 ], [ -87.741807, 40.148011 ], [ -87.741792, 40.148044 ], [ -87.74166, 40.148232 ], [ -87.741567, 40.148356 ], [ -87.741537, 40.148383 ], [ -87.741434, 40.148502 ], [ -87.741246, 40.148705 ], [ -87.741214, 40.148732 ], [ -87.741158, 40.148796 ], [ -87.741137, 40.148821 ], [ -87.741047, 40.148903 ], [ -87.740994, 40.148961 ], [ -87.740865, 40.149065 ], [ -87.740807, 40.14912 ], [ -87.740762, 40.149182 ], [ -87.740656, 40.149299 ], [ -87.740558, 40.14942 ], [ -87.740473, 40.149505 ], [ -87.740334, 40.1496 ], [ -87.740296, 40.149621 ], [ -87.740174, 40.149674 ], [ -87.740046, 40.149719 ], [ -87.739783, 40.149797 ], [ -87.739737, 40.149804 ], [ -87.73969, 40.149806 ], [ -87.739644, 40.1498 ], [ -87.739507, 40.149771 ], [ -87.739154, 40.149669 ], [ -87.73884, 40.149591 ], [ -87.738562, 40.14955 ], [ -87.738515, 40.149548 ], [ -87.738279, 40.149557 ], [ -87.738186, 40.14957 ], [ -87.738142, 40.149583 ], [ -87.73796, 40.149619 ], [ -87.737741, 40.149686 ], [ -87.737614, 40.149735 ], [ -87.737566, 40.14975 ], [ -87.737446, 40.149805 ], [ -87.73717, 40.149942 ], [ -87.737098, 40.149988 ], [ -87.737021, 40.150029 ], [ -87.73677, 40.150191 ], [ -87.736633, 40.150288 ], [ -87.73644, 40.150443 ], [ -87.736357, 40.15053 ], [ -87.736298, 40.150585 ], [ -87.736249, 40.150646 ], [ -87.736175, 40.150777 ], [ -87.73615, 40.150845 ], [ -87.736131, 40.150915 ], [ -87.736104, 40.151056 ], [ -87.736101, 40.151162 ], [ -87.736107, 40.151303 ], [ -87.736118, 40.15141 ], [ -87.736146, 40.151514 ], [ -87.736221, 40.15172 ], [ -87.736354, 40.152462 ], [ -87.736422, 40.152778 ], [ -87.736441, 40.15281 ], [ -87.736533, 40.152935 ], [ -87.736548, 40.152969 ], [ -87.736563, 40.153039 ], [ -87.736553, 40.153073 ], [ -87.73648, 40.153164 ], [ -87.736463, 40.153234 ], [ -87.736456, 40.153305 ], [ -87.736482, 40.15341 ], [ -87.736548, 40.153581 ], [ -87.736645, 40.153781 ], [ -87.736702, 40.153879 ], [ -87.736848, 40.154102 ], [ -87.737014, 40.154435 ], [ -87.737027, 40.15447 ], [ -87.737098, 40.154601 ], [ -87.737153, 40.154737 ], [ -87.737186, 40.154841 ], [ -87.737198, 40.154912 ], [ -87.737231, 40.155266 ], [ -87.737281, 40.15544 ], [ -87.737306, 40.155544 ], [ -87.737329, 40.155685 ], [ -87.737347, 40.155754 ], [ -87.737384, 40.155819 ], [ -87.737409, 40.155849 ], [ -87.737504, 40.155928 ], [ -87.73753, 40.155957 ], [ -87.737563, 40.156024 ], [ -87.737573, 40.156094 ], [ -87.737573, 40.15613 ], [ -87.737564, 40.156201 ], [ -87.737565, 40.156237 ], [ -87.737576, 40.156271 ], [ -87.737633, 40.15635 ], [ -87.737689, 40.156407 ], [ -87.737826, 40.156553 ], [ -87.737912, 40.156637 ], [ -87.738117, 40.156783 ], [ -87.738231, 40.156847 ], [ -87.738274, 40.156862 ], [ -87.738319, 40.156872 ], [ -87.738459, 40.156886 ], [ -87.7386, 40.156886 ], [ -87.738692, 40.15688 ], [ -87.738832, 40.156891 ], [ -87.738884, 40.156892 ], [ -87.739066, 40.156898 ], [ -87.739251, 40.156926 ], [ -87.739386, 40.156955 ], [ -87.739502, 40.157017 ], [ -87.739538, 40.15704 ], [ -87.739732, 40.157194 ], [ -87.739792, 40.15725 ], [ -87.73997, 40.157459 ], [ -87.740018, 40.157521 ], [ -87.740074, 40.157618 ], [ -87.740137, 40.157713 ], [ -87.740188, 40.157813 ], [ -87.740229, 40.157877 ], [ -87.740282, 40.158013 ], [ -87.7403, 40.158083 ], [ -87.740327, 40.158224 ], [ -87.740319, 40.158402 ], [ -87.740305, 40.158472 ], [ -87.740291, 40.158506 ], [ -87.740276, 40.158576 ], [ -87.740264, 40.15861 ], [ -87.740163, 40.158771 ], [ -87.740071, 40.158894 ], [ -87.740019, 40.158954 ], [ -87.739951, 40.159047 ], [ -87.7399, 40.159106 ], [ -87.739841, 40.159241 ], [ -87.739825, 40.159311 ], [ -87.739814, 40.159489 ], [ -87.739824, 40.159631 ], [ -87.73984, 40.159701 ], [ -87.739934, 40.159864 ], [ -87.739999, 40.159958 ], [ -87.740117, 40.160112 ], [ -87.740168, 40.16017 ], [ -87.740218, 40.160209 ], [ -87.740333, 40.160297 ], [ -87.740734, 40.160591 ], [ -87.740773, 40.16062 ], [ -87.741039, 40.160821 ], [ -87.741093, 40.160878 ], [ -87.741216, 40.160986 ], [ -87.741266, 40.161046 ], [ -87.741369, 40.161206 ], [ -87.741393, 40.161237 ], [ -87.741565, 40.161566 ], [ -87.741613, 40.161627 ], [ -87.741665, 40.161725 ], [ -87.741731, 40.161819 ], [ -87.741843, 40.161933 ], [ -87.741944, 40.162062 ], [ -87.742058, 40.162209 ], [ -87.742168, 40.162366 ], [ -87.742182, 40.1624 ], [ -87.742202, 40.162432 ], [ -87.742312, 40.162589 ], [ -87.742375, 40.162684 ], [ -87.742537, 40.162858 ], [ -87.742733, 40.163056 ], [ -87.742806, 40.163147 ], [ -87.742995, 40.163352 ], [ -87.743059, 40.163447 ], [ -87.743108, 40.163547 ], [ -87.743185, 40.163676 ], [ -87.743252, 40.163808 ], [ -87.743281, 40.163836 ], [ -87.743319, 40.1639 ], [ -87.743516, 40.164182 ], [ -87.743596, 40.16431 ], [ -87.743609, 40.164344 ], [ -87.743648, 40.164409 ], [ -87.743681, 40.164475 ], [ -87.743709, 40.164544 ], [ -87.743778, 40.164787 ], [ -87.743792, 40.164857 ], [ -87.743805, 40.165035 ], [ -87.743804, 40.165141 ], [ -87.743793, 40.165248 ], [ -87.743783, 40.165354 ], [ -87.743736, 40.165636 ], [ -87.743644, 40.165949 ], [ -87.743603, 40.166125 ], [ -87.74349, 40.166867 ], [ -87.743414, 40.167469 ], [ -87.743372, 40.16768 ], [ -87.743335, 40.167819 ], [ -87.743232, 40.168093 ], [ -87.743148, 40.168268 ], [ -87.743079, 40.1684 ], [ -87.743042, 40.16854 ], [ -87.743001, 40.168642 ], [ -87.742913, 40.168807 ], [ -87.742797, 40.169003 ], [ -87.742745, 40.169062 ], [ -87.742577, 40.169276 ], [ -87.742536, 40.169341 ], [ -87.742382, 40.169475 ], [ -87.742355, 40.169504 ], [ -87.742105, 40.169718 ], [ -87.741977, 40.169821 ], [ -87.741841, 40.16992 ], [ -87.741553, 40.170155 ], [ -87.741464, 40.170238 ], [ -87.741327, 40.170383 ], [ -87.741182, 40.170524 ], [ -87.74113, 40.170584 ], [ -87.74104, 40.170666 ], [ -87.740869, 40.170837 ], [ -87.740596, 40.171083 ], [ -87.740466, 40.171231 ], [ -87.740409, 40.171288 ], [ -87.740288, 40.171396 ], [ -87.740144, 40.171538 ], [ -87.739945, 40.17169 ], [ -87.739732, 40.171831 ], [ -87.739691, 40.171848 ], [ -87.739558, 40.171886 ], [ -87.739431, 40.171934 ], [ -87.739296, 40.171968 ], [ -87.73925, 40.171975 ], [ -87.739203, 40.171972 ], [ -87.739156, 40.171964 ], [ -87.7388, 40.171869 ], [ -87.738718, 40.171833 ], [ -87.738482, 40.171756 ], [ -87.738458, 40.171748 ], [ -87.738375, 40.171714 ], [ -87.738221, 40.171631 ], [ -87.738101, 40.171575 ], [ -87.738056, 40.171563 ], [ -87.737917, 40.171542 ], [ -87.737823, 40.171533 ], [ -87.737682, 40.171527 ], [ -87.737067, 40.17154 ], [ -87.736831, 40.171531 ], [ -87.736359, 40.171545 ], [ -87.73617, 40.171557 ], [ -87.736078, 40.171574 ], [ -87.73595, 40.171619 ], [ -87.73574, 40.171702 ], [ -87.735605, 40.171735 ], [ -87.735424, 40.17177 ], [ -87.735288, 40.171804 ], [ -87.735166, 40.171858 ], [ -87.735089, 40.171903 ], [ -87.735055, 40.171924 ], [ -87.734988, 40.171975 ], [ -87.734896, 40.172056 ], [ -87.734829, 40.17215 ], [ -87.734825, 40.172186 ], [ -87.734832, 40.172221 ], [ -87.734864, 40.172288 ], [ -87.734884, 40.17232 ], [ -87.735019, 40.172466 ], [ -87.735087, 40.17256 ], [ -87.735142, 40.172618 ], [ -87.735186, 40.172681 ], [ -87.7352, 40.172715 ], [ -87.735218, 40.172741 ], [ -87.735244, 40.172778 ], [ -87.735271, 40.172807 ], [ -87.735306, 40.172873 ], [ -87.73533, 40.172904 ], [ -87.735404, 40.173051 ], [ -87.735432, 40.173105 ], [ -87.73554, 40.173307 ], [ -87.735592, 40.173402 ], [ -87.735657, 40.173536 ], [ -87.735678, 40.173567 ], [ -87.735744, 40.173701 ], [ -87.735802, 40.173798 ], [ -87.73589, 40.173924 ], [ -87.73596, 40.174068 ], [ -87.735988, 40.174124 ], [ -87.736009, 40.174156 ], [ -87.736039, 40.174224 ], [ -87.736095, 40.174326 ], [ -87.736235, 40.174327 ], [ -87.736663, 40.174329 ], [ -87.737246, 40.174333 ], [ -87.740701, 40.174355 ], [ -87.741853, 40.174363 ], [ -87.742166, 40.174362 ], [ -87.743106, 40.174359 ], [ -87.743331, 40.174359 ], [ -87.742946, 40.175027 ], [ -87.742991, 40.1751 ], [ -87.74286, 40.17527 ], [ -87.742911, 40.175318 ], [ -87.743068, 40.175462 ], [ -87.74312, 40.17551 ], [ -87.74289, 40.17559 ], [ -87.74272, 40.17567 ], [ -87.74258, 40.17577 ], [ -87.742562, 40.175801 ], [ -87.74252, 40.17588 ], [ -87.74251, 40.17601 ], [ -87.74252, 40.17631 ], [ -87.74255, 40.17685 ], [ -87.74256, 40.17731 ], [ -87.74258, 40.17769 ], [ -87.742581, 40.177707 ], [ -87.74262, 40.17822 ], [ -87.74262, 40.178345 ], [ -87.74262, 40.17855 ], [ -87.742621, 40.178563 ], [ -87.74266, 40.17889 ], [ -87.7427, 40.17916 ], [ -87.742705, 40.179212 ], [ -87.74273, 40.17943 ], [ -87.74288, 40.17944 ], [ -87.74483, 40.17949 ], [ -87.745043, 40.1795 ], [ -87.74561, 40.17953 ], [ -87.74619, 40.17954 ], [ -87.74681, 40.17958 ], [ -87.7469, 40.1796 ], [ -87.74704, 40.17962 ], [ -87.74733, 40.17965 ], [ -87.74844, 40.17972 ], [ -87.74931, 40.17978 ], [ -87.751969, 40.179943 ], [ -87.7524, 40.17997 ], [ -87.75342, 40.18004 ], [ -87.75428, 40.18008 ], [ -87.75459, 40.1801 ], [ -87.7548, 40.18013 ], [ -87.75537, 40.18022 ], [ -87.75674, 40.18048 ], [ -87.75749, 40.18062 ], [ -87.758, 40.18072 ], [ -87.75824, 40.18076 ], [ -87.75836, 40.18078 ], [ -87.758459, 40.180808 ], [ -87.7585, 40.18082 ], [ -87.75865, 40.18091 ], [ -87.75876, 40.18098 ], [ -87.75887, 40.18109 ], [ -87.75896, 40.18121 ], [ -87.75914, 40.18157 ], [ -87.75922, 40.1817 ], [ -87.75926, 40.18175 ], [ -87.75931, 40.18179 ], [ -87.75936, 40.18182 ], [ -87.75937, 40.18183 ], [ -87.7595, 40.18188 ], [ -87.75968, 40.1819 ], [ -87.76633, 40.1819 ], [ -87.76927, 40.18191 ], [ -87.76927, 40.18188 ], [ -87.76941, 40.18191 ], [ -87.76948, 40.18193 ], [ -87.76983, 40.18199 ], [ -87.77027, 40.18205 ], [ -87.77069, 40.18208 ], [ -87.77112, 40.1821 ], [ -87.77196, 40.18207 ], [ -87.77466, 40.18197 ], [ -87.77528, 40.18195 ], [ -87.77727, 40.18188 ], [ -87.77852, 40.18183 ], [ -87.78002, 40.18178 ], [ -87.78072, 40.18176 ], [ -87.78593, 40.18156 ], [ -87.79176, 40.18136 ], [ -87.79264, 40.18134 ], [ -87.79308, 40.18133 ], [ -87.79305, 40.18048 ], [ -87.793031, 40.179526 ], [ -87.793002, 40.178101 ], [ -87.793, 40.178 ], [ -87.793, 40.17754 ], [ -87.793, 40.177302 ], [ -87.793, 40.17727 ], [ -87.793, 40.17703 ], [ -87.793, 40.17655 ], [ -87.792983, 40.174908 ], [ -87.79298, 40.17458 ], [ -87.79298, 40.17411 ], [ -87.79306, 40.17406 ], [ -87.7932, 40.17404 ], [ -87.79331, 40.17404 ], [ -87.79349, 40.17403 ], [ -87.793923, 40.17403 ], [ -87.79398, 40.17403 ], [ -87.7968, 40.173962 ], [ -87.79776, 40.17394 ], [ -87.79951, 40.1739 ], [ -87.80209, 40.17383 ], [ -87.80614, 40.17374 ], [ -87.80672, 40.17373 ], [ -87.80693, 40.17373 ], [ -87.80718, 40.17371 ], [ -87.8075, 40.1737 ], [ -87.80772, 40.1737 ], [ -87.80935, 40.17367 ], [ -87.80959, 40.17366 ], [ -87.809687, 40.173653 ], [ -87.809801, 40.173645 ], [ -87.80988, 40.17364 ], [ -87.81005, 40.17364 ], [ -87.810145, 40.173649 ], [ -87.81026, 40.17366 ], [ -87.810973, 40.173587 ], [ -87.813115, 40.17337 ], [ -87.813829, 40.173299 ], [ -87.813793, 40.173371 ], [ -87.813763, 40.173398 ], [ -87.813757, 40.173421 ], [ -87.813737, 40.17344 ], [ -87.813733, 40.173458 ], [ -87.813703, 40.173485 ], [ -87.813698, 40.173504 ], [ -87.813632, 40.173582 ], [ -87.813531, 40.173715 ], [ -87.813531, 40.173737 ], [ -87.813498, 40.173769 ], [ -87.81348, 40.173792 ], [ -87.813472, 40.173815 ], [ -87.813448, 40.173834 ], [ -87.813418, 40.17387 ], [ -87.813418, 40.173907 ], [ -87.813412, 40.173921 ], [ -87.813332, 40.173994 ], [ -87.81318, 40.174196 ], [ -87.813168, 40.174232 ], [ -87.813095, 40.174315 ], [ -87.813091, 40.174333 ], [ -87.813061, 40.17436 ], [ -87.813049, 40.174392 ], [ -87.813002, 40.174438 ], [ -87.812996, 40.174461 ], [ -87.812966, 40.174493 ], [ -87.812948, 40.174525 ], [ -87.812924, 40.174553 ], [ -87.812913, 40.174576 ], [ -87.812895, 40.174594 ], [ -87.812889, 40.174617 ], [ -87.812829, 40.174681 ], [ -87.812823, 40.174704 ], [ -87.812768, 40.174764 ], [ -87.812764, 40.174782 ], [ -87.812739, 40.174805 ], [ -87.812734, 40.174823 ], [ -87.812704, 40.17485 ], [ -87.812675, 40.174887 ], [ -87.812663, 40.17491 ], [ -87.812645, 40.174928 ], [ -87.812627, 40.17496 ], [ -87.812609, 40.174979 ], [ -87.812591, 40.175011 ], [ -87.81246, 40.175185 ], [ -87.812383, 40.175281 ], [ -87.812371, 40.175316 ], [ -87.812276, 40.175432 ], [ -87.812255, 40.175467 ], [ -87.811985, 40.175835 ], [ -87.811964, 40.17587 ], [ -87.811928, 40.175913 ], [ -87.811693, 40.176234 ], [ -87.811637, 40.176298 ], [ -87.811545, 40.176426 ], [ -87.81144, 40.176559 ], [ -87.811396, 40.17663 ], [ -87.81133, 40.17671 ], [ -87.811319, 40.176742 ], [ -87.811292, 40.176774 ], [ -87.811188, 40.176939 ], [ -87.811176, 40.176976 ], [ -87.811158, 40.176994 ], [ -87.811122, 40.177067 ], [ -87.810974, 40.177246 ], [ -87.810825, 40.177447 ], [ -87.810715, 40.177605 ], [ -87.810426, 40.177974 ], [ -87.810301, 40.178125 ], [ -87.81026, 40.178217 ], [ -87.810236, 40.17824 ], [ -87.810214, 40.178289 ], [ -87.810159, 40.178354 ], [ -87.810147, 40.178386 ], [ -87.810068, 40.178475 ], [ -87.810064, 40.178505 ], [ -87.810022, 40.178537 ], [ -87.809933, 40.178638 ], [ -87.809766, 40.17884 ], [ -87.80976, 40.178863 ], [ -87.809724, 40.178904 ], [ -87.809719, 40.178922 ], [ -87.809694, 40.178945 ], [ -87.809689, 40.178963 ], [ -87.809659, 40.178991 ], [ -87.809611, 40.179057 ], [ -87.809546, 40.179115 ], [ -87.809242, 40.179449 ], [ -87.809236, 40.179472 ], [ -87.809197, 40.179512 ], [ -87.809028, 40.179738 ], [ -87.809022, 40.17976 ], [ -87.809004, 40.179779 ], [ -87.808963, 40.17988 ], [ -87.808913, 40.179962 ], [ -87.80891, 40.17998 ], [ -87.80888, 40.180008 ], [ -87.808582, 40.180383 ], [ -87.808529, 40.180512 ], [ -87.808511, 40.18053 ], [ -87.808499, 40.180562 ], [ -87.808481, 40.18058 ], [ -87.808469, 40.180612 ], [ -87.808449, 40.18064 ], [ -87.808446, 40.180658 ], [ -87.808416, 40.180686 ], [ -87.80835, 40.180763 ], [ -87.808303, 40.180828 ], [ -87.808285, 40.180878 ], [ -87.808267, 40.180896 ], [ -87.808255, 40.180928 ], [ -87.808228, 40.180962 ], [ -87.808248, 40.180961 ], [ -87.808309, 40.18096 ], [ -87.80833, 40.18096 ], [ -87.80862, 40.18096 ], [ -87.80865, 40.1811 ], [ -87.80867, 40.18127 ], [ -87.80867, 40.18141 ], [ -87.80862, 40.1815 ], [ -87.80851, 40.18155 ], [ -87.80836, 40.18157 ], [ -87.80815, 40.18157 ], [ -87.80802, 40.18156 ], [ -87.808, 40.18154 ], [ -87.80796, 40.18162 ], [ -87.80796, 40.18171 ], [ -87.80792, 40.18177 ], [ -87.80787, 40.18181 ], [ -87.80778, 40.18184 ], [ -87.80765, 40.18185 ], [ -87.80754, 40.18185 ], [ -87.80746, 40.18186 ], [ -87.8074, 40.1819 ], [ -87.80736, 40.18194 ], [ -87.80734, 40.182 ], [ -87.80734, 40.18271 ], [ -87.80735, 40.182993 ], [ -87.80739, 40.18403 ], [ -87.80743, 40.18465 ], [ -87.80743, 40.18556 ], [ -87.80744, 40.18577 ], [ -87.80743, 40.18597 ], [ -87.80743, 40.18693 ], [ -87.80744, 40.18716 ], [ -87.80744, 40.18734 ], [ -87.80746, 40.18768 ], [ -87.80748, 40.19007 ], [ -87.807493, 40.190969 ], [ -87.8075, 40.1914 ], [ -87.807516, 40.193629 ], [ -87.80752, 40.19422 ], [ -87.80753, 40.19451 ], [ -87.80754, 40.19464 ], [ -87.807555, 40.194722 ], [ -87.80756, 40.19475 ], [ -87.80755, 40.19481 ], [ -87.80752, 40.19486 ], [ -87.8075, 40.19491 ], [ -87.80742, 40.19504 ], [ -87.80742, 40.19509 ], [ -87.80743, 40.19515 ], [ -87.80744, 40.19528 ], [ -87.80748, 40.19539 ], [ -87.80744, 40.19546 ], [ -87.80739, 40.19552 ], [ -87.80733, 40.19557 ], [ -87.806691, 40.195579 ], [ -87.80665, 40.19558 ], [ -87.80597, 40.19561 ], [ -87.80506, 40.19562 ], [ -87.80415, 40.19565 ], [ -87.804007, 40.195653 ], [ -87.803113, 40.195679 ], [ -87.803051, 40.19568 ], [ -87.802865, 40.195686 ], [ -87.802804, 40.195688 ], [ -87.801855, 40.195714 ], [ -87.80093, 40.19574 ], [ -87.799008, 40.195789 ], [ -87.79898, 40.19579 ], [ -87.79806, 40.19582 ], [ -87.79762, 40.19583 ], [ -87.79701, 40.19585 ], [ -87.79451, 40.19591 ], [ -87.79305, 40.195933 ], [ -87.79142, 40.19596 ], [ -87.79054, 40.196 ], [ -87.79012, 40.19601 ], [ -87.78977, 40.19602 ], [ -87.7888, 40.19603 ], [ -87.788426, 40.196048 ], [ -87.78778, 40.19608 ], [ -87.78703, 40.1961 ], [ -87.78264, 40.19633 ], [ -87.78104, 40.1964 ], [ -87.77913, 40.1965 ], [ -87.778033, 40.196549 ], [ -87.777902, 40.196556 ], [ -87.77737, 40.19658 ], [ -87.77665, 40.1966 ], [ -87.77407, 40.19672 ], [ -87.773028, 40.196764 ], [ -87.77289, 40.19677 ], [ -87.77231, 40.196789 ], [ -87.77199, 40.1968 ], [ -87.77043, 40.19687 ], [ -87.770157, 40.196881 ], [ -87.76944, 40.19691 ], [ -87.76944, 40.1974 ], [ -87.76945, 40.19805 ], [ -87.76945, 40.19875 ], [ -87.76945, 40.19941 ], [ -87.76944, 40.20038 ], [ -87.76945, 40.20164 ], [ -87.76947, 40.20285 ], [ -87.76947, 40.20319 ], [ -87.769492, 40.20427 ], [ -87.769498, 40.204525 ], [ -87.76952, 40.20558 ], [ -87.76954, 40.20611 ], [ -87.76954, 40.2062 ], [ -87.76955, 40.206591 ], [ -87.76956, 40.20696 ], [ -87.76956, 40.20724 ], [ -87.76958, 40.20749 ], [ -87.76964, 40.20795 ], [ -87.769653, 40.20803 ], [ -87.76968, 40.20819 ], [ -87.76974, 40.20843 ], [ -87.769748, 40.208502 ], [ -87.76976, 40.20861 ], [ -87.769776, 40.208719 ], [ -87.76978, 40.20874 ], [ -87.76978, 40.20885 ], [ -87.76978, 40.20895 ], [ -87.76977, 40.20915 ], [ -87.769741, 40.209374 ], [ -87.76972, 40.20954 ], [ -87.769711, 40.209591 ], [ -87.769686, 40.209576 ], [ -87.769636, 40.208852 ], [ -87.769602, 40.208733 ], [ -87.769395, 40.208476 ], [ -87.769364, 40.208433 ], [ -87.769316, 40.208328 ], [ -87.769286, 40.2083 ], [ -87.769274, 40.208263 ], [ -87.769239, 40.208227 ], [ -87.769227, 40.208181 ], [ -87.769173, 40.208085 ], [ -87.769041, 40.207985 ], [ -87.768922, 40.207966 ], [ -87.768832, 40.207944 ], [ -87.768802, 40.207925 ], [ -87.768779, 40.207921 ], [ -87.76868, 40.207875 ], [ -87.768629, 40.207843 ], [ -87.76856, 40.207811 ], [ -87.768342, 40.207674 ], [ -87.768289, 40.20766 ], [ -87.768265, 40.207647 ], [ -87.768169, 40.207628 ], [ -87.768116, 40.207628 ], [ -87.768068, 40.207638 ], [ -87.768032, 40.207665 ], [ -87.767943, 40.207706 ], [ -87.767901, 40.20772 ], [ -87.767877, 40.207734 ], [ -87.767728, 40.207766 ], [ -87.767632, 40.207839 ], [ -87.767621, 40.207855 ], [ -87.767615, 40.207876 ], [ -87.767585, 40.207903 ], [ -87.767555, 40.207968 ], [ -87.767537, 40.207986 ], [ -87.767519, 40.208027 ], [ -87.767436, 40.20813 ], [ -87.767275, 40.208256 ], [ -87.767233, 40.208279 ], [ -87.767168, 40.208293 ], [ -87.767084, 40.208293 ], [ -87.766953, 40.208302 ], [ -87.766917, 40.208325 ], [ -87.766854, 40.208352 ], [ -87.766762, 40.208407 ], [ -87.766696, 40.208455 ], [ -87.766631, 40.208513 ], [ -87.766607, 40.20854 ], [ -87.766583, 40.208618 ], [ -87.766595, 40.208769 ], [ -87.766664, 40.208973 ], [ -87.766656, 40.20908 ], [ -87.766596, 40.209149 ], [ -87.76656, 40.209201 ], [ -87.766483, 40.209272 ], [ -87.766459, 40.209327 ], [ -87.766432, 40.209407 ], [ -87.766406, 40.209552 ], [ -87.766307, 40.209769 ], [ -87.76629, 40.209961 ], [ -87.766305, 40.210023 ], [ -87.766338, 40.210117 ], [ -87.766354, 40.210207 ], [ -87.766335, 40.210261 ], [ -87.766252, 40.21033 ], [ -87.766168, 40.210375 ], [ -87.766114, 40.210339 ], [ -87.766084, 40.21033 ], [ -87.765577, 40.210316 ], [ -87.76544, 40.210321 ], [ -87.765374, 40.210307 ], [ -87.765267, 40.210239 ], [ -87.765249, 40.210152 ], [ -87.765249, 40.210125 ], [ -87.765215, 40.209866 ], [ -87.7652, 40.209644 ], [ -87.765188, 40.209585 ], [ -87.765146, 40.209539 ], [ -87.764982, 40.209416 ], [ -87.764883, 40.209356 ], [ -87.764853, 40.209352 ], [ -87.764812, 40.209329 ], [ -87.764788, 40.209324 ], [ -87.764632, 40.209251 ], [ -87.764477, 40.20916 ], [ -87.764453, 40.209155 ], [ -87.764429, 40.209141 ], [ -87.764322, 40.209109 ], [ -87.764113, 40.2091 ], [ -87.763964, 40.209128 ], [ -87.763922, 40.209151 ], [ -87.763892, 40.209156 ], [ -87.763868, 40.209169 ], [ -87.763683, 40.209211 ], [ -87.763528, 40.209202 ], [ -87.763498, 40.209188 ], [ -87.763451, 40.209174 ], [ -87.763391, 40.209165 ], [ -87.763271, 40.20911 ], [ -87.763212, 40.209078 ], [ -87.763162, 40.209036 ], [ -87.763152, 40.208968 ], [ -87.763366, 40.208794 ], [ -87.763384, 40.208753 ], [ -87.763378, 40.208721 ], [ -87.763306, 40.208662 ], [ -87.763196, 40.208673 ], [ -87.763068, 40.208708 ], [ -87.762942, 40.208717 ], [ -87.762823, 40.208694 ], [ -87.76271, 40.208639 ], [ -87.762432, 40.208435 ], [ -87.762363, 40.208356 ], [ -87.762303, 40.208265 ], [ -87.762291, 40.208233 ], [ -87.762273, 40.208214 ], [ -87.762171, 40.207986 ], [ -87.762114, 40.207686 ], [ -87.76203, 40.207375 ], [ -87.762021, 40.207354 ], [ -87.762012, 40.207288 ], [ -87.761997, 40.206833 ], [ -87.761967, 40.206709 ], [ -87.761931, 40.206595 ], [ -87.761871, 40.206462 ], [ -87.761853, 40.206444 ], [ -87.761793, 40.206302 ], [ -87.761778, 40.206226 ], [ -87.761787, 40.206078 ], [ -87.76181, 40.205959 ], [ -87.761834, 40.205931 ], [ -87.761816, 40.205863 ], [ -87.761816, 40.205831 ], [ -87.761798, 40.205817 ], [ -87.761798, 40.205799 ], [ -87.761786, 40.205757 ], [ -87.761619, 40.205625 ], [ -87.761553, 40.205609 ], [ -87.761487, 40.205588 ], [ -87.76141, 40.20554 ], [ -87.761341, 40.205511 ], [ -87.76129, 40.205474 ], [ -87.761201, 40.205396 ], [ -87.760932, 40.205191 ], [ -87.76089, 40.205172 ], [ -87.760854, 40.205145 ], [ -87.760493, 40.204962 ], [ -87.760287, 40.204825 ], [ -87.760257, 40.204816 ], [ -87.760233, 40.204802 ], [ -87.760131, 40.204784 ], [ -87.75999, 40.204778 ], [ -87.759911, 40.204789 ], [ -87.759785, 40.204825 ], [ -87.759762, 40.204839 ], [ -87.759666, 40.204862 ], [ -87.759592, 40.204887 ], [ -87.75921, 40.204924 ], [ -87.759107, 40.204939 ], [ -87.759063, 40.204963 ], [ -87.759034, 40.204972 ], [ -87.75901, 40.204986 ], [ -87.75898, 40.204995 ], [ -87.758905, 40.205032 ], [ -87.758813, 40.205092 ], [ -87.758783, 40.205101 ], [ -87.758718, 40.205149 ], [ -87.758619, 40.205239 ], [ -87.758437, 40.205385 ], [ -87.75839, 40.205408 ], [ -87.758276, 40.205479 ], [ -87.758226, 40.205499 ], [ -87.758091, 40.205582 ], [ -87.757978, 40.205623 ], [ -87.757954, 40.205637 ], [ -87.75793, 40.205641 ], [ -87.757826, 40.205676 ], [ -87.757453, 40.205706 ], [ -87.757125, 40.20572 ], [ -87.757023, 40.205743 ], [ -87.75694, 40.205798 ], [ -87.756839, 40.20588 ], [ -87.756827, 40.205908 ], [ -87.756684, 40.206027 ], [ -87.75657, 40.206155 ], [ -87.756552, 40.20618 ], [ -87.75632, 40.206361 ], [ -87.756272, 40.206386 ], [ -87.756099, 40.206462 ], [ -87.755795, 40.20654 ], [ -87.755771, 40.206553 ], [ -87.755741, 40.206558 ], [ -87.755723, 40.206572 ], [ -87.755699, 40.206573 ], [ -87.755595, 40.206636 ], [ -87.755389, 40.206783 ], [ -87.755318, 40.206805 ], [ -87.755258, 40.206815 ], [ -87.755193, 40.206815 ], [ -87.755061, 40.206801 ], [ -87.754921, 40.206767 ], [ -87.754819, 40.206749 ], [ -87.754608, 40.206724 ], [ -87.75446, 40.206729 ], [ -87.754363, 40.206733 ], [ -87.754261, 40.20676 ], [ -87.754223, 40.206783 ], [ -87.754095, 40.206875 ], [ -87.754035, 40.206884 ], [ -87.753862, 40.206875 ], [ -87.75384, 40.206868 ], [ -87.753766, 40.206857 ], [ -87.753644, 40.206827 ], [ -87.753609, 40.206822 ], [ -87.753372, 40.206789 ], [ -87.752996, 40.206821 ], [ -87.752761, 40.206883 ], [ -87.752674, 40.206894 ], [ -87.752313, 40.206984 ], [ -87.752227, 40.206995 ], [ -87.752095, 40.206986 ], [ -87.751943, 40.206947 ], [ -87.751839, 40.206941 ], [ -87.751779, 40.206945 ], [ -87.751722, 40.206961 ], [ -87.751495, 40.206971 ], [ -87.751137, 40.206948 ], [ -87.750949, 40.206928 ], [ -87.750884, 40.206928 ], [ -87.750776, 40.206946 ], [ -87.750642, 40.20698 ], [ -87.750531, 40.206992 ], [ -87.750487, 40.207003 ], [ -87.750382, 40.207006 ], [ -87.750257, 40.206974 ], [ -87.750203, 40.206946 ], [ -87.750077, 40.206916 ], [ -87.750025, 40.206904 ], [ -87.749904, 40.206921 ], [ -87.749776, 40.206956 ], [ -87.749671, 40.20697 ], [ -87.749627, 40.206983 ], [ -87.749549, 40.20699 ], [ -87.749355, 40.207009 ], [ -87.749218, 40.207009 ], [ -87.74913, 40.206996 ], [ -87.748937, 40.206949 ], [ -87.748896, 40.206931 ], [ -87.748872, 40.206926 ], [ -87.748818, 40.206904 ], [ -87.748794, 40.206899 ], [ -87.748764, 40.206885 ], [ -87.748711, 40.206876 ], [ -87.748687, 40.20689 ], [ -87.748484, 40.206867 ], [ -87.748462, 40.20686 ], [ -87.748248, 40.206833 ], [ -87.747965, 40.206831 ], [ -87.747893, 40.206831 ], [ -87.747777, 40.206824 ], [ -87.747538, 40.206847 ], [ -87.74743, 40.206855 ], [ -87.747308, 40.206863 ], [ -87.747236, 40.206868 ], [ -87.747153, 40.20685 ], [ -87.747087, 40.206817 ], [ -87.747063, 40.206814 ], [ -87.747033, 40.206795 ], [ -87.746965, 40.206762 ], [ -87.746938, 40.206749 ], [ -87.746846, 40.20675 ], [ -87.746839, 40.206706 ], [ -87.746832, 40.206567 ], [ -87.74682, 40.206498 ], [ -87.746809, 40.206464 ], [ -87.746771, 40.2064 ], [ -87.746727, 40.206337 ], [ -87.746648, 40.20625 ], [ -87.746582, 40.206201 ], [ -87.746537, 40.206162 ], [ -87.746432, 40.206073 ], [ -87.746321, 40.205964 ], [ -87.746288, 40.205941 ], [ -87.746237, 40.205881 ], [ -87.746155, 40.205798 ], [ -87.746106, 40.205739 ], [ -87.746042, 40.205644 ], [ -87.745987, 40.205547 ], [ -87.745945, 40.205434 ], [ -87.745872, 40.20524 ], [ -87.745796, 40.20511 ], [ -87.745729, 40.205016 ], [ -87.745698, 40.204989 ], [ -87.745621, 40.204901 ], [ -87.745481, 40.20476 ], [ -87.745418, 40.204708 ], [ -87.745302, 40.204597 ], [ -87.745245, 40.204549 ], [ -87.745209, 40.204518 ], [ -87.745111, 40.204442 ], [ -87.745006, 40.20437 ], [ -87.744931, 40.204327 ], [ -87.744851, 40.204289 ], [ -87.744641, 40.204209 ], [ -87.744376, 40.204144 ], [ -87.744049, 40.204104 ], [ -87.743627, 40.204075 ], [ -87.743346, 40.20407 ], [ -87.743111, 40.204071 ], [ -87.743017, 40.204075 ], [ -87.742924, 40.204073 ], [ -87.742893, 40.204076 ], [ -87.742597, 40.204106 ], [ -87.742317, 40.204141 ], [ -87.741631, 40.204253 ], [ -87.741589, 40.204265 ], [ -87.741313, 40.20431 ], [ -87.740939, 40.204343 ], [ -87.740617, 40.204388 ], [ -87.740297, 40.204441 ], [ -87.740121, 40.204486 ], [ -87.739895, 40.204528 ], [ -87.739852, 40.204541 ], [ -87.73967, 40.204571 ], [ -87.739346, 40.204604 ], [ -87.739063, 40.204619 ], [ -87.738828, 40.204627 ], [ -87.738688, 40.204625 ], [ -87.738548, 40.204618 ], [ -87.738458, 40.204605 ], [ -87.73828, 40.204563 ], [ -87.738104, 40.204515 ], [ -87.737926, 40.204474 ], [ -87.737842, 40.204441 ], [ -87.737797, 40.204432 ], [ -87.737691, 40.204395 ], [ -87.737584, 40.204358 ], [ -87.737504, 40.204322 ], [ -87.737336, 40.204259 ], [ -87.737255, 40.204224 ], [ -87.737127, 40.204177 ], [ -87.736953, 40.204123 ], [ -87.736831, 40.204071 ], [ -87.736606, 40.203948 ], [ -87.736295, 40.203741 ], [ -87.736184, 40.203679 ], [ -87.73614, 40.203666 ], [ -87.736108, 40.203651 ], [ -87.736033, 40.20365 ], [ -87.736003, 40.20365 ], [ -87.735959, 40.20365 ], [ -87.735688, 40.203647 ], [ -87.735584, 40.203647 ], [ -87.735579, 40.203808 ], [ -87.735566, 40.204292 ], [ -87.735562, 40.204454 ], [ -87.735568, 40.206314 ], [ -87.735586, 40.211894 ], [ -87.735593, 40.213754 ], [ -87.735593, 40.213817 ], [ -87.735593, 40.213892 ], [ -87.735662, 40.213985 ], [ -87.7357, 40.214037 ], [ -87.735927, 40.219514 ], [ -87.736231, 40.22682 ], [ -87.73289, 40.22682 ], [ -87.73282, 40.22683 ], [ -87.73273, 40.22687 ], [ -87.73269, 40.22691 ], [ -87.73265, 40.22698 ], [ -87.73264, 40.22702 ], [ -87.73266, 40.22778 ], [ -87.73265, 40.22784 ], [ -87.73263, 40.22789 ], [ -87.7326, 40.22793 ], [ -87.732531, 40.227985 ], [ -87.7325, 40.22801 ], [ -87.73225, 40.22811 ], [ -87.73197, 40.22819 ], [ -87.73035, 40.22872 ], [ -87.7296, 40.22897 ], [ -87.7293, 40.229049 ], [ -87.72926, 40.22906 ], [ -87.72917, 40.22908 ], [ -87.72906, 40.22909 ], [ -87.72894, 40.22909 ], [ -87.72817, 40.22906 ], [ -87.72816, 40.22915 ], [ -87.728, 40.23005 ], [ -87.72795, 40.23037 ], [ -87.72793, 40.23054 ], [ -87.72792, 40.23057 ], [ -87.72792, 40.23063 ], [ -87.7279, 40.23087 ], [ -87.7279, 40.23106 ], [ -87.727916, 40.231538 ], [ -87.72792, 40.23165 ], [ -87.72799, 40.2358 ], [ -87.72802, 40.2366 ], [ -87.72803, 40.23698 ], [ -87.72804, 40.23749 ], [ -87.728084, 40.239039 ], [ -87.72813, 40.24059 ], [ -87.72815, 40.24154 ], [ -87.72682, 40.24156 ], [ -87.725274, 40.241572 ], [ -87.72312, 40.24159 ], [ -87.72163, 40.24161 ], [ -87.716646, 40.241655 ], [ -87.71612, 40.24166 ], [ -87.71377, 40.24168 ], [ -87.71379, 40.24183 ], [ -87.71379, 40.24194 ], [ -87.71381, 40.24213 ], [ -87.71381, 40.24221 ], [ -87.713817, 40.243316 ], [ -87.71382, 40.24369 ], [ -87.713899, 40.248232 ], [ -87.7139, 40.24826 ], [ -87.71392, 40.2491 ], [ -87.71395, 40.24987 ], [ -87.714, 40.25197 ], [ -87.714022, 40.252598 ], [ -87.71408, 40.25425 ], [ -87.71422, 40.25743 ], [ -87.71426, 40.25889 ], [ -87.714334, 40.260782 ], [ -87.71442, 40.26297 ], [ -87.71443, 40.26351 ], [ -87.71503, 40.26351 ], [ -87.715408, 40.263503 ], [ -87.71624, 40.26349 ], [ -87.71663, 40.26349 ], [ -87.71708, 40.26348 ], [ -87.718341, 40.263468 ], [ -87.71932, 40.26346 ], [ -87.71981, 40.26345 ], [ -87.720567, 40.263441 ], [ -87.72067, 40.26344 ], [ -87.72232, 40.26343 ], [ -87.72296, 40.26342 ], [ -87.724311, 40.263409 ], [ -87.72556, 40.2634 ], [ -87.7268, 40.26339 ], [ -87.727184, 40.263388 ], [ -87.73119, 40.26337 ], [ -87.732056, 40.263353 ], [ -87.73276, 40.26334 ], [ -87.73368, 40.26333 ], [ -87.734463, 40.263313 ], [ -87.73462, 40.26331 ], [ -87.736815, 40.263281 ], [ -87.737599, 40.263271 ], [ -87.737672, 40.264708 ], [ -87.737892, 40.269019 ], [ -87.737966, 40.270456 ], [ -87.737984, 40.270914 ], [ -87.738038, 40.272288 ], [ -87.738056, 40.272747 ], [ -87.738182, 40.275939 ], [ -87.738463, 40.283011 ], [ -87.738553, 40.285516 ], [ -87.738669, 40.288709 ], [ -87.73857, 40.28871 ], [ -87.737785, 40.288725 ], [ -87.73652, 40.28875 ], [ -87.7352, 40.28878 ], [ -87.735133, 40.28878 ], [ -87.73439, 40.28879 ], [ -87.73425, 40.28878 ], [ -87.734308, 40.290959 ], [ -87.73435, 40.29253 ], [ -87.734472, 40.297499 ], [ -87.73451, 40.29904 ], [ -87.73452, 40.29968 ], [ -87.729684, 40.299749 ], [ -87.729667, 40.299749 ], [ -87.72828, 40.29977 ], [ -87.7272, 40.29978 ], [ -87.72703, 40.29978 ], [ -87.72566, 40.2998 ], [ -87.72308, 40.29983 ], [ -87.71871, 40.2999 ], [ -87.7172, 40.29992 ], [ -87.71586, 40.29993 ], [ -87.715108, 40.29993 ], [ -87.71476, 40.29993 ], [ -87.71371, 40.29994 ], [ -87.71028, 40.29989 ], [ -87.710256, 40.299889 ], [ -87.709112, 40.299861 ], [ -87.7066, 40.2998 ], [ -87.705683, 40.299782 ], [ -87.70502, 40.29977 ], [ -87.70454, 40.29975 ], [ -87.703982, 40.299737 ], [ -87.70278, 40.29971 ], [ -87.70235, 40.2997 ], [ -87.702308, 40.299699 ], [ -87.70175, 40.29969 ], [ -87.701654, 40.299687 ], [ -87.7014, 40.29968 ], [ -87.701366, 40.29968 ], [ -87.70127, 40.29968 ], [ -87.701129, 40.299676 ], [ -87.700709, 40.299664 ], [ -87.70057, 40.29966 ], [ -87.70009, 40.29965 ], [ -87.69946, 40.29963 ], [ -87.698674, 40.299614 ], [ -87.69747, 40.29959 ], [ -87.6943, 40.29952 ], [ -87.692985, 40.299486 ], [ -87.69155, 40.29945 ], [ -87.69109, 40.29944 ], [ -87.691191, 40.301593 ], [ -87.691496, 40.308054 ], [ -87.691598, 40.310208 ], [ -87.691622, 40.310628 ], [ -87.691637, 40.311008 ], [ -87.691737, 40.313411 ], [ -87.691771, 40.314213 ], [ -87.691657, 40.314212 ], [ -87.691318, 40.314211 ], [ -87.691205, 40.314211 ], [ -87.69098, 40.31421 ], [ -87.690298, 40.31421 ], [ -87.687577, 40.31421 ], [ -87.68667, 40.31421 ], [ -87.686114, 40.314213 ], [ -87.68484, 40.31422 ], [ -87.684447, 40.314217 ], [ -87.683892, 40.314214 ], [ -87.6833, 40.31421 ], [ -87.682034, 40.31421 ], [ -87.67762, 40.31421 ], [ -87.676462, 40.31421 ], [ -87.67538, 40.31421 ], [ -87.674605, 40.314216 ], [ -87.67432, 40.314217 ], [ -87.674, 40.31422 ], [ -87.673468, 40.314229 ], [ -87.67345, 40.31423 ], [ -87.673184, 40.31423 ], [ -87.67305, 40.31423 ], [ -87.67296, 40.31422 ], [ -87.67288, 40.31419 ], [ -87.67281, 40.31415 ], [ -87.67275, 40.31409 ], [ -87.67272, 40.31404 ], [ -87.6727, 40.31398 ], [ -87.6727, 40.313895 ], [ -87.6727, 40.31317 ], [ -87.67269, 40.31251 ], [ -87.6727, 40.31226 ], [ -87.6727, 40.3121 ], [ -87.67269, 40.31203 ], [ -87.67267, 40.31195 ], [ -87.67264, 40.3119 ], [ -87.672614, 40.311874 ], [ -87.67256, 40.31182 ], [ -87.67247, 40.3118 ], [ -87.67226, 40.31178 ], [ -87.671959, 40.311784 ], [ -87.67082, 40.3118 ], [ -87.669301, 40.311812 ], [ -87.66836, 40.31182 ], [ -87.66535, 40.31182 ], [ -87.66283, 40.31183 ], [ -87.6615, 40.31184 ], [ -87.661327, 40.311838 ], [ -87.65999, 40.31183 ], [ -87.65867, 40.31183 ], [ -87.6587, 40.3123 ], [ -87.658773, 40.313747 ], [ -87.658871, 40.315654 ], [ -87.65894, 40.317 ], [ -87.65905, 40.31874 ], [ -87.659081, 40.319501 ], [ -87.65912, 40.32041 ], [ -87.65918, 40.32142 ], [ -87.65922, 40.32199 ], [ -87.65926, 40.32288 ], [ -87.65932, 40.32366 ], [ -87.659332, 40.323882 ], [ -87.65934, 40.32403 ], [ -87.65936, 40.32424 ], [ -87.65939, 40.32448 ], [ -87.65942, 40.32467 ], [ -87.65948, 40.32512 ], [ -87.65964, 40.32601 ], [ -87.65976, 40.32661 ], [ -87.65984, 40.32695 ], [ -87.65993, 40.32729 ], [ -87.6603, 40.32851 ], [ -87.66039, 40.32876 ], [ -87.659194, 40.328775 ], [ -87.65907, 40.328776 ], [ -87.658947, 40.328778 ], [ -87.658401, 40.328784 ], [ -87.658284, 40.328785 ], [ -87.658166, 40.328787 ], [ -87.654572, 40.328831 ], [ -87.65446, 40.328832 ], [ -87.654362, 40.328825 ], [ -87.64597, 40.328855 ], [ -87.64593, 40.32883 ], [ -87.64569, 40.3287 ], [ -87.64554, 40.32862 ], [ -87.64541, 40.32857 ], [ -87.64513, 40.32851 ], [ -87.645022, 40.328503 ], [ -87.64497, 40.3285 ], [ -87.64425, 40.32852 ], [ -87.643472, 40.32854 ], [ -87.643085, 40.328549 ], [ -87.637276, 40.328697 ], [ -87.63716, 40.3287 ], [ -87.63534, 40.32875 ], [ -87.63345, 40.32878 ], [ -87.632655, 40.328795 ], [ -87.63144, 40.32882 ], [ -87.63135, 40.32883 ], [ -87.62877, 40.32891 ], [ -87.62759, 40.32897 ], [ -87.62692, 40.32899 ], [ -87.62646, 40.32901 ], [ -87.62623, 40.32902 ], [ -87.62557, 40.32903 ], [ -87.62514, 40.32903 ], [ -87.624604, 40.329037 ], [ -87.62285, 40.32906 ], [ -87.622031, 40.329069 ], [ -87.621919, 40.32907 ], [ -87.621787, 40.329071 ], [ -87.621725, 40.329071 ], [ -87.621143, 40.329077 ], [ -87.62095, 40.32908 ], [ -87.62061, 40.32908 ], [ -87.620409, 40.32908 ], [ -87.62008, 40.32908 ], [ -87.61939, 40.32908 ], [ -87.618789, 40.329085 ], [ -87.61825, 40.32909 ], [ -87.61784, 40.32862 ], [ -87.61698, 40.32765 ], [ -87.616919, 40.327582 ], [ -87.6167, 40.32734 ], [ -87.61644, 40.32703 ], [ -87.61623, 40.3268 ], [ -87.61535, 40.32578 ], [ -87.615106, 40.325512 ], [ -87.61474, 40.32511 ], [ -87.61378, 40.32401 ], [ -87.612933, 40.323056 ], [ -87.61243, 40.32249 ], [ -87.611604, 40.321548 ], [ -87.61136, 40.32127 ], [ -87.61102, 40.32087 ], [ -87.61071, 40.32053 ], [ -87.610545, 40.320333 ], [ -87.6104, 40.32016 ], [ -87.61009, 40.31975 ], [ -87.60989, 40.31947 ], [ -87.60967, 40.31915 ], [ -87.60938, 40.3187 ], [ -87.60908, 40.31821 ], [ -87.60888, 40.31784 ], [ -87.60863, 40.31733 ], [ -87.60847, 40.31699 ], [ -87.6084, 40.31681 ], [ -87.6082, 40.31633 ], [ -87.60814, 40.316166 ], [ -87.60803, 40.31586 ], [ -87.60789, 40.3154 ], [ -87.60777, 40.31496 ], [ -87.607697, 40.314619 ], [ -87.607413, 40.31462 ], [ -87.606563, 40.314627 ], [ -87.60628, 40.31463 ], [ -87.606227, 40.314647 ], [ -87.6061, 40.31469 ], [ -87.60607, 40.314693 ], [ -87.606016, 40.3147 ], [ -87.60593, 40.31471 ], [ -87.605219, 40.314713 ], [ -87.60402, 40.31472 ], [ -87.602828, 40.314738 ], [ -87.60209, 40.31475 ], [ -87.602032, 40.314751 ], [ -87.60128, 40.31476 ], [ -87.600965, 40.314767 ], [ -87.6, 40.31479 ], [ -87.59935, 40.3148 ], [ -87.599101, 40.314805 ], [ -87.59888, 40.31481 ], [ -87.597766, 40.314826 ], [ -87.59688, 40.31484 ], [ -87.5967, 40.31485 ], [ -87.59667, 40.31485 ], [ -87.596579, 40.31485 ], [ -87.59655, 40.31485 ], [ -87.59564, 40.31487 ], [ -87.59531, 40.31487 ], [ -87.594508, 40.314884 ], [ -87.59369, 40.3149 ], [ -87.59157, 40.31492 ], [ -87.58999, 40.31493 ], [ -87.588382, 40.314952 ], [ -87.58634, 40.31498 ], [ -87.58609, 40.31499 ], [ -87.58541, 40.31499 ], [ -87.583633, 40.315009 ], [ -87.57987, 40.31505 ], [ -87.57839, 40.31508 ], [ -87.57716, 40.31509 ], [ -87.57683, 40.3151 ], [ -87.57638, 40.3151 ], [ -87.575513, 40.315118 ], [ -87.57542, 40.31512 ], [ -87.5737, 40.31514 ], [ -87.572807, 40.315156 ], [ -87.572491, 40.314904 ], [ -87.571832, 40.314327 ], [ -87.571795, 40.314294 ], [ -87.569794, 40.312762 ], [ -87.569449, 40.312482 ], [ -87.568763, 40.312025 ], [ -87.568509, 40.311856 ], [ -87.568057, 40.311614 ], [ -87.567671, 40.311361 ], [ -87.56756, 40.309237 ], [ -87.56754, 40.30885 ], [ -87.56746, 40.30719 ], [ -87.567273, 40.302865 ], [ -87.56723, 40.30185 ], [ -87.56721, 40.30074 ], [ -87.56658, 40.300748 ], [ -87.56648, 40.30075 ], [ -87.56565, 40.30077 ], [ -87.564693, 40.300787 ], [ -87.56454, 40.30079 ], [ -87.564064, 40.30079 ], [ -87.56402, 40.30079 ], [ -87.562787, 40.300809 ], [ -87.5621, 40.30082 ], [ -87.56037, 40.30086 ], [ -87.56016, 40.30086 ], [ -87.55944, 40.30087 ], [ -87.55899, 40.30088 ], [ -87.558956, 40.30088 ], [ -87.55829, 40.3009 ], [ -87.55768, 40.3009 ], [ -87.5556, 40.30093 ], [ -87.55092, 40.30098 ], [ -87.54946, 40.30102 ], [ -87.54842, 40.30104 ], [ -87.54824, 40.30104 ], [ -87.54787, 40.301059 ], [ -87.54703, 40.301079 ], [ -87.54539, 40.30113 ], [ -87.544191, 40.301179 ], [ -87.542901, 40.301219 ], [ -87.541611, 40.301269 ], [ -87.540102, 40.301319 ], [ -87.538702, 40.301359 ], [ -87.536573, 40.301439 ], [ -87.531184, 40.301599 ], [ -87.530154, 40.301639 ], [ -87.529275, 40.30166 ], [ -87.529271, 40.301811 ], [ -87.529271, 40.301875 ], [ -87.529272, 40.302219 ], [ -87.529275, 40.303102 ], [ -87.529269, 40.303251 ], [ -87.529258, 40.303595 ], [ -87.529254, 40.304217 ], [ -87.529215, 40.306018 ], [ -87.52919, 40.307177 ], [ -87.52918, 40.307817 ], [ -87.529161, 40.308471 ], [ -87.52912, 40.310726 ], [ -87.529099, 40.311098 ], [ -87.5291, 40.311352 ], [ -87.529086, 40.311963 ], [ -87.529072, 40.313287 ], [ -87.529066, 40.313961 ], [ -87.529032, 40.315557 ], [ -87.52905, 40.315696 ], [ -87.529052, 40.31571 ], [ -87.529048, 40.315847 ], [ -87.529035, 40.316258 ], [ -87.529032, 40.316396 ], [ -87.529017, 40.31795 ], [ -87.528992, 40.318893 ], [ -87.528987, 40.31923 ], [ -87.528932, 40.322963 ], [ -87.528926, 40.323921 ], [ -87.52891, 40.324322 ], [ -87.528919, 40.324846 ], [ -87.528883, 40.325995 ], [ -87.528854, 40.327734 ], [ -87.528826, 40.329518 ], [ -87.52882, 40.33057 ], [ -87.528821, 40.330775 ], [ -87.528803, 40.331823 ], [ -87.528788, 40.332252 ], [ -87.528768, 40.33345 ], [ -87.528768, 40.33351 ], [ -87.528733, 40.334471 ], [ -87.5287, 40.335962 ], [ -87.528688, 40.336924 ], [ -87.528666, 40.337771 ], [ -87.528649, 40.338811 ], [ -87.528619, 40.339998 ], [ -87.528607, 40.340991 ], [ -87.528586, 40.342006 ], [ -87.528584, 40.342092 ], [ -87.528568, 40.343508 ], [ -87.528553, 40.344165 ], [ -87.528548, 40.34478 ], [ -87.528558, 40.344968 ], [ -87.528556, 40.345015 ], [ -87.528547, 40.345141 ], [ -87.528545, 40.345184 ], [ -87.528546, 40.345343 ], [ -87.528548, 40.34552 ], [ -87.528539, 40.34582 ], [ -87.528538, 40.345839 ], [ -87.528535, 40.34598 ], [ -87.528512, 40.346783 ], [ -87.528503, 40.347104 ], [ -87.528468, 40.349194 ], [ -87.528466, 40.349348 ], [ -87.528463, 40.349658 ], [ -87.52846, 40.349998 ], [ -87.528458, 40.35026 ], [ -87.528453, 40.350517 ], [ -87.528445, 40.351057 ], [ -87.528442, 40.352077 ], [ -87.528442, 40.352108 ], [ -87.528431, 40.352597 ], [ -87.528425, 40.353267 ], [ -87.528411, 40.355132 ], [ -87.528405, 40.355278 ], [ -87.528383, 40.355907 ], [ -87.528383, 40.355926 ], [ -87.528383, 40.355948 ], [ -87.528379, 40.356702 ], [ -87.528379, 40.356729 ], [ -87.528352, 40.35763 ], [ -87.528321, 40.358966 ], [ -87.528309, 40.359546 ], [ -87.528277, 40.359625 ], [ -87.528207, 40.359682 ], [ -87.528245, 40.359714 ], [ -87.528263, 40.359729 ], [ -87.528311, 40.359818 ], [ -87.528315, 40.359833 ], [ -87.528347, 40.359887 ], [ -87.528367, 40.35996 ], [ -87.528367, 40.359976 ], [ -87.528382, 40.36024 ], [ -87.528386, 40.360328 ], [ -87.528331, 40.362411 ], [ -87.528162, 40.368662 ], [ -87.528108, 40.370747 ], [ -87.528107, 40.370789 ], [ -87.528119, 40.371604 ], [ -87.528158, 40.374178 ], [ -87.528172, 40.375036 ], [ -87.528164, 40.375597 ], [ -87.528144, 40.377283 ], [ -87.528138, 40.377845 ], [ -87.528112, 40.379977 ], [ -87.528035, 40.386375 ], [ -87.52801, 40.388508 ], [ -87.528008, 40.388598 ], [ -87.528005, 40.388868 ], [ -87.528004, 40.388959 ], [ -87.527986, 40.390379 ], [ -87.527936, 40.39464 ], [ -87.52792, 40.396061 ], [ -87.527845, 40.398611 ], [ -87.527622, 40.406261 ], [ -87.527549, 40.408812 ], [ -87.52755, 40.408948 ], [ -87.527554, 40.409225 ], [ -87.527555, 40.409292 ], [ -87.527532, 40.410017 ], [ -87.527512, 40.410464 ], [ -87.527495, 40.410878 ], [ -87.52753, 40.410998 ], [ -87.52751, 40.412256 ], [ -87.527508, 40.412428 ], [ -87.527495, 40.413971 ], [ -87.527467, 40.416408 ], [ -87.527455, 40.417498 ], [ -87.527451, 40.417787 ], [ -87.527451, 40.417801 ], [ -87.527451, 40.417887 ], [ -87.527448, 40.418175 ], [ -87.527448, 40.418271 ], [ -87.527445, 40.418539 ], [ -87.527437, 40.419346 ], [ -87.527437, 40.41944 ], [ -87.527436, 40.419611 ], [ -87.527434, 40.419974 ], [ -87.52743, 40.420804 ], [ -87.527426, 40.421048 ], [ -87.527421, 40.421407 ], [ -87.527408, 40.422223 ], [ -87.527403, 40.422567 ], [ -87.527399, 40.424253 ], [ -87.527394, 40.424675 ], [ -87.527388, 40.425197 ], [ -87.527386, 40.425492 ], [ -87.527375, 40.426564 ], [ -87.527368, 40.426973 ], [ -87.527353, 40.427923 ], [ -87.52732, 40.431211 ], [ -87.527319, 40.431419 ], [ -87.527313, 40.4327 ], [ -87.527308, 40.432902 ], [ -87.527295, 40.433332 ], [ -87.527248, 40.434529 ], [ -87.527247, 40.435041 ], [ -87.527247, 40.435584 ], [ -87.527209, 40.436924 ], [ -87.527207, 40.43774 ], [ -87.527192, 40.439122 ], [ -87.527172, 40.439653 ], [ -87.527171, 40.440546 ], [ -87.527153, 40.441464 ], [ -87.527147, 40.441779 ], [ -87.527149, 40.443209 ], [ -87.527141, 40.443605 ], [ -87.527138, 40.443834 ], [ -87.527118, 40.444357 ], [ -87.527114, 40.444491 ], [ -87.527068, 40.446616 ], [ -87.527052, 40.44737 ], [ -87.527036, 40.447811 ], [ -87.527025, 40.448112 ], [ -87.527031, 40.448252 ], [ -87.527016, 40.44882 ], [ -87.527011, 40.449138 ], [ -87.527007, 40.449416 ], [ -87.527005, 40.449581 ], [ -87.527003, 40.449689 ], [ -87.52698, 40.450418 ], [ -87.526942, 40.452054 ], [ -87.526933, 40.452491 ], [ -87.526933, 40.453227 ], [ -87.526922, 40.453728 ], [ -87.526912, 40.454184 ], [ -87.526904, 40.454564 ], [ -87.526909, 40.454632 ], [ -87.526862, 40.457676 ], [ -87.526838, 40.459478 ], [ -87.526831, 40.460101 ], [ -87.526787, 40.461717 ], [ -87.526788, 40.461857 ], [ -87.52678, 40.461952 ], [ -87.526758, 40.462278 ], [ -87.526761, 40.462774 ], [ -87.526752, 40.463706 ], [ -87.526732, 40.465976 ], [ -87.526727, 40.467153 ], [ -87.526714, 40.467997 ], [ -87.526707, 40.468972 ], [ -87.526702, 40.469875 ], [ -87.526688, 40.470728 ], [ -87.526672, 40.471678 ], [ -87.526666, 40.472105 ], [ -87.526616, 40.474528 ], [ -87.526597, 40.475478 ], [ -87.526612, 40.475641 ], [ -87.52661, 40.475758 ], [ -87.526602, 40.476198 ], [ -87.526599, 40.476601 ], [ -87.526598, 40.476814 ], [ -87.526589, 40.476876 ], [ -87.526582, 40.478069 ], [ -87.526555, 40.479004 ], [ -87.526548, 40.479403 ], [ -87.526538, 40.479984 ], [ -87.526527, 40.481046 ], [ -87.526453, 40.48548 ], [ -87.526452, 40.485865 ], [ -87.526439, 40.486605 ], [ -87.526435, 40.486984 ], [ -87.526417, 40.489111 ], [ -87.526414, 40.48923 ], [ -87.52641, 40.489512 ], [ -87.526403, 40.489857 ], [ -87.526398, 40.490182 ], [ -87.526369, 40.490857 ], [ -87.526368, 40.490891 ], [ -87.526366, 40.491237 ], [ -87.526361, 40.491435 ], [ -87.526349, 40.492032 ], [ -87.526346, 40.492231 ], [ -87.526343, 40.492747 ], [ -87.52633, 40.493358 ], [ -87.526322, 40.493992 ], [ -87.526307, 40.495343 ], [ -87.526293, 40.497272 ], [ -87.526284, 40.497741 ], [ -87.526273, 40.499237 ], [ -87.526272, 40.499277 ], [ -87.52626, 40.499916 ], [ -87.526253, 40.500598 ], [ -87.526241, 40.501039 ], [ -87.526231, 40.501401 ], [ -87.52622, 40.501983 ], [ -87.526218, 40.502123 ], [ -87.5262, 40.5039 ], [ -87.526184, 40.504816 ], [ -87.526168, 40.505761 ], [ -87.526177, 40.506628 ], [ -87.526179, 40.507355 ], [ -87.52619, 40.508201 ], [ -87.526196, 40.508658 ], [ -87.526227, 40.510707 ], [ -87.52624, 40.51221 ], [ -87.526287, 40.515225 ], [ -87.526307, 40.51613 ], [ -87.52631, 40.516371 ], [ -87.526313, 40.516544 ], [ -87.526323, 40.51735 ], [ -87.526331, 40.517943 ], [ -87.526333, 40.518647 ], [ -87.526367, 40.520248 ], [ -87.526367, 40.520268 ], [ -87.526368, 40.520362 ], [ -87.526369, 40.520391 ], [ -87.526371, 40.520526 ], [ -87.526373, 40.520637 ], [ -87.52637, 40.520934 ], [ -87.52637, 40.521071 ], [ -87.526375, 40.521461 ], [ -87.526362, 40.522099 ], [ -87.52636, 40.522835 ], [ -87.52635, 40.523904 ], [ -87.526342, 40.524972 ], [ -87.526323, 40.526158 ], [ -87.526321, 40.527258 ], [ -87.52628, 40.531729 ], [ -87.526286, 40.532406 ], [ -87.526299, 40.533777 ], [ -87.526303, 40.534873 ], [ -87.526321, 40.53524 ], [ -87.526321, 40.535311 ], [ -87.526324, 40.535524 ], [ -87.526326, 40.535595 ], [ -87.526331, 40.537766 ], [ -87.526334, 40.538698 ], [ -87.526346, 40.540401 ], [ -87.526328, 40.542173 ], [ -87.526338, 40.542775 ], [ -87.52633, 40.543395 ], [ -87.526327, 40.544282 ], [ -87.526322, 40.545872 ], [ -87.526324, 40.546454 ], [ -87.526325, 40.54675 ], [ -87.52632, 40.547057 ], [ -87.526317, 40.547255 ], [ -87.526317, 40.547764 ], [ -87.526309, 40.548421 ], [ -87.526309, 40.548869 ], [ -87.52631, 40.549473 ], [ -87.526313, 40.549604 ], [ -87.526318, 40.549795 ], [ -87.526314, 40.55 ], [ -87.526312, 40.550132 ], [ -87.52631, 40.550589 ], [ -87.52631, 40.550811 ], [ -87.526311, 40.551818 ], [ -87.526309, 40.55196 ], [ -87.526305, 40.552418 ], [ -87.526304, 40.552534 ], [ -87.526311, 40.554 ], [ -87.526308, 40.554478 ], [ -87.526309, 40.554779 ], [ -87.526313, 40.555232 ], [ -87.526297, 40.557396 ], [ -87.526298, 40.558007 ], [ -87.526288, 40.559582 ], [ -87.526291, 40.56008 ], [ -87.526284, 40.561862 ], [ -87.52628, 40.563275 ], [ -87.526238, 40.564223 ], [ -87.526254, 40.56475 ], [ -87.526254, 40.564832 ], [ -87.526255, 40.566659 ], [ -87.526256, 40.567269 ], [ -87.526256, 40.567381 ], [ -87.526275, 40.569463 ], [ -87.526277, 40.569617 ], [ -87.526276, 40.57088 ], [ -87.526261, 40.5721 ], [ -87.526242, 40.573298 ], [ -87.526216, 40.576047 ], [ -87.526199, 40.577986 ], [ -87.526203, 40.578242 ], [ -87.526203, 40.578347 ], [ -87.526205, 40.578662 ], [ -87.526206, 40.578767 ], [ -87.526206, 40.579104 ], [ -87.526188, 40.580025 ], [ -87.52618, 40.580867 ], [ -87.526169, 40.582119 ], [ -87.526164, 40.583597 ], [ -87.526151, 40.585198 ], [ -87.526145, 40.586957 ], [ -87.526146, 40.587169 ], [ -87.526149, 40.587566 ], [ -87.526144, 40.589007 ], [ -87.526141, 40.58927 ], [ -87.526134, 40.589989 ], [ -87.526133, 40.590148 ], [ -87.526121, 40.592149 ], [ -87.526119, 40.592512 ], [ -87.526122, 40.592869 ], [ -87.526121, 40.592973 ], [ -87.52612, 40.593096 ], [ -87.526123, 40.593285 ], [ -87.526125, 40.59339 ], [ -87.526125, 40.593897 ], [ -87.526111, 40.594891 ], [ -87.526112, 40.59561 ], [ -87.526092, 40.598284 ], [ -87.526089, 40.600307 ], [ -87.52608, 40.600564 ], [ -87.526089, 40.600954 ], [ -87.526079, 40.601239 ], [ -87.526081, 40.601597 ], [ -87.526069, 40.60227 ], [ -87.52603, 40.604491 ], [ -87.526025, 40.604802 ], [ -87.526022, 40.605078 ], [ -87.526015, 40.605975 ], [ -87.526017, 40.606273 ], [ -87.526004, 40.60684 ], [ -87.526003, 40.606903 ], [ -87.526007, 40.607428 ], [ -87.526006, 40.607524 ], [ -87.526004, 40.607811 ], [ -87.526004, 40.607908 ], [ -87.526017, 40.607998 ], [ -87.526024, 40.608252 ], [ -87.526024, 40.608316 ], [ -87.526029, 40.609543 ], [ -87.526031, 40.609953 ], [ -87.526033, 40.610538 ], [ -87.526029, 40.611654 ], [ -87.526046, 40.614228 ], [ -87.526054, 40.616369 ], [ -87.526051, 40.61676 ], [ -87.526048, 40.617333 ], [ -87.526052, 40.61784 ], [ -87.526067, 40.618415 ], [ -87.526068, 40.618462 ], [ -87.52607, 40.618566 ], [ -87.526076, 40.618881 ], [ -87.526077, 40.618902 ], [ -87.526101, 40.618983 ], [ -87.526066, 40.61916 ], [ -87.526064, 40.619371 ], [ -87.526061, 40.620083 ], [ -87.52607, 40.620527 ], [ -87.526069, 40.620548 ], [ -87.526057, 40.620941 ], [ -87.526055, 40.620998 ], [ -87.526046, 40.621058 ], [ -87.526026, 40.621197 ], [ -87.525966, 40.621401 ], [ -87.525933, 40.621514 ], [ -87.526017, 40.621618 ], [ -87.526032, 40.621692 ], [ -87.526091, 40.621976 ], [ -87.52611, 40.622098 ], [ -87.526116, 40.622313 ], [ -87.526117, 40.622329 ], [ -87.526112, 40.622523 ], [ -87.526103, 40.623142 ], [ -87.526088, 40.624189 ], [ -87.526086, 40.625001 ], [ -87.526086, 40.625621 ], [ -87.526086, 40.625652 ], [ -87.526091, 40.626426 ], [ -87.526089, 40.627798 ], [ -87.526088, 40.628719 ], [ -87.526097, 40.631014 ], [ -87.526118, 40.633268 ], [ -87.526122, 40.634332 ], [ -87.526128, 40.635622 ], [ -87.526125, 40.63608 ], [ -87.526134, 40.63651 ], [ -87.526133, 40.636618 ], [ -87.526132, 40.636942 ], [ -87.526132, 40.637051 ], [ -87.526144, 40.638898 ], [ -87.526147, 40.639185 ], [ -87.526169, 40.64094 ], [ -87.52618, 40.643434 ], [ -87.526188, 40.643864 ], [ -87.526199, 40.645586 ], [ -87.526208, 40.646838 ], [ -87.526206, 40.647422 ], [ -87.526211, 40.647721 ], [ -87.526213, 40.648132 ], [ -87.526222, 40.649366 ], [ -87.526225, 40.649778 ], [ -87.526016, 40.649794 ], [ -87.52539, 40.649843 ], [ -87.525182, 40.64986 ], [ -87.524161, 40.649288 ], [ -87.522779, 40.648349 ], [ -87.522389, 40.648212 ], [ -87.52049, 40.64796 ], [ -87.520136, 40.647914 ], [ -87.519445, 40.647868 ], [ -87.517673, 40.648119 ], [ -87.51644, 40.64821 ], [ -87.515298, 40.648392 ], [ -87.514157, 40.648506 ], [ -87.513135, 40.648758 ], [ -87.512174, 40.64878 ], [ -87.511392, 40.649009 ], [ -87.5098, 40.649191 ], [ -87.508929, 40.649419 ], [ -87.507967, 40.649442 ], [ -87.507006, 40.649052 ], [ -87.506015, 40.648892 ], [ -87.505625, 40.648571 ], [ -87.505363, 40.648445 ], [ -87.504814, 40.648182 ], [ -87.502741, 40.648272 ], [ -87.502441, 40.648203 ], [ -87.50175, 40.648226 ], [ -87.501299, 40.648363 ], [ -87.500848, 40.648729 ], [ -87.500818, 40.64882 ], [ -87.50052, 40.64898 ], [ -87.50042, 40.648945 ], [ -87.500122, 40.648842 ], [ -87.500023, 40.648808 ], [ -87.498159, 40.648169 ], [ -87.498055, 40.648134 ], [ -87.496673, 40.647517 ], [ -87.495621, 40.64706 ], [ -87.492574, 40.646301 ], [ -87.490663, 40.645826 ], [ -87.489502, 40.645752 ], [ -87.486371, 40.645555 ], [ -87.486018, 40.645555 ], [ -87.48514, 40.645556 ], [ -87.484857, 40.645526 ], [ -87.482737, 40.645305 ], [ -87.482272, 40.645324 ], [ -87.481344, 40.645363 ], [ -87.481083, 40.645375 ], [ -87.480753, 40.645535 ], [ -87.480423, 40.645763 ], [ -87.47928, 40.645992 ], [ -87.477778, 40.646611 ], [ -87.476246, 40.646886 ], [ -87.474984, 40.646887 ], [ -87.471078, 40.646842 ], [ -87.471048, 40.64684 ], [ -87.468253, 40.646728 ], [ -87.467682, 40.646522 ], [ -87.467562, 40.646522 ], [ -87.466781, 40.646316 ], [ -87.46627, 40.646156 ], [ -87.465729, 40.645584 ], [ -87.465339, 40.64547 ], [ -87.464978, 40.645219 ], [ -87.464963, 40.645212 ], [ -87.464587, 40.645036 ], [ -87.462425, 40.645036 ], [ -87.461163, 40.644945 ], [ -87.460832, 40.644762 ], [ -87.460742, 40.644533 ], [ -87.460502, 40.644327 ], [ -87.459901, 40.644167 ], [ -87.45951, 40.64403 ], [ -87.458849, 40.643572 ], [ -87.458128, 40.642772 ], [ -87.457467, 40.642131 ], [ -87.457191, 40.641904 ], [ -87.456686, 40.64149 ], [ -87.455454, 40.640049 ], [ -87.455093, 40.639792 ], [ -87.455343, 40.637351 ], [ -87.455815, 40.632764 ], [ -87.456142, 40.630034 ], [ -87.456434, 40.627598 ], [ -87.456571, 40.626394 ], [ -87.456722, 40.625071 ], [ -87.456985, 40.622785 ], [ -87.457124, 40.621582 ], [ -87.456837, 40.621575 ], [ -87.456806, 40.621574 ], [ -87.456504, 40.621567 ], [ -87.455853, 40.621553 ], [ -87.455536, 40.621547 ], [ -87.454694, 40.621549 ], [ -87.453554, 40.621574 ], [ -87.453524, 40.621575 ], [ -87.45233, 40.621597 ], [ -87.449437, 40.621679 ], [ -87.447609, 40.621727 ], [ -87.446704, 40.621751 ], [ -87.445628, 40.621776 ], [ -87.443854, 40.621817 ], [ -87.441304, 40.621876 ], [ -87.438533, 40.621952 ], [ -87.43815, 40.621963 ], [ -87.43676, 40.621985 ], [ -87.436088, 40.621987 ], [ -87.434906, 40.621972 ], [ -87.434609, 40.621969 ], [ -87.429347, 40.621931 ], [ -87.429303, 40.621931 ], [ -87.427494, 40.621922 ], [ -87.426427, 40.621917 ], [ -87.425536, 40.621909 ], [ -87.425185, 40.621907 ], [ -87.423759, 40.62188 ], [ -87.421876, 40.621876 ], [ -87.421436, 40.621868 ], [ -87.420533, 40.621862 ], [ -87.419662, 40.62185 ], [ -87.418269, 40.621832 ], [ -87.417705, 40.621834 ], [ -87.416754, 40.621832 ], [ -87.415958, 40.621843 ], [ -87.413909, 40.621872 ], [ -87.413255, 40.621878 ], [ -87.410885, 40.621912 ], [ -87.410721, 40.621913 ], [ -87.408975, 40.621932 ], [ -87.407207, 40.62195 ], [ -87.40533, 40.621978 ], [ -87.404446, 40.621995 ], [ -87.403312, 40.622006 ], [ -87.40144, 40.622026 ], [ -87.398967, 40.62207 ], [ -87.398921, 40.622069 ], [ -87.398131, 40.622094 ], [ -87.39699, 40.622115 ], [ -87.394715, 40.622153 ], [ -87.393788, 40.622165 ], [ -87.391423, 40.62218 ], [ -87.389575, 40.622181 ], [ -87.388227, 40.622175 ], [ -87.386324, 40.622148 ], [ -87.385214, 40.622133 ], [ -87.384477, 40.622117 ], [ -87.383907, 40.622109 ], [ -87.383485, 40.622092 ], [ -87.382909, 40.622076 ], [ -87.382606, 40.622058 ], [ -87.381328, 40.621953 ], [ -87.380965, 40.621918 ], [ -87.380672, 40.621874 ], [ -87.380712, 40.622047 ], [ -87.380769, 40.622294 ], [ -87.380823, 40.62257 ], [ -87.380858, 40.622745 ], [ -87.381006, 40.62349 ], [ -87.381024, 40.623608 ], [ -87.381056, 40.624024 ], [ -87.381098, 40.627178 ], [ -87.381109, 40.627926 ], [ -87.381142, 40.630108 ], [ -87.381166, 40.63153 ], [ -87.381169, 40.632141 ], [ -87.381193, 40.633458 ], [ -87.381247, 40.638927 ], [ -87.381254, 40.640529 ], [ -87.381255, 40.640647 ], [ -87.381265, 40.641621 ], [ -87.381259, 40.642906 ], [ -87.381283, 40.64498 ], [ -87.381287, 40.645278 ], [ -87.381292, 40.645997 ], [ -87.381315, 40.64905 ], [ -87.381317, 40.649258 ], [ -87.381306, 40.650068 ], [ -87.381299, 40.650293 ], [ -87.381282, 40.65061 ], [ -87.381242, 40.651036 ], [ -87.381202, 40.651385 ], [ -87.381189, 40.651461 ], [ -87.381052, 40.652336 ], [ -87.380867, 40.653586 ], [ -87.380539, 40.655606 ], [ -87.380485, 40.655941 ], [ -87.380323, 40.656989 ], [ -87.380307, 40.657091 ], [ -87.380258, 40.6574 ], [ -87.380243, 40.657503 ], [ -87.380144, 40.658092 ], [ -87.380119, 40.658248 ], [ -87.380034, 40.658799 ], [ -87.380007, 40.659315 ], [ -87.380027, 40.659772 ], [ -87.380064, 40.660021 ], [ -87.380143, 40.660424 ], [ -87.380159, 40.660494 ], [ -87.380191, 40.660623 ], [ -87.3803, 40.661025 ], [ -87.380331, 40.661229 ], [ -87.380502, 40.661568 ], [ -87.380571, 40.661704 ], [ -87.380696, 40.661921 ], [ -87.380816, 40.662106 ], [ -87.381007, 40.66237 ], [ -87.381125, 40.66252 ], [ -87.381241, 40.662668 ], [ -87.381365, 40.662816 ], [ -87.381348, 40.662914 ], [ -87.381299, 40.663211 ], [ -87.381283, 40.663311 ], [ -87.381318, 40.66338 ], [ -87.381329, 40.663455 ], [ -87.381339, 40.663618 ], [ -87.381335, 40.664084 ], [ -87.381336, 40.664524 ], [ -87.381337, 40.664582 ], [ -87.381347, 40.666927 ], [ -87.381361, 40.668193 ], [ -87.381376, 40.669417 ], [ -87.381368, 40.670205 ], [ -87.381383, 40.671361 ], [ -87.381386, 40.671522 ], [ -87.381394, 40.673292 ], [ -87.381406, 40.674745 ], [ -87.38142, 40.677196 ], [ -87.38143, 40.678738 ], [ -87.381431, 40.678996 ], [ -87.381432, 40.679141 ], [ -87.377807, 40.679123 ], [ -87.375389, 40.679111 ], [ -87.371292, 40.67908 ], [ -87.367237, 40.679081 ], [ -87.366935, 40.679084 ], [ -87.363311, 40.67913 ], [ -87.363124, 40.67913 ], [ -87.362889, 40.679131 ], [ -87.362563, 40.679128 ], [ -87.362377, 40.679127 ], [ -87.362398, 40.680583 ], [ -87.362402, 40.68082 ], [ -87.362476, 40.684954 ], [ -87.362503, 40.686411 ], [ -87.362514, 40.687615 ], [ -87.362526, 40.688331 ], [ -87.362561, 40.690318 ], [ -87.36262, 40.694094 ], [ -87.362626, 40.694428 ], [ -87.362647, 40.695266 ], [ -87.362659, 40.696015 ], [ -87.362671, 40.696705 ], [ -87.362675, 40.697006 ], [ -87.362703, 40.698745 ], [ -87.36271, 40.698973 ], [ -87.362712, 40.699376 ], [ -87.362727, 40.699979 ], [ -87.362754, 40.70097 ], [ -87.366521, 40.701004 ], [ -87.366949, 40.701008 ], [ -87.371071, 40.701052 ], [ -87.37282, 40.701066 ], [ -87.37514, 40.701092 ], [ -87.377145, 40.7011 ], [ -87.377821, 40.701106 ], [ -87.380542, 40.701132 ], [ -87.381589, 40.701138 ], [ -87.381596, 40.701246 ], [ -87.381589, 40.701421 ], [ -87.381594, 40.702597 ], [ -87.381604, 40.704438 ], [ -87.381614, 40.705289 ], [ -87.381614, 40.706975 ], [ -87.381615, 40.707064 ], [ -87.38161, 40.708435 ], [ -87.381614, 40.708653 ], [ -87.381611, 40.709124 ], [ -87.381627, 40.710043 ], [ -87.381631, 40.710957 ], [ -87.381629, 40.713207 ], [ -87.381639, 40.715502 ], [ -87.381648, 40.716068 ], [ -87.381649, 40.717748 ], [ -87.381655, 40.719038 ], [ -87.381665, 40.720025 ], [ -87.381676, 40.722438 ], [ -87.381686, 40.723037 ], [ -87.381127, 40.723025 ], [ -87.373385, 40.722922 ], [ -87.373046, 40.722914 ], [ -87.370005, 40.722908 ], [ -87.36841, 40.722894 ], [ -87.36722, 40.72287 ], [ -87.364453, 40.722836 ], [ -87.363412, 40.722829 ], [ -87.363174, 40.722821 ], [ -87.363001, 40.722808 ], [ -87.362882, 40.722803 ], [ -87.3629, 40.724466 ], [ -87.362906, 40.725914 ], [ -87.362898, 40.72733 ], [ -87.362925, 40.733846 ], [ -87.362942, 40.736189 ], [ -87.362932, 40.736517 ], [ -87.362807, 40.736517 ], [ -87.362777, 40.736517 ], [ -87.361821, 40.736519 ], [ -87.35951, 40.736525 ], [ -87.359153, 40.736526 ], [ -87.358953, 40.736525 ], [ -87.357998, 40.736521 ], [ -87.357861, 40.73652 ], [ -87.357689, 40.73652 ], [ -87.356762, 40.736522 ], [ -87.356454, 40.736524 ], [ -87.356176, 40.736524 ], [ -87.355341, 40.736526 ], [ -87.355064, 40.736527 ], [ -87.353398, 40.736517 ], [ -87.35281, 40.73652 ], [ -87.350725, 40.736532 ], [ -87.346051, 40.736527 ], [ -87.343798, 40.736526 ], [ -87.34379, 40.736195 ], [ -87.343795, 40.735058 ], [ -87.343797, 40.734787 ], [ -87.343797, 40.733348 ], [ -87.3438, 40.732646 ], [ -87.343795, 40.73127 ], [ -87.343799, 40.73088 ], [ -87.343798, 40.730657 ], [ -87.343792, 40.72919 ], [ -87.343789, 40.728314 ], [ -87.343789, 40.728192 ], [ -87.343792, 40.727607 ], [ -87.343784, 40.726956 ], [ -87.343778, 40.72533 ], [ -87.343776, 40.725201 ], [ -87.343768, 40.724204 ], [ -87.343765, 40.723913 ], [ -87.343757, 40.723067 ], [ -87.343757, 40.723043 ], [ -87.343763, 40.722753 ], [ -87.342199, 40.722752 ], [ -87.34208, 40.72275 ], [ -87.341467, 40.722745 ], [ -87.337343, 40.72274 ], [ -87.337034, 40.722739 ], [ -87.335352, 40.722736 ], [ -87.333235, 40.722732 ], [ -87.331666, 40.72273 ], [ -87.327507, 40.722716 ], [ -87.326886, 40.722715 ], [ -87.32477, 40.722713 ], [ -87.323395, 40.722702 ], [ -87.322653, 40.722692 ], [ -87.32089, 40.722671 ], [ -87.320402, 40.722663 ], [ -87.319545, 40.722656 ], [ -87.317671, 40.722632 ], [ -87.316302, 40.722611 ], [ -87.315763, 40.722603 ], [ -87.314856, 40.722592 ], [ -87.314186, 40.722587 ], [ -87.313826, 40.722585 ], [ -87.31296, 40.722569 ], [ -87.312482, 40.722564 ], [ -87.311136, 40.72255 ], [ -87.310193, 40.722529 ], [ -87.307371, 40.722493 ], [ -87.305668, 40.722472 ], [ -87.305675, 40.722212 ], [ -87.305669, 40.720489 ], [ -87.305666, 40.719495 ], [ -87.305666, 40.718111 ], [ -87.305668, 40.716689 ], [ -87.305673, 40.716257 ], [ -87.305669, 40.714056 ], [ -87.305665, 40.713098 ], [ -87.305667, 40.712569 ], [ -87.305647, 40.710114 ], [ -87.305636, 40.707782 ], [ -87.305636, 40.706936 ], [ -87.305628, 40.706406 ], [ -87.305608, 40.705625 ], [ -87.305603, 40.70503 ], [ -87.305602, 40.704774 ], [ -87.305582, 40.703983 ], [ -87.305551, 40.702027 ], [ -87.305517, 40.700671 ], [ -87.302892, 40.700662 ], [ -87.301679, 40.700655 ], [ -87.299694, 40.700646 ], [ -87.29443, 40.700615 ], [ -87.292734, 40.7006 ], [ -87.291194, 40.700593 ], [ -87.290209, 40.700593 ], [ -87.290165, 40.700592 ], [ -87.287161, 40.700562 ], [ -87.286328, 40.700548 ], [ -87.286293, 40.700711 ], [ -87.286285, 40.700886 ], [ -87.286276, 40.701068 ], [ -87.286274, 40.701487 ], [ -87.286284, 40.701904 ], [ -87.286305, 40.703993 ], [ -87.286311, 40.704909 ], [ -87.286338, 40.708837 ], [ -87.286344, 40.710745 ], [ -87.286353, 40.712731 ], [ -87.286354, 40.714136 ], [ -87.286384, 40.717018 ], [ -87.2864, 40.718008 ], [ -87.286402, 40.718111 ], [ -87.286407, 40.718802 ], [ -87.286462, 40.722374 ], [ -87.285703, 40.722389 ], [ -87.285641, 40.722391 ], [ -87.283426, 40.722423 ], [ -87.282668, 40.722434 ], [ -87.28152, 40.72245 ], [ -87.280021, 40.72248 ], [ -87.279567, 40.722486 ], [ -87.278768, 40.722498 ], [ -87.277757, 40.72252 ], [ -87.276897, 40.722533 ], [ -87.27502, 40.722579 ], [ -87.274327, 40.722589 ], [ -87.273803, 40.722592 ], [ -87.273288, 40.7226 ], [ -87.272336, 40.722622 ], [ -87.270268, 40.722653 ], [ -87.268847, 40.722675 ], [ -87.267168, 40.722705 ], [ -87.267162, 40.722285 ], [ -87.267162, 40.721849 ], [ -87.267162, 40.721169 ], [ -87.267153, 40.720229 ], [ -87.267153, 40.719284 ], [ -87.267154, 40.718429 ], [ -87.267153, 40.717654 ], [ -87.267152, 40.715329 ], [ -87.267152, 40.714555 ], [ -87.267152, 40.71336 ], [ -87.267152, 40.713281 ], [ -87.267165, 40.710421 ], [ -87.267166, 40.709599 ], [ -87.267167, 40.709462 ], [ -87.267173, 40.708929 ], [ -87.267165, 40.708343 ], [ -87.267168, 40.708189 ], [ -87.267168, 40.708153 ], [ -87.267171, 40.708049 ], [ -87.267172, 40.708014 ], [ -87.267174, 40.707311 ], [ -87.267159, 40.706211 ], [ -87.267129, 40.705082 ], [ -87.267109, 40.704282 ], [ -87.267099, 40.703729 ], [ -87.267065, 40.701048 ], [ -87.267044, 40.700125 ], [ -87.267039, 40.699185 ], [ -87.267013, 40.697487 ], [ -87.266997, 40.69683 ], [ -87.26699, 40.696286 ], [ -87.266977, 40.695051 ], [ -87.266959, 40.693844 ], [ -87.26696, 40.693355 ], [ -87.265438, 40.693374 ], [ -87.264022, 40.693392 ], [ -87.260875, 40.693428 ], [ -87.2607, 40.693431 ], [ -87.259561, 40.693453 ], [ -87.259354, 40.693456 ], [ -87.257577, 40.693477 ], [ -87.257272, 40.693482 ], [ -87.256587, 40.693494 ], [ -87.255647, 40.693502 ], [ -87.253803, 40.693534 ], [ -87.252736, 40.693547 ], [ -87.251028, 40.693574 ], [ -87.250238, 40.693587 ], [ -87.248947, 40.693589 ], [ -87.247423, 40.693568 ], [ -87.247365, 40.693568 ], [ -87.246714, 40.693554 ], [ -87.243094, 40.693488 ], [ -87.242854, 40.693484 ], [ -87.241331, 40.693464 ], [ -87.239787, 40.693436 ], [ -87.239036, 40.69342 ], [ -87.234722, 40.693334 ], [ -87.23314, 40.693312 ], [ -87.232154, 40.693292 ], [ -87.230859, 40.693267 ], [ -87.22986, 40.693252 ], [ -87.226499, 40.693248 ], [ -87.22604, 40.693244 ], [ -87.225324, 40.69324 ], [ -87.224477, 40.693239 ], [ -87.220613, 40.693225 ], [ -87.219834, 40.693229 ], [ -87.216947, 40.693214 ], [ -87.214874, 40.693209 ], [ -87.214583, 40.693209 ], [ -87.213642, 40.693209 ], [ -87.212307, 40.693196 ], [ -87.210764, 40.693194 ], [ -87.209633, 40.693186 ], [ -87.207329, 40.693166 ], [ -87.206987, 40.693164 ], [ -87.203361, 40.693154 ], [ -87.200503, 40.693137 ], [ -87.198752, 40.693132 ], [ -87.197963, 40.693119 ], [ -87.196349, 40.693102 ], [ -87.195656, 40.693099 ], [ -87.195117, 40.693097 ], [ -87.191879, 40.693077 ], [ -87.188051, 40.693082 ], [ -87.187638, 40.693083 ], [ -87.185515, 40.693092 ], [ -87.184364, 40.6931 ], [ -87.181848, 40.6931 ], [ -87.178439, 40.693107 ], [ -87.177491, 40.693117 ], [ -87.176628, 40.693111 ], [ -87.176571, 40.693111 ], [ -87.176361, 40.693111 ], [ -87.17581, 40.693109 ], [ -87.174915, 40.693114 ], [ -87.172744, 40.693114 ], [ -87.17275, 40.692811 ], [ -87.17275, 40.69273 ], [ -87.172752, 40.692195 ], [ -87.172737, 40.691578 ], [ -87.172729, 40.691195 ], [ -87.172711, 40.690445 ], [ -87.17271, 40.690065 ], [ -87.172701, 40.689528 ], [ -87.1727, 40.688943 ], [ -87.172698, 40.687464 ], [ -87.172683, 40.684931 ], [ -87.172677, 40.684795 ], [ -87.172682, 40.684587 ], [ -87.172676, 40.684121 ], [ -87.172675, 40.682188 ], [ -87.172675, 40.681233 ], [ -87.17268, 40.680567 ], [ -87.172697, 40.679965 ], [ -87.172697, 40.679937 ], [ -87.172698, 40.679638 ], [ -87.172702, 40.678908 ], [ -87.172698, 40.678744 ], [ -87.172692, 40.678446 ], [ -87.171719, 40.678441 ], [ -87.1688, 40.678427 ], [ -87.168588, 40.678426 ], [ -87.167828, 40.678419 ], [ -87.16544, 40.678397 ], [ -87.165007, 40.678395 ], [ -87.16312, 40.678387 ], [ -87.159677, 40.678365 ], [ -87.15861, 40.678352 ], [ -87.156894, 40.678344 ], [ -87.156545, 40.678339 ], [ -87.153725, 40.678303 ], [ -87.153728, 40.677593 ], [ -87.153734, 40.676693 ], [ -87.153727, 40.676122 ], [ -87.153729, 40.675465 ], [ -87.153732, 40.675004 ], [ -87.15373, 40.674756 ], [ -87.153728, 40.674461 ], [ -87.153736, 40.673304 ], [ -87.153732, 40.672331 ], [ -87.153733, 40.670558 ], [ -87.153728, 40.668105 ], [ -87.153695, 40.665551 ], [ -87.153698, 40.665101 ], [ -87.153688, 40.664028 ], [ -87.153669, 40.663867 ], [ -87.153276, 40.66386 ], [ -87.152483, 40.663859 ], [ -87.151077, 40.663844 ], [ -87.147274, 40.663823 ], [ -87.145812, 40.663819 ], [ -87.143255, 40.663805 ], [ -87.142019, 40.663792 ], [ -87.139257, 40.663775 ], [ -87.136279, 40.663759 ], [ -87.134855, 40.663741 ], [ -87.134851, 40.663563 ], [ -87.134857, 40.66347 ], [ -87.134907, 40.663162 ], [ -87.134925, 40.66299 ], [ -87.134931, 40.662861 ], [ -87.134921, 40.661963 ], [ -87.134873, 40.660616 ], [ -87.134851, 40.659566 ], [ -87.134826, 40.658687 ], [ -87.134762, 40.65605 ], [ -87.134756, 40.65538 ], [ -87.134725, 40.653945 ], [ -87.134702, 40.65163 ], [ -87.134702, 40.651508 ], [ -87.136854, 40.651446 ], [ -87.137308, 40.651563 ], [ -87.138218, 40.652027 ], [ -87.138764, 40.65203 ], [ -87.139097, 40.651895 ], [ -87.139463, 40.6516 ], [ -87.14086, 40.65083 ], [ -87.141284, 40.650719 ], [ -87.142436, 40.650656 ], [ -87.143465, 40.650525 ], [ -87.144437, 40.650164 ], [ -87.144711, 40.64996 ], [ -87.145243, 40.649376 ], [ -87.145351, 40.649255 ], [ -87.146722, 40.648224 ], [ -87.147105, 40.647937 ], [ -87.14762, 40.647612 ], [ -87.147922, 40.647449 ], [ -87.148001, 40.647429 ], [ -87.150187, 40.646887 ], [ -87.151926, 40.646208 ], [ -87.152694, 40.64591 ], [ -87.153599, 40.645675 ], [ -87.15363, 40.64556 ], [ -87.15307, 40.645316 ], [ -87.152579, 40.645102 ], [ -87.151339, 40.644733 ], [ -87.150807, 40.644575 ], [ -87.150777, 40.644529 ], [ -87.150626, 40.644552 ], [ -87.148726, 40.644183 ], [ -87.147536, 40.643868 ], [ -87.14559, 40.643355 ], [ -87.139196, 40.642064 ], [ -87.137781, 40.64195 ], [ -87.136875, 40.641877 ], [ -87.134763, 40.6416 ], [ -87.134492, 40.641533 ], [ -87.133295, 40.641234 ], [ -87.132668, 40.64096 ], [ -87.132072, 40.640366 ], [ -87.131923, 40.640068 ], [ -87.131873, 40.639998 ], [ -87.131537, 40.63952 ], [ -87.130641, 40.638858 ], [ -87.129834, 40.638401 ], [ -87.128488, 40.637989 ], [ -87.125587, 40.637373 ], [ -87.124996, 40.637294 ], [ -87.124104, 40.637169 ], [ -87.123069, 40.637101 ], [ -87.122728, 40.637079 ], [ -87.121262, 40.636899 ], [ -87.119906, 40.636817 ], [ -87.119404, 40.63679 ], [ -87.118381, 40.636685 ], [ -87.116334, 40.636271 ], [ -87.115254, 40.63616 ], [ -87.11489, 40.636124 ], [ -87.113658, 40.636136 ], [ -87.112364, 40.636057 ], [ -87.110437, 40.635617 ], [ -87.108573, 40.635566 ], [ -87.107282, 40.635555 ], [ -87.106802, 40.635651 ], [ -87.106202, 40.635794 ], [ -87.105185, 40.636262 ], [ -87.103449, 40.636919 ], [ -87.102369, 40.637135 ], [ -87.101545, 40.637491 ], [ -87.101231, 40.637627 ], [ -87.099255, 40.638355 ], [ -87.097698, 40.638897 ], [ -87.0971, 40.63899 ], [ -87.09714, 40.641078 ], [ -87.09718, 40.642717 ], [ -87.09719, 40.642947 ], [ -87.0972, 40.643407 ], [ -87.09728, 40.647969 ], [ -87.0973, 40.64955 ], [ -87.09562, 40.64955 ], [ -87.093497, 40.649539 ], [ -87.08963, 40.64952 ], [ -87.08484, 40.64948 ], [ -87.08281, 40.64947 ], [ -87.082091, 40.649463 ], [ -87.07971, 40.64944 ], [ -87.07829, 40.64943 ], [ -87.074483, 40.64941 ], [ -87.07233, 40.6494 ], [ -87.0679, 40.64935 ], [ -87.06421, 40.64932 ], [ -87.063065, 40.649306 ], [ -87.05926, 40.64926 ], [ -87.058694, 40.649252 ], [ -87.056996, 40.649228 ], [ -87.05643, 40.64922 ], [ -87.053293, 40.649176 ], [ -87.05134, 40.64915 ], [ -87.04873, 40.6491 ], [ -87.043886, 40.649019 ], [ -87.0427, 40.649 ], [ -87.04173, 40.64899 ], [ -87.04075, 40.64898 ], [ -87.04076, 40.65054 ], [ -87.04077, 40.65137 ], [ -87.04077, 40.651871 ], [ -87.04077, 40.65365 ], [ -87.04078, 40.65658 ], [ -87.0408, 40.65896 ], [ -87.040807, 40.660548 ], [ -87.04081, 40.66111 ], [ -87.0408, 40.6631 ], [ -87.04079, 40.66344 ], [ -87.0408, 40.66366 ], [ -87.0408, 40.663963 ], [ -87.0408, 40.66539 ], [ -87.040797, 40.665535 ], [ -87.04079, 40.66606 ], [ -87.040792, 40.66617 ], [ -87.040798, 40.666501 ], [ -87.0408, 40.666612 ], [ -87.040803, 40.666777 ], [ -87.04081, 40.66712 ], [ -87.040814, 40.667274 ], [ -87.04082, 40.66744 ], [ -87.04082, 40.667638 ], [ -87.04082, 40.66775 ], [ -87.04083, 40.66792 ], [ -87.040836, 40.668234 ], [ -87.04084, 40.668433 ], [ -87.040842, 40.668538 ], [ -87.040848, 40.668854 ], [ -87.04085, 40.66896 ], [ -87.04084, 40.66925 ], [ -87.04084, 40.669399 ], [ -87.04084, 40.67008 ], [ -87.04083, 40.67069 ], [ -87.04083, 40.67072 ], [ -87.04084, 40.67116 ], [ -87.040831, 40.672394 ], [ -87.04083, 40.67259 ], [ -87.04084, 40.67282 ], [ -87.04083, 40.67303 ], [ -87.04084, 40.67368 ], [ -87.04084, 40.67453 ], [ -87.04085, 40.67547 ], [ -87.04085, 40.676096 ], [ -87.04085, 40.6771 ], [ -87.04084, 40.67733 ], [ -87.04036, 40.67731 ], [ -87.03852, 40.67734 ], [ -87.037292, 40.677352 ], [ -87.03067, 40.67742 ], [ -87.02739, 40.67745 ], [ -87.026647, 40.677459 ], [ -87.02507, 40.67748 ], [ -87.0231, 40.67751 ], [ -87.02311, 40.67848 ], [ -87.023134, 40.679975 ], [ -87.02314, 40.6803 ], [ -87.02322, 40.68385 ], [ -87.02321, 40.68454 ], [ -87.02325, 40.68545 ], [ -87.02329, 40.68671 ], [ -87.023308, 40.687368 ], [ -87.02336, 40.68921 ], [ -87.023373, 40.689833 ], [ -87.022823, 40.689649 ], [ -87.022101, 40.689543 ], [ -87.020489, 40.689488 ], [ -87.019722, 40.689462 ], [ -87.017435, 40.689538 ], [ -87.014695, 40.689734 ], [ -87.012587, 40.689786 ], [ -87.011834, 40.689978 ], [ -87.011772, 40.690023 ], [ -87.011293, 40.690378 ], [ -87.010931, 40.690822 ], [ -87.010084, 40.691966 ], [ -87.009885, 40.692228 ], [ -87.009693, 40.692466 ], [ -87.009122, 40.693147 ], [ -87.008973, 40.693485 ], [ -87.00831, 40.695002 ], [ -87.007888, 40.695573 ], [ -87.007377, 40.695988 ], [ -87.007016, 40.69607 ], [ -87.006596, 40.696013 ], [ -87.005814, 40.695786 ], [ -87.00576, 40.695757 ], [ -87.004884, 40.695301 ], [ -87.004391, 40.695003 ], [ -87.0044, 40.69541 ], [ -87.004419, 40.696702 ], [ -87.00445, 40.69871 ], [ -87.00448, 40.69957 ], [ -87.004508, 40.7018 ], [ -87.00453, 40.7035 ], [ -87.00454, 40.70363 ], [ -87.004548, 40.704163 ], [ -87.004579, 40.706155 ], [ -87.00459, 40.70682 ], [ -87.0046, 40.70703 ], [ -87.0046, 40.70753 ], [ -87.00466, 40.70944 ], [ -87.00466, 40.709717 ], [ -87.00466, 40.70975 ], [ -87.00471, 40.71241 ], [ -87.00478, 40.71506 ], [ -87.00479, 40.71605 ], [ -87.00482, 40.71735 ], [ -87.00485, 40.71825 ], [ -87.004851, 40.718411 ], [ -87.00487, 40.72015 ], [ -87.00489, 40.72131 ], [ -87.003982, 40.721304 ], [ -87.00318, 40.7213 ], [ -87.001258, 40.721274 ], [ -87.00093, 40.72127 ], [ -87.000351, 40.721267 ], [ -86.999, 40.72126 ], [ -86.997428, 40.721243 ], [ -86.99437, 40.72121 ], [ -86.98914, 40.7212 ], [ -86.988662, 40.721198 ], [ -86.9864, 40.72119 ], [ -86.98574, 40.7212 ], [ -86.985775, 40.722921 ], [ -86.9858, 40.72409 ], [ -86.9858, 40.72424 ], [ -86.9858, 40.7255 ], [ -86.98585, 40.72688 ], [ -86.98585, 40.72718 ], [ -86.98587, 40.728087 ], [ -86.98591, 40.729809 ], [ -86.985676, 40.729922 ], [ -86.985516, 40.730001 ], [ -86.985199, 40.730509 ], [ -86.985092, 40.730681 ], [ -86.985039, 40.730702 ], [ -86.984889, 40.730949 ], [ -86.984468, 40.731623 ], [ -86.984415, 40.731713 ], [ -86.982629, 40.734799 ], [ -86.982451, 40.735108 ], [ -86.981988, 40.735799 ], [ -86.981819, 40.736059 ], [ -86.981278, 40.736685 ], [ -86.980557, 40.73738 ], [ -86.980463, 40.737431 ], [ -86.979746, 40.737823 ], [ -86.978633, 40.738406 ], [ -86.978003, 40.73887 ], [ -86.977492, 40.739265 ], [ -86.97641, 40.739687 ], [ -86.97436, 40.74 ], [ -86.972141, 40.74034 ], [ -86.971106, 40.740631 ], [ -86.969207, 40.741166 ], [ -86.968054, 40.741655 ], [ -86.967641, 40.741831 ], [ -86.967101, 40.742147 ], [ -86.965125, 40.743381 ], [ -86.964773, 40.743602 ], [ -86.963002, 40.744869 ], [ -86.962149, 40.745628 ], [ -86.961679, 40.746157 ], [ -86.961154, 40.746915 ], [ -86.960368, 40.748338 ], [ -86.95976, 40.749442 ], [ -86.959702, 40.749511 ], [ -86.959428, 40.750079 ], [ -86.959266, 40.750388 ], [ -86.957956, 40.752742 ], [ -86.957839, 40.752953 ], [ -86.957231, 40.75407 ], [ -86.956684, 40.754685 ], [ -86.95617, 40.755072 ], [ -86.955808, 40.755207 ], [ -86.954658, 40.755204 ], [ -86.951091, 40.755087 ], [ -86.948399, 40.754999 ], [ -86.9484, 40.755056 ], [ -86.948404, 40.755229 ], [ -86.948406, 40.755287 ], [ -86.94842, 40.75588 ], [ -86.94844, 40.75719 ], [ -86.948441, 40.757225 ], [ -86.94845, 40.75737 ], [ -86.94845, 40.75767 ], [ -86.94846, 40.75776 ], [ -86.94846, 40.75784 ], [ -86.94846, 40.75829 ], [ -86.94853, 40.7614 ], [ -86.948559, 40.763041 ], [ -86.94857, 40.76363 ], [ -86.94857, 40.76498 ], [ -86.94859, 40.76661 ], [ -86.94861, 40.76756 ], [ -86.948606, 40.767883 ], [ -86.9486, 40.76848 ], [ -86.9486, 40.77169 ], [ -86.94862, 40.77373 ], [ -86.94864, 40.77521 ], [ -86.94865, 40.776596 ], [ -86.94866, 40.77797 ], [ -86.94868, 40.7795 ], [ -86.94864, 40.78112 ], [ -86.94859, 40.78217 ], [ -86.94857, 40.78248 ], [ -86.948565, 40.782655 ], [ -86.94855, 40.78331 ], [ -86.94859, 40.78431 ], [ -86.94868, 40.78603 ], [ -86.94875, 40.78794 ], [ -86.94886, 40.79071 ], [ -86.948904, 40.792123 ], [ -86.94899, 40.79481 ], [ -86.94899, 40.79528 ], [ -86.948986, 40.795456 ], [ -86.94898, 40.79573 ], [ -86.948957, 40.795985 ], [ -86.948942, 40.796162 ], [ -86.945944, 40.797189 ], [ -86.945717, 40.797267 ], [ -86.945418, 40.797608 ], [ -86.945359, 40.797948 ], [ -86.946029, 40.800967 ], [ -86.946121, 40.801421 ], [ -86.946243, 40.80192 ], [ -86.946335, 40.802465 ], [ -86.946487, 40.802874 ], [ -86.946519, 40.8036 ], [ -86.946855, 40.805189 ], [ -86.947014, 40.806234 ], [ -86.947039, 40.806392 ], [ -86.947556, 40.808231 ], [ -86.947943, 40.80926 ], [ -86.9479, 40.80926 ], [ -86.944526, 40.809304 ], [ -86.9441, 40.80931 ], [ -86.94293, 40.80932 ], [ -86.94142, 40.80934 ], [ -86.93825, 40.80937 ], [ -86.934274, 40.809419 ], [ -86.93183, 40.80945 ], [ -86.930858, 40.80946 ], [ -86.930855, 40.809596 ], [ -86.930848, 40.810006 ], [ -86.930846, 40.810143 ], [ -86.930711, 40.810869 ], [ -86.930309, 40.813051 ], [ -86.930175, 40.813778 ], [ -86.930206, 40.815662 ], [ -86.930299, 40.821315 ], [ -86.93033, 40.8232 ], [ -86.929856, 40.821934 ], [ -86.928436, 40.818136 ], [ -86.928353, 40.817914 ], [ -86.927938, 40.81688 ], [ -86.925499, 40.816161 ], [ -86.919084, 40.814271 ], [ -86.918632, 40.814225 ], [ -86.918175, 40.814382 ], [ -86.915771, 40.815208 ], [ -86.915665, 40.8153 ], [ -86.915638, 40.815325 ], [ -86.915286, 40.815476 ], [ -86.915158, 40.815532 ], [ -86.911286, 40.816999 ], [ -86.91062, 40.817109 ], [ -86.90964, 40.817273 ], [ -86.905417, 40.817499 ], [ -86.903261, 40.817498 ], [ -86.896195, 40.817292 ], [ -86.891382, 40.817152 ], [ -86.89122, 40.817147 ], [ -86.888356, 40.817176 ], [ -86.884272, 40.817218 ], [ -86.87928, 40.817255 ], [ -86.876255, 40.817278 ], [ -86.87629, 40.81804 ], [ -86.876324, 40.818968 ], [ -86.8764, 40.82096 ], [ -86.876529, 40.824039 ], [ -86.8766, 40.82573 ], [ -86.876522, 40.82573 ], [ -86.87629, 40.82573 ], [ -86.876213, 40.82573 ], [ -86.876168, 40.824037 ], [ -86.876033, 40.818961 ], [ -86.875989, 40.817269 ], [ -86.875246, 40.817272 ], [ -86.875009, 40.817274 ], [ -86.87302, 40.817288 ], [ -86.872278, 40.817294 ], [ -86.870432, 40.817314 ], [ -86.864897, 40.817375 ], [ -86.863052, 40.817396 ], [ -86.861042, 40.81741 ], [ -86.859629, 40.817421 ], [ -86.855013, 40.817401 ], [ -86.854946, 40.817401 ], [ -86.853804, 40.81747 ], [ -86.853006, 40.817454 ], [ -86.85302, 40.81716 ], [ -86.85303, 40.81671 ], [ -86.853039, 40.815919 ], [ -86.85306, 40.8143 ], [ -86.8531, 40.81176 ], [ -86.853103, 40.811316 ], [ -86.853116, 40.809782 ], [ -86.853117, 40.809547 ], [ -86.85312, 40.80923 ], [ -86.853113, 40.808844 ], [ -86.85311, 40.80861 ], [ -86.853108, 40.808147 ], [ -86.853102, 40.806762 ], [ -86.8531, 40.8063 ], [ -86.84942, 40.80649 ], [ -86.849256, 40.806501 ], [ -86.8487, 40.80654 ], [ -86.8458, 40.80667 ], [ -86.84391, 40.80677 ], [ -86.84334, 40.80679 ], [ -86.83869, 40.80701 ], [ -86.837724, 40.807057 ], [ -86.83623, 40.80713 ], [ -86.83388, 40.80723 ], [ -86.83388, 40.80822 ], [ -86.833874, 40.808715 ], [ -86.83385, 40.81093 ], [ -86.83382, 40.81217 ], [ -86.833802, 40.813173 ], [ -86.8338, 40.81333 ], [ -86.83379, 40.81424 ], [ -86.833777, 40.814659 ], [ -86.832815, 40.814659 ], [ -86.829929, 40.814659 ], [ -86.828968, 40.81466 ], [ -86.826066, 40.814658 ], [ -86.824043, 40.814658 ], [ -86.822396, 40.814658 ], [ -86.81736, 40.814638 ], [ -86.815595, 40.814632 ], [ -86.81446, 40.814578 ], [ -86.814458, 40.814664 ], [ -86.814451, 40.814923 ], [ -86.81445, 40.81501 ], [ -86.81445, 40.81537 ], [ -86.814426, 40.816464 ], [ -86.81442, 40.81674 ], [ -86.81439, 40.81768 ], [ -86.81439, 40.81789 ], [ -86.81437, 40.81898 ], [ -86.81433, 40.82051 ], [ -86.81432, 40.82071 ], [ -86.814318, 40.820825 ], [ -86.8143, 40.82202 ], [ -86.8143, 40.82228 ], [ -86.81428, 40.82253 ], [ -86.81428, 40.823049 ], [ -86.81428, 40.82324 ], [ -86.81427, 40.82402 ], [ -86.81428, 40.82483 ], [ -86.81428, 40.825359 ], [ -86.81428, 40.82613 ], [ -86.812097, 40.826122 ], [ -86.81126, 40.82612 ], [ -86.8088, 40.8261 ], [ -86.80813, 40.8261 ], [ -86.80813, 40.82633 ], [ -86.808253, 40.831481 ], [ -86.808363, 40.831482 ], [ -86.808341, 40.833279 ], [ -86.808243, 40.833527 ], [ -86.808098, 40.834197 ], [ -86.807995, 40.834234 ], [ -86.807981, 40.834302 ], [ -86.807821, 40.834267 ], [ -86.808079, 40.834463 ], [ -86.808118, 40.834493 ], [ -86.808358, 40.834836 ], [ -86.80842, 40.835339 ], [ -86.80845, 40.835649 ], [ -86.808451, 40.83566 ], [ -86.808241, 40.836162 ], [ -86.807851, 40.836872 ], [ -86.80772, 40.837312 ], [ -86.807702, 40.837375 ], [ -86.807641, 40.837764 ], [ -86.807535, 40.837981 ], [ -86.807431, 40.838198 ], [ -86.80698, 40.838655 ], [ -86.806409, 40.83909 ], [ -86.806346, 40.839122 ], [ -86.805928, 40.839342 ], [ -86.805688, 40.839479 ], [ -86.805537, 40.839822 ], [ -86.805568, 40.840027 ], [ -86.805961, 40.840325 ], [ -86.806038, 40.84035 ], [ -86.806805, 40.840599 ], [ -86.808676, 40.840827 ], [ -86.80937, 40.840736 ], [ -86.809733, 40.840507 ], [ -86.809884, 40.840255 ], [ -86.810397, 40.839981 ], [ -86.810604, 40.83993 ], [ -86.81072, 40.839903 ], [ -86.81088, 40.839866 ], [ -86.811422, 40.839888 ], [ -86.812418, 40.840094 ], [ -86.812931, 40.839957 ], [ -86.813293, 40.83998 ], [ -86.813264, 40.840323 ], [ -86.813173, 40.84046 ], [ -86.813235, 40.840735 ], [ -86.813432, 40.840967 ], [ -86.813507, 40.841054 ], [ -86.814563, 40.841786 ], [ -86.815378, 40.842221 ], [ -86.816603, 40.842446 ], [ -86.816619, 40.84244 ], [ -86.817201, 40.842729 ], [ -86.817226, 40.842815 ], [ -86.817245, 40.842879 ], [ -86.81727, 40.84296 ], [ -86.81731, 40.84306 ], [ -86.817311, 40.843073 ], [ -86.81732, 40.84315 ], [ -86.81732, 40.843163 ], [ -86.816551, 40.843104 ], [ -86.815543, 40.842742 ], [ -86.815342, 40.84267 ], [ -86.814828, 40.842693 ], [ -86.814495, 40.842853 ], [ -86.814314, 40.842967 ], [ -86.814071, 40.843356 ], [ -86.813919, 40.843562 ], [ -86.813857, 40.844066 ], [ -86.813882, 40.845346 ], [ -86.81403, 40.845781 ], [ -86.81439, 40.846284 ], [ -86.814539, 40.846673 ], [ -86.814526, 40.846888 ], [ -86.814507, 40.847245 ], [ -86.814324, 40.847588 ], [ -86.814113, 40.84768 ], [ -86.813251, 40.847754 ], [ -86.813139, 40.847748 ], [ -86.813053, 40.847744 ], [ -86.812851, 40.847891 ], [ -86.812838, 40.847901 ], [ -86.812877, 40.847988 ], [ -86.812796, 40.847986 ], [ -86.812554, 40.847981 ], [ -86.812474, 40.84798 ], [ -86.812674, 40.847408 ], [ -86.813117, 40.846979 ], [ -86.813141, 40.846549 ], [ -86.813017, 40.84622 ], [ -86.812826, 40.845712 ], [ -86.812826, 40.845554 ], [ -86.812827, 40.843854 ], [ -86.812575, 40.843176 ], [ -86.812391, 40.843018 ], [ -86.811986, 40.842226 ], [ -86.811464, 40.841751 ], [ -86.810975, 40.841436 ], [ -86.810508, 40.841384 ], [ -86.810396, 40.841372 ], [ -86.809847, 40.841399 ], [ -86.808536, 40.841685 ], [ -86.807843, 40.841776 ], [ -86.80712, 40.841525 ], [ -86.807074, 40.841522 ], [ -86.806427, 40.841479 ], [ -86.806259, 40.841605 ], [ -86.806095, 40.84173 ], [ -86.805854, 40.841845 ], [ -86.805553, 40.841845 ], [ -86.805523, 40.841707 ], [ -86.805463, 40.841662 ], [ -86.805463, 40.841318 ], [ -86.805192, 40.841158 ], [ -86.804649, 40.841158 ], [ -86.804438, 40.841135 ], [ -86.804439, 40.840518 ], [ -86.804318, 40.84038 ], [ -86.804186, 40.840236 ], [ -86.803502, 40.840261 ], [ -86.803503, 40.840629 ], [ -86.80327, 40.840629 ], [ -86.794064, 40.8406 ], [ -86.788913, 40.840428 ], [ -86.784456, 40.840279 ], [ -86.784458, 40.841103 ], [ -86.784482, 40.854536 ], [ -86.784592, 40.8619 ], [ -86.7863, 40.8619 ], [ -86.78958, 40.86192 ], [ -86.79122, 40.86192 ], [ -86.79371, 40.86194 ], [ -86.79429, 40.86195 ], [ -86.7966, 40.86202 ], [ -86.79789, 40.86207 ], [ -86.79909, 40.86211 ], [ -86.79975, 40.86212 ], [ -86.80131, 40.86218 ], [ -86.80255, 40.86222 ], [ -86.80384, 40.86227 ], [ -86.80503, 40.8623 ], [ -86.80557, 40.86232 ], [ -86.80643, 40.86235 ], [ -86.807063, 40.862377 ], [ -86.80735, 40.86239 ], [ -86.80922, 40.86245 ], [ -86.80996, 40.86247 ], [ -86.81183, 40.86254 ], [ -86.81319, 40.86258 ], [ -86.81493, 40.86265 ], [ -86.814934, 40.862856 ], [ -86.814946, 40.863477 ], [ -86.81495, 40.86363 ], [ -86.81495, 40.863684 ], [ -86.81495, 40.86424 ], [ -86.814963, 40.864939 ], [ -86.81497, 40.86525 ], [ -86.81497, 40.86563 ], [ -86.81499, 40.86631 ], [ -86.81499, 40.86673 ], [ -86.815, 40.86705 ], [ -86.815, 40.86739 ], [ -86.81501, 40.86779 ], [ -86.81501, 40.86814 ], [ -86.815028, 40.868705 ], [ -86.81503, 40.86875 ], [ -86.81504, 40.86927 ], [ -86.81505, 40.86953 ], [ -86.81504, 40.86969 ], [ -86.81505, 40.86996 ], [ -86.81505, 40.87013 ], [ -86.81507, 40.87035 ], [ -86.81509, 40.87098 ], [ -86.815143, 40.87239 ], [ -86.81519, 40.87362 ], [ -86.81529, 40.87668 ], [ -86.81533, 40.87886 ], [ -86.81535, 40.879687 ], [ -86.81537, 40.88045 ], [ -86.81539, 40.88179 ], [ -86.8154, 40.88212 ], [ -86.8154, 40.88237 ], [ -86.815405, 40.882594 ], [ -86.815438, 40.884016 ], [ -86.81545, 40.88449 ], [ -86.8152, 40.88449 ], [ -86.81461, 40.88448 ], [ -86.814225, 40.884468 ], [ -86.812349, 40.88441 ], [ -86.810554, 40.88436 ], [ -86.81019, 40.88435 ], [ -86.8095, 40.88433 ], [ -86.80933, 40.88433 ], [ -86.808138, 40.884299 ], [ -86.80776, 40.88429 ], [ -86.80633, 40.88426 ], [ -86.804564, 40.884214 ], [ -86.80398, 40.8842 ], [ -86.803373, 40.884179 ], [ -86.803007, 40.884166 ], [ -86.8028, 40.88416 ], [ -86.80212, 40.88413 ], [ -86.80191, 40.884121 ], [ -86.801545, 40.884107 ], [ -86.79908, 40.884009 ], [ -86.79885, 40.884 ], [ -86.79677, 40.88392 ], [ -86.79492, 40.88385 ], [ -86.79293, 40.88381 ], [ -86.791683, 40.883801 ], [ -86.79142, 40.8838 ], [ -86.79038, 40.8838 ], [ -86.789217, 40.883792 ], [ -86.78895, 40.88379 ], [ -86.788839, 40.883788 ], [ -86.787707, 40.883768 ], [ -86.78733, 40.883762 ], [ -86.787619, 40.88481 ], [ -86.78777, 40.885583 ], [ -86.788055, 40.886729 ], [ -86.789066, 40.890792 ], [ -86.789247, 40.891315 ], [ -86.789308, 40.891587 ], [ -86.789428, 40.891814 ], [ -86.789487, 40.892155 ], [ -86.789579, 40.89227 ], [ -86.789699, 40.892815 ], [ -86.789941, 40.893407 ], [ -86.790211, 40.894385 ], [ -86.790333, 40.894634 ], [ -86.790393, 40.894885 ], [ -86.790601, 40.895503 ], [ -86.790815, 40.896136 ], [ -86.790845, 40.896385 ], [ -86.791297, 40.897705 ], [ -86.791387, 40.897795 ], [ -86.791509, 40.898114 ], [ -86.791569, 40.898205 ], [ -86.791636, 40.898356 ], [ -86.79094, 40.89836 ], [ -86.79067, 40.89836 ], [ -86.79043, 40.89835 ], [ -86.78992, 40.89834 ], [ -86.78941, 40.89832 ], [ -86.788416, 40.898319 ], [ -86.78756, 40.8983 ], [ -86.78631, 40.8983 ], [ -86.78601, 40.89831 ], [ -86.78576, 40.89831 ], [ -86.78539, 40.8983 ], [ -86.78299, 40.89827 ], [ -86.78277, 40.89826 ], [ -86.78265, 40.89827 ], [ -86.78231, 40.89826 ], [ -86.7814, 40.89821 ], [ -86.78094, 40.89821 ], [ -86.78023, 40.8982 ], [ -86.77981, 40.8982 ], [ -86.77919, 40.89819 ], [ -86.778759, 40.89819 ], [ -86.77833, 40.89819 ], [ -86.77653, 40.89818 ], [ -86.77554, 40.89817 ], [ -86.775508, 40.900534 ], [ -86.7755, 40.90117 ], [ -86.77546, 40.90318 ], [ -86.77544, 40.9053 ], [ -86.77543, 40.90544 ], [ -86.77543, 40.9062 ], [ -86.77545, 40.90725 ], [ -86.77546, 40.90756 ], [ -86.77546, 40.907626 ], [ -86.77546, 40.90835 ], [ -86.77548, 40.90937 ], [ -86.7755, 40.90987 ], [ -86.77551, 40.90999 ], [ -86.77555, 40.91046 ], [ -86.775552, 40.910487 ], [ -86.77561, 40.91102 ], [ -86.77574, 40.91184 ], [ -86.775762, 40.911968 ], [ -86.77585, 40.91246 ], [ -86.775344, 40.91245 ], [ -86.773835, 40.912441 ], [ -86.77166, 40.912407 ], [ -86.769111, 40.912378 ], [ -86.767479, 40.912375 ], [ -86.763093, 40.912365 ], [ -86.762392, 40.912361 ], [ -86.760699, 40.91235 ], [ -86.758275, 40.912344 ], [ -86.757389, 40.91233 ], [ -86.7571, 40.91233 ], [ -86.756314, 40.91233 ], [ -86.7563, 40.91233 ], [ -86.753289, 40.912327 ], [ -86.75225, 40.912319 ], [ -86.751185, 40.912311 ], [ -86.74764, 40.912258 ], [ -86.747373, 40.912255 ], [ -86.747128, 40.912259 ], [ -86.746635, 40.91226 ], [ -86.74659, 40.91226 ], [ -86.746349, 40.912265 ], [ -86.744859, 40.912264 ], [ -86.743281, 40.912252 ], [ -86.740544, 40.912238 ], [ -86.739468, 40.912235 ], [ -86.737995, 40.912226 ], [ -86.737296, 40.912219 ], [ -86.73695, 40.912221 ], [ -86.73691, 40.91222 ], [ -86.734168, 40.912216 ], [ -86.730544, 40.912239 ], [ -86.726129, 40.912236 ], [ -86.723808, 40.912231 ], [ -86.720448, 40.912163 ], [ -86.719119, 40.91213 ], [ -86.718882, 40.912131 ], [ -86.718248, 40.912134 ], [ -86.717881, 40.912141 ], [ -86.71788, 40.91212 ], [ -86.717051, 40.912135 ], [ -86.71381, 40.91214 ], [ -86.713807, 40.912154 ], [ -86.713693, 40.912153 ], [ -86.712221, 40.912185 ], [ -86.711726, 40.912186 ], [ -86.711285, 40.91218 ], [ -86.710873, 40.912183 ], [ -86.710795, 40.91259 ], [ -86.710554, 40.91346 ], [ -86.710132, 40.914123 ], [ -86.70962, 40.91497 ], [ -86.708474, 40.916137 ], [ -86.708203, 40.916802 ], [ -86.708112, 40.917351 ], [ -86.708022, 40.918518 ], [ -86.707781, 40.91909 ], [ -86.706394, 40.920509 ], [ -86.706032, 40.920784 ], [ -86.704946, 40.921493 ], [ -86.703167, 40.922431 ], [ -86.699644, 40.92402 ], [ -86.699666, 40.919386 ], [ -86.699675, 40.919201 ], [ -86.699694, 40.914207 ], [ -86.699718, 40.912238 ], [ -86.69674, 40.91223 ], [ -86.696558, 40.91223 ], [ -86.690236, 40.912123 ], [ -86.68966, 40.912117 ], [ -86.683056, 40.912045 ], [ -86.678846, 40.912009 ], [ -86.6779, 40.912 ], [ -86.67789, 40.91118 ], [ -86.67789, 40.910839 ], [ -86.67789, 40.9107 ], [ -86.67788, 40.90998 ], [ -86.67783, 40.90739 ], [ -86.67783, 40.907359 ], [ -86.67783, 40.90713 ], [ -86.67782, 40.90683 ], [ -86.67782, 40.9062 ], [ -86.67781, 40.90613 ], [ -86.67781, 40.9052 ], [ -86.677805, 40.904955 ], [ -86.67778, 40.9037 ], [ -86.67776, 40.90228 ], [ -86.67775, 40.90122 ], [ -86.67775, 40.90114 ], [ -86.67773, 40.90036 ], [ -86.677723, 40.899976 ], [ -86.676173, 40.899753 ], [ -86.675854, 40.899708 ], [ -86.673879, 40.899677 ], [ -86.672833, 40.899502 ], [ -86.672175, 40.899262 ], [ -86.671644, 40.898906 ], [ -86.67098, 40.898461 ], [ -86.670593, 40.898015 ], [ -86.670538, 40.897849 ], [ -86.670466, 40.897939 ], [ -86.670253, 40.898213 ], [ -86.670183, 40.898304 ], [ -86.668241, 40.900241 ], [ -86.662416, 40.906054 ], [ -86.660623, 40.907844 ], [ -86.660475, 40.907992 ], [ -86.660151, 40.908306 ], [ -86.659182, 40.909252 ], [ -86.658859, 40.909567 ], [ -86.658415, 40.909994 ], [ -86.658046, 40.910351 ], [ -86.657172, 40.91136 ], [ -86.65677, 40.911826 ], [ -86.655823, 40.911816 ], [ -86.652889, 40.91178 ], [ -86.649209, 40.911753 ], [ -86.64829, 40.911746 ], [ -86.646621, 40.911734 ], [ -86.645721, 40.911727 ], [ -86.642737, 40.911687 ], [ -86.641544, 40.911673 ], [ -86.6397, 40.91164 ], [ -86.63971, 40.91149 ], [ -86.63966, 40.90963 ], [ -86.63965, 40.90904 ], [ -86.63965, 40.908838 ], [ -86.63965, 40.90865 ], [ -86.63963, 40.90785 ], [ -86.63962, 40.90692 ], [ -86.6396, 40.90572 ], [ -86.63957, 40.90446 ], [ -86.63956, 40.90423 ], [ -86.63952, 40.90243 ], [ -86.63952, 40.90213 ], [ -86.63953, 40.90207 ], [ -86.63951, 40.901 ], [ -86.63951, 40.90072 ], [ -86.639496, 40.900432 ], [ -86.63949, 40.90028 ], [ -86.63948, 40.89947 ], [ -86.63948, 40.89903 ], [ -86.63945, 40.89815 ], [ -86.63945, 40.89763 ], [ -86.63937, 40.89762 ], [ -86.63574, 40.89762 ], [ -86.63555, 40.897618 ], [ -86.63472, 40.89761 ], [ -86.63358, 40.89761 ], [ -86.63311, 40.89762 ], [ -86.63047, 40.89762 ], [ -86.62989, 40.89761 ], [ -86.62972, 40.89761 ], [ -86.62862, 40.89761 ], [ -86.62787, 40.8976 ], [ -86.6265, 40.8976 ], [ -86.62538, 40.89759 ], [ -86.623849, 40.89759 ], [ -86.62242, 40.89759 ], [ -86.62095, 40.89757 ], [ -86.6203, 40.89757 ], [ -86.61995, 40.89758 ], [ -86.61987, 40.89757 ], [ -86.6196, 40.89756 ], [ -86.61917, 40.89757 ], [ -86.61749, 40.89757 ], [ -86.617018, 40.897562 ], [ -86.61682, 40.89756 ], [ -86.6149, 40.89756 ], [ -86.61428, 40.89755 ], [ -86.6126, 40.89755 ], [ -86.61202, 40.89754 ], [ -86.61058, 40.89754 ], [ -86.61019, 40.89755 ], [ -86.608222, 40.89755 ], [ -86.60811, 40.89755 ], [ -86.60764, 40.89754 ], [ -86.60529, 40.89754 ], [ -86.604804, 40.89754 ], [ -86.60437, 40.89754 ], [ -86.60361, 40.89753 ], [ -86.603346, 40.89753 ], [ -86.602861, 40.89753 ], [ -86.602392, 40.89753 ], [ -86.6012, 40.89753 ], [ -86.600988, 40.897526 ], [ -86.60052, 40.89752 ], [ -86.6005, 40.89759 ], [ -86.60051, 40.89781 ], [ -86.60048, 40.8982 ], [ -86.60047, 40.89851 ], [ -86.60047, 40.89878 ], [ -86.600502, 40.899125 ], [ -86.60053, 40.89941 ], [ -86.60055, 40.89993 ], [ -86.60055, 40.90033 ], [ -86.60057, 40.90161 ], [ -86.60057, 40.90231 ], [ -86.60058, 40.9028 ], [ -86.60058, 40.90327 ], [ -86.600594, 40.903958 ], [ -86.60061, 40.90467 ], [ -86.60061, 40.90525 ], [ -86.60062, 40.90557 ], [ -86.60063, 40.906082 ], [ -86.60065, 40.90706 ], [ -86.60065, 40.90752 ], [ -86.600654, 40.90762 ], [ -86.600678, 40.908133 ], [ -86.60068, 40.90818 ], [ -86.60068, 40.90856 ], [ -86.600688, 40.908734 ], [ -86.60069, 40.90876 ], [ -86.60069, 40.90904 ], [ -86.60071, 40.90965 ], [ -86.60072, 40.91014 ], [ -86.60071, 40.910538 ], [ -86.60072, 40.91093 ], [ -86.60072, 40.91114 ], [ -86.600721, 40.911154 ], [ -86.601086, 40.911159 ], [ -86.601924, 40.911162 ], [ -86.601923, 40.911321 ], [ -86.601969, 40.911559 ], [ -86.601989, 40.911607 ], [ -86.597486, 40.911535 ], [ -86.594722, 40.911581 ], [ -86.593461, 40.911719 ], [ -86.592681, 40.911925 ], [ -86.589198, 40.913208 ], [ -86.588838, 40.913277 ], [ -86.588627, 40.913414 ], [ -86.585732, 40.914513 ], [ -86.583868, 40.914513 ], [ -86.583017, 40.914513 ], [ -86.564281, 40.914292 ], [ -86.56428, 40.91361 ], [ -86.564268, 40.913144 ], [ -86.564228, 40.91193 ], [ -86.56426, 40.910668 ], [ -86.562313, 40.91065 ], [ -86.561038, 40.910633 ], [ -86.559458, 40.910611 ], [ -86.558079, 40.910592 ], [ -86.55793, 40.91058 ], [ -86.557865, 40.910579 ], [ -86.555103, 40.910538 ], [ -86.555086, 40.910538 ], [ -86.552099, 40.910488 ], [ -86.549095, 40.910439 ], [ -86.54907, 40.910439 ], [ -86.54891, 40.910436 ], [ -86.548724, 40.910433 ], [ -86.548711, 40.910433 ], [ -86.547115, 40.910407 ], [ -86.545137, 40.910383 ], [ -86.545143, 40.911815 ], [ -86.545132, 40.914055 ], [ -86.545135, 40.916304 ], [ -86.545132, 40.917734 ], [ -86.544366, 40.917726 ], [ -86.535506, 40.91774 ], [ -86.534966, 40.917853 ], [ -86.534635, 40.917853 ], [ -86.534544, 40.917944 ], [ -86.532161, 40.918607 ], [ -86.530321, 40.919202 ], [ -86.528799, 40.919827 ], [ -86.528627, 40.919887 ], [ -86.528309, 40.920066 ], [ -86.528211, 40.919783 ], [ -86.527721, 40.918495 ], [ -86.527578, 40.918121 ], [ -86.527165, 40.916979 ], [ -86.526985, 40.91648 ], [ -86.52687, 40.916163 ], [ -86.52656, 40.915337 ], [ -86.526153, 40.91425 ], [ -86.526036, 40.913917 ], [ -86.525862, 40.913417 ], [ -86.524775, 40.910453 ], [ -86.524643, 40.910134 ], [ -86.524246, 40.91013 ], [ -86.523626, 40.910116 ], [ -86.516645, 40.910052 ], [ -86.513895, 40.910027 ], [ -86.510384, 40.909989 ], [ -86.507463, 40.909964 ], [ -86.506701, 40.909961 ], [ -86.506712, 40.910858 ], [ -86.506718, 40.913577 ], [ -86.50672, 40.913767 ], [ -86.506741, 40.915648 ], [ -86.506748, 40.917255 ], [ -86.506752, 40.918331 ], [ -86.506734, 40.919692 ], [ -86.506738, 40.921301 ], [ -86.506726, 40.922974 ], [ -86.506719, 40.923862 ], [ -86.506719, 40.924048 ], [ -86.50672, 40.92456 ], [ -86.506723, 40.926429 ], [ -86.506722, 40.926593 ], [ -86.506683, 40.931842 ], [ -86.506666, 40.934106 ], [ -86.50664, 40.936661 ], [ -86.506621, 40.939169 ], [ -86.506616, 40.939759 ], [ -86.506635, 40.941463 ], [ -86.506636, 40.942752 ], [ -86.502801, 40.942676 ], [ -86.502385, 40.942671 ], [ -86.502243, 40.942669 ], [ -86.498102, 40.942621 ], [ -86.497906, 40.942619 ], [ -86.497434, 40.942623 ], [ -86.497175, 40.942639 ], [ -86.49708, 40.942693 ], [ -86.497122, 40.944433 ], [ -86.497119, 40.945782 ], [ -86.497104, 40.94601 ], [ -86.497093, 40.946175 ], [ -86.497022, 40.946252 ], [ -86.491678, 40.946157 ], [ -86.487466, 40.946138 ], [ -86.484516, 40.946106 ], [ -86.481201, 40.946097 ], [ -86.477823, 40.946099 ], [ -86.474493, 40.946084 ], [ -86.473093, 40.946084 ], [ -86.471943, 40.946085 ], [ -86.468288, 40.946084 ], [ -86.468104, 40.946074 ], [ -86.468097, 40.947224 ], [ -86.468097, 40.947259 ], [ -86.468097, 40.947288 ], [ -86.46809, 40.948516 ], [ -86.468086, 40.949908 ], [ -86.46808, 40.952149 ], [ -86.468071, 40.953281 ], [ -86.468071, 40.953322 ], [ -86.46807, 40.953388 ], [ -86.468069, 40.95351 ], [ -86.468067, 40.953801 ], [ -86.46806, 40.954608 ], [ -86.468078, 40.957211 ], [ -86.468073, 40.958652 ], [ -86.468051, 40.960678 ], [ -86.468048, 40.961023 ], [ -86.468048, 40.961058 ], [ -86.468036, 40.962802 ], [ -86.468036, 40.962846 ], [ -86.468035, 40.96305 ], [ -86.468035, 40.963081 ], [ -86.468028, 40.964236 ], [ -86.468028, 40.964289 ], [ -86.46802, 40.965577 ], [ -86.468015, 40.966366 ], [ -86.468015, 40.966384 ], [ -86.468014, 40.966439 ], [ -86.468014, 40.966515 ], [ -86.468014, 40.966593 ], [ -86.468014, 40.966672 ], [ -86.468014, 40.966751 ], [ -86.468014, 40.966829 ], [ -86.468014, 40.966906 ], [ -86.468014, 40.966981 ], [ -86.468014, 40.967053 ], [ -86.468014, 40.967122 ], [ -86.468014, 40.967188 ], [ -86.468014, 40.96725 ], [ -86.468014, 40.967308 ], [ -86.468014, 40.967361 ], [ -86.468014, 40.96741 ], [ -86.468013, 40.967817 ], [ -86.468012, 40.96808 ], [ -86.468012, 40.968124 ], [ -86.468012, 40.968193 ], [ -86.468008, 40.96933 ], [ -86.468003, 40.969969 ], [ -86.468001, 40.970252 ], [ -86.468001, 40.97029 ], [ -86.468001, 40.97032 ], [ -86.468001, 40.970343 ], [ -86.468001, 40.970361 ], [ -86.468001, 40.970376 ], [ -86.468001, 40.970388 ], [ -86.467989, 40.971759 ], [ -86.467989, 40.97177 ], [ -86.467973, 40.97371 ], [ -86.467973, 40.973726 ], [ -86.467973, 40.973747 ], [ -86.467973, 40.973773 ], [ -86.467973, 40.973804 ], [ -86.467973, 40.973841 ], [ -86.467973, 40.973883 ], [ -86.467973, 40.973906 ], [ -86.467972, 40.97393 ], [ -86.467968, 40.974321 ], [ -86.467967, 40.975189 ], [ -86.467967, 40.975216 ], [ -86.467967, 40.975266 ], [ -86.467967, 40.975375 ], [ -86.467967, 40.97553 ], [ -86.467967, 40.97559 ], [ -86.467966, 40.975623 ], [ -86.467966, 40.975653 ], [ -86.467966, 40.975747 ], [ -86.467966, 40.975795 ], [ -86.467964, 40.977647 ], [ -86.467964, 40.977756 ], [ -86.467964, 40.977777 ], [ -86.467958, 40.980277 ], [ -86.467942, 40.983049 ], [ -86.467942, 40.983068 ], [ -86.467935, 40.984317 ], [ -86.467943, 40.985242 ], [ -86.467943, 40.985269 ], [ -86.467943, 40.985289 ], [ -86.467943, 40.985304 ], [ -86.467943, 40.985316 ], [ -86.467951, 40.986093 ], [ -86.459381, 40.985984 ], [ -86.452682, 40.985876 ], [ -86.452253, 40.985912 ], [ -86.452276, 40.987197 ], [ -86.452323, 40.989277 ], [ -86.453507, 40.990046 ], [ -86.453537, 40.990137 ], [ -86.45393, 40.990297 ], [ -86.457614, 40.992791 ], [ -86.461329, 40.99517 ], [ -86.463262, 40.996405 ], [ -86.464138, 40.996679 ], [ -86.464652, 40.996748 ], [ -86.467926, 40.996801 ], [ -86.470269, 40.996838 ], [ -86.480506, 40.996995 ], [ -86.481261, 40.996949 ], [ -86.481442, 40.99688 ], [ -86.482369, 40.996874 ], [ -86.489045, 40.996916 ], [ -86.489174, 40.996923 ], [ -86.490394, 40.99742 ], [ -86.494606, 40.999295 ], [ -86.49482, 40.999517 ], [ -86.494882, 40.999585 ], [ -86.495035, 40.999687 ], [ -86.495616, 41.000007 ], [ -86.495806, 41.000728 ], [ -86.495992, 41.001069 ], [ -86.495992, 41.001137 ], [ -86.496177, 41.001273 ], [ -86.496391, 41.001478 ], [ -86.496731, 41.002045 ], [ -86.496856, 41.00241 ], [ -86.496803, 41.003046 ], [ -86.496776, 41.003296 ], [ -86.496799, 41.004393 ], [ -86.49691, 41.004755 ], [ -86.497026, 41.00549 ], [ -86.496993, 41.005972 ], [ -86.497202, 41.006431 ], [ -86.498401, 41.007557 ], [ -86.498461, 41.007717 ], [ -86.500089, 41.009038 ], [ -86.501145, 41.009854 ], [ -86.501684, 41.010337 ], [ -86.501702, 41.011725 ], [ -86.501704, 41.011829 ], [ -86.501853, 41.012082 ], [ -86.501972, 41.012265 ], [ -86.502121, 41.012563 ], [ -86.502389, 41.013023 ], [ -86.502507, 41.013413 ], [ -86.502657, 41.013574 ], [ -86.503708, 41.013807 ], [ -86.504129, 41.013991 ], [ -86.504338, 41.014267 ], [ -86.504818, 41.014497 ], [ -86.50581, 41.014866 ], [ -86.506379, 41.015258 ], [ -86.507218, 41.016016 ], [ -86.508418, 41.016707 ], [ -86.509198, 41.017351 ], [ -86.509677, 41.017834 ], [ -86.509945, 41.018271 ], [ -86.510214, 41.018638 ], [ -86.510566, 41.01897 ], [ -86.511312, 41.018961 ], [ -86.513268, 41.018951 ], [ -86.51328, 41.019166 ], [ -86.513318, 41.019333 ], [ -86.513405, 41.019455 ], [ -86.513548, 41.019556 ], [ -86.513966, 41.01975 ], [ -86.514835, 41.020134 ], [ -86.51506, 41.020307 ], [ -86.51534, 41.020554 ], [ -86.515548, 41.020748 ], [ -86.51563, 41.020907 ], [ -86.515676, 41.021375 ], [ -86.515769, 41.021543 ], [ -86.515912, 41.021644 ], [ -86.516093, 41.021728 ], [ -86.516731, 41.02192 ], [ -86.516293, 41.022502 ], [ -86.516186, 41.022645 ], [ -86.515916, 41.023036 ], [ -86.515861, 41.02319 ], [ -86.515833, 41.023356 ], [ -86.515835, 41.02365 ], [ -86.515836, 41.023736 ], [ -86.515897, 41.026332 ], [ -86.515901, 41.026508 ], [ -86.515893, 41.027661 ], [ -86.515903, 41.029094 ], [ -86.515937, 41.031068 ], [ -86.515931, 41.031898 ], [ -86.515967, 41.033549 ], [ -86.515964, 41.03467 ], [ -86.515975, 41.036167 ], [ -86.516002, 41.037227 ], [ -86.515778, 41.037234 ], [ -86.515608, 41.037233 ], [ -86.513878, 41.037228 ], [ -86.509715, 41.037182 ], [ -86.508285, 41.037165 ], [ -86.506689, 41.037139 ], [ -86.506213, 41.037137 ], [ -86.506213, 41.040761 ], [ -86.498823, 41.04073 ], [ -86.497902, 41.040726 ], [ -86.496917, 41.040718 ], [ -86.493456, 41.040689 ], [ -86.489204, 41.040649 ], [ -86.488632, 41.040644 ], [ -86.484091, 41.040617 ], [ -86.480494, 41.040616 ], [ -86.479794, 41.040616 ], [ -86.477339, 41.040605 ], [ -86.476985, 41.040627 ], [ -86.476492, 41.040627 ], [ -86.470563, 41.040622 ], [ -86.46773, 41.040614 ], [ -86.467558, 41.040615 ], [ -86.467569, 41.040656 ], [ -86.467593, 41.040741 ], [ -86.467596, 41.040752 ], [ -86.467629, 41.040867 ], [ -86.467652, 41.04095 ], [ -86.467667, 41.041004 ], [ -86.467815, 41.041275 ], [ -86.467802, 41.04636 ], [ -86.46776, 41.051604 ], [ -86.467578, 41.055243 ], [ -86.467577, 41.055405 ], [ -86.467523, 41.057349 ], [ -86.467518, 41.057441 ], [ -86.467486, 41.058031 ], [ -86.467486, 41.058584 ], [ -86.467486, 41.058796 ], [ -86.467486, 41.058809 ], [ -86.467444, 41.061092 ], [ -86.467444, 41.061153 ], [ -86.467444, 41.061167 ], [ -86.467439, 41.061468 ], [ -86.467431, 41.061859 ], [ -86.467412, 41.062792 ], [ -86.467409, 41.062922 ], [ -86.46736, 41.06514 ], [ -86.467359, 41.065163 ], [ -86.467359, 41.065185 ], [ -86.467359, 41.065205 ], [ -86.467359, 41.065224 ], [ -86.467359, 41.065241 ], [ -86.467359, 41.065257 ], [ -86.467359, 41.065272 ], [ -86.467359, 41.065286 ], [ -86.467359, 41.065299 ], [ -86.467359, 41.065311 ], [ -86.467359, 41.065322 ], [ -86.467359, 41.065332 ], [ -86.467359, 41.065342 ], [ -86.467345, 41.066059 ], [ -86.467345, 41.066078 ], [ -86.467421, 41.067906 ], [ -86.467422, 41.067932 ], [ -86.467423, 41.067964 ], [ -86.467424, 41.067994 ], [ -86.467438, 41.068327 ], [ -86.467517, 41.070261 ], [ -86.467514, 41.072449 ], [ -86.467514, 41.072917 ], [ -86.467511, 41.07523 ], [ -86.468395, 41.075715 ], [ -86.46874, 41.075926 ], [ -86.470166, 41.076885 ], [ -86.470353, 41.076993 ], [ -86.470542, 41.077049 ], [ -86.47074, 41.077068 ], [ -86.471982, 41.077082 ], [ -86.473198, 41.077096 ], [ -86.475853, 41.07714 ], [ -86.476757, 41.077155 ], [ -86.477174, 41.077162 ], [ -86.479442, 41.07719 ], [ -86.483323, 41.077244 ], [ -86.484508, 41.077256 ], [ -86.486759, 41.077279 ], [ -86.486772, 41.079555 ], [ -86.486743, 41.08024 ], [ -86.48676, 41.08111 ], [ -86.486769, 41.082671 ], [ -86.48677, 41.082897 ], [ -86.486765, 41.083547 ], [ -86.486745, 41.084024 ], [ -86.486768, 41.084196 ], [ -86.486846, 41.084262 ], [ -86.48694, 41.084298 ], [ -86.48459, 41.0842 ], [ -86.484451, 41.0842 ], [ -86.473906, 41.084273 ], [ -86.467222, 41.084295 ], [ -86.46724, 41.085869 ], [ -86.467249, 41.087203 ], [ -86.467218, 41.088635 ], [ -86.467216, 41.088907 ], [ -86.467213, 41.08896 ], [ -86.467213, 41.089148 ], [ -86.467213, 41.089159 ], [ -86.467213, 41.089171 ], [ -86.467213, 41.089184 ], [ -86.467213, 41.089199 ], [ -86.46721, 41.089567 ], [ -86.467213, 41.089821 ], [ -86.467214, 41.089858 ], [ -86.46723, 41.091223 ], [ -86.467229, 41.091625 ], [ -86.467227, 41.092288 ], [ -86.467227, 41.092313 ], [ -86.467221, 41.09392 ], [ -86.467222, 41.094506 ], [ -86.467222, 41.094567 ], [ -86.467222, 41.094615 ], [ -86.467222, 41.094632 ], [ -86.467223, 41.094899 ], [ -86.467223, 41.09493 ], [ -86.467224, 41.094947 ], [ -86.467224, 41.094962 ], [ -86.467224, 41.095008 ], [ -86.467224, 41.095077 ], [ -86.467224, 41.09511 ], [ -86.467224, 41.095133 ], [ -86.465507, 41.095132 ], [ -86.462456, 41.095123 ], [ -86.462436, 41.096397 ], [ -86.462443, 41.098705 ], [ -86.462448, 41.10032 ], [ -86.462464, 41.101493 ], [ -86.462492, 41.102652 ], [ -86.462431, 41.103242 ], [ -86.462377, 41.103705 ], [ -86.462298, 41.104905 ], [ -86.462291, 41.105678 ], [ -86.462272, 41.106493 ], [ -86.462357, 41.10768 ], [ -86.462485, 41.10902 ], [ -86.462541, 41.109859 ], [ -86.462581, 41.111928 ], [ -86.462584, 41.113194 ], [ -86.461892, 41.113191 ], [ -86.461468, 41.113189 ], [ -86.454482, 41.113135 ], [ -86.453016, 41.113135 ], [ -86.453009, 41.11246 ], [ -86.452954, 41.110725 ], [ -86.452992, 41.109195 ], [ -86.452987, 41.109022 ], [ -86.452962, 41.108232 ], [ -86.452948, 41.106925 ], [ -86.452937, 41.104375 ], [ -86.452961, 41.102216 ], [ -86.452927, 41.101796 ], [ -86.452925, 41.099794 ], [ -86.452941, 41.09866 ], [ -86.451491, 41.098667 ], [ -86.448227, 41.098675 ], [ -86.447641, 41.098687 ], [ -86.443753, 41.098706 ], [ -86.43972, 41.098734 ], [ -86.433714, 41.098786 ], [ -86.430639, 41.098809 ], [ -86.428753, 41.098834 ], [ -86.427494, 41.09885 ], [ -86.425799, 41.098871 ], [ -86.425461, 41.098874 ], [ -86.422627, 41.098898 ], [ -86.422724, 41.095257 ], [ -86.421656, 41.095265 ], [ -86.41705, 41.09526 ], [ -86.414823, 41.095257 ], [ -86.414565, 41.095254 ], [ -86.413017, 41.095237 ], [ -86.409707, 41.095246 ], [ -86.405338, 41.095291 ], [ -86.405006, 41.095293 ], [ -86.401108, 41.095316 ], [ -86.398196, 41.095327 ], [ -86.395243, 41.095306 ], [ -86.39525, 41.094834 ], [ -86.395237, 41.092176 ], [ -86.395243, 41.090621 ], [ -86.39525, 41.088218 ], [ -86.395279, 41.085907 ], [ -86.39533, 41.084455 ], [ -86.395453, 41.084457 ], [ -86.396942, 41.084471 ], [ -86.399362, 41.084466 ], [ -86.402981, 41.08445 ], [ -86.405065, 41.08444 ], [ -86.405047, 41.082488 ], [ -86.405044, 41.079612 ], [ -86.405035, 41.078565 ], [ -86.40502, 41.076665 ], [ -86.405012, 41.074877 ], [ -86.405005, 41.073498 ], [ -86.405004, 41.069428 ], [ -86.401592, 41.069397 ], [ -86.396446, 41.069324 ], [ -86.395415, 41.069347 ], [ -86.388743, 41.069266 ], [ -86.388769, 41.067319 ], [ -86.388766, 41.06677 ], [ -86.388798, 41.066666 ], [ -86.388875, 41.066614 ], [ -86.389104, 41.066592 ], [ -86.390356, 41.066605 ], [ -86.390455, 41.066571 ], [ -86.390509, 41.066513 ], [ -86.390541, 41.066427 ], [ -86.39052, 41.064491 ], [ -86.390501, 41.061625 ], [ -86.390512, 41.060406 ], [ -86.390514, 41.060226 ], [ -86.390509, 41.05891 ], [ -86.390499, 41.056072 ], [ -86.390486, 41.054749 ], [ -86.390483, 41.054471 ], [ -86.390493, 41.053345 ], [ -86.390486, 41.051102 ], [ -86.390483, 41.050328 ], [ -86.390489, 41.047266 ], [ -86.390478, 41.044261 ], [ -86.390481, 41.041418 ], [ -86.390466, 41.040169 ], [ -86.388371, 41.04018 ], [ -86.384533, 41.040159 ], [ -86.38296, 41.040167 ], [ -86.380783, 41.040156 ], [ -86.377892, 41.040141 ], [ -86.377491, 41.04014 ], [ -86.375984, 41.040135 ], [ -86.371477, 41.0401 ], [ -86.368127, 41.04007 ], [ -86.366365, 41.040072 ], [ -86.365514, 41.040044 ], [ -86.363567, 41.040029 ], [ -86.361469, 41.040017 ], [ -86.357688, 41.039996 ], [ -86.356812, 41.039986 ], [ -86.354534, 41.039985 ], [ -86.353007, 41.040008 ], [ -86.35044, 41.040025 ], [ -86.349044, 41.040043 ], [ -86.34625, 41.040063 ], [ -86.344365, 41.040089 ], [ -86.34045, 41.040114 ], [ -86.338306, 41.04011 ], [ -86.336084, 41.040111 ], [ -86.336099, 41.040357 ], [ -86.336371, 41.041369 ], [ -86.336432, 41.041806 ], [ -86.336403, 41.042611 ], [ -86.33601, 41.043094 ], [ -86.335617, 41.043464 ], [ -86.333201, 41.045308 ], [ -86.327614, 41.049965 ], [ -86.326737, 41.050772 ], [ -86.326526, 41.051002 ], [ -86.326496, 41.051117 ], [ -86.326314, 41.051255 ], [ -86.325982, 41.051827 ], [ -86.325403, 41.05153 ], [ -86.324124, 41.051051 ], [ -86.321173, 41.050413 ], [ -86.319896, 41.050392 ], [ -86.31898, 41.05054 ], [ -86.318974, 41.049761 ], [ -86.318971, 41.04737 ], [ -86.318944, 41.045302 ], [ -86.318961, 41.042281 ], [ -86.318962, 41.040213 ], [ -86.318983, 41.039076 ], [ -86.318992, 41.036387 ], [ -86.31901, 41.034032 ], [ -86.319006, 41.031408 ], [ -86.319025, 41.028426 ], [ -86.319044, 41.026535 ], [ -86.319066, 41.025634 ], [ -86.316404, 41.0256 ], [ -86.314855, 41.025568 ], [ -86.314207, 41.025554 ], [ -86.314204, 41.023083 ], [ -86.314207, 41.018154 ], [ -86.313353, 41.01619 ], [ -86.313326, 41.01601 ], [ -86.313207, 41.015807 ], [ -86.31312, 41.015582 ], [ -86.312941, 41.01522 ], [ -86.312121, 41.013031 ], [ -86.311827, 41.012217 ], [ -86.311063, 41.010254 ], [ -86.310977, 41.00996 ], [ -86.310711, 41.009328 ], [ -86.310684, 41.009148 ], [ -86.309742, 41.006868 ], [ -86.309626, 41.006438 ], [ -86.309477, 41.006235 ], [ -86.309465, 41.004587 ], [ -86.309471, 41.004418 ], [ -86.309544, 41.000538 ], [ -86.309451, 41.000041 ], [ -86.309503, 40.997951 ], [ -86.309666, 40.997451 ], [ -86.310459, 40.996449 ], [ -86.312317, 40.996451 ], [ -86.314238, 40.996447 ], [ -86.314643, 40.996449 ], [ -86.31816, 40.996443 ], [ -86.319558, 40.996431 ], [ -86.319548, 40.988362 ], [ -86.31954, 40.980715 ], [ -86.319539, 40.979349 ], [ -86.319369, 40.975024 ], [ -86.318748, 40.975029 ], [ -86.315781, 40.97502 ], [ -86.314483, 40.975025 ], [ -86.309942, 40.975031 ], [ -86.309896, 40.975019 ], [ -86.309853, 40.975007 ], [ -86.309765, 40.974953 ], [ -86.309702, 40.974885 ], [ -86.30969, 40.974803 ], [ -86.309701, 40.974331 ], [ -86.309699, 40.973898 ], [ -86.309689, 40.971874 ], [ -86.3097, 40.970216 ], [ -86.309671, 40.967749 ], [ -86.300004, 40.967756 ], [ -86.300002, 40.967291 ], [ -86.299984, 40.966403 ], [ -86.299976, 40.965082 ], [ -86.299952, 40.962701 ], [ -86.299976, 40.962127 ], [ -86.299981, 40.961991 ], [ -86.299974, 40.961133 ], [ -86.299946, 40.960732 ], [ -86.299923, 40.95598 ], [ -86.299917, 40.954665 ], [ -86.299918, 40.952048 ], [ -86.299896, 40.9479 ], [ -86.299896, 40.945826 ], [ -86.299902, 40.943261 ], [ -86.2999, 40.940793 ], [ -86.299893, 40.940017 ], [ -86.299888, 40.939398 ], [ -86.299902, 40.938548 ], [ -86.299892, 40.937177 ], [ -86.299896, 40.936374 ], [ -86.299893, 40.935026 ], [ -86.29991, 40.933893 ], [ -86.299914, 40.933665 ], [ -86.29992, 40.933311 ], [ -86.299893, 40.931368 ], [ -86.299892, 40.930764 ], [ -86.299885, 40.92757 ], [ -86.299904, 40.92532 ], [ -86.29989, 40.924144 ], [ -86.299883, 40.923938 ], [ -86.302905, 40.92396 ], [ -86.304304, 40.92397 ], [ -86.307481, 40.923989 ], [ -86.309139, 40.923965 ], [ -86.309506, 40.923967 ], [ -86.314292, 40.923981 ], [ -86.31428, 40.923292 ], [ -86.314272, 40.921586 ], [ -86.314256, 40.920299 ], [ -86.314226, 40.917991 ], [ -86.314224, 40.917346 ], [ -86.314223, 40.917061 ], [ -86.314252, 40.915436 ], [ -86.314213, 40.913657 ], [ -86.314206, 40.90937 ], [ -86.312937, 40.909362 ], [ -86.30999, 40.909351 ], [ -86.307368, 40.909361 ], [ -86.305097, 40.909353 ], [ -86.30232, 40.909349 ], [ -86.29937, 40.909344 ], [ -86.297374, 40.909345 ], [ -86.296533, 40.909341 ], [ -86.293801, 40.909329 ], [ -86.29355, 40.909334 ], [ -86.293266, 40.909364 ], [ -86.29299, 40.909407 ], [ -86.292764, 40.90943 ], [ -86.292464, 40.909441 ], [ -86.289993, 40.909431 ], [ -86.289629, 40.90943 ], [ -86.289266, 40.90943 ], [ -86.288279, 40.909431 ], [ -86.287713, 40.909431 ], [ -86.285776, 40.909419 ], [ -86.285576, 40.909418 ], [ -86.284282, 40.909416 ], [ -86.283915, 40.909422 ], [ -86.28368, 40.909425 ], [ -86.282194, 40.90941 ], [ -86.282181, 40.90941 ], [ -86.280366, 40.909398 ], [ -86.28035, 40.909398 ], [ -86.273921, 40.909345 ], [ -86.27251, 40.909374 ], [ -86.271056, 40.909422 ], [ -86.270642, 40.909434 ], [ -86.270121, 40.909448 ], [ -86.269812, 40.909446 ], [ -86.269512, 40.909425 ], [ -86.268645, 40.909299 ], [ -86.268403, 40.90926 ], [ -86.268144, 40.909239 ], [ -86.267669, 40.909236 ], [ -86.265965, 40.909219 ], [ -86.262776, 40.909205 ], [ -86.261543, 40.909193 ], [ -86.261531, 40.910108 ], [ -86.261529, 40.911903 ], [ -86.261498, 40.914353 ], [ -86.261478, 40.916604 ], [ -86.261474, 40.918458 ], [ -86.261451, 40.920826 ], [ -86.261437, 40.923755 ], [ -86.254553, 40.92371 ], [ -86.251638, 40.923667 ], [ -86.250823, 40.923655 ], [ -86.24872, 40.923637 ], [ -86.248518, 40.923635 ], [ -86.246151, 40.923603 ], [ -86.242517, 40.923595 ], [ -86.242376, 40.923584 ], [ -86.242371, 40.923358 ], [ -86.242375, 40.919577 ], [ -86.242366, 40.919297 ], [ -86.242389, 40.917254 ], [ -86.242384, 40.915398 ], [ -86.242406, 40.912927 ], [ -86.242404, 40.911396 ], [ -86.242433, 40.909387 ], [ -86.242434, 40.909329 ], [ -86.242433, 40.909064 ], [ -86.230569, 40.909088 ], [ -86.230332, 40.909088 ], [ -86.227352, 40.909087 ], [ -86.226842, 40.90909 ], [ -86.225886, 40.909095 ], [ -86.218823, 40.909132 ], [ -86.214184, 40.909156 ], [ -86.212406, 40.909162 ], [ -86.208523, 40.909174 ], [ -86.207546, 40.909186 ], [ -86.207533, 40.910244 ], [ -86.207524, 40.913935 ], [ -86.207528, 40.916438 ], [ -86.207528, 40.916897 ], [ -86.207494, 40.91979 ], [ -86.207495, 40.920829 ], [ -86.207482, 40.923045 ], [ -86.207468, 40.923659 ], [ -86.20746, 40.923733 ], [ -86.21007, 40.923719 ], [ -86.212272, 40.923686 ], [ -86.212265, 40.92543 ], [ -86.21227, 40.927945 ], [ -86.212231, 40.930664 ], [ -86.21227, 40.930812 ], [ -86.212386, 40.93097 ], [ -86.21253, 40.931107 ], [ -86.212557, 40.931207 ], [ -86.21253, 40.93399 ], [ -86.212558, 40.93462 ], [ -86.213811, 40.934618 ], [ -86.21469, 40.934621 ], [ -86.215161, 40.934622 ], [ -86.217619, 40.934618 ], [ -86.219793, 40.934617 ], [ -86.224161, 40.934625 ], [ -86.224162, 40.935182 ], [ -86.224181, 40.93534 ], [ -86.224228, 40.935413 ], [ -86.224324, 40.935472 ], [ -86.224449, 40.935509 ], [ -86.225155, 40.935525 ], [ -86.225795, 40.935554 ], [ -86.225957, 40.935561 ], [ -86.226441, 40.935612 ], [ -86.226608, 40.935618 ], [ -86.226905, 40.935641 ], [ -86.228206, 40.935692 ], [ -86.22869, 40.935722 ], [ -86.228842, 40.935738 ], [ -86.228932, 40.935791 ], [ -86.228965, 40.935891 ], [ -86.228948, 40.936185 ], [ -86.228945, 40.937613 ], [ -86.228952, 40.939409 ], [ -86.228934, 40.940974 ], [ -86.228877, 40.942265 ], [ -86.22879, 40.943241 ], [ -86.228767, 40.943419 ], [ -86.228696, 40.943524 ], [ -86.22823, 40.94319 ], [ -86.227186, 40.942395 ], [ -86.226767, 40.942093 ], [ -86.226568, 40.942003 ], [ -86.226388, 40.941939 ], [ -86.226236, 40.941916 ], [ -86.225385, 40.941911 ], [ -86.223267, 40.941834 ], [ -86.222692, 40.941845 ], [ -86.221722, 40.941886 ], [ -86.221727, 40.942616 ], [ -86.221708, 40.945446 ], [ -86.221698, 40.948061 ], [ -86.221683, 40.949315 ], [ -86.221679, 40.949651 ], [ -86.221668, 40.952387 ], [ -86.221683, 40.952865 ], [ -86.221675, 40.952975 ], [ -86.221651, 40.953852 ], [ -86.22165, 40.955673 ], [ -86.221628, 40.957548 ], [ -86.221625, 40.958419 ], [ -86.221621, 40.959438 ], [ -86.221627, 40.959789 ], [ -86.221606, 40.959957 ], [ -86.221537, 40.960081 ], [ -86.221322, 40.960269 ], [ -86.221292, 40.960393 ], [ -86.221329, 40.961372 ], [ -86.22136, 40.962855 ], [ -86.221492, 40.965567 ], [ -86.221489, 40.967453 ], [ -86.218591, 40.967445 ], [ -86.218048, 40.967444 ], [ -86.214451, 40.96742 ], [ -86.211849, 40.967437 ], [ -86.207237, 40.967433 ], [ -86.201023, 40.967459 ], [ -86.199521, 40.967462 ], [ -86.198751, 40.967468 ], [ -86.198426, 40.967424 ], [ -86.19823, 40.967365 ], [ -86.197983, 40.967214 ], [ -86.197865, 40.967341 ], [ -86.197765, 40.967476 ], [ -86.197718, 40.967555 ], [ -86.197694, 40.967647 ], [ -86.197687, 40.968653 ], [ -86.197685, 40.970769 ], [ -86.19766, 40.974708 ], [ -86.19763, 40.975708 ], [ -86.192852, 40.975552 ], [ -86.189895, 40.975414 ], [ -86.188591, 40.975346 ], [ -86.188294, 40.975334 ], [ -86.188164, 40.975348 ], [ -86.187801, 40.975511 ], [ -86.186748, 40.976028 ], [ -86.185863, 40.976511 ], [ -86.185571, 40.976656 ], [ -86.185331, 40.976767 ], [ -86.185084, 40.976858 ], [ -86.184786, 40.97692 ], [ -86.184359, 40.97699 ], [ -86.183499, 40.977072 ], [ -86.181134, 40.977065 ], [ -86.178363, 40.97705 ], [ -86.177445, 40.977056 ], [ -86.176089, 40.977068 ], [ -86.176955, 40.979118 ], [ -86.177137, 40.979548 ], [ -86.177834, 40.981184 ], [ -86.17823, 40.982087 ], [ -86.17855, 40.982834 ], [ -86.17877, 40.983344 ], [ -86.179498, 40.985073 ], [ -86.179845, 40.985909 ], [ -86.18015, 40.986644 ], [ -86.180766, 40.988088 ], [ -86.181324, 40.989418 ], [ -86.181052, 40.989431 ], [ -86.175296, 40.989475 ], [ -86.171903, 40.989494 ], [ -86.171668, 40.989495 ], [ -86.16846, 40.989514 ], [ -86.168459, 40.996097 ], [ -86.167994, 40.996095 ], [ -86.167829, 40.996088 ], [ -86.167676, 40.996088 ], [ -86.166298, 40.996087 ], [ -86.166246, 40.996087 ], [ -86.165176, 40.996086 ], [ -86.16502, 40.996085 ], [ -86.163854, 40.996077 ], [ -86.163082, 40.996082 ], [ -86.159133, 40.996086 ], [ -86.158277, 40.996094 ], [ -86.157194, 40.996088 ], [ -86.156094, 40.996093 ], [ -86.154711, 40.996089 ], [ -86.154526, 40.996093 ], [ -86.154457, 40.996094 ], [ -86.152807, 40.996077 ], [ -86.150651, 40.99607 ], [ -86.149568, 40.996073 ], [ -86.149345, 40.996078 ], [ -86.149204, 40.996081 ], [ -86.149164, 40.996082 ], [ -86.13002, 40.996081 ], [ -86.13, 40.996081 ], [ -86.12966, 40.996079 ], [ -86.128556, 40.996097 ], [ -86.128264, 40.996102 ], [ -86.127515, 40.99611 ], [ -86.125372, 40.99615 ], [ -86.125114, 40.996155 ], [ -86.124963, 40.996159 ], [ -86.124424, 40.996172 ], [ -86.124302, 40.996174 ], [ -86.123186, 40.996192 ], [ -86.122747, 40.996205 ], [ -86.122319, 40.996218 ], [ -86.120962, 40.996226 ], [ -86.120512, 40.996241 ], [ -86.119693, 40.996246 ], [ -86.118871, 40.996265 ], [ -86.118193, 40.996281 ], [ -86.117632, 40.996288 ], [ -86.117024, 40.996311 ], [ -86.115167, 40.996336 ], [ -86.115032, 40.996344 ], [ -86.114876, 40.996346 ], [ -86.114842, 40.996346 ], [ -86.114836, 40.997306 ], [ -86.114841, 40.998716 ], [ -86.114799, 40.999459 ], [ -86.114836, 41.000785 ], [ -86.114848, 41.001362 ], [ -86.114776, 41.00332 ], [ -86.114755, 41.004941 ], [ -86.115116, 41.00496 ], [ -86.115342, 41.004987 ], [ -86.115555, 41.005027 ], [ -86.116289, 41.005204 ], [ -86.117275, 41.005432 ], [ -86.117597, 41.005498 ], [ -86.117862, 41.00554 ], [ -86.11812, 41.005566 ], [ -86.118546, 41.005594 ], [ -86.118721, 41.005595 ], [ -86.118863, 41.005572 ], [ -86.119038, 41.005519 ], [ -86.119305, 41.005409 ], [ -86.120052, 41.005062 ], [ -86.120267, 41.004946 ], [ -86.120611, 41.004841 ], [ -86.122549, 41.004405 ], [ -86.124059, 41.004074 ], [ -86.124379, 41.004013 ], [ -86.12436, 41.004266 ], [ -86.12434, 41.005339 ], [ -86.124325, 41.005627 ], [ -86.124303, 41.007332 ], [ -86.124305, 41.008844 ], [ -86.124274, 41.010803 ], [ -86.124298, 41.013724 ], [ -86.124262, 41.015093 ], [ -86.12424, 41.016785 ], [ -86.124236, 41.017974 ], [ -86.124238, 41.018672 ], [ -86.124208, 41.020911 ], [ -86.124229, 41.021488 ], [ -86.124187, 41.022522 ], [ -86.124191, 41.02377 ], [ -86.124194, 41.024567 ], [ -86.124177, 41.025416 ], [ -86.124124, 41.028964 ], [ -86.124126, 41.030932 ], [ -86.124114, 41.032478 ], [ -86.123673, 41.032486 ], [ -86.122818, 41.032488 ], [ -86.120387, 41.032539 ], [ -86.117065, 41.032587 ], [ -86.11452, 41.032639 ], [ -86.114425, 41.038735 ], [ -86.114425, 41.038775 ], [ -86.114416, 41.040122 ], [ -86.114407, 41.041388 ], [ -86.114386, 41.045707 ], [ -86.114389, 41.049071 ], [ -86.114405, 41.051095 ], [ -86.114402, 41.05162 ], [ -86.114401, 41.051822 ], [ -86.114397, 41.052568 ], [ -86.114393, 41.052807 ], [ -86.114368, 41.054408 ], [ -86.111986, 41.054457 ], [ -86.109174, 41.054529 ], [ -86.107402, 41.054581 ], [ -86.103379, 41.054657 ], [ -86.102276, 41.054702 ], [ -86.101944, 41.054709 ], [ -86.100685, 41.054737 ], [ -86.099646, 41.054747 ], [ -86.096992, 41.054818 ], [ -86.097252, 41.055063 ], [ -86.098595, 41.055759 ], [ -86.09954, 41.056179 ], [ -86.103021, 41.05792 ], [ -86.103938, 41.058477 ], [ -86.105922, 41.059545 ], [ -86.107787, 41.060612 ], [ -86.108307, 41.061028 ], [ -86.108736, 41.061514 ], [ -86.109107, 41.062091 ], [ -86.109171, 41.062392 ], [ -86.109603, 41.063084 ], [ -86.109604, 41.063177 ], [ -86.109974, 41.063708 ], [ -86.110249, 41.063893 ], [ -86.111194, 41.064105 ], [ -86.111165, 41.06422 ], [ -86.110838, 41.064472 ], [ -86.11018, 41.064701 ], [ -86.10928, 41.064794 ], [ -86.105385, 41.064548 ], [ -86.104337, 41.064618 ], [ -86.103618, 41.064801 ], [ -86.102752, 41.065283 ], [ -86.102124, 41.065536 ], [ -86.100746, 41.065699 ], [ -86.098409, 41.065794 ], [ -86.095323, 41.065683 ], [ -86.094904, 41.065638 ], [ -86.094395, 41.065478 ], [ -86.09332, 41.064633 ], [ -86.092632, 41.064269 ], [ -86.091585, 41.063812 ], [ -86.090567, 41.063562 ], [ -86.090417, 41.063546 ], [ -86.090417, 41.063588 ], [ -86.090411, 41.064035 ], [ -86.090413, 41.064446 ], [ -86.090386, 41.06584 ], [ -86.090336, 41.069482 ], [ -86.090331, 41.069838 ], [ -86.090333, 41.070833 ], [ -86.090309, 41.073121 ], [ -86.090308, 41.074629 ], [ -86.092052, 41.074713 ], [ -86.092676, 41.074712 ], [ -86.095038, 41.074659 ], [ -86.101351, 41.074589 ], [ -86.102101, 41.074595 ], [ -86.102764, 41.074666 ], [ -86.103844, 41.0748 ], [ -86.105997, 41.07505 ], [ -86.108355, 41.075355 ], [ -86.112117, 41.075826 ], [ -86.114142, 41.076099 ], [ -86.114109, 41.078986 ], [ -86.114085, 41.082156 ], [ -86.114091, 41.083978 ], [ -86.114105, 41.084249 ], [ -86.114281, 41.084255 ], [ -86.114323, 41.085613 ], [ -86.114346, 41.088092 ], [ -86.114347, 41.088123 ], [ -86.114359, 41.088674 ], [ -86.114368, 41.089061 ], [ -86.114394, 41.089814 ], [ -86.11442, 41.091535 ], [ -86.114465, 41.093169 ], [ -86.114497, 41.094835 ], [ -86.114544, 41.09675 ], [ -86.114577, 41.098829 ], [ -86.113874, 41.098848 ], [ -86.110463, 41.098905 ], [ -86.106965, 41.098968 ], [ -86.100166, 41.099081 ], [ -86.098204, 41.099102 ], [ -86.0953, 41.099145 ], [ -86.09213, 41.099215 ], [ -86.086268, 41.099294 ], [ -86.080801, 41.099393 ], [ -86.076121, 41.099453 ], [ -86.076148, 41.101206 ], [ -86.076148, 41.102892 ], [ -86.076185, 41.104752 ], [ -86.076206, 41.106652 ], [ -86.076242, 41.108553 ], [ -86.076245, 41.110067 ], [ -86.076272, 41.112045 ], [ -86.076303, 41.113774 ], [ -86.076312, 41.114028 ], [ -86.066596, 41.114179 ], [ -86.057213, 41.114356 ], [ -86.04745, 41.114476 ], [ -86.045817, 41.114502 ], [ -86.043116, 41.114545 ], [ -86.038212, 41.114624 ], [ -86.038195, 41.11593 ], [ -86.038211, 41.119815 ], [ -86.038215, 41.120155 ], [ -86.03824, 41.122125 ], [ -86.038363, 41.129148 ], [ -86.03156, 41.129289 ], [ -86.021962, 41.129468 ], [ -86.018988, 41.129507 ], [ -86.015314, 41.129359 ], [ -86.014051, 41.129312 ], [ -86.012186, 41.129295 ], [ -86.010324, 41.129293 ], [ -86.010323, 41.129373 ], [ -86.010314, 41.129481 ], [ -86.010328, 41.129537 ], [ -86.010333, 41.12959 ], [ -86.010331, 41.129655 ], [ -86.01034, 41.129759 ], [ -86.010329, 41.129801 ], [ -86.010228, 41.129988 ], [ -86.010145, 41.130099 ], [ -86.01009, 41.130155 ], [ -86.010014, 41.130204 ], [ -86.009966, 41.130279 ], [ -86.009926, 41.130361 ], [ -86.009889, 41.130393 ], [ -86.009844, 41.130485 ], [ -86.009816, 41.130509 ], [ -86.009767, 41.130565 ], [ -86.009706, 41.130647 ], [ -86.009599, 41.130815 ], [ -86.009557, 41.130908 ], [ -86.00953, 41.130946 ], [ -86.009496, 41.13098 ], [ -86.009433, 41.131001 ], [ -86.009409, 41.131018 ], [ -86.009372, 41.131055 ], [ -86.009332, 41.131069 ], [ -86.009246, 41.131079 ], [ -86.009138, 41.131111 ], [ -86.009108, 41.131129 ], [ -86.008962, 41.131266 ], [ -86.008925, 41.131334 ], [ -86.008848, 41.131436 ], [ -86.008796, 41.131521 ], [ -86.008749, 41.131619 ], [ -86.008708, 41.131685 ], [ -86.008628, 41.131781 ], [ -86.008492, 41.132021 ], [ -86.008461, 41.132067 ], [ -86.008397, 41.13223 ], [ -86.008364, 41.132282 ], [ -86.008274, 41.132557 ], [ -86.008231, 41.132656 ], [ -86.008165, 41.132869 ], [ -86.008116, 41.13299 ], [ -86.008118, 41.133014 ], [ -86.008033, 41.133173 ], [ -86.007993, 41.133218 ], [ -86.007932, 41.133303 ], [ -86.007849, 41.133385 ], [ -86.007686, 41.133577 ], [ -86.007529, 41.133729 ], [ -86.007488, 41.133751 ], [ -86.007439, 41.13376 ], [ -86.007089, 41.13375 ], [ -86.007039, 41.133753 ], [ -86.006886, 41.133749 ], [ -86.006863, 41.133754 ], [ -86.006748, 41.133757 ], [ -86.006703, 41.133763 ], [ -86.006664, 41.13379 ], [ -86.00664, 41.133814 ], [ -86.006572, 41.134045 ], [ -86.006551, 41.134101 ], [ -86.00639, 41.134414 ], [ -86.006267, 41.134597 ], [ -86.006222, 41.134699 ], [ -86.006207, 41.134756 ], [ -86.006206, 41.13484 ], [ -86.006165, 41.135089 ], [ -86.006132, 41.135455 ], [ -86.006102, 41.135629 ], [ -86.006066, 41.135894 ], [ -86.006052, 41.135947 ], [ -86.006014, 41.136157 ], [ -86.006008, 41.13628 ], [ -86.005987, 41.136372 ], [ -86.00593, 41.136676 ], [ -86.005919, 41.136702 ], [ -86.005887, 41.136753 ], [ -86.005841, 41.136782 ], [ -86.005793, 41.1368 ], [ -86.005663, 41.13696 ], [ -86.005622, 41.136997 ], [ -86.005598, 41.137026 ], [ -86.005529, 41.137133 ], [ -86.005454, 41.137222 ], [ -86.005353, 41.137288 ], [ -86.005295, 41.137342 ], [ -86.005217, 41.137382 ], [ -86.005185, 41.137406 ], [ -86.005162, 41.137432 ], [ -86.005169, 41.13753 ], [ -86.005184, 41.137574 ], [ -86.005212, 41.137612 ], [ -86.005305, 41.137683 ], [ -86.005335, 41.137719 ], [ -86.005359, 41.137761 ], [ -86.005416, 41.137831 ], [ -86.005445, 41.137875 ], [ -86.005474, 41.137956 ], [ -86.005498, 41.138053 ], [ -86.00551, 41.138128 ], [ -86.005563, 41.138225 ], [ -86.00561, 41.138299 ], [ -86.005663, 41.138422 ], [ -86.00567, 41.138505 ], [ -86.005694, 41.138553 ], [ -86.005753, 41.138629 ], [ -86.005791, 41.138715 ], [ -86.005818, 41.138796 ], [ -86.005873, 41.138887 ], [ -86.005873, 41.138914 ], [ -86.005908, 41.138979 ], [ -86.005939, 41.139066 ], [ -86.005972, 41.139132 ], [ -86.006027, 41.139204 ], [ -86.006042, 41.139246 ], [ -86.006044, 41.139285 ], [ -86.006052, 41.139308 ], [ -86.006095, 41.13938 ], [ -86.006146, 41.139507 ], [ -86.006205, 41.1396 ], [ -86.006278, 41.139687 ], [ -86.006337, 41.139787 ], [ -86.006344, 41.139846 ], [ -86.006305, 41.139843 ], [ -86.006236, 41.139827 ], [ -86.006198, 41.139809 ], [ -86.006152, 41.139793 ], [ -86.006071, 41.139748 ], [ -86.005973, 41.139706 ], [ -86.00593, 41.13968 ], [ -86.005875, 41.139661 ], [ -86.005762, 41.139641 ], [ -86.005705, 41.139636 ], [ -86.005609, 41.139606 ], [ -86.005396, 41.139548 ], [ -86.005259, 41.13949 ], [ -86.005217, 41.139489 ], [ -86.005179, 41.139481 ], [ -86.005003, 41.139424 ], [ -86.004929, 41.139394 ], [ -86.004639, 41.139317 ], [ -86.004357, 41.139216 ], [ -86.004272, 41.139199 ], [ -86.004124, 41.139162 ], [ -86.00402, 41.139112 ], [ -86.003973, 41.139097 ], [ -86.003897, 41.13908 ], [ -86.003726, 41.139012 ], [ -86.003636, 41.138991 ], [ -86.003454, 41.138937 ], [ -86.00337, 41.138901 ], [ -86.003239, 41.138858 ], [ -86.003156, 41.138821 ], [ -86.002959, 41.13875 ], [ -86.002874, 41.138709 ], [ -86.002702, 41.138657 ], [ -86.002609, 41.138619 ], [ -86.002619, 41.138532 ], [ -86.002491, 41.138554 ], [ -86.002463, 41.138564 ], [ -86.002357, 41.138543 ], [ -86.002183, 41.138488 ], [ -86.002069, 41.138434 ], [ -86.002028, 41.138424 ], [ -86.001887, 41.13837 ], [ -86.001703, 41.138255 ], [ -86.001586, 41.138215 ], [ -86.001477, 41.138167 ], [ -86.001439, 41.138145 ], [ -86.00136, 41.138117 ], [ -86.00128, 41.13808 ], [ -86.001163, 41.138015 ], [ -86.00109, 41.137981 ], [ -86.000965, 41.137887 ], [ -86.000922, 41.137834 ], [ -86.000869, 41.137782 ], [ -86.000811, 41.137707 ], [ -86.000759, 41.137663 ], [ -86.000622, 41.137567 ], [ -86.00044, 41.137409 ], [ -86.000154, 41.137108 ], [ -86.00001, 41.136979 ], [ -85.999908, 41.136879 ], [ -85.999882, 41.136829 ], [ -85.999788, 41.136733 ], [ -85.999708, 41.136609 ], [ -85.999627, 41.136524 ], [ -85.999525, 41.136449 ], [ -85.999486, 41.136433 ], [ -85.999434, 41.136401 ], [ -85.999435, 41.136456 ], [ -85.999457, 41.13777 ], [ -85.999545, 41.143607 ], [ -86.004353, 41.143561 ], [ -86.004489, 41.151186 ], [ -86.004574, 41.157482 ], [ -86.004584, 41.157971 ], [ -86.003987, 41.157971 ], [ -86.001803, 41.157997 ], [ -85.993585, 41.158123 ], [ -85.985427, 41.158234 ], [ -85.985348, 41.151993 ], [ -85.985326, 41.150839 ], [ -85.985151, 41.143735 ], [ -85.983913, 41.143771 ], [ -85.983042, 41.143803 ], [ -85.979444, 41.143918 ], [ -85.978153, 41.143969 ], [ -85.977375, 41.143996 ], [ -85.976352, 41.144026 ], [ -85.975437, 41.144048 ], [ -85.973608, 41.144082 ], [ -85.971822, 41.144091 ], [ -85.966172, 41.144139 ], [ -85.965541, 41.144157 ], [ -85.96485, 41.144182 ], [ -85.964379, 41.144195 ], [ -85.961255, 41.144314 ], [ -85.960271, 41.144344 ], [ -85.957656, 41.144437 ], [ -85.956942, 41.144468 ], [ -85.95663, 41.144468 ], [ -85.956627, 41.144643 ], [ -85.956631, 41.144774 ], [ -85.95664, 41.144814 ], [ -85.95664, 41.14485 ], [ -85.956612, 41.144946 ], [ -85.956613, 41.144983 ], [ -85.956626, 41.14506 ], [ -85.956631, 41.145187 ], [ -85.956645, 41.145295 ], [ -85.956649, 41.145407 ], [ -85.956639, 41.145448 ], [ -85.956657, 41.145584 ], [ -85.956693, 41.145657 ], [ -85.956725, 41.145694 ], [ -85.956824, 41.14579 ], [ -85.956918, 41.14589 ], [ -85.956934, 41.145919 ], [ -85.956941, 41.146064 ], [ -85.956981, 41.146236 ], [ -85.957009, 41.146315 ], [ -85.95711, 41.146466 ], [ -85.957189, 41.146523 ], [ -85.957345, 41.146595 ], [ -85.957407, 41.146637 ], [ -85.957476, 41.14671 ], [ -85.9576, 41.146879 ], [ -85.957696, 41.146987 ], [ -85.957748, 41.147055 ], [ -85.957758, 41.147103 ], [ -85.957801, 41.147152 ], [ -85.957884, 41.147229 ], [ -85.957958, 41.147358 ], [ -85.957981, 41.147382 ], [ -85.958007, 41.1474 ], [ -85.958069, 41.147429 ], [ -85.958247, 41.147476 ], [ -85.958289, 41.147493 ], [ -85.958393, 41.14757 ], [ -85.958467, 41.147601 ], [ -85.958509, 41.147613 ], [ -85.958602, 41.147659 ], [ -85.958736, 41.147741 ], [ -85.958862, 41.147798 ], [ -85.959, 41.147879 ], [ -85.959142, 41.147977 ], [ -85.959162, 41.147997 ], [ -85.959244, 41.148138 ], [ -85.959329, 41.148263 ], [ -85.959375, 41.148307 ], [ -85.95941, 41.148312 ], [ -85.959439, 41.148325 ], [ -85.959471, 41.148349 ], [ -85.959499, 41.148381 ], [ -85.959533, 41.148433 ], [ -85.9597, 41.148652 ], [ -85.959704, 41.148688 ], [ -85.959718, 41.148718 ], [ -85.95974, 41.148794 ], [ -85.959848, 41.148939 ], [ -85.959892, 41.149019 ], [ -85.9599, 41.149076 ], [ -85.959897, 41.149139 ], [ -85.959875, 41.149207 ], [ -85.95983, 41.149268 ], [ -85.959747, 41.149457 ], [ -85.959737, 41.149588 ], [ -85.959739, 41.149621 ], [ -85.959768, 41.149688 ], [ -85.959776, 41.149878 ], [ -85.959764, 41.149955 ], [ -85.959729, 41.150031 ], [ -85.959684, 41.150154 ], [ -85.959677, 41.150215 ], [ -85.959616, 41.150359 ], [ -85.959445, 41.150566 ], [ -85.959443, 41.150627 ], [ -85.959431, 41.150685 ], [ -85.959396, 41.150739 ], [ -85.959352, 41.150773 ], [ -85.959343, 41.150801 ], [ -85.959347, 41.150864 ], [ -85.95936, 41.150895 ], [ -85.959404, 41.150972 ], [ -85.959413, 41.151005 ], [ -85.959409, 41.151151 ], [ -85.959396, 41.151188 ], [ -85.959365, 41.151232 ], [ -85.959351, 41.151345 ], [ -85.959273, 41.151453 ], [ -85.959209, 41.151511 ], [ -85.95913, 41.151561 ], [ -85.959101, 41.151585 ], [ -85.959072, 41.151617 ], [ -85.959052, 41.151651 ], [ -85.959034, 41.151707 ], [ -85.958989, 41.151767 ], [ -85.958905, 41.151858 ], [ -85.958888, 41.151885 ], [ -85.958882, 41.151921 ], [ -85.958868, 41.151943 ], [ -85.958809, 41.151974 ], [ -85.958743, 41.152031 ], [ -85.958644, 41.152132 ], [ -85.958586, 41.152183 ], [ -85.958545, 41.152203 ], [ -85.958509, 41.152233 ], [ -85.95847, 41.1523 ], [ -85.958453, 41.152328 ], [ -85.9584, 41.15239 ], [ -85.958356, 41.15246 ], [ -85.9583, 41.152606 ], [ -85.958266, 41.152671 ], [ -85.958177, 41.152797 ], [ -85.958027, 41.153025 ], [ -85.958015, 41.153057 ], [ -85.958012, 41.153085 ], [ -85.958039, 41.153208 ], [ -85.958025, 41.15324 ], [ -85.957993, 41.153292 ], [ -85.957954, 41.153448 ], [ -85.95795, 41.153532 ], [ -85.957887, 41.153656 ], [ -85.957837, 41.15384 ], [ -85.957767, 41.154033 ], [ -85.957757, 41.154083 ], [ -85.957755, 41.154192 ], [ -85.957747, 41.154232 ], [ -85.957654, 41.154522 ], [ -85.957637, 41.154653 ], [ -85.957619, 41.154694 ], [ -85.957544, 41.154993 ], [ -85.957535, 41.155076 ], [ -85.957508, 41.155168 ], [ -85.957505, 41.1552 ], [ -85.957491, 41.155226 ], [ -85.957484, 41.155254 ], [ -85.957484, 41.155312 ], [ -85.957466, 41.155333 ], [ -85.957385, 41.155397 ], [ -85.957316, 41.155479 ], [ -85.957317, 41.155525 ], [ -85.957343, 41.155555 ], [ -85.957391, 41.155599 ], [ -85.957415, 41.155639 ], [ -85.957414, 41.155657 ], [ -85.957387, 41.155705 ], [ -85.957294, 41.155801 ], [ -85.957284, 41.155834 ], [ -85.957283, 41.155861 ], [ -85.957288, 41.155883 ], [ -85.957317, 41.155934 ], [ -85.957314, 41.155983 ], [ -85.957294, 41.156018 ], [ -85.957269, 41.156035 ], [ -85.95723, 41.156045 ], [ -85.957207, 41.15606 ], [ -85.957178, 41.156101 ], [ -85.957181, 41.156147 ], [ -85.957193, 41.156172 ], [ -85.957228, 41.15622 ], [ -85.957258, 41.15625 ], [ -85.957316, 41.156294 ], [ -85.957336, 41.156317 ], [ -85.957339, 41.156337 ], [ -85.957326, 41.156407 ], [ -85.957327, 41.156433 ], [ -85.957411, 41.156577 ], [ -85.957416, 41.156618 ], [ -85.957409, 41.156639 ], [ -85.957325, 41.156692 ], [ -85.957321, 41.156736 ], [ -85.957325, 41.156768 ], [ -85.957352, 41.156822 ], [ -85.957395, 41.156878 ], [ -85.957411, 41.156917 ], [ -85.957443, 41.157074 ], [ -85.957468, 41.157147 ], [ -85.957545, 41.157275 ], [ -85.957571, 41.157327 ], [ -85.957571, 41.157352 ], [ -85.957555, 41.1574 ], [ -85.957553, 41.157459 ], [ -85.957543, 41.157485 ], [ -85.957505, 41.157513 ], [ -85.957484, 41.157537 ], [ -85.957468, 41.157583 ], [ -85.957465, 41.157691 ], [ -85.957444, 41.15777 ], [ -85.957453, 41.157929 ], [ -85.957479, 41.157991 ], [ -85.95748, 41.158023 ], [ -85.957474, 41.158049 ], [ -85.957416, 41.158125 ], [ -85.957369, 41.158219 ], [ -85.957373, 41.158246 ], [ -85.95739, 41.158283 ], [ -85.957439, 41.158362 ], [ -85.957444, 41.158386 ], [ -85.957437, 41.158495 ], [ -85.957451, 41.158545 ], [ -85.957447, 41.158593 ], [ -85.95743, 41.158635 ], [ -85.957426, 41.158697 ], [ -85.957439, 41.158768 ], [ -85.957044, 41.158776 ], [ -85.947485, 41.158822 ], [ -85.947489, 41.159 ], [ -85.947482, 41.160308 ], [ -85.947439, 41.164443 ], [ -85.947438, 41.166067 ], [ -85.943045, 41.165974 ], [ -85.939498, 41.165899 ], [ -85.939462, 41.165847 ], [ -85.939391, 41.165833 ], [ -85.939291, 41.165837 ], [ -85.939216, 41.165852 ], [ -85.939112, 41.165854 ], [ -85.939051, 41.165837 ], [ -85.938984, 41.165822 ], [ -85.938923, 41.165884 ], [ -85.937846, 41.165854 ], [ -85.937658, 41.166079 ], [ -85.93763, 41.166232 ], [ -85.937664, 41.166505 ], [ -85.937633, 41.166715 ], [ -85.937641, 41.166883 ], [ -85.937727, 41.167004 ], [ -85.937834, 41.167307 ], [ -85.93784, 41.167516 ], [ -85.937858, 41.1676 ], [ -85.937857, 41.167675 ], [ -85.937862, 41.167703 ], [ -85.937885, 41.167739 ], [ -85.93792, 41.16776 ], [ -85.937977, 41.167773 ], [ -85.938171, 41.167768 ], [ -85.938281, 41.167781 ], [ -85.938355, 41.167814 ], [ -85.938417, 41.167812 ], [ -85.938473, 41.167861 ], [ -85.93848, 41.167923 ], [ -85.938436, 41.167963 ], [ -85.938468, 41.168033 ], [ -85.938491, 41.168056 ], [ -85.938598, 41.168093 ], [ -85.93862, 41.168108 ], [ -85.938641, 41.168142 ], [ -85.938647, 41.16818 ], [ -85.93863, 41.168226 ], [ -85.938572, 41.16833 ], [ -85.938507, 41.168412 ], [ -85.938498, 41.168436 ], [ -85.938512, 41.168471 ], [ -85.938533, 41.168483 ], [ -85.938598, 41.168493 ], [ -85.938656, 41.168509 ], [ -85.938746, 41.168517 ], [ -85.938761, 41.168555 ], [ -85.938786, 41.168581 ], [ -85.938897, 41.168623 ], [ -85.938925, 41.16865 ], [ -85.938988, 41.168672 ], [ -85.939027, 41.168699 ], [ -85.939042, 41.168739 ], [ -85.939063, 41.168771 ], [ -85.939124, 41.16878 ], [ -85.939197, 41.168784 ], [ -85.939304, 41.168813 ], [ -85.939338, 41.168828 ], [ -85.939358, 41.168815 ], [ -85.939459, 41.168887 ], [ -85.939576, 41.169054 ], [ -85.93958, 41.169094 ], [ -85.939572, 41.169125 ], [ -85.939482, 41.169342 ], [ -85.939395, 41.169494 ], [ -85.939337, 41.169569 ], [ -85.939226, 41.169663 ], [ -85.939173, 41.169686 ], [ -85.939119, 41.169724 ], [ -85.939109, 41.169783 ], [ -85.938978, 41.169897 ], [ -85.938933, 41.169925 ], [ -85.938896, 41.169971 ], [ -85.938884, 41.170003 ], [ -85.938881, 41.170026 ], [ -85.9389, 41.17005 ], [ -85.938868, 41.170119 ], [ -85.938825, 41.170263 ], [ -85.938661, 41.170345 ], [ -85.938599, 41.17043 ], [ -85.938509, 41.170502 ], [ -85.938434, 41.170536 ], [ -85.938357, 41.170562 ], [ -85.938309, 41.170563 ], [ -85.93825, 41.170555 ], [ -85.938113, 41.170524 ], [ -85.937957, 41.170458 ], [ -85.937839, 41.170425 ], [ -85.937763, 41.170408 ], [ -85.937633, 41.170404 ], [ -85.937346, 41.170425 ], [ -85.937251, 41.170468 ], [ -85.937212, 41.170463 ], [ -85.937169, 41.170517 ], [ -85.937132, 41.170552 ], [ -85.937062, 41.17057 ], [ -85.937008, 41.170593 ], [ -85.936969, 41.170629 ], [ -85.936926, 41.170657 ], [ -85.936904, 41.170667 ], [ -85.936681, 41.170659 ], [ -85.936633, 41.17071 ], [ -85.936633, 41.170735 ], [ -85.936595, 41.170902 ], [ -85.936556, 41.170982 ], [ -85.936524, 41.171011 ], [ -85.936466, 41.171029 ], [ -85.93647, 41.17105 ], [ -85.936349, 41.171077 ], [ -85.936223, 41.17106 ], [ -85.936212, 41.171076 ], [ -85.936151, 41.171072 ], [ -85.936093, 41.171059 ], [ -85.936054, 41.171032 ], [ -85.935962, 41.17098 ], [ -85.935901, 41.170958 ], [ -85.935853, 41.17094 ], [ -85.935808, 41.170912 ], [ -85.935779, 41.170872 ], [ -85.935756, 41.170789 ], [ -85.935759, 41.170735 ], [ -85.935776, 41.170709 ], [ -85.935784, 41.170686 ], [ -85.935781, 41.170642 ], [ -85.935792, 41.170608 ], [ -85.935809, 41.170595 ], [ -85.936047, 41.17051 ], [ -85.936153, 41.170462 ], [ -85.936251, 41.17041 ], [ -85.936284, 41.170387 ], [ -85.936298, 41.170345 ], [ -85.936299, 41.170291 ], [ -85.936274, 41.170266 ], [ -85.936142, 41.170191 ], [ -85.936061, 41.170138 ], [ -85.936027, 41.17011 ], [ -85.935988, 41.170067 ], [ -85.935972, 41.170042 ], [ -85.935946, 41.170017 ], [ -85.935918, 41.170002 ], [ -85.935793, 41.169981 ], [ -85.935692, 41.169988 ], [ -85.935658, 41.17 ], [ -85.935607, 41.17 ], [ -85.935607, 41.169972 ], [ -85.935624, 41.169952 ], [ -85.935634, 41.169929 ], [ -85.935612, 41.16989 ], [ -85.935557, 41.169858 ], [ -85.935387, 41.169789 ], [ -85.935222, 41.169734 ], [ -85.935155, 41.169698 ], [ -85.935068, 41.169627 ], [ -85.93502, 41.169594 ], [ -85.934896, 41.16953 ], [ -85.93484, 41.169507 ], [ -85.934782, 41.169498 ], [ -85.934714, 41.169556 ], [ -85.934666, 41.169558 ], [ -85.934625, 41.169518 ], [ -85.934616, 41.169489 ], [ -85.934614, 41.169463 ], [ -85.934631, 41.169419 ], [ -85.934601, 41.16938 ], [ -85.934568, 41.169349 ], [ -85.934556, 41.169319 ], [ -85.934434, 41.169295 ], [ -85.934341, 41.169276 ], [ -85.934359, 41.169343 ], [ -85.934356, 41.169377 ], [ -85.934438, 41.169443 ], [ -85.934464, 41.169489 ], [ -85.934401, 41.169527 ], [ -85.934355, 41.169505 ], [ -85.934322, 41.169482 ], [ -85.934297, 41.169475 ], [ -85.934301, 41.169563 ], [ -85.934292, 41.16964 ], [ -85.934338, 41.169643 ], [ -85.934444, 41.169636 ], [ -85.93448, 41.169645 ], [ -85.934542, 41.169676 ], [ -85.934571, 41.169711 ], [ -85.934572, 41.169748 ], [ -85.934523, 41.169767 ], [ -85.934496, 41.169782 ], [ -85.934479, 41.169799 ], [ -85.934478, 41.169822 ], [ -85.934518, 41.169823 ], [ -85.934543, 41.169802 ], [ -85.934579, 41.16979 ], [ -85.934611, 41.169808 ], [ -85.934583, 41.169875 ], [ -85.934692, 41.169986 ], [ -85.934736, 41.170037 ], [ -85.934769, 41.170083 ], [ -85.934788, 41.170123 ], [ -85.934802, 41.170197 ], [ -85.934805, 41.17026 ], [ -85.934795, 41.170292 ], [ -85.934743, 41.170387 ], [ -85.934699, 41.170504 ], [ -85.934692, 41.170551 ], [ -85.934692, 41.170587 ], [ -85.934713, 41.170625 ], [ -85.934714, 41.17067 ], [ -85.934721, 41.170699 ], [ -85.934737, 41.170736 ], [ -85.934778, 41.170754 ], [ -85.934832, 41.170792 ], [ -85.934845, 41.170826 ], [ -85.934854, 41.170881 ], [ -85.934895, 41.170957 ], [ -85.934962, 41.171047 ], [ -85.934998, 41.171159 ], [ -85.93509, 41.171336 ], [ -85.935164, 41.17143 ], [ -85.935396, 41.171631 ], [ -85.93549, 41.171774 ], [ -85.935534, 41.17182 ], [ -85.935621, 41.171894 ], [ -85.935662, 41.171946 ], [ -85.935677, 41.171975 ], [ -85.935853, 41.172208 ], [ -85.935897, 41.172252 ], [ -85.935935, 41.172304 ], [ -85.935988, 41.172347 ], [ -85.936151, 41.172369 ], [ -85.936286, 41.172412 ], [ -85.936396, 41.172468 ], [ -85.936441, 41.172509 ], [ -85.936548, 41.17263 ], [ -85.936626, 41.172675 ], [ -85.936682, 41.172696 ], [ -85.936929, 41.172734 ], [ -85.936994, 41.172753 ], [ -85.937043, 41.172779 ], [ -85.937104, 41.172828 ], [ -85.937133, 41.172861 ], [ -85.937168, 41.172955 ], [ -85.937195, 41.172995 ], [ -85.937266, 41.173068 ], [ -85.937364, 41.173135 ], [ -85.937445, 41.173179 ], [ -85.937539, 41.173278 ], [ -85.937578, 41.173328 ], [ -85.937602, 41.173378 ], [ -85.937681, 41.173507 ], [ -85.937726, 41.173561 ], [ -85.937765, 41.1736 ], [ -85.937837, 41.173659 ], [ -85.937901, 41.173735 ], [ -85.937943, 41.173795 ], [ -85.937988, 41.17389 ], [ -85.938019, 41.173935 ], [ -85.938096, 41.174023 ], [ -85.938086, 41.174124 ], [ -85.938127, 41.174277 ], [ -85.938133, 41.174333 ], [ -85.938096, 41.174432 ], [ -85.938042, 41.174541 ], [ -85.937992, 41.174618 ], [ -85.937971, 41.174669 ], [ -85.937952, 41.174767 ], [ -85.937932, 41.174806 ], [ -85.937825, 41.174894 ], [ -85.937672, 41.174936 ], [ -85.937515, 41.174972 ], [ -85.937452, 41.175014 ], [ -85.9374, 41.175055 ], [ -85.93738, 41.175121 ], [ -85.937376, 41.175159 ], [ -85.937302, 41.175342 ], [ -85.936915, 41.175414 ], [ -85.936844, 41.175422 ], [ -85.936766, 41.175445 ], [ -85.936634, 41.175444 ], [ -85.936561, 41.175479 ], [ -85.936502, 41.1755 ], [ -85.936457, 41.175506 ], [ -85.936329, 41.175545 ], [ -85.936285, 41.175553 ], [ -85.936246, 41.175511 ], [ -85.936236, 41.175458 ], [ -85.936235, 41.175399 ], [ -85.936241, 41.175356 ], [ -85.936218, 41.175226 ], [ -85.936201, 41.175178 ], [ -85.936178, 41.175133 ], [ -85.936138, 41.17509 ], [ -85.935981, 41.174875 ], [ -85.93594, 41.174831 ], [ -85.935857, 41.174725 ], [ -85.935769, 41.174649 ], [ -85.931349, 41.174642 ], [ -85.925784, 41.174773 ], [ -85.922159, 41.174998 ], [ -85.918509, 41.174944 ], [ -85.909672, 41.175069 ], [ -85.909468, 41.175071 ], [ -85.908013, 41.17509 ], [ -85.877425, 41.175528 ], [ -85.877321, 41.175537 ], [ -85.877138, 41.175534 ], [ -85.876995, 41.175531 ], [ -85.87643, 41.175526 ], [ -85.87514, 41.175559 ], [ -85.873488, 41.175585 ], [ -85.872707, 41.175598 ], [ -85.871588, 41.173847 ], [ -85.871388, 41.173474 ], [ -85.871327, 41.173302 ], [ -85.870843, 41.169689 ], [ -85.870716, 41.16867 ], [ -85.870647, 41.168062 ], [ -85.870585, 41.167662 ], [ -85.870524, 41.167363 ], [ -85.870328, 41.166942 ], [ -85.870257, 41.166775 ], [ -85.870176, 41.166618 ], [ -85.870128, 41.166431 ], [ -85.870087, 41.166167 ], [ -85.870065, 41.16562 ], [ -85.870091, 41.164719 ], [ -85.870082, 41.164109 ], [ -85.870089, 41.163681 ], [ -85.870091, 41.163016 ], [ -85.870092, 41.162424 ], [ -85.870088, 41.162165 ], [ -85.870094, 41.161778 ], [ -85.8701, 41.161677 ], [ -85.870112, 41.161577 ], [ -85.870127, 41.161501 ], [ -85.870142, 41.161446 ], [ -85.866587, 41.161009 ], [ -85.865446, 41.160869 ], [ -85.865422, 41.15996 ], [ -85.865364, 41.159928 ], [ -85.865337, 41.159921 ], [ -85.865283, 41.159921 ], [ -85.865254, 41.159916 ], [ -85.865199, 41.159892 ], [ -85.865075, 41.159815 ], [ -85.864946, 41.159758 ], [ -85.864914, 41.159752 ], [ -85.86483, 41.159698 ], [ -85.864788, 41.159675 ], [ -85.864764, 41.159654 ], [ -85.864698, 41.159615 ], [ -85.864675, 41.15961 ], [ -85.864593, 41.159565 ], [ -85.864511, 41.159496 ], [ -85.864425, 41.159456 ], [ -85.864315, 41.159434 ], [ -85.864294, 41.15942 ], [ -85.864239, 41.159394 ], [ -85.864218, 41.15938 ], [ -85.864217, 41.159362 ], [ -85.864204, 41.159341 ], [ -85.86417, 41.159328 ], [ -85.864096, 41.159321 ], [ -85.86399, 41.159324 ], [ -85.86395, 41.159318 ], [ -85.863784, 41.159256 ], [ -85.863753, 41.159233 ], [ -85.863732, 41.159224 ], [ -85.863704, 41.159191 ], [ -85.863635, 41.159148 ], [ -85.863584, 41.159109 ], [ -85.863498, 41.15906 ], [ -85.863468, 41.159049 ], [ -85.863387, 41.159029 ], [ -85.863317, 41.159006 ], [ -85.863249, 41.158993 ], [ -85.863203, 41.158995 ], [ -85.863085, 41.15897 ], [ -85.863044, 41.15897 ], [ -85.862952, 41.158978 ], [ -85.862809, 41.158975 ], [ -85.862646, 41.159015 ], [ -85.86254, 41.159037 ], [ -85.862364, 41.1591 ], [ -85.862325, 41.159107 ], [ -85.862277, 41.159109 ], [ -85.862249, 41.159118 ], [ -85.862244, 41.159161 ], [ -85.862236, 41.15918 ], [ -85.862227, 41.159233 ], [ -85.862228, 41.159283 ], [ -85.86221, 41.159319 ], [ -85.86221, 41.159393 ], [ -85.862205, 41.159442 ], [ -85.862214, 41.159539 ], [ -85.862199, 41.159647 ], [ -85.862197, 41.159773 ], [ -85.862175, 41.159903 ], [ -85.862178, 41.159971 ], [ -85.862157, 41.16015 ], [ -85.862157, 41.160208 ], [ -85.862142, 41.160291 ], [ -85.862124, 41.160314 ], [ -85.862112, 41.160341 ], [ -85.862115, 41.160398 ], [ -85.862084, 41.160399 ], [ -85.862059, 41.1604 ], [ -85.862052, 41.160335 ], [ -85.862038, 41.160319 ], [ -85.862027, 41.160232 ], [ -85.862055, 41.160067 ], [ -85.86205, 41.159969 ], [ -85.86206, 41.159803 ], [ -85.862056, 41.159746 ], [ -85.862071, 41.159548 ], [ -85.86207, 41.159496 ], [ -85.862092, 41.159362 ], [ -85.862085, 41.159304 ], [ -85.862102, 41.159239 ], [ -85.862095, 41.159203 ], [ -85.86206, 41.15918 ], [ -85.862032, 41.159167 ], [ -85.861965, 41.159157 ], [ -85.861919, 41.159136 ], [ -85.8619, 41.159122 ], [ -85.861876, 41.159112 ], [ -85.86173, 41.159104 ], [ -85.861663, 41.159092 ], [ -85.861628, 41.159091 ], [ -85.86154, 41.159073 ], [ -85.861477, 41.159069 ], [ -85.861338, 41.159074 ], [ -85.86131, 41.159065 ], [ -85.86123, 41.159077 ], [ -85.861193, 41.159078 ], [ -85.861157, 41.159061 ], [ -85.86105, 41.159041 ], [ -85.861015, 41.159031 ], [ -85.860992, 41.159 ], [ -85.860874, 41.158953 ], [ -85.860839, 41.15893 ], [ -85.860805, 41.158918 ], [ -85.860727, 41.158909 ], [ -85.8606, 41.158873 ], [ -85.860527, 41.158832 ], [ -85.860449, 41.158755 ], [ -85.860387, 41.158685 ], [ -85.860364, 41.158677 ], [ -85.860343, 41.158659 ], [ -85.860317, 41.158607 ], [ -85.860302, 41.15859 ], [ -85.860275, 41.158588 ], [ -85.860241, 41.15857 ], [ -85.860208, 41.158585 ], [ -85.860177, 41.158583 ], [ -85.860139, 41.158561 ], [ -85.860128, 41.158541 ], [ -85.860117, 41.158455 ], [ -85.860089, 41.158386 ], [ -85.860082, 41.158344 ], [ -85.860028, 41.158299 ], [ -85.860014, 41.158233 ], [ -85.859989, 41.158215 ], [ -85.859965, 41.158211 ], [ -85.859947, 41.158197 ], [ -85.859902, 41.158108 ], [ -85.859874, 41.158085 ], [ -85.859816, 41.158081 ], [ -85.859791, 41.158074 ], [ -85.859774, 41.158056 ], [ -85.859746, 41.158013 ], [ -85.85972, 41.158007 ], [ -85.859682, 41.157963 ], [ -85.859665, 41.15791 ], [ -85.85967, 41.157855 ], [ -85.859688, 41.15783 ], [ -85.859673, 41.157783 ], [ -85.859672, 41.157677 ], [ -85.859676, 41.157649 ], [ -85.859668, 41.157618 ], [ -85.859699, 41.157581 ], [ -85.859706, 41.157549 ], [ -85.859683, 41.157516 ], [ -85.859684, 41.157482 ], [ -85.859701, 41.157408 ], [ -85.859672, 41.157345 ], [ -85.859699, 41.157329 ], [ -85.859707, 41.157303 ], [ -85.85968, 41.157275 ], [ -85.859685, 41.157213 ], [ -85.859673, 41.157178 ], [ -85.859649, 41.157138 ], [ -85.859632, 41.157094 ], [ -85.859614, 41.156984 ], [ -85.859587, 41.1569 ], [ -85.859558, 41.156739 ], [ -85.859556, 41.156657 ], [ -85.859571, 41.156615 ], [ -85.859561, 41.156589 ], [ -85.859528, 41.15659 ], [ -85.859497, 41.156583 ], [ -85.859514, 41.156562 ], [ -85.859545, 41.15654 ], [ -85.859533, 41.156465 ], [ -85.859558, 41.15645 ], [ -85.859573, 41.156416 ], [ -85.859552, 41.156389 ], [ -85.859572, 41.15636 ], [ -85.859575, 41.156319 ], [ -85.859556, 41.156299 ], [ -85.859529, 41.15631 ], [ -85.859484, 41.156339 ], [ -85.859451, 41.156337 ], [ -85.859387, 41.156295 ], [ -85.859328, 41.156246 ], [ -85.859284, 41.156169 ], [ -85.859284, 41.15613 ], [ -85.859296, 41.156101 ], [ -85.859288, 41.156067 ], [ -85.859253, 41.155981 ], [ -85.859223, 41.155947 ], [ -85.859211, 41.15592 ], [ -85.859187, 41.155893 ], [ -85.859133, 41.155857 ], [ -85.855753, 41.155893 ], [ -85.855848, 41.159544 ], [ -85.847532, 41.159635 ], [ -85.847517, 41.159839 ], [ -85.847517, 41.1599 ], [ -85.847506, 41.159998 ], [ -85.847515, 41.160224 ], [ -85.8475, 41.160263 ], [ -85.847486, 41.160332 ], [ -85.847488, 41.160383 ], [ -85.847496, 41.160424 ], [ -85.847498, 41.16048 ], [ -85.847493, 41.160571 ], [ -85.847498, 41.160663 ], [ -85.84749, 41.160719 ], [ -85.847497, 41.16076 ], [ -85.847478, 41.160859 ], [ -85.847462, 41.161133 ], [ -85.847469, 41.161165 ], [ -85.847487, 41.161193 ], [ -85.847534, 41.161223 ], [ -85.847567, 41.161232 ], [ -85.847605, 41.161235 ], [ -85.847717, 41.161271 ], [ -85.847774, 41.161302 ], [ -85.847849, 41.161362 ], [ -85.847923, 41.161453 ], [ -85.848006, 41.161525 ], [ -85.848024, 41.161555 ], [ -85.848041, 41.161615 ], [ -85.848054, 41.161691 ], [ -85.848084, 41.161792 ], [ -85.847339, 41.161854 ], [ -85.846542, 41.161931 ], [ -85.846387, 41.16195 ], [ -85.844091, 41.162289 ], [ -85.843783, 41.162342 ], [ -85.843371, 41.162426 ], [ -85.843046, 41.162506 ], [ -85.842771, 41.162587 ], [ -85.842527, 41.16267 ], [ -85.842003, 41.16287 ], [ -85.841667, 41.162981 ], [ -85.841491, 41.163025 ], [ -85.841252, 41.16307 ], [ -85.840847, 41.163118 ], [ -85.840483, 41.163173 ], [ -85.840189, 41.163209 ], [ -85.839711, 41.163276 ], [ -85.839274, 41.163343 ], [ -85.839172, 41.163382 ], [ -85.839121, 41.163471 ], [ -85.839076, 41.163613 ], [ -85.839035, 41.163713 ], [ -85.838945, 41.163895 ], [ -85.838902, 41.163965 ], [ -85.838784, 41.164133 ], [ -85.838263, 41.164834 ], [ -85.837692, 41.165589 ], [ -85.83758, 41.165752 ], [ -85.837468, 41.165933 ], [ -85.837345, 41.166164 ], [ -85.837267, 41.16636 ], [ -85.837222, 41.16651 ], [ -85.837183, 41.166719 ], [ -85.837162, 41.166914 ], [ -85.836131, 41.166895 ], [ -85.836112, 41.16683 ], [ -85.836146, 41.166826 ], [ -85.836167, 41.166817 ], [ -85.836159, 41.16678 ], [ -85.836134, 41.166717 ], [ -85.836117, 41.166687 ], [ -85.836096, 41.16662 ], [ -85.836088, 41.166566 ], [ -85.83609, 41.166541 ], [ -85.836102, 41.166504 ], [ -85.836115, 41.16648 ], [ -85.836184, 41.166404 ], [ -85.836215, 41.166347 ], [ -85.836294, 41.16625 ], [ -85.836338, 41.16618 ], [ -85.836334, 41.166133 ], [ -85.836355, 41.166122 ], [ -85.836386, 41.166076 ], [ -85.836408, 41.166033 ], [ -85.836434, 41.165939 ], [ -85.836432, 41.165848 ], [ -85.836449, 41.16579 ], [ -85.836441, 41.165646 ], [ -85.836455, 41.165624 ], [ -85.836435, 41.165545 ], [ -85.836435, 41.165463 ], [ -85.83644, 41.165436 ], [ -85.836477, 41.16538 ], [ -85.836497, 41.165359 ], [ -85.836588, 41.165306 ], [ -85.83664, 41.165266 ], [ -85.836654, 41.165239 ], [ -85.836701, 41.165068 ], [ -85.836716, 41.165052 ], [ -85.836735, 41.165041 ], [ -85.836782, 41.165027 ], [ -85.836707, 41.164965 ], [ -85.836692, 41.164938 ], [ -85.836722, 41.164923 ], [ -85.836836, 41.16489 ], [ -85.836855, 41.164904 ], [ -85.836882, 41.164947 ], [ -85.836928, 41.164977 ], [ -85.836958, 41.164983 ], [ -85.836983, 41.164979 ], [ -85.83702, 41.164963 ], [ -85.837027, 41.164945 ], [ -85.837003, 41.164898 ], [ -85.836999, 41.164875 ], [ -85.836966, 41.164862 ], [ -85.836932, 41.164864 ], [ -85.836915, 41.164851 ], [ -85.836917, 41.16483 ], [ -85.836929, 41.164799 ], [ -85.836968, 41.164748 ], [ -85.836976, 41.164714 ], [ -85.83698, 41.164558 ], [ -85.836973, 41.164522 ], [ -85.836958, 41.164481 ], [ -85.836944, 41.164403 ], [ -85.836926, 41.164391 ], [ -85.836891, 41.164378 ], [ -85.836869, 41.164353 ], [ -85.836855, 41.164328 ], [ -85.83685, 41.164307 ], [ -85.836829, 41.164294 ], [ -85.8368, 41.164287 ], [ -85.836767, 41.164272 ], [ -85.836741, 41.164243 ], [ -85.836733, 41.164222 ], [ -85.836693, 41.164214 ], [ -85.836688, 41.164182 ], [ -85.83667, 41.16417 ], [ -85.83662, 41.164156 ], [ -85.836595, 41.164155 ], [ -85.836547, 41.164121 ], [ -85.836528, 41.164101 ], [ -85.836507, 41.164092 ], [ -85.836467, 41.164098 ], [ -85.836423, 41.16407 ], [ -85.836393, 41.164064 ], [ -85.836322, 41.164037 ], [ -85.836277, 41.164026 ], [ -85.836249, 41.164007 ], [ -85.836209, 41.163971 ], [ -85.836189, 41.16396 ], [ -85.836148, 41.163925 ], [ -85.836124, 41.163922 ], [ -85.836076, 41.163888 ], [ -85.836032, 41.163876 ], [ -85.835959, 41.163833 ], [ -85.835897, 41.163806 ], [ -85.835826, 41.163761 ], [ -85.835754, 41.163739 ], [ -85.835709, 41.16371 ], [ -85.835654, 41.163655 ], [ -85.835623, 41.163644 ], [ -85.835595, 41.163641 ], [ -85.835573, 41.163633 ], [ -85.835558, 41.163618 ], [ -85.835554, 41.16358 ], [ -85.835567, 41.163562 ], [ -85.835565, 41.163544 ], [ -85.835551, 41.163524 ], [ -85.835541, 41.163495 ], [ -85.835493, 41.163494 ], [ -85.835418, 41.163511 ], [ -85.835283, 41.163516 ], [ -85.835223, 41.16353 ], [ -85.835195, 41.163529 ], [ -85.834981, 41.163481 ], [ -85.834946, 41.163448 ], [ -85.834925, 41.163438 ], [ -85.83489, 41.163398 ], [ -85.834868, 41.163385 ], [ -85.834853, 41.16337 ], [ -85.834868, 41.163321 ], [ -85.834866, 41.163295 ], [ -85.834836, 41.163291 ], [ -85.8348, 41.163306 ], [ -85.834839, 41.163251 ], [ -85.834799, 41.163251 ], [ -85.834758, 41.163258 ], [ -85.834734, 41.163234 ], [ -85.834727, 41.163208 ], [ -85.834692, 41.163197 ], [ -85.834653, 41.163165 ], [ -85.834609, 41.163119 ], [ -85.834573, 41.163095 ], [ -85.834558, 41.163062 ], [ -85.834579, 41.163015 ], [ -85.834555, 41.163014 ], [ -85.834525, 41.163024 ], [ -85.834491, 41.163015 ], [ -85.834482, 41.162995 ], [ -85.834483, 41.162977 ], [ -85.834504, 41.162957 ], [ -85.834566, 41.162943 ], [ -85.834532, 41.162925 ], [ -85.83452, 41.162909 ], [ -85.834552, 41.162904 ], [ -85.834555, 41.162864 ], [ -85.834521, 41.162864 ], [ -85.8345, 41.162878 ], [ -85.834382, 41.162819 ], [ -85.834349, 41.162816 ], [ -85.834328, 41.162805 ], [ -85.834286, 41.162749 ], [ -85.834247, 41.162739 ], [ -85.834227, 41.162729 ], [ -85.834192, 41.162696 ], [ -85.834166, 41.162692 ], [ -85.834161, 41.162659 ], [ -85.834141, 41.162649 ], [ -85.834092, 41.162591 ], [ -85.834092, 41.162573 ], [ -85.834108, 41.162515 ], [ -85.83411, 41.162484 ], [ -85.834132, 41.162443 ], [ -85.834132, 41.162383 ], [ -85.834115, 41.162351 ], [ -85.834079, 41.162416 ], [ -85.834062, 41.162465 ], [ -85.834049, 41.162482 ], [ -85.834027, 41.162499 ], [ -85.834036, 41.162542 ], [ -85.834023, 41.162571 ], [ -85.834008, 41.162533 ], [ -85.83395, 41.162498 ], [ -85.833901, 41.162456 ], [ -85.833878, 41.162415 ], [ -85.833824, 41.162373 ], [ -85.833751, 41.16228 ], [ -85.833715, 41.162247 ], [ -85.833667, 41.162187 ], [ -85.833573, 41.162107 ], [ -85.833524, 41.162059 ], [ -85.833437, 41.161963 ], [ -85.833428, 41.161937 ], [ -85.833402, 41.161939 ], [ -85.83338, 41.161925 ], [ -85.833343, 41.161877 ], [ -85.833321, 41.161866 ], [ -85.833081, 41.161623 ], [ -85.832991, 41.161546 ], [ -85.832971, 41.161509 ], [ -85.832939, 41.161479 ], [ -85.832934, 41.161461 ], [ -85.832967, 41.16144 ], [ -85.832948, 41.161416 ], [ -85.832925, 41.161411 ], [ -85.832885, 41.161416 ], [ -85.832853, 41.161383 ], [ -85.832867, 41.161368 ], [ -85.832891, 41.161356 ], [ -85.832895, 41.161338 ], [ -85.832852, 41.161303 ], [ -85.832828, 41.1613 ], [ -85.832792, 41.161305 ], [ -85.832772, 41.161278 ], [ -85.832737, 41.161268 ], [ -85.832709, 41.161228 ], [ -85.832705, 41.16121 ], [ -85.832674, 41.161174 ], [ -85.832697, 41.161141 ], [ -85.83267, 41.16114 ], [ -85.832642, 41.16115 ], [ -85.832627, 41.161136 ], [ -85.832604, 41.1611 ], [ -85.832581, 41.161094 ], [ -85.832555, 41.161093 ], [ -85.832571, 41.16107 ], [ -85.832635, 41.161054 ], [ -85.832673, 41.161051 ], [ -85.832698, 41.161086 ], [ -85.832727, 41.161111 ], [ -85.832745, 41.161144 ], [ -85.83278, 41.161116 ], [ -85.832803, 41.161109 ], [ -85.832795, 41.161077 ], [ -85.83276, 41.161028 ], [ -85.832742, 41.161055 ], [ -85.832705, 41.161042 ], [ -85.832695, 41.161018 ], [ -85.832735, 41.161013 ], [ -85.832813, 41.160969 ], [ -85.832876, 41.160966 ], [ -85.832876, 41.16094 ], [ -85.832839, 41.160932 ], [ -85.832818, 41.160909 ], [ -85.832821, 41.160891 ], [ -85.832844, 41.160844 ], [ -85.832888, 41.160781 ], [ -85.832894, 41.160758 ], [ -85.832912, 41.160725 ], [ -85.832939, 41.160708 ], [ -85.832977, 41.160663 ], [ -85.832991, 41.16064 ], [ -85.832951, 41.160622 ], [ -85.832913, 41.160629 ], [ -85.832927, 41.160644 ], [ -85.832917, 41.160664 ], [ -85.832848, 41.160607 ], [ -85.832828, 41.160585 ], [ -85.832792, 41.160559 ], [ -85.83273, 41.16049 ], [ -85.832731, 41.160455 ], [ -85.832698, 41.160444 ], [ -85.832638, 41.160375 ], [ -85.832654, 41.160352 ], [ -85.832629, 41.16035 ], [ -85.83259, 41.160334 ], [ -85.832573, 41.16032 ], [ -85.832574, 41.160284 ], [ -85.832546, 41.160292 ], [ -85.832517, 41.160283 ], [ -85.832505, 41.160265 ], [ -85.832496, 41.160239 ], [ -85.832462, 41.160238 ], [ -85.832451, 41.160222 ], [ -85.832451, 41.16019 ], [ -85.832414, 41.160187 ], [ -85.832403, 41.160161 ], [ -85.832374, 41.160138 ], [ -85.832335, 41.16012 ], [ -85.832284, 41.160061 ], [ -85.832272, 41.160041 ], [ -85.832283, 41.16002 ], [ -85.832251, 41.160027 ], [ -85.832228, 41.160022 ], [ -85.83216, 41.159955 ], [ -85.832119, 41.159921 ], [ -85.832098, 41.159909 ], [ -85.832037, 41.159853 ], [ -85.832, 41.159804 ], [ -85.831994, 41.159782 ], [ -85.831994, 41.15976 ], [ -85.832032, 41.159752 ], [ -85.832029, 41.159732 ], [ -85.832008, 41.159722 ], [ -85.831984, 41.159719 ], [ -85.831958, 41.159738 ], [ -85.831918, 41.159738 ], [ -85.831879, 41.15972 ], [ -85.831866, 41.159703 ], [ -85.831805, 41.15967 ], [ -85.83179, 41.159656 ], [ -85.831731, 41.159624 ], [ -85.831671, 41.159566 ], [ -85.831507, 41.159433 ], [ -85.831483, 41.159419 ], [ -85.831445, 41.159384 ], [ -85.831432, 41.159362 ], [ -85.831426, 41.159337 ], [ -85.831441, 41.159307 ], [ -85.831427, 41.159247 ], [ -85.831429, 41.159219 ], [ -85.831474, 41.159048 ], [ -85.831478, 41.158937 ], [ -85.831464, 41.158921 ], [ -85.831436, 41.158865 ], [ -85.831424, 41.1588 ], [ -85.831385, 41.158763 ], [ -85.831385, 41.158793 ], [ -85.831407, 41.15887 ], [ -85.83135, 41.15887 ], [ -85.831307, 41.158826 ], [ -85.831256, 41.158838 ], [ -85.831273, 41.158863 ], [ -85.831322, 41.158892 ], [ -85.831326, 41.158924 ], [ -85.83126, 41.158943 ], [ -85.831263, 41.158962 ], [ -85.831282, 41.158973 ], [ -85.831306, 41.158977 ], [ -85.83136, 41.158974 ], [ -85.831426, 41.158989 ], [ -85.831429, 41.159007 ], [ -85.831426, 41.159054 ], [ -85.83141, 41.159154 ], [ -85.831402, 41.159276 ], [ -85.831407, 41.159308 ], [ -85.831402, 41.159328 ], [ -85.831382, 41.159363 ], [ -85.831332, 41.159334 ], [ -85.831291, 41.159299 ], [ -85.831239, 41.159283 ], [ -85.831204, 41.159277 ], [ -85.831194, 41.159304 ], [ -85.831191, 41.159366 ], [ -85.831079, 41.159452 ], [ -85.831035, 41.159473 ], [ -85.830983, 41.159458 ], [ -85.830983, 41.159487 ], [ -85.830952, 41.15949 ], [ -85.830895, 41.159485 ], [ -85.83087, 41.159488 ], [ -85.830819, 41.159544 ], [ -85.830845, 41.159565 ], [ -85.830827, 41.159594 ], [ -85.830832, 41.159614 ], [ -85.830754, 41.15968 ], [ -85.830777, 41.159647 ], [ -85.830783, 41.159566 ], [ -85.830809, 41.159562 ], [ -85.830793, 41.159544 ], [ -85.830806, 41.159528 ], [ -85.830769, 41.159511 ], [ -85.83077, 41.159465 ], [ -85.830813, 41.159453 ], [ -85.83081, 41.159422 ], [ -85.830797, 41.159404 ], [ -85.830745, 41.159364 ], [ -85.830686, 41.15933 ], [ -85.830658, 41.15929 ], [ -85.830561, 41.159198 ], [ -85.830481, 41.159134 ], [ -85.830437, 41.159084 ], [ -85.830363, 41.159025 ], [ -85.830332, 41.159022 ], [ -85.830291, 41.158975 ], [ -85.83027, 41.158962 ], [ -85.830205, 41.15888 ], [ -85.830169, 41.15885 ], [ -85.830155, 41.158832 ], [ -85.830102, 41.1588 ], [ -85.83007, 41.158764 ], [ -85.829901, 41.158627 ], [ -85.829881, 41.158616 ], [ -85.829858, 41.15861 ], [ -85.829846, 41.158593 ], [ -85.829811, 41.158559 ], [ -85.82979, 41.158549 ], [ -85.829747, 41.158514 ], [ -85.829716, 41.158497 ], [ -85.829673, 41.158449 ], [ -85.829653, 41.158434 ], [ -85.829606, 41.15842 ], [ -85.829557, 41.15839 ], [ -85.829512, 41.158377 ], [ -85.82936, 41.158298 ], [ -85.829312, 41.158287 ], [ -85.829259, 41.158262 ], [ -85.829161, 41.158258 ], [ -85.829135, 41.158252 ], [ -85.828967, 41.158176 ], [ -85.828898, 41.158153 ], [ -85.828827, 41.158119 ], [ -85.828725, 41.158084 ], [ -85.828677, 41.158083 ], [ -85.828617, 41.158057 ], [ -85.82851, 41.158022 ], [ -85.828455, 41.158 ], [ -85.828425, 41.157992 ], [ -85.828389, 41.158 ], [ -85.828355, 41.157972 ], [ -85.828275, 41.157949 ], [ -85.828178, 41.157912 ], [ -85.828087, 41.157889 ], [ -85.828052, 41.157876 ], [ -85.827961, 41.157853 ], [ -85.827908, 41.157848 ], [ -85.827878, 41.157832 ], [ -85.827783, 41.157799 ], [ -85.827748, 41.157793 ], [ -85.827696, 41.15779 ], [ -85.827667, 41.157776 ], [ -85.827608, 41.157766 ], [ -85.827591, 41.157752 ], [ -85.827559, 41.157737 ], [ -85.827523, 41.157732 ], [ -85.8275, 41.157709 ], [ -85.827411, 41.157685 ], [ -85.827294, 41.157636 ], [ -85.827252, 41.157624 ], [ -85.827201, 41.157601 ], [ -85.827077, 41.157557 ], [ -85.826995, 41.157522 ], [ -85.826955, 41.157509 ], [ -85.826917, 41.157503 ], [ -85.826895, 41.157495 ], [ -85.82688, 41.15747 ], [ -85.826838, 41.157469 ], [ -85.826758, 41.15742 ], [ -85.826709, 41.157402 ], [ -85.826633, 41.157387 ], [ -85.826562, 41.157357 ], [ -85.826543, 41.157329 ], [ -85.826514, 41.157321 ], [ -85.826489, 41.157325 ], [ -85.826474, 41.157311 ], [ -85.826454, 41.1573 ], [ -85.826378, 41.157273 ], [ -85.826334, 41.157269 ], [ -85.826316, 41.157282 ], [ -85.826275, 41.157262 ], [ -85.826238, 41.157234 ], [ -85.826177, 41.157198 ], [ -85.826067, 41.157163 ], [ -85.826004, 41.157136 ], [ -85.825914, 41.157116 ], [ -85.825881, 41.15709 ], [ -85.825834, 41.15709 ], [ -85.825778, 41.157075 ], [ -85.825686, 41.157042 ], [ -85.825638, 41.15703 ], [ -85.825462, 41.157021 ], [ -85.825319, 41.157028 ], [ -85.825113, 41.157047 ], [ -85.825053, 41.157048 ], [ -85.824995, 41.157058 ], [ -85.824934, 41.157061 ], [ -85.82481, 41.157076 ], [ -85.824749, 41.157091 ], [ -85.824623, 41.157095 ], [ -85.824292, 41.15713 ], [ -85.824092, 41.15713 ], [ -85.824, 41.157114 ], [ -85.823961, 41.1571 ], [ -85.82394, 41.157076 ], [ -85.823873, 41.157064 ], [ -85.823841, 41.157072 ], [ -85.823812, 41.157072 ], [ -85.823744, 41.157048 ], [ -85.823602, 41.157013 ], [ -85.823501, 41.156984 ], [ -85.823445, 41.156977 ], [ -85.82327, 41.156915 ], [ -85.823158, 41.156904 ], [ -85.823103, 41.156903 ], [ -85.823084, 41.156881 ], [ -85.823028, 41.156853 ], [ -85.822908, 41.156824 ], [ -85.822873, 41.156806 ], [ -85.822821, 41.156793 ], [ -85.822706, 41.156774 ], [ -85.822586, 41.156742 ], [ -85.822389, 41.156673 ], [ -85.822282, 41.156645 ], [ -85.822188, 41.156631 ], [ -85.822154, 41.15662 ], [ -85.822103, 41.156595 ], [ -85.822036, 41.156569 ], [ -85.82181, 41.156506 ], [ -85.821733, 41.156489 ], [ -85.821619, 41.156451 ], [ -85.821455, 41.156423 ], [ -85.82123, 41.156372 ], [ -85.821219, 41.156356 ], [ -85.821134, 41.156346 ], [ -85.821099, 41.156384 ], [ -85.821097, 41.156343 ], [ -85.821075, 41.156316 ], [ -85.821032, 41.15629 ], [ -85.820911, 41.15623 ], [ -85.820857, 41.15621 ], [ -85.820742, 41.156157 ], [ -85.820664, 41.156115 ], [ -85.82063, 41.156088 ], [ -85.820379, 41.155953 ], [ -85.820365, 41.155933 ], [ -85.820343, 41.155919 ], [ -85.820303, 41.155908 ], [ -85.820286, 41.155893 ], [ -85.820248, 41.155874 ], [ -85.820224, 41.155854 ], [ -85.820162, 41.15582 ], [ -85.82008, 41.155792 ], [ -85.820042, 41.155786 ], [ -85.819944, 41.155807 ], [ -85.819961, 41.155784 ], [ -85.819955, 41.155758 ], [ -85.819938, 41.155735 ], [ -85.819933, 41.155717 ], [ -85.819867, 41.155676 ], [ -85.819852, 41.15566 ], [ -85.819816, 41.155639 ], [ -85.81974, 41.15563 ], [ -85.819705, 41.155605 ], [ -85.819686, 41.155584 ], [ -85.819658, 41.155568 ], [ -85.819627, 41.155565 ], [ -85.81959, 41.155553 ], [ -85.819558, 41.155534 ], [ -85.81951, 41.155538 ], [ -85.819476, 41.155535 ], [ -85.819444, 41.155523 ], [ -85.819428, 41.155497 ], [ -85.819372, 41.155466 ], [ -85.819324, 41.155456 ], [ -85.819325, 41.15542 ], [ -85.819271, 41.155405 ], [ -85.81926, 41.155385 ], [ -85.819236, 41.155379 ], [ -85.819137, 41.155323 ], [ -85.819094, 41.155304 ], [ -85.819084, 41.155287 ], [ -85.818931, 41.155167 ], [ -85.8189, 41.155149 ], [ -85.818835, 41.155045 ], [ -85.818789, 41.154997 ], [ -85.818738, 41.154962 ], [ -85.81871, 41.154924 ], [ -85.818658, 41.154897 ], [ -85.818647, 41.154872 ], [ -85.818552, 41.154786 ], [ -85.818421, 41.154707 ], [ -85.818331, 41.154675 ], [ -85.818307, 41.154641 ], [ -85.818282, 41.154628 ], [ -85.818239, 41.154589 ], [ -85.818178, 41.154557 ], [ -85.818134, 41.154526 ], [ -85.818023, 41.154469 ], [ -85.817999, 41.154452 ], [ -85.817973, 41.154421 ], [ -85.817875, 41.154351 ], [ -85.81786, 41.154336 ], [ -85.817767, 41.154276 ], [ -85.81768, 41.154213 ], [ -85.817657, 41.154188 ], [ -85.817622, 41.154121 ], [ -85.817604, 41.1541 ], [ -85.817618, 41.154065 ], [ -85.817611, 41.154031 ], [ -85.8176, 41.154015 ], [ -85.81759, 41.153966 ], [ -85.817593, 41.153922 ], [ -85.817586, 41.153882 ], [ -85.817603, 41.153856 ], [ -85.817603, 41.153838 ], [ -85.817594, 41.153815 ], [ -85.817597, 41.153777 ], [ -85.817573, 41.153734 ], [ -85.817596, 41.153633 ], [ -85.817603, 41.153617 ], [ -85.817613, 41.153577 ], [ -85.81762, 41.153557 ], [ -85.817614, 41.153538 ], [ -85.81761, 41.153488 ], [ -85.817624, 41.153448 ], [ -85.817618, 41.153424 ], [ -85.817616, 41.153375 ], [ -85.817635, 41.153349 ], [ -85.817628, 41.153312 ], [ -85.8176, 41.153277 ], [ -85.81762, 41.153239 ], [ -85.817614, 41.153188 ], [ -85.817627, 41.153115 ], [ -85.81762, 41.153014 ], [ -85.817607, 41.152953 ], [ -85.817608, 41.152877 ], [ -85.817634, 41.152831 ], [ -85.81764, 41.152806 ], [ -85.817642, 41.152749 ], [ -85.817634, 41.152726 ], [ -85.817633, 41.152704 ], [ -85.81761, 41.15268 ], [ -85.81761, 41.152661 ], [ -85.817627, 41.152614 ], [ -85.817631, 41.15259 ], [ -85.817619, 41.152461 ], [ -85.817606, 41.152435 ], [ -85.817572, 41.152407 ], [ -85.817561, 41.152358 ], [ -85.817548, 41.152333 ], [ -85.817489, 41.152262 ], [ -85.817448, 41.152246 ], [ -85.817433, 41.152229 ], [ -85.817397, 41.152155 ], [ -85.817378, 41.152137 ], [ -85.817315, 41.152099 ], [ -85.817242, 41.152021 ], [ -85.817173, 41.151987 ], [ -85.817085, 41.151918 ], [ -85.817043, 41.151897 ], [ -85.817003, 41.151865 ], [ -85.816947, 41.151836 ], [ -85.816916, 41.151834 ], [ -85.816831, 41.151789 ], [ -85.816798, 41.15178 ], [ -85.816766, 41.151758 ], [ -85.816701, 41.151723 ], [ -85.816648, 41.151712 ], [ -85.816617, 41.151713 ], [ -85.816538, 41.15174 ], [ -85.816502, 41.151741 ], [ -85.816409, 41.151708 ], [ -85.816348, 41.151693 ], [ -85.816289, 41.151671 ], [ -85.81615, 41.151635 ], [ -85.816039, 41.151639 ], [ -85.815934, 41.151621 ], [ -85.815886, 41.1516 ], [ -85.815814, 41.151604 ], [ -85.815622, 41.151599 ], [ -85.815591, 41.151577 ], [ -85.815555, 41.151576 ], [ -85.815521, 41.151582 ], [ -85.815448, 41.15156 ], [ -85.815369, 41.151547 ], [ -85.81531, 41.151545 ], [ -85.815286, 41.151534 ], [ -85.815251, 41.151525 ], [ -85.815199, 41.151529 ], [ -85.815175, 41.151525 ], [ -85.815132, 41.1515 ], [ -85.815074, 41.15148 ], [ -85.815023, 41.15144 ], [ -85.814978, 41.151428 ], [ -85.814965, 41.151412 ], [ -85.814945, 41.151401 ], [ -85.814892, 41.15139 ], [ -85.81483, 41.151353 ], [ -85.814797, 41.151345 ], [ -85.814738, 41.15131 ], [ -85.814546, 41.151246 ], [ -85.814375, 41.151226 ], [ -85.814191, 41.151223 ], [ -85.814139, 41.151227 ], [ -85.814056, 41.151246 ], [ -85.81378, 41.151255 ], [ -85.813729, 41.151245 ], [ -85.81365, 41.151238 ], [ -85.813469, 41.151176 ], [ -85.813428, 41.151151 ], [ -85.813396, 41.151122 ], [ -85.813356, 41.15106 ], [ -85.813328, 41.151034 ], [ -85.813294, 41.151012 ], [ -85.813275, 41.150991 ], [ -85.813247, 41.150918 ], [ -85.813241, 41.150834 ], [ -85.813246, 41.150812 ], [ -85.813265, 41.150768 ], [ -85.813296, 41.150734 ], [ -85.813337, 41.150679 ], [ -85.81336, 41.150604 ], [ -85.813406, 41.150529 ], [ -85.813507, 41.150388 ], [ -85.813588, 41.150246 ], [ -85.81364, 41.150187 ], [ -85.813652, 41.150154 ], [ -85.813645, 41.15009 ], [ -85.813586, 41.150053 ], [ -85.813541, 41.150017 ], [ -85.813525, 41.149992 ], [ -85.813456, 41.149932 ], [ -85.813415, 41.149873 ], [ -85.813368, 41.149824 ], [ -85.813295, 41.149763 ], [ -85.813253, 41.149744 ], [ -85.813218, 41.149723 ], [ -85.81319, 41.149691 ], [ -85.813181, 41.149658 ], [ -85.813181, 41.149594 ], [ -85.813104, 41.149514 ], [ -85.813025, 41.149411 ], [ -85.812984, 41.149365 ], [ -85.812954, 41.149316 ], [ -85.812825, 41.149182 ], [ -85.812816, 41.149147 ], [ -85.81281, 41.149062 ], [ -85.812823, 41.148964 ], [ -85.812816, 41.148841 ], [ -85.8128, 41.14877 ], [ -85.812772, 41.14849 ], [ -85.812762, 41.148281 ], [ -85.812745, 41.148201 ], [ -85.812758, 41.14793 ], [ -85.812769, 41.147868 ], [ -85.812772, 41.147821 ], [ -85.812767, 41.147757 ], [ -85.812742, 41.1477 ], [ -85.812735, 41.147667 ], [ -85.812741, 41.147471 ], [ -85.812753, 41.147429 ], [ -85.812745, 41.147296 ], [ -85.812714, 41.147147 ], [ -85.8127, 41.147114 ], [ -85.81268, 41.146953 ], [ -85.81268, 41.146881 ], [ -85.812702, 41.14681 ], [ -85.812704, 41.146777 ], [ -85.812698, 41.146691 ], [ -85.812648, 41.146573 ], [ -85.812645, 41.146545 ], [ -85.812657, 41.146442 ], [ -85.812656, 41.146411 ], [ -85.812643, 41.146359 ], [ -85.812627, 41.146332 ], [ -85.812615, 41.146296 ], [ -85.812613, 41.146237 ], [ -85.812626, 41.146209 ], [ -85.812617, 41.145919 ], [ -85.812625, 41.14585 ], [ -85.812619, 41.145747 ], [ -85.812609, 41.145672 ], [ -85.812606, 41.14558 ], [ -85.812595, 41.145511 ], [ -85.812575, 41.145445 ], [ -85.812574, 41.145245 ], [ -85.812588, 41.145169 ], [ -85.812581, 41.1451 ], [ -85.812558, 41.145034 ], [ -85.812548, 41.14489 ], [ -85.809441, 41.144899 ], [ -85.807616, 41.144908 ], [ -85.806847, 41.144912 ], [ -85.804522, 41.144938 ], [ -85.803632, 41.144953 ], [ -85.799716, 41.144995 ], [ -85.797776, 41.145029 ], [ -85.797107, 41.145042 ], [ -85.797093, 41.144958 ], [ -85.79707, 41.14488 ], [ -85.797071, 41.144836 ], [ -85.797003, 41.144649 ], [ -85.796985, 41.144618 ], [ -85.796977, 41.144588 ], [ -85.796982, 41.14453 ], [ -85.797001, 41.144511 ], [ -85.797016, 41.144486 ], [ -85.797028, 41.144445 ], [ -85.797025, 41.144388 ], [ -85.796959, 41.144299 ], [ -85.796924, 41.144243 ], [ -85.796855, 41.144166 ], [ -85.796797, 41.144125 ], [ -85.796722, 41.144084 ], [ -85.796629, 41.144044 ], [ -85.796574, 41.144011 ], [ -85.796521, 41.143952 ], [ -85.796419, 41.143892 ], [ -85.796359, 41.14388 ], [ -85.796266, 41.143877 ], [ -85.796167, 41.143865 ], [ -85.7961, 41.143864 ], [ -85.796043, 41.143856 ], [ -85.795966, 41.143836 ], [ -85.795882, 41.143801 ], [ -85.795844, 41.143794 ], [ -85.795664, 41.143786 ], [ -85.795537, 41.143764 ], [ -85.795414, 41.143738 ], [ -85.79531, 41.143728 ], [ -85.795219, 41.143727 ], [ -85.795156, 41.143721 ], [ -85.795098, 41.143711 ], [ -85.795017, 41.14371 ], [ -85.794858, 41.143678 ], [ -85.794735, 41.143658 ], [ -85.794675, 41.143652 ], [ -85.794583, 41.143649 ], [ -85.794526, 41.143643 ], [ -85.794476, 41.143629 ], [ -85.79442, 41.143621 ], [ -85.794226, 41.14361 ], [ -85.794032, 41.143614 ], [ -85.79387, 41.143608 ], [ -85.793491, 41.143518 ], [ -85.793386, 41.143483 ], [ -85.79321, 41.143435 ], [ -85.793133, 41.143424 ], [ -85.793003, 41.143416 ], [ -85.79295, 41.143418 ], [ -85.792889, 41.143433 ], [ -85.792613, 41.143543 ], [ -85.792087, 41.143851 ], [ -85.791998, 41.143891 ], [ -85.79187, 41.143929 ], [ -85.791758, 41.144008 ], [ -85.791722, 41.144029 ], [ -85.791672, 41.144045 ], [ -85.791598, 41.144054 ], [ -85.791414, 41.144054 ], [ -85.791343, 41.14405 ], [ -85.791266, 41.14404 ], [ -85.791126, 41.144015 ], [ -85.790929, 41.14395 ], [ -85.790889, 41.143942 ], [ -85.790791, 41.143936 ], [ -85.790689, 41.143907 ], [ -85.79054, 41.143858 ], [ -85.79045, 41.143844 ], [ -85.790257, 41.143774 ], [ -85.790209, 41.143765 ], [ -85.790031, 41.143751 ], [ -85.789925, 41.143732 ], [ -85.789863, 41.143713 ], [ -85.789787, 41.143684 ], [ -85.789484, 41.143616 ], [ -85.789314, 41.143571 ], [ -85.789049, 41.143572 ], [ -85.789006, 41.143578 ], [ -85.788966, 41.143572 ], [ -85.788934, 41.143555 ], [ -85.788782, 41.143541 ], [ -85.788331, 41.143536 ], [ -85.788179, 41.143529 ], [ -85.788045, 41.143518 ], [ -85.787988, 41.143517 ], [ -85.787939, 41.143506 ], [ -85.787809, 41.143496 ], [ -85.787696, 41.143472 ], [ -85.787602, 41.143446 ], [ -85.787434, 41.143411 ], [ -85.787373, 41.143382 ], [ -85.787195, 41.14326 ], [ -85.786941, 41.143055 ], [ -85.786851, 41.142997 ], [ -85.786792, 41.142949 ], [ -85.78674, 41.142918 ], [ -85.786695, 41.1429 ], [ -85.786624, 41.142856 ], [ -85.786493, 41.142765 ], [ -85.786328, 41.142612 ], [ -85.786155, 41.142367 ], [ -85.786069, 41.142289 ], [ -85.786015, 41.142233 ], [ -85.785967, 41.14217 ], [ -85.785937, 41.142117 ], [ -85.785871, 41.142057 ], [ -85.785787, 41.14197 ], [ -85.78575, 41.141952 ], [ -85.785712, 41.141918 ], [ -85.785668, 41.141847 ], [ -85.785641, 41.141786 ], [ -85.785613, 41.141738 ], [ -85.785594, 41.141689 ], [ -85.785583, 41.141639 ], [ -85.785535, 41.141509 ], [ -85.785526, 41.14145 ], [ -85.785512, 41.14143 ], [ -85.785478, 41.141412 ], [ -85.785416, 41.141395 ], [ -85.78538, 41.141279 ], [ -85.785237, 41.140966 ], [ -85.785217, 41.14091 ], [ -85.785171, 41.140671 ], [ -85.785158, 41.14064 ], [ -85.785067, 41.140545 ], [ -85.785029, 41.140512 ], [ -85.784996, 41.140446 ], [ -85.784973, 41.140415 ], [ -85.784856, 41.140316 ], [ -85.784656, 41.140177 ], [ -85.78452, 41.140101 ], [ -85.784178, 41.13987 ], [ -85.784068, 41.139771 ], [ -85.783729, 41.139548 ], [ -85.783662, 41.139513 ], [ -85.783507, 41.13942 ], [ -85.783322, 41.139251 ], [ -85.78328, 41.139224 ], [ -85.783139, 41.139162 ], [ -85.783071, 41.139113 ], [ -85.782979, 41.139029 ], [ -85.782904, 41.138972 ], [ -85.782613, 41.138787 ], [ -85.782528, 41.138714 ], [ -85.782462, 41.138651 ], [ -85.782417, 41.138616 ], [ -85.782371, 41.138589 ], [ -85.782194, 41.138459 ], [ -85.782141, 41.138401 ], [ -85.782104, 41.138368 ], [ -85.782065, 41.138343 ], [ -85.782001, 41.138321 ], [ -85.781916, 41.138272 ], [ -85.781843, 41.13823 ], [ -85.781751, 41.138169 ], [ -85.78163, 41.138107 ], [ -85.781569, 41.138054 ], [ -85.781513, 41.138017 ], [ -85.781437, 41.137992 ], [ -85.781366, 41.137942 ], [ -85.781339, 41.137911 ], [ -85.7813, 41.137877 ], [ -85.781184, 41.137814 ], [ -85.781105, 41.13776 ], [ -85.781078, 41.13773 ], [ -85.780953, 41.13767 ], [ -85.780848, 41.137582 ], [ -85.780785, 41.137545 ], [ -85.780721, 41.137522 ], [ -85.780547, 41.137415 ], [ -85.780345, 41.137337 ], [ -85.780314, 41.137311 ], [ -85.780265, 41.137282 ], [ -85.780201, 41.137226 ], [ -85.780106, 41.137173 ], [ -85.780069, 41.137143 ], [ -85.77979, 41.13699 ], [ -85.779681, 41.136945 ], [ -85.779581, 41.136897 ], [ -85.779482, 41.136829 ], [ -85.779379, 41.136788 ], [ -85.779223, 41.136709 ], [ -85.779119, 41.13664 ], [ -85.779015, 41.136546 ], [ -85.778955, 41.136474 ], [ -85.778937, 41.13644 ], [ -85.778911, 41.136404 ], [ -85.778852, 41.136337 ], [ -85.778772, 41.136271 ], [ -85.778708, 41.136263 ], [ -85.778614, 41.136198 ], [ -85.778507, 41.136163 ], [ -85.778431, 41.136124 ], [ -85.778378, 41.136102 ], [ -85.778176, 41.136039 ], [ -85.778147, 41.136025 ], [ -85.777944, 41.135966 ], [ -85.777904, 41.135936 ], [ -85.777789, 41.135884 ], [ -85.777701, 41.135846 ], [ -85.777641, 41.135812 ], [ -85.777417, 41.135754 ], [ -85.777358, 41.135727 ], [ -85.777231, 41.135711 ], [ -85.77713, 41.135674 ], [ -85.776938, 41.135551 ], [ -85.776771, 41.135435 ], [ -85.776597, 41.135299 ], [ -85.776524, 41.135237 ], [ -85.776445, 41.135182 ], [ -85.776355, 41.135134 ], [ -85.776324, 41.13511 ], [ -85.776274, 41.135047 ], [ -85.776237, 41.135027 ], [ -85.776211, 41.135007 ], [ -85.776173, 41.134969 ], [ -85.776003, 41.134836 ], [ -85.775964, 41.134815 ], [ -85.775919, 41.134781 ], [ -85.775799, 41.134712 ], [ -85.775709, 41.134673 ], [ -85.775655, 41.134645 ], [ -85.775613, 41.134635 ], [ -85.775551, 41.134646 ], [ -85.775513, 41.134637 ], [ -85.77545, 41.134612 ], [ -85.77539, 41.134595 ], [ -85.775345, 41.134577 ], [ -85.775237, 41.134519 ], [ -85.775175, 41.134493 ], [ -85.775142, 41.134469 ], [ -85.775119, 41.134464 ], [ -85.775082, 41.134463 ], [ -85.774971, 41.134434 ], [ -85.774921, 41.134409 ], [ -85.77485, 41.134387 ], [ -85.774803, 41.134385 ], [ -85.774784, 41.134372 ], [ -85.774746, 41.134357 ], [ -85.774656, 41.134335 ], [ -85.774608, 41.134316 ], [ -85.774572, 41.134296 ], [ -85.774489, 41.13426 ], [ -85.774389, 41.134238 ], [ -85.774311, 41.134202 ], [ -85.77425, 41.134195 ], [ -85.774221, 41.134185 ], [ -85.774195, 41.134193 ], [ -85.774152, 41.134176 ], [ -85.774118, 41.134175 ], [ -85.774093, 41.134168 ], [ -85.774069, 41.134148 ], [ -85.774026, 41.134128 ], [ -85.773967, 41.134115 ], [ -85.773916, 41.134084 ], [ -85.773874, 41.134084 ], [ -85.77373, 41.13403 ], [ -85.773567, 41.133976 ], [ -85.77354, 41.133975 ], [ -85.77351, 41.13395 ], [ -85.773485, 41.133939 ], [ -85.773412, 41.133936 ], [ -85.773386, 41.133925 ], [ -85.773356, 41.133902 ], [ -85.773269, 41.133898 ], [ -85.773235, 41.133893 ], [ -85.773092, 41.133841 ], [ -85.773014, 41.13379 ], [ -85.772985, 41.133781 ], [ -85.772965, 41.13377 ], [ -85.772939, 41.133762 ], [ -85.772878, 41.133779 ], [ -85.772844, 41.133774 ], [ -85.7728, 41.133762 ], [ -85.772694, 41.133724 ], [ -85.772609, 41.133674 ], [ -85.772574, 41.133663 ], [ -85.772559, 41.133649 ], [ -85.772506, 41.133618 ], [ -85.772411, 41.13358 ], [ -85.77235, 41.133448 ], [ -85.772344, 41.13342 ], [ -85.772356, 41.133357 ], [ -85.772344, 41.133241 ], [ -85.772343, 41.133161 ], [ -85.772326, 41.13301 ], [ -85.772329, 41.132961 ], [ -85.772337, 41.132924 ], [ -85.772346, 41.132821 ], [ -85.772334, 41.132776 ], [ -85.772306, 41.132715 ], [ -85.772235, 41.132667 ], [ -85.772183, 41.13261 ], [ -85.772006, 41.132493 ], [ -85.771975, 41.132465 ], [ -85.771887, 41.132358 ], [ -85.771844, 41.132274 ], [ -85.771843, 41.132169 ], [ -85.771832, 41.132086 ], [ -85.771807, 41.131977 ], [ -85.771806, 41.131851 ], [ -85.771797, 41.131691 ], [ -85.771797, 41.131584 ], [ -85.771783, 41.131519 ], [ -85.771778, 41.131469 ], [ -85.771789, 41.131391 ], [ -85.771793, 41.131309 ], [ -85.771806, 41.131223 ], [ -85.768527, 41.131284 ], [ -85.763148, 41.131347 ], [ -85.762509, 41.131345 ], [ -85.762466, 41.1281 ], [ -85.762465, 41.127374 ], [ -85.761252, 41.127381 ], [ -85.757981, 41.127436 ], [ -85.755757, 41.12748 ], [ -85.754049, 41.127507 ], [ -85.753777, 41.127507 ], [ -85.753519, 41.127487 ], [ -85.752928, 41.127395 ], [ -85.752841, 41.127382 ], [ -85.752564, 41.127351 ], [ -85.752408, 41.127339 ], [ -85.752032, 41.127336 ], [ -85.751434, 41.127342 ], [ -85.749256, 41.127384 ], [ -85.74868, 41.127404 ], [ -85.748089, 41.127411 ], [ -85.747907, 41.127406 ], [ -85.747653, 41.127391 ], [ -85.747154, 41.12735 ], [ -85.74704, 41.127347 ], [ -85.746964, 41.127352 ], [ -85.746881, 41.127363 ], [ -85.746672, 41.127399 ], [ -85.746532, 41.127431 ], [ -85.746309, 41.127456 ], [ -85.746175, 41.127461 ], [ -85.745166, 41.127469 ], [ -85.74377, 41.127498 ], [ -85.743707, 41.127499 ], [ -85.743829, 41.136297 ], [ -85.74387, 41.13913 ], [ -85.743897, 41.140464 ], [ -85.743905, 41.141415 ], [ -85.743904, 41.14191 ], [ -85.743845, 41.142337 ], [ -85.743728, 41.142919 ], [ -85.743602, 41.143475 ], [ -85.742876, 41.144964 ], [ -85.742297, 41.146103 ], [ -85.742155, 41.146486 ], [ -85.743579, 41.146427 ], [ -85.74359, 41.146465 ], [ -85.743594, 41.146509 ], [ -85.743601, 41.146527 ], [ -85.743665, 41.146534 ], [ -85.74372, 41.146566 ], [ -85.743731, 41.146601 ], [ -85.74376, 41.146611 ], [ -85.743793, 41.146608 ], [ -85.743797, 41.146578 ], [ -85.743818, 41.146569 ], [ -85.743876, 41.146593 ], [ -85.743942, 41.146604 ], [ -85.744039, 41.146607 ], [ -85.744062, 41.146616 ], [ -85.744088, 41.14665 ], [ -85.744065, 41.146738 ], [ -85.744072, 41.146784 ], [ -85.744059, 41.146816 ], [ -85.74405, 41.146859 ], [ -85.744013, 41.146881 ], [ -85.744003, 41.146905 ], [ -85.744038, 41.147027 ], [ -85.744059, 41.147046 ], [ -85.744024, 41.147059 ], [ -85.744015, 41.147086 ], [ -85.744054, 41.147296 ], [ -85.744044, 41.147335 ], [ -85.744047, 41.147584 ], [ -85.744055, 41.14762 ], [ -85.744042, 41.1479 ], [ -85.744009, 41.148086 ], [ -85.744022, 41.148171 ], [ -85.744042, 41.148379 ], [ -85.744062, 41.148428 ], [ -85.744084, 41.148459 ], [ -85.744086, 41.148492 ], [ -85.744116, 41.148572 ], [ -85.744106, 41.148664 ], [ -85.744084, 41.1487 ], [ -85.744074, 41.148872 ], [ -85.744085, 41.148949 ], [ -85.744094, 41.149265 ], [ -85.744088, 41.149676 ], [ -85.744103, 41.149965 ], [ -85.744094, 41.150062 ], [ -85.744085, 41.150406 ], [ -85.74406, 41.150489 ], [ -85.744072, 41.150583 ], [ -85.744114, 41.150637 ], [ -85.744219, 41.150719 ], [ -85.744255, 41.150735 ], [ -85.744255, 41.150832 ], [ -85.744288, 41.150876 ], [ -85.744312, 41.15093 ], [ -85.74432, 41.150959 ], [ -85.744302, 41.150993 ], [ -85.744259, 41.151038 ], [ -85.744223, 41.151089 ], [ -85.744122, 41.15114 ], [ -85.744046, 41.151225 ], [ -85.744022, 41.151307 ], [ -85.743942, 41.15151 ], [ -85.743863, 41.151589 ], [ -85.743852, 41.151626 ], [ -85.743851, 41.151655 ], [ -85.743835, 41.151672 ], [ -85.743802, 41.151675 ], [ -85.743734, 41.151721 ], [ -85.743707, 41.151754 ], [ -85.74367, 41.151775 ], [ -85.743604, 41.151778 ], [ -85.743581, 41.15179 ], [ -85.743551, 41.151822 ], [ -85.743545, 41.151859 ], [ -85.74353, 41.151881 ], [ -85.743503, 41.151895 ], [ -85.743439, 41.151955 ], [ -85.743405, 41.151979 ], [ -85.743376, 41.15201 ], [ -85.74335, 41.152046 ], [ -85.743306, 41.152128 ], [ -85.743294, 41.152171 ], [ -85.743327, 41.152182 ], [ -85.743298, 41.15228 ], [ -85.7433, 41.152319 ], [ -85.743357, 41.152443 ], [ -85.743376, 41.152528 ], [ -85.743363, 41.152544 ], [ -85.743368, 41.152562 ], [ -85.743389, 41.152588 ], [ -85.743385, 41.152657 ], [ -85.743376, 41.152689 ], [ -85.743374, 41.152721 ], [ -85.743425, 41.152829 ], [ -85.743458, 41.152864 ], [ -85.743419, 41.152887 ], [ -85.743373, 41.152888 ], [ -85.743344, 41.152897 ], [ -85.743364, 41.152911 ], [ -85.7434, 41.15292 ], [ -85.743424, 41.15292 ], [ -85.743469, 41.152929 ], [ -85.743492, 41.152921 ], [ -85.743539, 41.152916 ], [ -85.743536, 41.152937 ], [ -85.743516, 41.152952 ], [ -85.743481, 41.152961 ], [ -85.743439, 41.153002 ], [ -85.743431, 41.15303 ], [ -85.743431, 41.15307 ], [ -85.743449, 41.153124 ], [ -85.743441, 41.153228 ], [ -85.743424, 41.153268 ], [ -85.743401, 41.153433 ], [ -85.743403, 41.153486 ], [ -85.743453, 41.153626 ], [ -85.743467, 41.153676 ], [ -85.743524, 41.153759 ], [ -85.743567, 41.153804 ], [ -85.74355, 41.153825 ], [ -85.743561, 41.153841 ], [ -85.743579, 41.153855 ], [ -85.743602, 41.153865 ], [ -85.743622, 41.153889 ], [ -85.74365, 41.15391 ], [ -85.743717, 41.15395 ], [ -85.743749, 41.15396 ], [ -85.743775, 41.153973 ], [ -85.743754, 41.153999 ], [ -85.743752, 41.154017 ], [ -85.743783, 41.154068 ], [ -85.743812, 41.154089 ], [ -85.743851, 41.154107 ], [ -85.743899, 41.154115 ], [ -85.743928, 41.154095 ], [ -85.743969, 41.154087 ], [ -85.744231, 41.154081 ], [ -85.744319, 41.154086 ], [ -85.74458, 41.154111 ], [ -85.744631, 41.15412 ], [ -85.74489, 41.154126 ], [ -85.744962, 41.154137 ], [ -85.745022, 41.154131 ], [ -85.745063, 41.154133 ], [ -85.745232, 41.154176 ], [ -85.745394, 41.15419 ], [ -85.745436, 41.154189 ], [ -85.74556, 41.154223 ], [ -85.745654, 41.154222 ], [ -85.745707, 41.154216 ], [ -85.745746, 41.154207 ], [ -85.746172, 41.154294 ], [ -85.746153, 41.154549 ], [ -85.746152, 41.154742 ], [ -85.746169, 41.154837 ], [ -85.746168, 41.15491 ], [ -85.746187, 41.155024 ], [ -85.746247, 41.155141 ], [ -85.746318, 41.155253 ], [ -85.746339, 41.155298 ], [ -85.746352, 41.155314 ], [ -85.746351, 41.155347 ], [ -85.746385, 41.155398 ], [ -85.746394, 41.155529 ], [ -85.746358, 41.155599 ], [ -85.746356, 41.155639 ], [ -85.746369, 41.155692 ], [ -85.746439, 41.155762 ], [ -85.746485, 41.155829 ], [ -85.746515, 41.155863 ], [ -85.746572, 41.155898 ], [ -85.746637, 41.155927 ], [ -85.746661, 41.155942 ], [ -85.7467, 41.155984 ], [ -85.746743, 41.156085 ], [ -85.746744, 41.156151 ], [ -85.746757, 41.156235 ], [ -85.746842, 41.156483 ], [ -85.746904, 41.15662 ], [ -85.746964, 41.15687 ], [ -85.746966, 41.156976 ], [ -85.746953, 41.157036 ], [ -85.746907, 41.157126 ], [ -85.746859, 41.157205 ], [ -85.746804, 41.157282 ], [ -85.746774, 41.157312 ], [ -85.746741, 41.157366 ], [ -85.746663, 41.15746 ], [ -85.746552, 41.15756 ], [ -85.746518, 41.157609 ], [ -85.746427, 41.157697 ], [ -85.746241, 41.157839 ], [ -85.746005, 41.158053 ], [ -85.745945, 41.15809 ], [ -85.745854, 41.158117 ], [ -85.745759, 41.158127 ], [ -85.745543, 41.158201 ], [ -85.745395, 41.158282 ], [ -85.745328, 41.15834 ], [ -85.745208, 41.158426 ], [ -85.7451, 41.158519 ], [ -85.744974, 41.15865 ], [ -85.744962, 41.158676 ], [ -85.744907, 41.158652 ], [ -85.744881, 41.158665 ], [ -85.744888, 41.158686 ], [ -85.744859, 41.158675 ], [ -85.744802, 41.158702 ], [ -85.74474, 41.158674 ], [ -85.744719, 41.158698 ], [ -85.744696, 41.158704 ], [ -85.744649, 41.158675 ], [ -85.744615, 41.158604 ], [ -85.744616, 41.158495 ], [ -85.744598, 41.15843 ], [ -85.744569, 41.158386 ], [ -85.744525, 41.158283 ], [ -85.744492, 41.158252 ], [ -85.744452, 41.158202 ], [ -85.744467, 41.158107 ], [ -85.744482, 41.158071 ], [ -85.744493, 41.158014 ], [ -85.744489, 41.157995 ], [ -85.744447, 41.157965 ], [ -85.744396, 41.157956 ], [ -85.744355, 41.157958 ], [ -85.74433, 41.157964 ], [ -85.744317, 41.157983 ], [ -85.744353, 41.157988 ], [ -85.744379, 41.157998 ], [ -85.74438, 41.158024 ], [ -85.744362, 41.158044 ], [ -85.744334, 41.15806 ], [ -85.74424, 41.158093 ], [ -85.7442, 41.158089 ], [ -85.744168, 41.15809 ], [ -85.744094, 41.158101 ], [ -85.743999, 41.158139 ], [ -85.743877, 41.158216 ], [ -85.743825, 41.158256 ], [ -85.743781, 41.158336 ], [ -85.743776, 41.158354 ], [ -85.743679, 41.158476 ], [ -85.74363, 41.158579 ], [ -85.7436, 41.15869 ], [ -85.74353, 41.15887 ], [ -85.743504, 41.158976 ], [ -85.743468, 41.159073 ], [ -85.743462, 41.159126 ], [ -85.743466, 41.15919 ], [ -85.743475, 41.159234 ], [ -85.743504, 41.159323 ], [ -85.743553, 41.159432 ], [ -85.743585, 41.159479 ], [ -85.743739, 41.159655 ], [ -85.743813, 41.159733 ], [ -85.743851, 41.159734 ], [ -85.743874, 41.159739 ], [ -85.743946, 41.159787 ], [ -85.744048, 41.159871 ], [ -85.744241, 41.159983 ], [ -85.74458, 41.160245 ], [ -85.744621, 41.160284 ], [ -85.74466, 41.160313 ], [ -85.744725, 41.160372 ], [ -85.744783, 41.160448 ], [ -85.744899, 41.160572 ], [ -85.744952, 41.160612 ], [ -85.745, 41.160642 ], [ -85.745085, 41.160686 ], [ -85.745177, 41.160723 ], [ -85.745274, 41.160741 ], [ -85.745321, 41.160744 ], [ -85.745381, 41.160766 ], [ -85.745406, 41.160782 ], [ -85.745421, 41.160797 ], [ -85.745451, 41.160923 ], [ -85.745452, 41.160954 ], [ -85.745461, 41.160993 ], [ -85.745477, 41.161022 ], [ -85.745483, 41.161054 ], [ -85.745495, 41.161083 ], [ -85.745515, 41.161107 ], [ -85.745527, 41.161131 ], [ -85.745551, 41.161143 ], [ -85.745561, 41.161242 ], [ -85.74548, 41.161241 ], [ -85.745157, 41.161213 ], [ -85.744486, 41.161127 ], [ -85.744144, 41.161079 ], [ -85.743785, 41.161041 ], [ -85.743576, 41.161032 ], [ -85.741502, 41.161066 ], [ -85.740187, 41.161078 ], [ -85.739024, 41.161094 ], [ -85.738029, 41.161102 ], [ -85.73605, 41.161107 ], [ -85.73028, 41.161139 ], [ -85.730032, 41.161123 ], [ -85.729873, 41.161085 ], [ -85.729714, 41.161011 ], [ -85.729606, 41.160911 ], [ -85.729284, 41.160981 ], [ -85.728952, 41.161043 ], [ -85.728589, 41.161086 ], [ -85.728149, 41.161129 ], [ -85.727566, 41.161141 ], [ -85.724647, 41.161159 ], [ -85.724689, 41.161865 ], [ -85.724707, 41.162533 ], [ -85.724734, 41.163287 ], [ -85.724822, 41.164959 ], [ -85.724856, 41.165754 ], [ -85.724878, 41.166272 ], [ -85.724939, 41.167512 ], [ -85.724983, 41.168236 ], [ -85.724988, 41.168658 ], [ -85.724938, 41.169265 ], [ -85.724904, 41.169835 ], [ -85.724759, 41.171912 ], [ -85.724751, 41.172041 ], [ -85.724832, 41.17204 ], [ -85.724892, 41.172021 ], [ -85.724948, 41.172021 ], [ -85.724986, 41.172029 ], [ -85.725009, 41.172022 ], [ -85.725045, 41.172026 ], [ -85.725109, 41.172021 ], [ -85.725259, 41.172023 ], [ -85.725309, 41.172013 ], [ -85.725559, 41.17202 ], [ -85.72562, 41.172015 ], [ -85.72575, 41.172019 ], [ -85.726025, 41.172018 ], [ -85.726073, 41.17203 ], [ -85.726097, 41.172032 ], [ -85.726121, 41.172026 ], [ -85.726191, 41.172027 ], [ -85.726352, 41.17204 ], [ -85.726383, 41.172034 ], [ -85.726534, 41.172033 ], [ -85.726662, 41.172025 ], [ -85.727142, 41.172028 ], [ -85.727511, 41.172025 ], [ -85.727608, 41.172038 ], [ -85.727631, 41.172031 ], [ -85.728079, 41.172034 ], [ -85.72819, 41.172057 ], [ -85.728255, 41.172057 ], [ -85.728282, 41.172074 ], [ -85.72832, 41.172117 ], [ -85.728405, 41.172142 ], [ -85.72843, 41.172155 ], [ -85.728465, 41.172195 ], [ -85.728469, 41.172233 ], [ -85.728496, 41.172287 ], [ -85.728501, 41.172317 ], [ -85.728524, 41.172342 ], [ -85.728519, 41.17236 ], [ -85.728507, 41.172379 ], [ -85.728505, 41.17241 ], [ -85.728544, 41.172465 ], [ -85.72859, 41.172494 ], [ -85.72865, 41.172517 ], [ -85.728671, 41.172536 ], [ -85.728695, 41.172587 ], [ -85.728714, 41.172606 ], [ -85.728773, 41.172638 ], [ -85.728801, 41.172647 ], [ -85.728905, 41.172646 ], [ -85.72896, 41.172671 ], [ -85.728984, 41.172672 ], [ -85.729014, 41.172665 ], [ -85.729121, 41.172614 ], [ -85.729153, 41.172607 ], [ -85.729186, 41.172608 ], [ -85.729247, 41.17262 ], [ -85.729376, 41.17262 ], [ -85.729462, 41.172611 ], [ -85.729532, 41.17259 ], [ -85.729611, 41.172582 ], [ -85.729649, 41.172572 ], [ -85.729746, 41.172558 ], [ -85.729779, 41.172546 ], [ -85.729839, 41.172511 ], [ -85.729878, 41.172497 ], [ -85.729942, 41.17249 ], [ -85.72997, 41.172482 ], [ -85.730005, 41.17248 ], [ -85.730038, 41.172473 ], [ -85.730059, 41.172464 ], [ -85.730095, 41.172474 ], [ -85.730091, 41.172506 ], [ -85.730095, 41.172554 ], [ -85.730117, 41.172574 ], [ -85.730162, 41.172558 ], [ -85.730191, 41.172537 ], [ -85.730183, 41.172502 ], [ -85.730187, 41.172468 ], [ -85.730202, 41.172451 ], [ -85.730251, 41.172447 ], [ -85.730267, 41.172462 ], [ -85.730288, 41.172486 ], [ -85.730374, 41.172523 ], [ -85.730474, 41.172587 ], [ -85.730562, 41.172615 ], [ -85.730619, 41.172643 ], [ -85.730645, 41.172664 ], [ -85.730673, 41.172678 ], [ -85.730798, 41.172722 ], [ -85.730927, 41.172796 ], [ -85.731085, 41.172862 ], [ -85.731329, 41.172969 ], [ -85.731461, 41.173034 ], [ -85.731749, 41.173162 ], [ -85.73193, 41.173254 ], [ -85.732127, 41.17334 ], [ -85.732358, 41.173462 ], [ -85.73265, 41.173578 ], [ -85.732903, 41.173695 ], [ -85.732982, 41.173738 ], [ -85.733211, 41.173824 ], [ -85.733366, 41.173895 ], [ -85.733464, 41.173949 ], [ -85.733699, 41.17404 ], [ -85.733825, 41.174096 ], [ -85.734117, 41.174248 ], [ -85.734154, 41.17426 ], [ -85.734559, 41.174472 ], [ -85.734861, 41.174652 ], [ -85.735015, 41.17475 ], [ -85.73508, 41.174806 ], [ -85.73512, 41.174851 ], [ -85.735151, 41.174907 ], [ -85.735175, 41.174971 ], [ -85.735219, 41.175046 ], [ -85.735226, 41.175093 ], [ -85.735322, 41.175334 ], [ -85.735347, 41.175379 ], [ -85.735437, 41.175494 ], [ -85.735466, 41.175521 ], [ -85.735543, 41.175561 ], [ -85.735586, 41.175576 ], [ -85.735804, 41.175614 ], [ -85.736207, 41.175665 ], [ -85.736558, 41.175732 ], [ -85.736801, 41.175765 ], [ -85.736897, 41.175769 ], [ -85.737106, 41.175791 ], [ -85.737198, 41.175805 ], [ -85.737289, 41.175803 ], [ -85.737449, 41.175829 ], [ -85.737635, 41.175843 ], [ -85.7378, 41.175883 ], [ -85.737969, 41.175918 ], [ -85.738144, 41.175933 ], [ -85.738335, 41.175956 ], [ -85.738502, 41.176 ], [ -85.738694, 41.176019 ], [ -85.738843, 41.176026 ], [ -85.738966, 41.176049 ], [ -85.739494, 41.176112 ], [ -85.739577, 41.176152 ], [ -85.739649, 41.176164 ], [ -85.739862, 41.176154 ], [ -85.739914, 41.176136 ], [ -85.740006, 41.176125 ], [ -85.740036, 41.176246 ], [ -85.740129, 41.176515 ], [ -85.740176, 41.176693 ], [ -85.740179, 41.17675 ], [ -85.740234, 41.176914 ], [ -85.740298, 41.177137 ], [ -85.740493, 41.17773 ], [ -85.740529, 41.177815 ], [ -85.740558, 41.177864 ], [ -85.74058, 41.177911 ], [ -85.743612, 41.177812 ], [ -85.750159, 41.177876 ], [ -85.761033, 41.177526 ], [ -85.761286, 41.177523 ], [ -85.763005, 41.177483 ], [ -85.763115, 41.17748 ], [ -85.765127, 41.177457 ], [ -85.765197, 41.177456 ], [ -85.765186, 41.178296 ], [ -85.765209, 41.17911 ], [ -85.765212, 41.180037 ], [ -85.765224, 41.181514 ], [ -85.76523, 41.182225 ], [ -85.765232, 41.182758 ], [ -85.765244, 41.183834 ], [ -85.765255, 41.184873 ], [ -85.765253, 41.184972 ], [ -85.765243, 41.18603 ], [ -85.765245, 41.187306 ], [ -85.765235, 41.188339 ], [ -85.766364, 41.188324 ], [ -85.769333, 41.188327 ], [ -85.770045, 41.18833 ], [ -85.770043, 41.189499 ], [ -85.76987, 41.189784 ], [ -85.769756, 41.189863 ], [ -85.769722, 41.189877 ], [ -85.769683, 41.189866 ], [ -85.769658, 41.189873 ], [ -85.769616, 41.189895 ], [ -85.769586, 41.189919 ], [ -85.769559, 41.189955 ], [ -85.769479, 41.190002 ], [ -85.769444, 41.190076 ], [ -85.769389, 41.190138 ], [ -85.76937, 41.190167 ], [ -85.769334, 41.190258 ], [ -85.76922, 41.190492 ], [ -85.769182, 41.19054 ], [ -85.769153, 41.190585 ], [ -85.769132, 41.190628 ], [ -85.769116, 41.190675 ], [ -85.769114, 41.19073 ], [ -85.769092, 41.190881 ], [ -85.769101, 41.190923 ], [ -85.769136, 41.190989 ], [ -85.769235, 41.191101 ], [ -85.76933, 41.191178 ], [ -85.769404, 41.19122 ], [ -85.769465, 41.191243 ], [ -85.769521, 41.191252 ], [ -85.769677, 41.191261 ], [ -85.76972, 41.19127 ], [ -85.769757, 41.19129 ], [ -85.769788, 41.191268 ], [ -85.769849, 41.19121 ], [ -85.769919, 41.191162 ], [ -85.769952, 41.191211 ], [ -85.769999, 41.19124 ], [ -85.770041, 41.191276 ], [ -85.770118, 41.191533 ], [ -85.770138, 41.191638 ], [ -85.770234, 41.191946 ], [ -85.770252, 41.191994 ], [ -85.772522, 41.191994 ], [ -85.772537, 41.194354 ], [ -85.770503, 41.195565 ], [ -85.767849, 41.195575 ], [ -85.767848, 41.195685 ], [ -85.767726, 41.195686 ], [ -85.767717, 41.196624 ], [ -85.770201, 41.1966 ], [ -85.770183, 41.199164 ], [ -85.77016, 41.201214 ], [ -85.768816, 41.201069 ], [ -85.768481, 41.201682 ], [ -85.769738, 41.202081 ], [ -85.770114, 41.202201 ], [ -85.770016, 41.21007 ], [ -85.770892, 41.210059 ], [ -85.771668, 41.210022 ], [ -85.772372, 41.210002 ], [ -85.772481, 41.210023 ], [ -85.772535, 41.210062 ], [ -85.772553, 41.210102 ], [ -85.772621, 41.210076 ], [ -85.773314, 41.210007 ], [ -85.773555, 41.210014 ], [ -85.773686, 41.210012 ], [ -85.773904, 41.209992 ], [ -85.774098, 41.209986 ], [ -85.774307, 41.209959 ], [ -85.774401, 41.209962 ], [ -85.774566, 41.209995 ], [ -85.774714, 41.210015 ], [ -85.77495, 41.21001 ], [ -85.775631, 41.209984 ], [ -85.775948, 41.209978 ], [ -85.776236, 41.209954 ], [ -85.776576, 41.209939 ], [ -85.776956, 41.209917 ], [ -85.777102, 41.209916 ], [ -85.777359, 41.209924 ], [ -85.777576, 41.209936 ], [ -85.777715, 41.209934 ], [ -85.777803, 41.209926 ], [ -85.777866, 41.209913 ], [ -85.777958, 41.209877 ], [ -85.778018, 41.209808 ], [ -85.778131, 41.209617 ], [ -85.778164, 41.209546 ], [ -85.778211, 41.209478 ], [ -85.778312, 41.209348 ], [ -85.778485, 41.209199 ], [ -85.778531, 41.209177 ], [ -85.77867, 41.209144 ], [ -85.778761, 41.209154 ], [ -85.778785, 41.209153 ], [ -85.778813, 41.209166 ], [ -85.778839, 41.209166 ], [ -85.778862, 41.209155 ], [ -85.778897, 41.209151 ], [ -85.778928, 41.209162 ], [ -85.778947, 41.209177 ], [ -85.778981, 41.209186 ], [ -85.779018, 41.209184 ], [ -85.779082, 41.209169 ], [ -85.779117, 41.209175 ], [ -85.779137, 41.20919 ], [ -85.77916, 41.209195 ], [ -85.779297, 41.209206 ], [ -85.779338, 41.209199 ], [ -85.779357, 41.20921 ], [ -85.779385, 41.209219 ], [ -85.779423, 41.209206 ], [ -85.779459, 41.209202 ], [ -85.779479, 41.209212 ], [ -85.779516, 41.209211 ], [ -85.779555, 41.209219 ], [ -85.779587, 41.209235 ], [ -85.77961, 41.209228 ], [ -85.779648, 41.209242 ], [ -85.77967, 41.209294 ], [ -85.77969, 41.20931 ], [ -85.779704, 41.209354 ], [ -85.779718, 41.20931 ], [ -85.779707, 41.209267 ], [ -85.779745, 41.206231 ], [ -85.780022, 41.20623 ], [ -85.780399, 41.206226 ], [ -85.780742, 41.206223 ], [ -85.781019, 41.20622 ], [ -85.781059, 41.20622 ], [ -85.781311, 41.206217 ], [ -85.78158, 41.206215 ], [ -85.781838, 41.206212 ], [ -85.782124, 41.206209 ], [ -85.782233, 41.206208 ], [ -85.78234, 41.206208 ], [ -85.78253, 41.206205 ], [ -85.782674, 41.206205 ], [ -85.78314, 41.2062 ], [ -85.783784, 41.206193 ], [ -85.784582, 41.206185 ], [ -85.789425, 41.206085 ], [ -85.791869, 41.206062 ], [ -85.794264, 41.206037 ], [ -85.794296, 41.209008 ], [ -85.794328, 41.211949 ], [ -85.799727, 41.213376 ], [ -85.801886, 41.213938 ], [ -85.802272, 41.214038 ], [ -85.804643, 41.214657 ], [ -85.806973, 41.215269 ], [ -85.807343, 41.215385 ], [ -85.807335, 41.214316 ], [ -85.807318, 41.214138 ], [ -85.807275, 41.213954 ], [ -85.807225, 41.213828 ], [ -85.80714, 41.213643 ], [ -85.806931, 41.213233 ], [ -85.806872, 41.213116 ], [ -85.806746, 41.212828 ], [ -85.806702, 41.212689 ], [ -85.806669, 41.212583 ], [ -85.80663, 41.212346 ], [ -85.806622, 41.211902 ], [ -85.806622, 41.211842 ], [ -85.806623, 41.21158 ], [ -85.80663, 41.210151 ], [ -85.80663, 41.210098 ], [ -85.806632, 41.209679 ], [ -85.806637, 41.208737 ], [ -85.806638, 41.208397 ], [ -85.80664, 41.208018 ], [ -85.806642, 41.207648 ], [ -85.806654, 41.205944 ], [ -85.806653, 41.205628 ], [ -85.806644, 41.203535 ], [ -85.806659, 41.203487 ], [ -85.808066, 41.20347 ], [ -85.808509, 41.203463 ], [ -85.809023, 41.203456 ], [ -85.809464, 41.203449 ], [ -85.809965, 41.203442 ], [ -85.812116, 41.20341 ], [ -85.814378, 41.20338 ], [ -85.815952, 41.203359 ], [ -85.818542, 41.203333 ], [ -85.81983, 41.20332 ], [ -85.823208, 41.203275 ], [ -85.823251, 41.205636 ], [ -85.827989, 41.205591 ], [ -85.828077, 41.208395 ], [ -85.830497, 41.208365 ], [ -85.831239, 41.208352 ], [ -85.831329, 41.208348 ], [ -85.832918, 41.208329 ], [ -85.832957, 41.210812 ], [ -85.833625, 41.21079 ], [ -85.833775, 41.21078 ], [ -85.835381, 41.210733 ], [ -85.835381, 41.210814 ], [ -85.834829, 41.211106 ], [ -85.834936, 41.212626 ], [ -85.833056, 41.212657 ], [ -85.831415, 41.212692 ], [ -85.830524, 41.212713 ], [ -85.829644, 41.212731 ], [ -85.828969, 41.212743 ], [ -85.828726, 41.212747 ], [ -85.828668, 41.212818 ], [ -85.828759, 41.212823 ], [ -85.828735, 41.212841 ], [ -85.828686, 41.212861 ], [ -85.828651, 41.212885 ], [ -85.828632, 41.212906 ], [ -85.828587, 41.212936 ], [ -85.828546, 41.212983 ], [ -85.828424, 41.213063 ], [ -85.828378, 41.213104 ], [ -85.828286, 41.213211 ], [ -85.828221, 41.213306 ], [ -85.828179, 41.213388 ], [ -85.828147, 41.213496 ], [ -85.828158, 41.21368 ], [ -85.828167, 41.21371 ], [ -85.828119, 41.213699 ], [ -85.828121, 41.213711 ], [ -85.828065, 41.21369 ], [ -85.82805, 41.213684 ], [ -85.828089, 41.213796 ], [ -85.828104, 41.213859 ], [ -85.828106, 41.213892 ], [ -85.82809, 41.21409 ], [ -85.828074, 41.214124 ], [ -85.82807, 41.214161 ], [ -85.828072, 41.214207 ], [ -85.828061, 41.214282 ], [ -85.828006, 41.214425 ], [ -85.827948, 41.214494 ], [ -85.827935, 41.214532 ], [ -85.827951, 41.214546 ], [ -85.827999, 41.214552 ], [ -85.828035, 41.214567 ], [ -85.828098, 41.214565 ], [ -85.828141, 41.214583 ], [ -85.828203, 41.214628 ], [ -85.828223, 41.214638 ], [ -85.828298, 41.214634 ], [ -85.828253, 41.214685 ], [ -85.828104, 41.214771 ], [ -85.828045, 41.214798 ], [ -85.828002, 41.214808 ], [ -85.827952, 41.214814 ], [ -85.827708, 41.214791 ], [ -85.827644, 41.214768 ], [ -85.827586, 41.214756 ], [ -85.827533, 41.214738 ], [ -85.827441, 41.214692 ], [ -85.827345, 41.214654 ], [ -85.827298, 41.214616 ], [ -85.827273, 41.214583 ], [ -85.827245, 41.214516 ], [ -85.827209, 41.214446 ], [ -85.827157, 41.214391 ], [ -85.827125, 41.214328 ], [ -85.827119, 41.214304 ], [ -85.827125, 41.214268 ], [ -85.827143, 41.214245 ], [ -85.827156, 41.21419 ], [ -85.827185, 41.214174 ], [ -85.82724, 41.214178 ], [ -85.827253, 41.214194 ], [ -85.827295, 41.21419 ], [ -85.827255, 41.214234 ], [ -85.827257, 41.214258 ], [ -85.827272, 41.214281 ], [ -85.827296, 41.214281 ], [ -85.827341, 41.214273 ], [ -85.82739, 41.214287 ], [ -85.827482, 41.214283 ], [ -85.827529, 41.214255 ], [ -85.827572, 41.214209 ], [ -85.827599, 41.214159 ], [ -85.82761, 41.214088 ], [ -85.827606, 41.214066 ], [ -85.82754, 41.213993 ], [ -85.827456, 41.213922 ], [ -85.827379, 41.213835 ], [ -85.827263, 41.213719 ], [ -85.827251, 41.213666 ], [ -85.827218, 41.213597 ], [ -85.827088, 41.213632 ], [ -85.826871, 41.213581 ], [ -85.826759, 41.21355 ], [ -85.826661, 41.213597 ], [ -85.826403, 41.213655 ], [ -85.826345, 41.213664 ], [ -85.826217, 41.213668 ], [ -85.826191, 41.213655 ], [ -85.826134, 41.213599 ], [ -85.825908, 41.213627 ], [ -85.825891, 41.21364 ], [ -85.825876, 41.213672 ], [ -85.825874, 41.213764 ], [ -85.825863, 41.213782 ], [ -85.825803, 41.213823 ], [ -85.825715, 41.213847 ], [ -85.825632, 41.213857 ], [ -85.825461, 41.213858 ], [ -85.825323, 41.213845 ], [ -85.825267, 41.213821 ], [ -85.8252, 41.213762 ], [ -85.825187, 41.213736 ], [ -85.825168, 41.213644 ], [ -85.825117, 41.213622 ], [ -85.824967, 41.213611 ], [ -85.824802, 41.21364 ], [ -85.82473, 41.213664 ], [ -85.824497, 41.213717 ], [ -85.824454, 41.213716 ], [ -85.824424, 41.213707 ], [ -85.824369, 41.213674 ], [ -85.823783, 41.213778 ], [ -85.823687, 41.21382 ], [ -85.823538, 41.213899 ], [ -85.823486, 41.213922 ], [ -85.823432, 41.213939 ], [ -85.82338, 41.213907 ], [ -85.823314, 41.213945 ], [ -85.823205, 41.213986 ], [ -85.823066, 41.214075 ], [ -85.822883, 41.214158 ], [ -85.822371, 41.214417 ], [ -85.822215, 41.214548 ], [ -85.821973, 41.214703 ], [ -85.821849, 41.214793 ], [ -85.82177, 41.21486 ], [ -85.82164, 41.21495 ], [ -85.821506, 41.21505 ], [ -85.821384, 41.21516 ], [ -85.821208, 41.215362 ], [ -85.821114, 41.215463 ], [ -85.821073, 41.215536 ], [ -85.820958, 41.2157 ], [ -85.820865, 41.215945 ], [ -85.820827, 41.216099 ], [ -85.820823, 41.216274 ], [ -85.820829, 41.216349 ], [ -85.820849, 41.216417 ], [ -85.820849, 41.216466 ], [ -85.820855, 41.2165 ], [ -85.820881, 41.216544 ], [ -85.820914, 41.216584 ], [ -85.820922, 41.216605 ], [ -85.820946, 41.216633 ], [ -85.820977, 41.216648 ], [ -85.820995, 41.216667 ], [ -85.821055, 41.216781 ], [ -85.82107, 41.216795 ], [ -85.821081, 41.216825 ], [ -85.821098, 41.216845 ], [ -85.821114, 41.216879 ], [ -85.821145, 41.216892 ], [ -85.821199, 41.216981 ], [ -85.821229, 41.216995 ], [ -85.821259, 41.217045 ], [ -85.821293, 41.217119 ], [ -85.821294, 41.217139 ], [ -85.821354, 41.217226 ], [ -85.821412, 41.217283 ], [ -85.821444, 41.217305 ], [ -85.821466, 41.217371 ], [ -85.821488, 41.217401 ], [ -85.821576, 41.21747 ], [ -85.821623, 41.217527 ], [ -85.821762, 41.217585 ], [ -85.82187, 41.21762 ], [ -85.82193, 41.217634 ], [ -85.822061, 41.217724 ], [ -85.822162, 41.217801 ], [ -85.822257, 41.217859 ], [ -85.82236, 41.217911 ], [ -85.822394, 41.217913 ], [ -85.822451, 41.217952 ], [ -85.822487, 41.217984 ], [ -85.822538, 41.218099 ], [ -85.82256, 41.218343 ], [ -85.822581, 41.218363 ], [ -85.822625, 41.218376 ], [ -85.822697, 41.218467 ], [ -85.822714, 41.21848 ], [ -85.82272, 41.218511 ], [ -85.822738, 41.218541 ], [ -85.82275, 41.21873 ], [ -85.82274, 41.218805 ], [ -85.822741, 41.218905 ], [ -85.822755, 41.218939 ], [ -85.82278, 41.218958 ], [ -85.822816, 41.218964 ], [ -85.822823, 41.218982 ], [ -85.82281, 41.219014 ], [ -85.822775, 41.219022 ], [ -85.822756, 41.219034 ], [ -85.822716, 41.219076 ], [ -85.822694, 41.219115 ], [ -85.822693, 41.219144 ], [ -85.822656, 41.219219 ], [ -85.82263, 41.219228 ], [ -85.822635, 41.219286 ], [ -85.82268, 41.219324 ], [ -85.822684, 41.219369 ], [ -85.822652, 41.219441 ], [ -85.822653, 41.219511 ], [ -85.822617, 41.219541 ], [ -85.822524, 41.219545 ], [ -85.822486, 41.21958 ], [ -85.822467, 41.219591 ], [ -85.822418, 41.219585 ], [ -85.82232, 41.219641 ], [ -85.822271, 41.219644 ], [ -85.822202, 41.219688 ], [ -85.822197, 41.219706 ], [ -85.822209, 41.219761 ], [ -85.822239, 41.219804 ], [ -85.822286, 41.219841 ], [ -85.822326, 41.219835 ], [ -85.822353, 41.219816 ], [ -85.822397, 41.219817 ], [ -85.82243, 41.219793 ], [ -85.82247, 41.219789 ], [ -85.822472, 41.219767 ], [ -85.822445, 41.21976 ], [ -85.82242, 41.219759 ], [ -85.822398, 41.219737 ], [ -85.822405, 41.21971 ], [ -85.822531, 41.219757 ], [ -85.822546, 41.219771 ], [ -85.822555, 41.219788 ], [ -85.822551, 41.219824 ], [ -85.822585, 41.219823 ], [ -85.822583, 41.219791 ], [ -85.822613, 41.219793 ], [ -85.822631, 41.219809 ], [ -85.822612, 41.219842 ], [ -85.822537, 41.219845 ], [ -85.822447, 41.219954 ], [ -85.822401, 41.219959 ], [ -85.822354, 41.219972 ], [ -85.822336, 41.219986 ], [ -85.822301, 41.220026 ], [ -85.822262, 41.220084 ], [ -85.822223, 41.220173 ], [ -85.822201, 41.220202 ], [ -85.82214, 41.220244 ], [ -85.822082, 41.220275 ], [ -85.822051, 41.220286 ], [ -85.822077, 41.22034 ], [ -85.822126, 41.220323 ], [ -85.822162, 41.220322 ], [ -85.822226, 41.220309 ], [ -85.822293, 41.220285 ], [ -85.822366, 41.220233 ], [ -85.822407, 41.220215 ], [ -85.822503, 41.220095 ], [ -85.822541, 41.220063 ], [ -85.822579, 41.220046 ], [ -85.822577, 41.220077 ], [ -85.822557, 41.220142 ], [ -85.822512, 41.220329 ], [ -85.822493, 41.220369 ], [ -85.822471, 41.220399 ], [ -85.822394, 41.220477 ], [ -85.822357, 41.220536 ], [ -85.822291, 41.220605 ], [ -85.822268, 41.220619 ], [ -85.822237, 41.220667 ], [ -85.822181, 41.220688 ], [ -85.822212, 41.220649 ], [ -85.822211, 41.220613 ], [ -85.822192, 41.220629 ], [ -85.822164, 41.220671 ], [ -85.822153, 41.2207 ], [ -85.822112, 41.220757 ], [ -85.822088, 41.220819 ], [ -85.822073, 41.220887 ], [ -85.822079, 41.22091 ], [ -85.822174, 41.221079 ], [ -85.822208, 41.221212 ], [ -85.822212, 41.221287 ], [ -85.8222, 41.221323 ], [ -85.822116, 41.221469 ], [ -85.822076, 41.221525 ], [ -85.821968, 41.221626 ], [ -85.821954, 41.221644 ], [ -85.821945, 41.221681 ], [ -85.821926, 41.221717 ], [ -85.821919, 41.221828 ], [ -85.821955, 41.221959 ], [ -85.822042, 41.222162 ], [ -85.822107, 41.222291 ], [ -85.82223, 41.222431 ], [ -85.822304, 41.222501 ], [ -85.822377, 41.222595 ], [ -85.822429, 41.222695 ], [ -85.822444, 41.22274 ], [ -85.822677, 41.222739 ], [ -85.822742, 41.222682 ], [ -85.822788, 41.222684 ], [ -85.822805, 41.222689 ], [ -85.822938, 41.222726 ], [ -85.823226, 41.222872 ], [ -85.823355, 41.222979 ], [ -85.823387, 41.222999 ], [ -85.823421, 41.223029 ], [ -85.823538, 41.223162 ], [ -85.823633, 41.22327 ], [ -85.8238, 41.22336 ], [ -85.823904, 41.223401 ], [ -85.823958, 41.22343 ], [ -85.824026, 41.223493 ], [ -85.824091, 41.22358 ], [ -85.824085, 41.223655 ], [ -85.824076, 41.223676 ], [ -85.824074, 41.223726 ], [ -85.824085, 41.223742 ], [ -85.824086, 41.223788 ], [ -85.824076, 41.223871 ], [ -85.824081, 41.224144 ], [ -85.824082, 41.224179 ], [ -85.824093, 41.224297 ], [ -85.824121, 41.224393 ], [ -85.824142, 41.224444 ], [ -85.824174, 41.224545 ], [ -85.824196, 41.224583 ], [ -85.824246, 41.224701 ], [ -85.824375, 41.224895 ], [ -85.824477, 41.225 ], [ -85.824505, 41.225037 ], [ -85.824658, 41.225154 ], [ -85.824972, 41.225314 ], [ -85.825015, 41.225331 ], [ -85.825142, 41.225363 ], [ -85.825181, 41.225377 ], [ -85.825225, 41.225386 ], [ -85.825441, 41.225399 ], [ -85.825537, 41.22542 ], [ -85.825645, 41.225459 ], [ -85.825982, 41.22563 ], [ -85.82615, 41.225723 ], [ -85.826216, 41.22579 ], [ -85.826259, 41.225842 ], [ -85.82637, 41.226019 ], [ -85.82643, 41.22616 ], [ -85.826456, 41.226313 ], [ -85.826443, 41.226538 ], [ -85.826431, 41.226555 ], [ -85.826412, 41.22661 ], [ -85.826401, 41.22668 ], [ -85.82638, 41.226733 ], [ -85.826346, 41.226787 ], [ -85.826287, 41.226862 ], [ -85.826223, 41.226925 ], [ -85.826134, 41.226969 ], [ -85.82596, 41.227079 ], [ -85.825921, 41.227097 ], [ -85.825857, 41.227134 ], [ -85.825704, 41.22721 ], [ -85.825368, 41.227323 ], [ -85.825335, 41.227323 ], [ -85.825214, 41.227358 ], [ -85.825178, 41.227358 ], [ -85.825153, 41.22735 ], [ -85.825034, 41.227349 ], [ -85.824989, 41.227356 ], [ -85.824921, 41.227374 ], [ -85.824908, 41.227394 ], [ -85.824593, 41.227482 ], [ -85.824594, 41.227508 ], [ -85.824207, 41.227612 ], [ -85.824157, 41.227629 ], [ -85.824069, 41.227683 ], [ -85.824013, 41.227725 ], [ -85.823973, 41.227747 ], [ -85.823941, 41.227776 ], [ -85.823896, 41.227791 ], [ -85.823846, 41.227822 ], [ -85.823788, 41.227877 ], [ -85.823628, 41.227898 ], [ -85.823589, 41.227899 ], [ -85.823547, 41.227919 ], [ -85.823471, 41.227932 ], [ -85.823298, 41.227964 ], [ -85.822787, 41.228059 ], [ -85.822686, 41.228253 ], [ -85.822672, 41.228273 ], [ -85.822629, 41.228302 ], [ -85.822576, 41.228325 ], [ -85.822455, 41.228445 ], [ -85.822355, 41.228568 ], [ -85.822328, 41.228616 ], [ -85.822339, 41.228668 ], [ -85.822339, 41.228792 ], [ -85.822329, 41.228809 ], [ -85.822327, 41.229034 ], [ -85.822344, 41.229084 ], [ -85.822348, 41.229151 ], [ -85.8224, 41.229478 ], [ -85.822432, 41.229586 ], [ -85.82253, 41.229865 ], [ -85.822617, 41.230088 ], [ -85.822795, 41.230407 ], [ -85.822987, 41.230687 ], [ -85.823158, 41.230913 ], [ -85.823407, 41.231178 ], [ -85.823639, 41.231397 ], [ -85.823995, 41.23167 ], [ -85.824171, 41.231788 ], [ -85.824276, 41.231844 ], [ -85.824626, 41.232007 ], [ -85.824713, 41.232037 ], [ -85.824736, 41.232049 ], [ -85.825196, 41.232069 ], [ -85.825227, 41.232062 ], [ -85.825255, 41.232061 ], [ -85.825408, 41.232081 ], [ -85.82545, 41.23208 ], [ -85.825484, 41.232073 ], [ -85.825514, 41.232075 ], [ -85.825561, 41.23209 ], [ -85.82563, 41.232094 ], [ -85.825673, 41.232033 ], [ -85.825691, 41.232019 ], [ -85.825705, 41.232001 ], [ -85.825684, 41.231981 ], [ -85.825647, 41.232005 ], [ -85.825579, 41.232037 ], [ -85.825526, 41.232053 ], [ -85.8255, 41.232053 ], [ -85.825493, 41.232031 ], [ -85.825542, 41.232025 ], [ -85.825723, 41.231938 ], [ -85.825845, 41.231935 ], [ -85.825906, 41.231906 ], [ -85.825945, 41.231898 ], [ -85.825978, 41.231886 ], [ -85.826058, 41.231874 ], [ -85.826338, 41.231872 ], [ -85.82647, 41.231847 ], [ -85.826674, 41.231772 ], [ -85.826984, 41.231617 ], [ -85.827103, 41.231571 ], [ -85.827277, 41.231459 ], [ -85.827479, 41.231405 ], [ -85.827496, 41.231392 ], [ -85.827571, 41.231375 ], [ -85.827731, 41.231327 ], [ -85.827805, 41.231316 ], [ -85.827882, 41.231295 ], [ -85.827924, 41.231275 ], [ -85.827981, 41.231254 ], [ -85.82809, 41.231179 ], [ -85.828148, 41.231124 ], [ -85.828227, 41.231037 ], [ -85.82828, 41.230972 ], [ -85.828413, 41.230911 ], [ -85.828467, 41.230909 ], [ -85.828469, 41.230993 ], [ -85.828469, 41.231191 ], [ -85.82847, 41.231467 ], [ -85.82847, 41.231621 ], [ -85.82847, 41.231711 ], [ -85.828471, 41.231812 ], [ -85.828471, 41.231995 ], [ -85.828472, 41.232574 ], [ -85.828473, 41.23283 ], [ -85.828474, 41.233419 ], [ -85.828471, 41.233502 ], [ -85.828433, 41.233492 ], [ -85.827005, 41.233104 ], [ -85.826255, 41.232897 ], [ -85.825777, 41.232769 ], [ -85.825631, 41.23273 ], [ -85.825483, 41.23269 ], [ -85.82513, 41.232595 ], [ -85.824987, 41.232554 ], [ -85.824815, 41.232506 ], [ -85.824521, 41.232392 ], [ -85.824428, 41.232349 ], [ -85.824148, 41.232223 ], [ -85.823662, 41.231995 ], [ -85.823133, 41.231773 ], [ -85.823135, 41.232154 ], [ -85.823136, 41.232245 ], [ -85.823137, 41.232284 ], [ -85.812889, 41.229534 ], [ -85.810649, 41.228933 ], [ -85.810486, 41.228889 ], [ -85.808947, 41.228476 ], [ -85.805549, 41.227563 ], [ -85.80524, 41.227476 ], [ -85.804957, 41.227387 ], [ -85.804641, 41.22728 ], [ -85.802251, 41.226638 ], [ -85.800685, 41.226217 ], [ -85.799555, 41.225913 ], [ -85.794427, 41.224535 ], [ -85.794425, 41.224391 ], [ -85.794432, 41.223867 ], [ -85.794451, 41.222528 ], [ -85.79445, 41.222439 ], [ -85.794445, 41.221448 ], [ -85.794443, 41.221092 ], [ -85.794442, 41.220917 ], [ -85.79444, 41.22055 ], [ -85.794373, 41.220549 ], [ -85.793841, 41.220553 ], [ -85.7931, 41.220556 ], [ -85.792548, 41.220558 ], [ -85.791794, 41.220561 ], [ -85.790605, 41.220566 ], [ -85.789502, 41.220571 ], [ -85.789502, 41.220519 ], [ -85.789494, 41.219546 ], [ -85.789466, 41.216281 ], [ -85.789453, 41.216073 ], [ -85.787947, 41.216084 ], [ -85.787947, 41.21607 ], [ -85.787945, 41.216013 ], [ -85.787941, 41.215884 ], [ -85.787938, 41.215796 ], [ -85.787929, 41.215504 ], [ -85.787918, 41.21515 ], [ -85.787906, 41.214752 ], [ -85.7879, 41.214555 ], [ -85.78789, 41.214238 ], [ -85.787873, 41.213686 ], [ -85.787864, 41.213343 ], [ -85.784504, 41.213363 ], [ -85.784448, 41.220008 ], [ -85.784887, 41.220167 ], [ -85.785335, 41.220322 ], [ -85.785254, 41.220435 ], [ -85.784515, 41.220494 ], [ -85.784487, 41.221867 ], [ -85.782435, 41.221316 ], [ -85.780388, 41.220769 ], [ -85.779261, 41.220464 ], [ -85.777254, 41.219928 ], [ -85.776494, 41.21972 ], [ -85.775562, 41.219469 ], [ -85.773528, 41.218922 ], [ -85.772948, 41.218763 ], [ -85.771574, 41.2184 ], [ -85.770029, 41.21798 ], [ -85.767742, 41.217369 ], [ -85.765399, 41.216739 ], [ -85.765393, 41.217069 ], [ -85.765391, 41.217164 ], [ -85.76539, 41.21728 ], [ -85.765367, 41.221279 ], [ -85.765361, 41.22471 ], [ -85.765369, 41.224791 ], [ -85.765362, 41.224977 ], [ -85.765363, 41.22517 ], [ -85.765476, 41.235437 ], [ -85.757399, 41.235623 ], [ -85.757307, 41.241892 ], [ -85.753728, 41.239525 ], [ -85.749152, 41.236473 ], [ -85.748278, 41.235984 ], [ -85.747968, 41.235753 ], [ -85.747647, 41.235758 ], [ -85.740906, 41.235737 ], [ -85.740492, 41.235736 ], [ -85.735984, 41.235722 ], [ -85.730303, 41.235712 ], [ -85.728736, 41.235706 ], [ -85.728662, 41.237565 ], [ -85.728638, 41.241841 ], [ -85.728619, 41.243942 ], [ -85.728577, 41.250195 ], [ -85.730069, 41.250173 ], [ -85.733289, 41.250157 ], [ -85.733275, 41.250697 ], [ -85.733281, 41.252949 ], [ -85.733276, 41.255568 ], [ -85.733278, 41.257316 ], [ -85.733288, 41.257396 ], [ -85.73357, 41.258265 ], [ -85.733597, 41.258367 ], [ -85.733604, 41.258447 ], [ -85.733547, 41.259908 ], [ -85.733442, 41.260783 ], [ -85.733466, 41.261631 ], [ -85.733549, 41.263013 ], [ -85.733619, 41.263896 ], [ -85.733647, 41.264451 ], [ -85.728194, 41.264542 ], [ -85.718796, 41.264699 ], [ -85.718716, 41.2647 ], [ -85.718685, 41.264804 ], [ -85.718613, 41.265154 ], [ -85.718584, 41.265346 ], [ -85.718574, 41.265502 ], [ -85.718572, 41.265731 ], [ -85.718775, 41.274201 ], [ -85.718775, 41.274221 ], [ -85.718917, 41.27919 ], [ -85.71901, 41.281658 ], [ -85.719056, 41.283765 ], [ -85.716413, 41.283791 ], [ -85.714308, 41.283819 ], [ -85.714144, 41.283809 ], [ -85.714023, 41.283792 ], [ -85.713948, 41.283762 ], [ -85.713887, 41.283716 ], [ -85.713859, 41.28368 ], [ -85.713817, 41.283581 ], [ -85.713812, 41.283515 ], [ -85.713836, 41.282755 ], [ -85.713835, 41.282659 ], [ -85.713803, 41.282497 ], [ -85.71377, 41.282405 ], [ -85.713723, 41.282326 ], [ -85.713686, 41.282289 ], [ -85.713452, 41.282088 ], [ -85.712853, 41.281618 ], [ -85.712115, 41.281041 ], [ -85.712012, 41.280948 ], [ -85.711948, 41.280847 ], [ -85.711756, 41.280893 ], [ -85.711616, 41.280907 ], [ -85.711317, 41.280904 ], [ -85.711168, 41.280894 ], [ -85.710644, 41.280834 ], [ -85.710434, 41.280825 ], [ -85.710238, 41.280821 ], [ -85.709794, 41.280858 ], [ -85.709369, 41.280926 ], [ -85.70945, 41.282273 ], [ -85.709701, 41.282275 ], [ -85.709749, 41.282265 ], [ -85.709841, 41.282276 ], [ -85.709856, 41.282278 ], [ -85.70992, 41.282278 ], [ -85.710034, 41.282302 ], [ -85.71008, 41.282317 ], [ -85.710292, 41.282412 ], [ -85.710399, 41.282443 ], [ -85.710511, 41.282469 ], [ -85.710562, 41.282486 ], [ -85.710746, 41.282571 ], [ -85.710782, 41.282594 ], [ -85.710819, 41.282609 ], [ -85.710866, 41.282622 ], [ -85.710942, 41.282629 ], [ -85.711017, 41.282691 ], [ -85.711068, 41.282743 ], [ -85.711156, 41.282787 ], [ -85.711218, 41.282837 ], [ -85.711266, 41.282912 ], [ -85.711293, 41.282946 ], [ -85.71131, 41.282976 ], [ -85.71132, 41.283026 ], [ -85.711333, 41.283055 ], [ -85.711365, 41.28307 ], [ -85.711475, 41.283096 ], [ -85.711523, 41.283091 ], [ -85.711497, 41.283109 ], [ -85.711522, 41.283129 ], [ -85.711511, 41.283168 ], [ -85.711487, 41.283172 ], [ -85.711455, 41.283186 ], [ -85.711389, 41.283191 ], [ -85.711285, 41.283228 ], [ -85.711234, 41.283259 ], [ -85.711155, 41.283293 ], [ -85.710971, 41.283414 ], [ -85.710927, 41.283447 ], [ -85.710915, 41.283521 ], [ -85.710915, 41.283548 ], [ -85.710924, 41.283571 ], [ -85.710914, 41.283588 ], [ -85.710876, 41.283611 ], [ -85.71083, 41.283666 ], [ -85.710799, 41.28373 ], [ -85.710739, 41.28375 ], [ -85.710719, 41.283772 ], [ -85.710696, 41.283826 ], [ -85.710697, 41.283857 ], [ -85.710711, 41.283888 ], [ -85.710746, 41.283917 ], [ -85.710749, 41.283962 ], [ -85.71077, 41.283986 ], [ -85.710747, 41.284019 ], [ -85.710786, 41.284081 ], [ -85.710803, 41.284153 ], [ -85.71086, 41.284232 ], [ -85.710889, 41.284257 ], [ -85.710912, 41.284291 ], [ -85.710942, 41.284406 ], [ -85.710978, 41.284499 ], [ -85.711006, 41.28453 ], [ -85.711056, 41.284624 ], [ -85.71106, 41.284659 ], [ -85.711074, 41.284693 ], [ -85.711086, 41.284709 ], [ -85.711092, 41.284752 ], [ -85.711081, 41.284788 ], [ -85.711106, 41.284799 ], [ -85.711151, 41.284882 ], [ -85.711213, 41.285044 ], [ -85.711202, 41.28506 ], [ -85.711227, 41.285091 ], [ -85.711231, 41.285126 ], [ -85.711253, 41.285186 ], [ -85.711298, 41.285264 ], [ -85.711363, 41.285345 ], [ -85.71139, 41.285372 ], [ -85.71142, 41.285422 ], [ -85.711452, 41.285529 ], [ -85.71147, 41.285573 ], [ -85.711535, 41.285668 ], [ -85.711592, 41.285769 ], [ -85.711623, 41.285862 ], [ -85.711688, 41.286097 ], [ -85.711703, 41.286119 ], [ -85.711723, 41.286225 ], [ -85.711743, 41.286254 ], [ -85.71189, 41.286324 ], [ -85.711927, 41.286334 ], [ -85.71196, 41.286351 ], [ -85.711991, 41.28638 ], [ -85.71209, 41.286428 ], [ -85.712126, 41.286455 ], [ -85.712162, 41.286471 ], [ -85.712238, 41.286479 ], [ -85.712428, 41.286578 ], [ -85.712493, 41.28663 ], [ -85.712519, 41.286656 ], [ -85.712566, 41.286682 ], [ -85.71312, 41.287373 ], [ -85.713147, 41.287412 ], [ -85.713172, 41.287444 ], [ -85.713278, 41.287579 ], [ -85.713328, 41.287675 ], [ -85.713372, 41.28793 ], [ -85.713395, 41.287958 ], [ -85.713393, 41.288034 ], [ -85.713421, 41.288084 ], [ -85.71343, 41.288161 ], [ -85.713446, 41.288201 ], [ -85.713464, 41.288415 ], [ -85.713461, 41.288488 ], [ -85.713481, 41.288499 ], [ -85.713563, 41.288582 ], [ -85.713583, 41.288592 ], [ -85.71363, 41.288666 ], [ -85.713766, 41.288834 ], [ -85.713835, 41.288873 ], [ -85.713869, 41.288881 ], [ -85.713891, 41.288874 ], [ -85.713924, 41.288848 ], [ -85.713914, 41.28883 ], [ -85.713937, 41.288817 ], [ -85.713944, 41.288796 ], [ -85.713964, 41.288781 ], [ -85.713988, 41.288776 ], [ -85.714021, 41.288752 ], [ -85.71416, 41.288695 ], [ -85.714241, 41.288633 ], [ -85.714275, 41.288597 ], [ -85.714302, 41.288575 ], [ -85.714332, 41.288523 ], [ -85.714355, 41.288502 ], [ -85.714379, 41.288498 ], [ -85.71448, 41.288519 ], [ -85.714514, 41.288536 ], [ -85.714526, 41.28856 ], [ -85.714487, 41.288676 ], [ -85.71441, 41.288769 ], [ -85.714348, 41.288823 ], [ -85.714328, 41.288834 ], [ -85.714299, 41.288843 ], [ -85.714264, 41.288866 ], [ -85.714214, 41.288882 ], [ -85.71411, 41.288916 ], [ -85.714009, 41.288933 ], [ -85.713983, 41.288974 ], [ -85.713969, 41.289013 ], [ -85.713385, 41.288916 ], [ -85.713066, 41.288863 ], [ -85.71293, 41.28889 ], [ -85.712824, 41.288973 ], [ -85.712445, 41.289299 ], [ -85.712318, 41.289418 ], [ -85.712191, 41.289516 ], [ -85.712068, 41.289619 ], [ -85.71186, 41.289734 ], [ -85.711733, 41.289777 ], [ -85.711604, 41.289806 ], [ -85.711553, 41.289807 ], [ -85.711469, 41.289811 ], [ -85.711298, 41.289769 ], [ -85.711222, 41.289743 ], [ -85.711084, 41.289697 ], [ -85.710975, 41.28958 ], [ -85.710922, 41.289523 ], [ -85.710861, 41.289471 ], [ -85.710691, 41.289471 ], [ -85.710519, 41.289471 ], [ -85.710516, 41.289492 ], [ -85.710433, 41.289507 ], [ -85.71038, 41.289516 ], [ -85.710319, 41.289502 ], [ -85.710174, 41.289498 ], [ -85.710109, 41.289508 ], [ -85.710022, 41.289512 ], [ -85.70995, 41.289507 ], [ -85.709835, 41.289501 ], [ -85.709827, 41.289524 ], [ -85.709793, 41.28952 ], [ -85.709792, 41.289498 ], [ -85.70964, 41.289471 ], [ -85.709581, 41.289501 ], [ -85.709552, 41.289516 ], [ -85.709512, 41.289545 ], [ -85.709453, 41.289598 ], [ -85.709131, 41.289946 ], [ -85.70907, 41.290089 ], [ -85.70935, 41.290182 ], [ -85.709364, 41.290386 ], [ -85.709363, 41.29063 ], [ -85.709369, 41.290664 ], [ -85.709373, 41.2909 ], [ -85.709378, 41.290918 ], [ -85.709363, 41.290937 ], [ -85.709326, 41.29093 ], [ -85.7093, 41.290912 ], [ -85.70928, 41.290858 ], [ -85.709257, 41.290852 ], [ -85.709039, 41.290877 ], [ -85.708949, 41.290928 ], [ -85.708701, 41.290959 ], [ -85.708691, 41.290939 ], [ -85.7087, 41.290922 ], [ -85.70872, 41.290912 ], [ -85.708752, 41.29088 ], [ -85.708932, 41.290736 ], [ -85.708986, 41.290704 ], [ -85.709062, 41.290628 ], [ -85.709078, 41.290602 ], [ -85.709173, 41.290514 ], [ -85.709208, 41.290488 ], [ -85.709247, 41.290438 ], [ -85.709245, 41.290393 ], [ -85.709251, 41.290365 ], [ -85.709251, 41.290309 ], [ -85.709242, 41.290291 ], [ -85.709028, 41.290173 ], [ -85.708725, 41.290484 ], [ -85.708705, 41.290518 ], [ -85.708554, 41.290631 ], [ -85.708426, 41.290714 ], [ -85.708341, 41.290755 ], [ -85.708319, 41.29078 ], [ -85.708292, 41.29078 ], [ -85.708157, 41.290813 ], [ -85.708058, 41.290825 ], [ -85.707502, 41.29082 ], [ -85.707349, 41.290838 ], [ -85.707087, 41.290823 ], [ -85.706993, 41.290813 ], [ -85.706828, 41.290772 ], [ -85.706516, 41.290629 ], [ -85.706279, 41.290491 ], [ -85.705948, 41.290335 ], [ -85.705795, 41.290221 ], [ -85.705771, 41.290165 ], [ -85.705749, 41.290046 ], [ -85.705734, 41.290009 ], [ -85.705714, 41.289977 ], [ -85.705658, 41.289928 ], [ -85.705506, 41.289837 ], [ -85.705402, 41.289769 ], [ -85.705379, 41.289764 ], [ -85.705282, 41.289721 ], [ -85.70524, 41.289694 ], [ -85.705068, 41.289582 ], [ -85.704903, 41.289441 ], [ -85.704869, 41.289403 ], [ -85.704838, 41.289378 ], [ -85.704863, 41.289325 ], [ -85.704689, 41.289204 ], [ -85.704672, 41.289225 ], [ -85.704661, 41.289208 ], [ -85.704676, 41.289177 ], [ -85.704497, 41.289065 ], [ -85.704258, 41.289001 ], [ -85.704247, 41.289018 ], [ -85.704229, 41.288992 ], [ -85.704137, 41.28896 ], [ -85.704086, 41.288933 ], [ -85.704071, 41.288919 ], [ -85.703904, 41.288821 ], [ -85.703848, 41.288809 ], [ -85.703802, 41.288764 ], [ -85.703689, 41.288721 ], [ -85.703654, 41.288685 ], [ -85.703573, 41.288664 ], [ -85.703434, 41.288663 ], [ -85.703341, 41.288622 ], [ -85.703272, 41.288584 ], [ -85.703232, 41.288553 ], [ -85.703048, 41.288447 ], [ -85.702992, 41.288398 ], [ -85.702949, 41.288344 ], [ -85.702931, 41.28833 ], [ -85.702887, 41.288326 ], [ -85.702819, 41.288359 ], [ -85.702661, 41.288362 ], [ -85.702229, 41.288262 ], [ -85.702146, 41.288238 ], [ -85.70196, 41.288164 ], [ -85.701792, 41.288079 ], [ -85.7017, 41.288026 ], [ -85.701625, 41.287989 ], [ -85.701594, 41.287948 ], [ -85.701091, 41.287775 ], [ -85.700962, 41.287684 ], [ -85.700527, 41.287453 ], [ -85.700337, 41.287359 ], [ -85.700163, 41.287262 ], [ -85.700059, 41.287191 ], [ -85.699973, 41.287097 ], [ -85.699828, 41.286894 ], [ -85.699686, 41.286971 ], [ -85.699542, 41.287041 ], [ -85.69948, 41.287071 ], [ -85.699249, 41.287213 ], [ -85.699247, 41.287275 ], [ -85.699265, 41.287725 ], [ -85.699259, 41.288001 ], [ -85.69923, 41.288003 ], [ -85.699182, 41.287989 ], [ -85.699127, 41.287989 ], [ -85.699106, 41.28798 ], [ -85.699058, 41.287945 ], [ -85.699026, 41.287941 ], [ -85.699003, 41.287677 ], [ -85.698999, 41.287552 ], [ -85.699009, 41.287527 ], [ -85.699003, 41.287096 ], [ -85.699216, 41.286998 ], [ -85.699432, 41.286865 ], [ -85.699419, 41.286815 ], [ -85.699388, 41.286815 ], [ -85.699408, 41.286782 ], [ -85.699387, 41.286765 ], [ -85.699305, 41.286733 ], [ -85.699296, 41.286699 ], [ -85.699269, 41.286637 ], [ -85.699249, 41.286617 ], [ -85.699208, 41.28661 ], [ -85.699183, 41.286582 ], [ -85.699152, 41.286557 ], [ -85.699102, 41.286454 ], [ -85.699088, 41.286415 ], [ -85.699081, 41.286309 ], [ -85.699092, 41.286173 ], [ -85.699107, 41.286139 ], [ -85.699111, 41.286109 ], [ -85.699109, 41.286063 ], [ -85.699097, 41.286016 ], [ -85.699076, 41.285976 ], [ -85.699097, 41.285907 ], [ -85.699059, 41.285816 ], [ -85.699059, 41.285688 ], [ -85.699085, 41.285539 ], [ -85.699106, 41.285489 ], [ -85.69918, 41.285384 ], [ -85.699223, 41.285331 ], [ -85.699298, 41.285269 ], [ -85.699331, 41.285234 ], [ -85.699372, 41.285206 ], [ -85.699414, 41.285187 ], [ -85.69946, 41.285183 ], [ -85.699512, 41.285151 ], [ -85.699568, 41.285094 ], [ -85.699594, 41.285053 ], [ -85.699635, 41.285051 ], [ -85.699717, 41.285026 ], [ -85.699767, 41.285024 ], [ -85.699809, 41.284977 ], [ -85.699844, 41.284906 ], [ -85.699843, 41.284882 ], [ -85.699826, 41.284857 ], [ -85.699793, 41.284845 ], [ -85.699686, 41.28485 ], [ -85.699648, 41.284861 ], [ -85.699616, 41.284841 ], [ -85.699562, 41.284818 ], [ -85.699486, 41.284771 ], [ -85.699428, 41.284701 ], [ -85.699365, 41.284605 ], [ -85.699293, 41.284533 ], [ -85.69924, 41.284494 ], [ -85.699045, 41.28438 ], [ -85.698985, 41.284349 ], [ -85.698912, 41.284359 ], [ -85.69888, 41.284348 ], [ -85.698817, 41.284312 ], [ -85.698746, 41.284303 ], [ -85.698625, 41.284207 ], [ -85.698582, 41.284166 ], [ -85.698485, 41.284034 ], [ -85.698448, 41.284004 ], [ -85.698363, 41.283987 ], [ -85.698322, 41.283974 ], [ -85.698238, 41.28391 ], [ -85.69809, 41.283773 ], [ -85.698041, 41.283722 ], [ -85.698006, 41.283675 ], [ -85.697986, 41.283632 ], [ -85.69796, 41.283593 ], [ -85.697912, 41.283567 ], [ -85.697884, 41.283536 ], [ -85.697837, 41.283472 ], [ -85.697827, 41.283347 ], [ -85.697822, 41.283198 ], [ -85.69781, 41.28316 ], [ -85.697803, 41.28311 ], [ -85.697808, 41.283072 ], [ -85.697839, 41.283021 ], [ -85.697846, 41.282957 ], [ -85.69787, 41.282909 ], [ -85.697922, 41.282877 ], [ -85.697951, 41.282848 ], [ -85.697968, 41.282758 ], [ -85.697949, 41.282632 ], [ -85.697977, 41.282571 ], [ -85.697981, 41.28252 ], [ -85.698032, 41.282439 ], [ -85.698063, 41.282398 ], [ -85.6981, 41.282363 ], [ -85.698131, 41.282353 ], [ -85.69814, 41.282327 ], [ -85.698148, 41.282216 ], [ -85.69818, 41.282203 ], [ -85.698195, 41.282138 ], [ -85.698189, 41.282082 ], [ -85.698193, 41.282046 ], [ -85.698174, 41.282012 ], [ -85.698115, 41.281951 ], [ -85.698055, 41.281904 ], [ -85.698053, 41.281846 ], [ -85.698033, 41.281804 ], [ -85.697989, 41.281607 ], [ -85.697987, 41.281565 ], [ -85.697931, 41.281263 ], [ -85.69784, 41.280988 ], [ -85.697664, 41.280823 ], [ -85.697653, 41.280674 ], [ -85.697581, 41.28067 ], [ -85.697602, 41.280742 ], [ -85.697552, 41.280866 ], [ -85.697345, 41.280975 ], [ -85.69723, 41.281002 ], [ -85.697183, 41.280939 ], [ -85.697014, 41.280685 ], [ -85.696882, 41.280551 ], [ -85.696653, 41.280434 ], [ -85.696332, 41.280352 ], [ -85.696282, 41.280339 ], [ -85.696197, 41.280334 ], [ -85.696036, 41.280307 ], [ -85.696001, 41.280305 ], [ -85.695903, 41.280286 ], [ -85.695835, 41.280274 ], [ -85.695782, 41.28026 ], [ -85.695753, 41.280246 ], [ -85.695422, 41.280191 ], [ -85.695374, 41.28016 ], [ -85.695389, 41.279871 ], [ -85.695386, 41.2798 ], [ -85.695405, 41.279691 ], [ -85.695413, 41.279596 ], [ -85.695425, 41.279566 ], [ -85.695424, 41.279525 ], [ -85.695433, 41.27943 ], [ -85.69542, 41.279401 ], [ -85.695374, 41.279397 ], [ -85.695359, 41.279419 ], [ -85.695332, 41.279558 ], [ -85.695178, 41.279558 ], [ -85.695175, 41.279636 ], [ -85.695249, 41.279669 ], [ -85.69524, 41.280071 ], [ -85.695301, 41.280147 ], [ -85.695294, 41.280177 ], [ -85.695257, 41.280191 ], [ -85.69524, 41.280217 ], [ -85.695106, 41.28028 ], [ -85.694991, 41.280291 ], [ -85.69477, 41.280346 ], [ -85.694642, 41.280403 ], [ -85.694523, 41.280451 ], [ -85.694416, 41.280479 ], [ -85.694264, 41.280571 ], [ -85.694087, 41.28079 ], [ -85.694011, 41.280871 ], [ -85.693903, 41.280999 ], [ -85.693877, 41.281044 ], [ -85.693632, 41.28134 ], [ -85.693594, 41.281432 ], [ -85.693596, 41.281461 ], [ -85.693564, 41.281534 ], [ -85.693537, 41.281558 ], [ -85.693408, 41.281637 ], [ -85.693248, 41.281699 ], [ -85.693201, 41.281727 ], [ -85.693116, 41.281755 ], [ -85.693022, 41.281775 ], [ -85.69295, 41.281839 ], [ -85.692913, 41.281859 ], [ -85.69283, 41.28189 ], [ -85.692791, 41.28192 ], [ -85.692731, 41.282008 ], [ -85.692704, 41.282056 ], [ -85.692702, 41.282101 ], [ -85.692683, 41.282164 ], [ -85.692633, 41.282267 ], [ -85.692574, 41.28236 ], [ -85.692527, 41.282409 ], [ -85.692467, 41.282447 ], [ -85.692369, 41.282457 ], [ -85.692325, 41.28247 ], [ -85.692292, 41.282488 ], [ -85.692218, 41.282553 ], [ -85.692192, 41.282568 ], [ -85.692168, 41.282573 ], [ -85.692144, 41.282571 ], [ -85.692117, 41.282563 ], [ -85.692084, 41.282561 ], [ -85.692072, 41.282542 ], [ -85.692048, 41.282541 ], [ -85.691992, 41.282551 ], [ -85.691933, 41.282552 ], [ -85.691854, 41.282564 ], [ -85.691707, 41.282647 ], [ -85.691654, 41.282695 ], [ -85.691432, 41.282852 ], [ -85.691394, 41.282871 ], [ -85.691361, 41.282922 ], [ -85.691335, 41.282931 ], [ -85.691304, 41.282959 ], [ -85.691281, 41.28297 ], [ -85.691218, 41.283027 ], [ -85.691193, 41.28304 ], [ -85.691121, 41.283064 ], [ -85.691047, 41.283065 ], [ -85.691015, 41.283074 ], [ -85.690837, 41.283172 ], [ -85.690684, 41.283247 ], [ -85.690619, 41.283269 ], [ -85.69057, 41.283286 ], [ -85.690531, 41.283287 ], [ -85.690488, 41.283315 ], [ -85.690382, 41.283448 ], [ -85.690336, 41.283561 ], [ -85.690264, 41.283561 ], [ -85.690152, 41.283726 ], [ -85.690129, 41.283751 ], [ -85.690126, 41.283785 ], [ -85.690112, 41.283847 ], [ -85.690141, 41.283862 ], [ -85.690117, 41.283889 ], [ -85.690084, 41.283977 ], [ -85.690011, 41.284054 ], [ -85.689935, 41.284124 ], [ -85.689825, 41.284237 ], [ -85.689815, 41.284262 ], [ -85.689795, 41.284283 ], [ -85.689741, 41.284411 ], [ -85.689738, 41.284455 ], [ -85.689735, 41.284496 ], [ -85.689725, 41.284534 ], [ -85.689687, 41.284596 ], [ -85.689644, 41.284665 ], [ -85.689571, 41.284811 ], [ -85.689561, 41.284832 ], [ -85.689536, 41.28491 ], [ -85.689523, 41.285112 ], [ -85.689471, 41.285163 ], [ -85.689318, 41.285311 ], [ -85.689281, 41.285315 ], [ -85.68915, 41.285314 ], [ -85.689127, 41.285326 ], [ -85.689079, 41.285341 ], [ -85.689048, 41.285346 ], [ -85.68894, 41.28534 ], [ -85.688921, 41.285325 ], [ -85.688916, 41.285307 ], [ -85.688647, 41.285304 ], [ -85.688646, 41.285325 ], [ -85.688628, 41.285383 ], [ -85.688608, 41.285406 ], [ -85.688353, 41.285403 ], [ -85.688351, 41.285378 ], [ -85.688327, 41.285377 ], [ -85.688321, 41.285405 ], [ -85.687597, 41.285406 ], [ -85.687593, 41.285531 ], [ -85.687645, 41.285534 ], [ -85.688124, 41.285533 ], [ -85.688501, 41.285526 ], [ -85.688624, 41.285539 ], [ -85.688724, 41.285525 ], [ -85.688771, 41.285442 ], [ -85.689132, 41.285443 ], [ -85.68918, 41.285488 ], [ -85.689162, 41.28556 ], [ -85.689165, 41.28562 ], [ -85.689219, 41.285809 ], [ -85.689232, 41.285951 ], [ -85.689231, 41.286006 ], [ -85.68923, 41.286029 ], [ -85.68925, 41.286058 ], [ -85.689258, 41.286134 ], [ -85.68924, 41.286163 ], [ -85.689145, 41.286182 ], [ -85.688713, 41.286198 ], [ -85.688503, 41.286198 ], [ -85.687931, 41.286215 ], [ -85.687849, 41.286223 ], [ -85.687834, 41.286245 ], [ -85.687775, 41.286255 ], [ -85.687761, 41.28624 ], [ -85.687687, 41.286245 ], [ -85.687638, 41.286269 ], [ -85.687611, 41.286388 ], [ -85.68763, 41.286404 ], [ -85.687654, 41.286407 ], [ -85.687711, 41.286402 ], [ -85.687731, 41.286391 ], [ -85.687751, 41.286354 ], [ -85.687788, 41.286325 ], [ -85.687847, 41.286313 ], [ -85.688217, 41.286304 ], [ -85.688581, 41.286306 ], [ -85.688719, 41.2863 ], [ -85.688898, 41.2863 ], [ -85.689082, 41.286284 ], [ -85.689222, 41.286285 ], [ -85.689231, 41.286263 ], [ -85.689397, 41.286279 ], [ -85.689413, 41.286366 ], [ -85.68945, 41.286419 ], [ -85.689525, 41.286476 ], [ -85.689555, 41.286514 ], [ -85.689542, 41.286547 ], [ -85.689506, 41.286569 ], [ -85.689464, 41.286577 ], [ -85.689426, 41.286584 ], [ -85.689177, 41.286581 ], [ -85.689114, 41.286564 ], [ -85.688173, 41.286588 ], [ -85.687865, 41.286585 ], [ -85.687763, 41.286581 ], [ -85.687732, 41.286573 ], [ -85.687715, 41.286557 ], [ -85.687713, 41.286502 ], [ -85.687681, 41.286481 ], [ -85.687646, 41.286481 ], [ -85.687612, 41.286505 ], [ -85.687611, 41.286562 ], [ -85.687663, 41.286628 ], [ -85.687677, 41.286679 ], [ -85.68848, 41.286685 ], [ -85.688584, 41.28668 ], [ -85.688764, 41.286679 ], [ -85.688886, 41.286668 ], [ -85.689121, 41.28667 ], [ -85.689253, 41.286657 ], [ -85.689285, 41.286657 ], [ -85.689492, 41.286677 ], [ -85.689523, 41.286696 ], [ -85.689556, 41.286754 ], [ -85.689556, 41.286773 ], [ -85.689546, 41.28679 ], [ -85.68959, 41.286867 ], [ -85.689637, 41.286907 ], [ -85.689654, 41.286927 ], [ -85.689672, 41.286948 ], [ -85.689699, 41.286991 ], [ -85.689716, 41.28703 ], [ -85.689713, 41.28734 ], [ -85.689543, 41.28739 ], [ -85.689416, 41.287387 ], [ -85.689419, 41.287315 ], [ -85.689386, 41.287315 ], [ -85.689385, 41.287382 ], [ -85.689157, 41.287371 ], [ -85.688843, 41.287362 ], [ -85.688672, 41.287367 ], [ -85.68828, 41.287369 ], [ -85.687959, 41.28738 ], [ -85.687885, 41.287393 ], [ -85.687833, 41.287416 ], [ -85.687763, 41.287431 ], [ -85.687707, 41.287428 ], [ -85.687631, 41.287455 ], [ -85.687438, 41.287443 ], [ -85.687207, 41.287445 ], [ -85.686932, 41.287437 ], [ -85.686719, 41.287444 ], [ -85.686725, 41.287615 ], [ -85.687318, 41.287608 ], [ -85.687985, 41.287606 ], [ -85.68879, 41.287615 ], [ -85.688977, 41.287609 ], [ -85.689364, 41.287604 ], [ -85.689378, 41.287626 ], [ -85.689398, 41.287606 ], [ -85.689562, 41.287611 ], [ -85.689741, 41.287624 ], [ -85.689806, 41.287672 ], [ -85.689899, 41.287766 ], [ -85.689945, 41.287812 ], [ -85.690028, 41.287906 ], [ -85.68999, 41.287906 ], [ -85.690031, 41.287963 ], [ -85.690059, 41.287962 ], [ -85.690079, 41.287973 ], [ -85.690147, 41.288065 ], [ -85.690131, 41.288088 ], [ -85.690161, 41.288084 ], [ -85.69029, 41.28822 ], [ -85.690301, 41.288248 ], [ -85.689751, 41.28825 ], [ -85.689339, 41.288247 ], [ -85.689307, 41.288228 ], [ -85.689303, 41.288247 ], [ -85.689221, 41.288251 ], [ -85.688948, 41.288253 ], [ -85.688772, 41.28825 ], [ -85.688094, 41.288254 ], [ -85.688066, 41.288249 ], [ -85.687695, 41.288259 ], [ -85.687274, 41.288264 ], [ -85.687233, 41.288254 ], [ -85.68693, 41.288255 ], [ -85.686727, 41.288265 ], [ -85.686625, 41.288283 ], [ -85.686384, 41.288355 ], [ -85.686315, 41.288403 ], [ -85.68629, 41.28841 ], [ -85.686186, 41.288498 ], [ -85.686109, 41.288593 ], [ -85.686083, 41.288659 ], [ -85.686062, 41.288668 ], [ -85.686021, 41.288751 ], [ -85.685992, 41.288883 ], [ -85.686019, 41.289148 ], [ -85.686021, 41.289208 ], [ -85.686029, 41.289268 ], [ -85.686094, 41.289461 ], [ -85.686152, 41.2896 ], [ -85.686182, 41.2897 ], [ -85.686278, 41.289873 ], [ -85.686292, 41.289909 ], [ -85.68634, 41.289996 ], [ -85.68642, 41.290118 ], [ -85.686504, 41.290231 ], [ -85.686517, 41.290261 ], [ -85.686574, 41.290323 ], [ -85.686699, 41.290476 ], [ -85.686728, 41.290535 ], [ -85.686802, 41.290597 ], [ -85.686834, 41.290598 ], [ -85.686948, 41.290596 ], [ -85.687056, 41.290516 ], [ -85.687054, 41.290498 ], [ -85.687022, 41.290438 ], [ -85.687005, 41.290374 ], [ -85.686964, 41.290325 ], [ -85.68696, 41.290297 ], [ -85.686934, 41.290275 ], [ -85.686925, 41.290249 ], [ -85.68691, 41.290229 ], [ -85.686891, 41.290214 ], [ -85.686867, 41.290179 ], [ -85.686863, 41.290159 ], [ -85.686836, 41.290119 ], [ -85.686798, 41.290104 ], [ -85.686781, 41.290089 ], [ -85.68675, 41.290042 ], [ -85.686712, 41.290009 ], [ -85.686689, 41.289982 ], [ -85.686663, 41.289922 ], [ -85.68663, 41.289879 ], [ -85.686586, 41.289766 ], [ -85.686585, 41.289748 ], [ -85.686565, 41.289732 ], [ -85.68654, 41.289645 ], [ -85.686525, 41.289626 ], [ -85.686495, 41.289549 ], [ -85.686483, 41.289532 ], [ -85.686475, 41.289491 ], [ -85.686423, 41.289388 ], [ -85.686422, 41.289361 ], [ -85.686397, 41.289313 ], [ -85.686349, 41.28912 ], [ -85.686314, 41.28889 ], [ -85.686301, 41.288858 ], [ -85.686302, 41.288807 ], [ -85.686321, 41.28872 ], [ -85.686362, 41.288656 ], [ -85.686391, 41.28863 ], [ -85.686433, 41.288583 ], [ -85.686459, 41.288569 ], [ -85.686582, 41.288518 ], [ -85.686624, 41.288495 ], [ -85.686861, 41.288417 ], [ -85.686971, 41.288395 ], [ -85.687642, 41.28841 ], [ -85.687938, 41.28841 ], [ -85.687972, 41.288414 ], [ -85.688155, 41.288476 ], [ -85.688309, 41.288483 ], [ -85.689108, 41.288487 ], [ -85.690012, 41.288498 ], [ -85.690343, 41.288524 ], [ -85.690361, 41.288549 ], [ -85.690418, 41.288693 ], [ -85.69049, 41.288906 ], [ -85.690532, 41.289008 ], [ -85.690568, 41.289044 ], [ -85.690564, 41.289091 ], [ -85.690537, 41.289132 ], [ -85.690511, 41.289152 ], [ -85.690436, 41.289172 ], [ -85.690366, 41.289215 ], [ -85.69034, 41.289265 ], [ -85.690334, 41.289312 ], [ -85.690295, 41.289355 ], [ -85.690286, 41.289395 ], [ -85.690261, 41.289421 ], [ -85.690203, 41.289465 ], [ -85.690123, 41.289476 ], [ -85.690049, 41.289476 ], [ -85.689975, 41.289468 ], [ -85.689948, 41.28948 ], [ -85.689905, 41.289484 ], [ -85.689856, 41.289483 ], [ -85.689817, 41.289472 ], [ -85.689803, 41.289452 ], [ -85.689782, 41.289436 ], [ -85.689623, 41.289427 ], [ -85.68963, 41.289456 ], [ -85.689597, 41.289474 ], [ -85.689569, 41.289484 ], [ -85.689532, 41.289485 ], [ -85.68951, 41.289493 ], [ -85.689466, 41.289524 ], [ -85.689439, 41.289555 ], [ -85.689409, 41.289581 ], [ -85.689335, 41.289591 ], [ -85.689313, 41.289591 ], [ -85.688897, 41.289594 ], [ -85.688766, 41.289581 ], [ -85.688724, 41.289592 ], [ -85.688559, 41.289594 ], [ -85.688291, 41.289608 ], [ -85.688106, 41.289601 ], [ -85.687997, 41.289608 ], [ -85.687848, 41.289611 ], [ -85.687809, 41.289642 ], [ -85.687789, 41.289789 ], [ -85.687792, 41.289931 ], [ -85.687798, 41.289949 ], [ -85.687832, 41.289956 ], [ -85.687839, 41.289997 ], [ -85.687488, 41.290012 ], [ -85.68763, 41.290235 ], [ -85.687673, 41.290338 ], [ -85.687689, 41.290399 ], [ -85.687673, 41.290501 ], [ -85.687657, 41.290539 ], [ -85.687587, 41.290608 ], [ -85.687538, 41.290635 ], [ -85.687404, 41.290673 ], [ -85.687291, 41.29068 ], [ -85.686112, 41.290752 ], [ -85.686224, 41.290895 ], [ -85.687202, 41.291962 ], [ -85.687554, 41.29234 ], [ -85.689416, 41.294345 ], [ -85.688551, 41.294364 ], [ -85.683327, 41.294434 ], [ -85.680998, 41.294465 ], [ -85.679803, 41.294481 ], [ -85.67358, 41.294559 ], [ -85.666459, 41.294648 ], [ -85.666542, 41.299169 ], [ -85.666592, 41.301879 ], [ -85.655004, 41.301993 ], [ -85.653369, 41.302024 ], [ -85.652796, 41.302035 ], [ -85.652108, 41.302001 ], [ -85.652108, 41.302047 ], [ -85.652106, 41.303634 ], [ -85.652116, 41.304451 ], [ -85.652116, 41.304469 ], [ -85.652116, 41.304486 ], [ -85.652132, 41.305845 ], [ -85.652166, 41.306845 ], [ -85.652177, 41.307163 ], [ -85.65228, 41.310166 ], [ -85.65229, 41.310833 ], [ -85.652328, 41.311492 ], [ -85.652336, 41.311626 ], [ -85.652345, 41.313049 ], [ -85.652346, 41.313069 ], [ -85.652346, 41.313108 ], [ -85.652354, 41.314296 ], [ -85.652356, 41.314683 ], [ -85.652356, 41.3147 ], [ -85.652363, 41.315696 ], [ -85.652384, 41.316627 ], [ -85.652431, 41.318648 ], [ -85.652438, 41.31895 ], [ -85.652466, 41.319818 ], [ -85.652506, 41.321066 ], [ -85.652538, 41.321806 ], [ -85.652539, 41.321834 ], [ -85.652592, 41.323027 ], [ -85.652646, 41.323804 ], [ -85.652647, 41.323826 ], [ -85.652937, 41.333428 ], [ -85.652938, 41.33346 ], [ -85.652946, 41.33372 ], [ -85.65045, 41.333738 ], [ -85.648505, 41.333757 ], [ -85.646924, 41.333756 ], [ -85.643003, 41.333794 ], [ -85.640441, 41.333799 ], [ -85.640468, 41.333275 ], [ -85.640455, 41.331637 ], [ -85.640445, 41.329444 ], [ -85.640424, 41.327793 ], [ -85.640422, 41.325982 ], [ -85.640431, 41.32401 ], [ -85.63866, 41.324061 ], [ -85.637396, 41.324058 ], [ -85.636542, 41.324077 ], [ -85.636027, 41.324107 ], [ -85.635174, 41.324091 ], [ -85.63471, 41.324096 ], [ -85.631411, 41.324135 ], [ -85.630663, 41.324132 ], [ -85.628021, 41.324119 ], [ -85.62568, 41.324151 ], [ -85.624187, 41.324133 ], [ -85.623563, 41.324113 ], [ -85.620573, 41.324134 ], [ -85.618732, 41.32413 ], [ -85.613848, 41.324156 ], [ -85.611982, 41.324168 ], [ -85.61044, 41.324191 ], [ -85.609136, 41.324202 ], [ -85.607796, 41.32423 ], [ -85.60567, 41.324223 ], [ -85.604347, 41.324259 ], [ -85.6028, 41.324263 ], [ -85.602807, 41.323195 ], [ -85.601625, 41.323188 ], [ -85.601623, 41.319412 ], [ -85.604056, 41.320034 ], [ -85.604324, 41.319963 ], [ -85.605312, 41.318799 ], [ -85.604876, 41.318804 ], [ -85.604051, 41.316947 ], [ -85.604041, 41.314252 ], [ -85.600834, 41.314296 ], [ -85.600772, 41.312214 ], [ -85.60059, 41.311985 ], [ -85.60062, 41.311711 ], [ -85.600772, 41.311391 ], [ -85.600044, 41.311345 ], [ -85.599194, 41.31146 ], [ -85.597799, 41.31146 ], [ -85.595947, 41.311026 ], [ -85.595037, 41.310546 ], [ -85.594369, 41.310272 ], [ -85.593186, 41.309929 ], [ -85.591851, 41.30986 ], [ -85.591214, 41.3097 ], [ -85.590971, 41.309495 ], [ -85.59097, 41.308808 ], [ -85.590728, 41.308534 ], [ -85.590181, 41.308259 ], [ -85.589696, 41.308145 ], [ -85.589332, 41.307985 ], [ -85.589301, 41.307482 ], [ -85.589332, 41.307322 ], [ -85.589604, 41.306773 ], [ -85.589938, 41.306521 ], [ -85.590757, 41.306132 ], [ -85.591091, 41.305949 ], [ -85.591394, 41.305514 ], [ -85.591484, 41.304576 ], [ -85.591393, 41.304393 ], [ -85.591211, 41.304187 ], [ -85.59115, 41.304004 ], [ -85.590999, 41.30373 ], [ -85.590877, 41.303524 ], [ -85.590725, 41.303249 ], [ -85.589942, 41.302726 ], [ -85.590193, 41.30271 ], [ -85.590431, 41.302677 ], [ -85.590716, 41.302615 ], [ -85.59131, 41.302563 ], [ -85.592021, 41.302553 ], [ -85.594432, 41.302535 ], [ -85.595, 41.302548 ], [ -85.596217, 41.302557 ], [ -85.598793, 41.302535 ], [ -85.599366, 41.302527 ], [ -85.601207, 41.302526 ], [ -85.604194, 41.302503 ], [ -85.606493, 41.302501 ], [ -85.609117, 41.302467 ], [ -85.611709, 41.302445 ], [ -85.61389, 41.302435 ], [ -85.613896, 41.301154 ], [ -85.613896, 41.301011 ], [ -85.613927, 41.298998 ], [ -85.613953, 41.297688 ], [ -85.613958, 41.295213 ], [ -85.612787, 41.295216 ], [ -85.612344, 41.295219 ], [ -85.60566, 41.295247 ], [ -85.602145, 41.295247 ], [ -85.599459, 41.295262 ], [ -85.599437, 41.295264 ], [ -85.599195, 41.295277 ], [ -85.59584, 41.295292 ], [ -85.594378, 41.29528 ], [ -85.592902, 41.295302 ], [ -85.5919, 41.295311 ], [ -85.589833, 41.295311 ], [ -85.589777, 41.295316 ], [ -85.58958, 41.295333 ], [ -85.588024, 41.295359 ], [ -85.585229, 41.295328 ], [ -85.58518, 41.295324 ], [ -85.584095, 41.295349 ], [ -85.582924, 41.295344 ], [ -85.581569, 41.295361 ], [ -85.579147, 41.295372 ], [ -85.57796, 41.295352 ], [ -85.577697, 41.296137 ], [ -85.577622, 41.296313 ], [ -85.577592, 41.296479 ], [ -85.577573, 41.296797 ], [ -85.57758, 41.298318 ], [ -85.577615, 41.299775 ], [ -85.57762, 41.301393 ], [ -85.577609, 41.30259 ], [ -85.566873, 41.302584 ], [ -85.555483, 41.302575 ], [ -85.554156, 41.302551 ], [ -85.552805, 41.30254 ], [ -85.552314, 41.302575 ], [ -85.551712, 41.302639 ], [ -85.551206, 41.302674 ], [ -85.550415, 41.302718 ], [ -85.550099, 41.302708 ], [ -85.549697, 41.302661 ], [ -85.549382, 41.302604 ], [ -85.548768, 41.302531 ], [ -85.547046, 41.302497 ], [ -85.545791, 41.302455 ], [ -85.545789, 41.302511 ], [ -85.543063, 41.302524 ], [ -85.5395, 41.302509 ], [ -85.536972, 41.302488 ], [ -85.53653, 41.302507 ], [ -85.53622, 41.302556 ], [ -85.535999, 41.31208 ], [ -85.535999, 41.313336 ], [ -85.53639, 41.313773 ], [ -85.536299, 41.313933 ], [ -85.536117, 41.314025 ], [ -85.535999, 41.31399 ], [ -85.535933, 41.317616 ], [ -85.536601, 41.317433 ], [ -85.536995, 41.317479 ], [ -85.53739, 41.317594 ], [ -85.537572, 41.317914 ], [ -85.537572, 41.318211 ], [ -85.537207, 41.318554 ], [ -85.536783, 41.318783 ], [ -85.536661, 41.318966 ], [ -85.536509, 41.319149 ], [ -85.536206, 41.319492 ], [ -85.535902, 41.319629 ], [ -85.535477, 41.319721 ], [ -85.53393, 41.319606 ], [ -85.533262, 41.319789 ], [ -85.533111, 41.319697 ], [ -85.532807, 41.319445 ], [ -85.532777, 41.318896 ], [ -85.532595, 41.318713 ], [ -85.532171, 41.318622 ], [ -85.531624, 41.318599 ], [ -85.53123, 41.318667 ], [ -85.531014, 41.318839 ], [ -85.530688, 41.319012 ], [ -85.531034, 41.319457 ], [ -85.531233, 41.319764 ], [ -85.531331, 41.319944 ], [ -85.531344, 41.320075 ], [ -85.531303, 41.320164 ], [ -85.531223, 41.320187 ], [ -85.53112, 41.320179 ], [ -85.531048, 41.320232 ], [ -85.531021, 41.320375 ], [ -85.531065, 41.3209 ], [ -85.53116, 41.321241 ], [ -85.531256, 41.321552 ], [ -85.531316, 41.321689 ], [ -85.531342, 41.321928 ], [ -85.531312, 41.32219 ], [ -85.53113, 41.322551 ], [ -85.530862, 41.322875 ], [ -85.530786, 41.323107 ], [ -85.530822, 41.32328 ], [ -85.530966, 41.323556 ], [ -85.531147, 41.323927 ], [ -85.531136, 41.32404 ], [ -85.53107, 41.324171 ], [ -85.530866, 41.324484 ], [ -85.530668, 41.324839 ], [ -85.530486, 41.325188 ], [ -85.530331, 41.325406 ], [ -85.530152, 41.325625 ], [ -85.530022, 41.325796 ], [ -85.529922, 41.326033 ], [ -85.529796, 41.326365 ], [ -85.529689, 41.326572 ], [ -85.529607, 41.326672 ], [ -85.529487, 41.32676 ], [ -85.528864, 41.32702 ], [ -85.528712, 41.327096 ], [ -85.528647, 41.32719 ], [ -85.528609, 41.327482 ], [ -85.5286, 41.329281 ], [ -85.528569, 41.330681 ], [ -85.528576, 41.330898 ], [ -85.528596, 41.331551 ], [ -85.528571, 41.331646 ], [ -85.528505, 41.33174 ], [ -85.528346, 41.331786 ], [ -85.527919, 41.331792 ], [ -85.526401, 41.331869 ], [ -85.524548, 41.331964 ], [ -85.52195, 41.332056 ], [ -85.521926, 41.329999 ], [ -85.521943, 41.3286 ], [ -85.521902, 41.328547 ], [ -85.521868, 41.328547 ], [ -85.52184, 41.328547 ], [ -85.521485, 41.328549 ], [ -85.520757, 41.328551 ], [ -85.520643, 41.328555 ], [ -85.520058, 41.328548 ], [ -85.5198, 41.328562 ], [ -85.518943, 41.328551 ], [ -85.517917, 41.328566 ], [ -85.51731, 41.32857 ], [ -85.517091, 41.328538 ], [ -85.516887, 41.328473 ], [ -85.516707, 41.328379 ], [ -85.516603, 41.328292 ], [ -85.516575, 41.328116 ], [ -85.516568, 41.327738 ], [ -85.516587, 41.327247 ], [ -85.516598, 41.327098 ], [ -85.515906, 41.327089 ], [ -85.514523, 41.327074 ], [ -85.51415, 41.32707 ], [ -85.513599, 41.327065 ], [ -85.512476, 41.327062 ], [ -85.512264, 41.327036 ], [ -85.512166, 41.327006 ], [ -85.512092, 41.326943 ], [ -85.512071, 41.326874 ], [ -85.512067, 41.326757 ], [ -85.512066, 41.326725 ], [ -85.512069, 41.326628 ], [ -85.510999, 41.326624 ], [ -85.510997, 41.331986 ], [ -85.507018, 41.331905 ], [ -85.506614, 41.331897 ], [ -85.506615, 41.334147 ], [ -85.502648, 41.33405 ], [ -85.502647, 41.331817 ], [ -85.49987, 41.331761 ], [ -85.49989, 41.336243 ], [ -85.501251, 41.337324 ], [ -85.5003, 41.338104 ], [ -85.500058, 41.337933 ], [ -85.499028, 41.337208 ], [ -85.498429, 41.336777 ], [ -85.49759, 41.337499 ], [ -85.496695, 41.33688 ], [ -85.496412, 41.337162 ], [ -85.4958, 41.337684 ], [ -85.495364, 41.338066 ], [ -85.49509, 41.338288 ], [ -85.495078, 41.338467 ], [ -85.495072, 41.338729 ], [ -85.495103, 41.339093 ], [ -85.495236, 41.340197 ], [ -85.495303, 41.341074 ], [ -85.495403, 41.342593 ], [ -85.495414, 41.342767 ], [ -85.49555, 41.34408 ], [ -85.495716, 41.346137 ], [ -85.495804, 41.347092 ], [ -85.495972, 41.348399 ], [ -85.496896, 41.348423 ], [ -85.498491, 41.348521 ], [ -85.500047, 41.348601 ], [ -85.50301, 41.348687 ], [ -85.505713, 41.34874 ], [ -85.506788, 41.348742 ], [ -85.508125, 41.348718 ], [ -85.508536, 41.348699 ], [ -85.508766, 41.348673 ], [ -85.508981, 41.348622 ], [ -85.509244, 41.348536 ], [ -85.509819, 41.348293 ], [ -85.510087, 41.34816 ], [ -85.510474, 41.347968 ], [ -85.511679, 41.347483 ], [ -85.511958, 41.347391 ], [ -85.512832, 41.347218 ], [ -85.513366, 41.349101 ], [ -85.513618, 41.349844 ], [ -85.513812, 41.350329 ], [ -85.514276, 41.351479 ], [ -85.514573, 41.352157 ], [ -85.515051, 41.353246 ], [ -85.515883, 41.355229 ], [ -85.516035, 41.355529 ], [ -85.516149, 41.355715 ], [ -85.516272, 41.35586 ], [ -85.516418, 41.356064 ], [ -85.516549, 41.356227 ], [ -85.517616, 41.357271 ], [ -85.51822, 41.357851 ], [ -85.518978, 41.358593 ], [ -85.519132, 41.358774 ], [ -85.519231, 41.358918 ], [ -85.519354, 41.359081 ], [ -85.519492, 41.359424 ], [ -85.519645, 41.360028 ], [ -85.519926, 41.361247 ], [ -85.519999, 41.361666 ], [ -85.520081, 41.362047 ], [ -85.520251, 41.36258 ], [ -85.520238, 41.363502 ], [ -85.520287, 41.366249 ], [ -85.520272, 41.366676 ], [ -85.520273, 41.367727 ], [ -85.520303, 41.370781 ], [ -85.520306, 41.372573 ], [ -85.52034, 41.3771 ], [ -85.520321, 41.378784 ], [ -85.520315, 41.38044 ], [ -85.520324, 41.380698 ], [ -85.520341, 41.381184 ], [ -85.51835, 41.381158 ], [ -85.516736, 41.381173 ], [ -85.51513, 41.381176 ], [ -85.513556, 41.381197 ], [ -85.510723, 41.38122 ], [ -85.510705, 41.381685 ], [ -85.510721, 41.384438 ], [ -85.510719, 41.386273 ], [ -85.510711, 41.387994 ], [ -85.51073, 41.389919 ], [ -85.51074, 41.390199 ], [ -85.510387, 41.390064 ], [ -85.510255, 41.390026 ], [ -85.510038, 41.389999 ], [ -85.509776, 41.389986 ], [ -85.509546, 41.389988 ], [ -85.509202, 41.390026 ], [ -85.508558, 41.390135 ], [ -85.508032, 41.390241 ], [ -85.505624, 41.390707 ], [ -85.503923, 41.39105 ], [ -85.503437, 41.391148 ], [ -85.501205, 41.391597 ], [ -85.495094, 41.392962 ], [ -85.4918, 41.393688 ], [ -85.491662, 41.393738 ], [ -85.491567, 41.393793 ], [ -85.49151, 41.393867 ], [ -85.491477, 41.393937 ], [ -85.491462, 41.394054 ], [ -85.491458, 41.394269 ], [ -85.491441, 41.395199 ], [ -85.49144, 41.397089 ], [ -85.491439, 41.397722 ], [ -85.491457, 41.398581 ], [ -85.491437, 41.399449 ], [ -85.491413, 41.400213 ], [ -85.491419, 41.400919 ], [ -85.491425, 41.401676 ], [ -85.491433, 41.40338 ], [ -85.491374, 41.40457 ], [ -85.491363, 41.405547 ], [ -85.492438, 41.405347 ], [ -85.493838, 41.405277 ], [ -85.494173, 41.405346 ], [ -85.495208, 41.405734 ], [ -85.495665, 41.405848 ], [ -85.496365, 41.405847 ], [ -85.497065, 41.405641 ], [ -85.498556, 41.404839 ], [ -85.499526, 41.404198 ], [ -85.499962, 41.404014 ], [ -85.500608, 41.403762 ], [ -85.501247, 41.403808 ], [ -85.501917, 41.403968 ], [ -85.502343, 41.404129 ], [ -85.502616, 41.404403 ], [ -85.503287, 41.405502 ], [ -85.503257, 41.40557 ], [ -85.503469, 41.405868 ], [ -85.504079, 41.406439 ], [ -85.505052, 41.406943 ], [ -85.506027, 41.407309 ], [ -85.506727, 41.407493 ], [ -85.506971, 41.407699 ], [ -85.507062, 41.407859 ], [ -85.506971, 41.408248 ], [ -85.506151, 41.408453 ], [ -85.503629, 41.408543 ], [ -85.503264, 41.40868 ], [ -85.502869, 41.409046 ], [ -85.502199, 41.410075 ], [ -85.501926, 41.410372 ], [ -85.50153, 41.410647 ], [ -85.501271, 41.410709 ], [ -85.503743, 41.412127 ], [ -85.50291, 41.41213 ], [ -85.502277, 41.412128 ], [ -85.502064, 41.412101 ], [ -85.501867, 41.412063 ], [ -85.501726, 41.412007 ], [ -85.501515, 41.411897 ], [ -85.501406, 41.411818 ], [ -85.501297, 41.411722 ], [ -85.501205, 41.411613 ], [ -85.500879, 41.410977 ], [ -85.500785, 41.410818 ], [ -85.500272, 41.410864 ], [ -85.499014, 41.410936 ], [ -85.498276, 41.411165 ], [ -85.497721, 41.411532 ], [ -85.497658, 41.411648 ], [ -85.497043, 41.411923 ], [ -85.496117, 41.41268 ], [ -85.49593, 41.413001 ], [ -85.495925, 41.4133 ], [ -85.496135, 41.413482 ], [ -85.497816, 41.413851 ], [ -85.498115, 41.414056 ], [ -85.498112, 41.414331 ], [ -85.497958, 41.414446 ], [ -85.49765, 41.414584 ], [ -85.495346, 41.414679 ], [ -85.495007, 41.414795 ], [ -85.494575, 41.415116 ], [ -85.494418, 41.415461 ], [ -85.493874, 41.417294 ], [ -85.493866, 41.417867 ], [ -85.493985, 41.418072 ], [ -85.494494, 41.418462 ], [ -85.494943, 41.418669 ], [ -85.495273, 41.418714 ], [ -85.496445, 41.418533 ], [ -85.498098, 41.418442 ], [ -85.498578, 41.41826 ], [ -85.498815, 41.417964 ], [ -85.498838, 41.41753 ], [ -85.498744, 41.417393 ], [ -85.498729, 41.416434 ], [ -85.498848, 41.416228 ], [ -85.499028, 41.416138 ], [ -85.499478, 41.416137 ], [ -85.499981, 41.416435 ], [ -85.500643, 41.41696 ], [ -85.500764, 41.417326 ], [ -85.500704, 41.417486 ], [ -85.500703, 41.417715 ], [ -85.501645, 41.418241 ], [ -85.501645, 41.418562 ], [ -85.501371, 41.41879 ], [ -85.500641, 41.41927 ], [ -85.499981, 41.419591 ], [ -85.49914, 41.42005 ], [ -85.498502, 41.420302 ], [ -85.497925, 41.420737 ], [ -85.497895, 41.421103 ], [ -85.497804, 41.421149 ], [ -85.498047, 41.421446 ], [ -85.498351, 41.421537 ], [ -85.498807, 41.421812 ], [ -85.499324, 41.4222 ], [ -85.499539, 41.422543 ], [ -85.499524, 41.422658 ], [ -85.499585, 41.422726 ], [ -85.499959, 41.423309 ], [ -85.499981, 41.423345 ], [ -85.499615, 41.423717 ], [ -85.499539, 41.423879 ], [ -85.498808, 41.424093 ], [ -85.498838, 41.424719 ], [ -85.499415, 41.42537 ], [ -85.499977, 41.425997 ], [ -85.500341, 41.426228 ], [ -85.500569, 41.426693 ], [ -85.50069, 41.426809 ], [ -85.500993, 41.427297 ], [ -85.501676, 41.427934 ], [ -85.501611, 41.427938 ], [ -85.501106, 41.427932 ], [ -85.498793, 41.427808 ], [ -85.498432, 41.427793 ], [ -85.498249, 41.427756 ], [ -85.497377, 41.42772 ], [ -85.496451, 41.427693 ], [ -85.495531, 41.427685 ], [ -85.495172, 41.427696 ], [ -85.494938, 41.427734 ], [ -85.494719, 41.42771 ], [ -85.494121, 41.427728 ], [ -85.493215, 41.427727 ], [ -85.491884, 41.427709 ], [ -85.491329, 41.427723 ], [ -85.491345, 41.429413 ], [ -85.49135, 41.434 ], [ -85.491401, 41.436338 ], [ -85.491407, 41.436901 ], [ -85.491418, 41.43787 ], [ -85.491435, 41.43828 ], [ -85.491103, 41.438294 ], [ -85.490721, 41.438311 ], [ -85.490127, 41.438309 ], [ -85.489316, 41.438338 ], [ -85.48808, 41.438351 ], [ -85.486661, 41.438357 ], [ -85.484206, 41.438349 ], [ -85.483505, 41.438375 ], [ -85.481863, 41.438392 ], [ -85.479468, 41.4384 ], [ -85.473149, 41.438479 ], [ -85.471107, 41.438481 ], [ -85.469231, 41.438497 ], [ -85.467669, 41.438517 ], [ -85.466141, 41.438514 ], [ -85.463836, 41.43853 ], [ -85.462337, 41.438516 ], [ -85.461887, 41.438531 ], [ -85.460138, 41.438528 ], [ -85.457826, 41.438559 ], [ -85.456797, 41.438586 ], [ -85.456589, 41.438583 ], [ -85.455888, 41.438569 ], [ -85.455588, 41.438554 ], [ -85.455438, 41.438552 ], [ -85.453006, 41.438571 ], [ -85.451678, 41.438532 ], [ -85.450212, 41.438533 ], [ -85.447133, 41.438569 ], [ -85.446799, 41.438585 ], [ -85.446499, 41.438586 ], [ -85.444996, 41.438545 ], [ -85.444113, 41.438546 ], [ -85.443258, 41.438547 ], [ -85.44288, 41.438538 ], [ -85.442767, 41.438541 ], [ -85.44269, 41.438681 ], [ -85.442638, 41.438754 ], [ -85.442619, 41.4389 ], [ -85.442618, 41.439586 ], [ -85.442636, 41.441322 ], [ -85.442679, 41.443614 ], [ -85.442684, 41.445558 ], [ -85.442715, 41.447296 ], [ -85.442701, 41.449099 ], [ -85.442726, 41.451206 ], [ -85.442763, 41.453088 ], [ -85.442757, 41.454094 ], [ -85.442764, 41.454473 ], [ -85.442759, 41.455719 ], [ -85.442772, 41.456109 ], [ -85.423347, 41.454765 ], [ -85.423336, 41.45309 ], [ -85.423326, 41.452595 ], [ -85.423352, 41.452431 ], [ -85.423338, 41.450955 ], [ -85.423329, 41.45016 ], [ -85.423356, 41.447862 ], [ -85.423364, 41.445187 ], [ -85.423362, 41.440889 ], [ -85.423375, 41.438575 ], [ -85.42324, 41.438585 ], [ -85.422865, 41.43859 ], [ -85.419943, 41.43855 ], [ -85.410437, 41.438494 ], [ -85.408585, 41.438473 ], [ -85.405774, 41.438472 ], [ -85.404146, 41.438476 ], [ -85.404164, 41.438969 ], [ -85.40421, 41.439854 ], [ -85.404245, 41.441521 ], [ -85.404293, 41.442692 ], [ -85.404419, 41.447468 ], [ -85.404488, 41.450711 ], [ -85.404524, 41.451719 ], [ -85.404537, 41.45209 ], [ -85.40458, 41.452193 ], [ -85.40438, 41.452281 ], [ -85.404129, 41.452529 ], [ -85.403879, 41.452716 ], [ -85.403715, 41.452757 ], [ -85.403479, 41.45276 ], [ -85.403145, 41.452718 ], [ -85.401876, 41.45262 ], [ -85.401402, 41.452583 ], [ -85.399814, 41.452475 ], [ -85.399299, 41.452425 ], [ -85.396521, 41.452233 ], [ -85.395274, 41.452191 ], [ -85.39485, 41.452161 ], [ -85.394856, 41.452578 ], [ -85.394866, 41.452791 ], [ -85.394877, 41.45301 ], [ -85.394102, 41.45301 ], [ -85.39311, 41.453004 ], [ -85.392527, 41.453 ], [ -85.39068, 41.45298 ], [ -85.390065, 41.45299 ], [ -85.389901, 41.452987 ], [ -85.386168, 41.452936 ], [ -85.383372, 41.452925 ], [ -85.382045, 41.452918 ], [ -85.381777, 41.45292 ], [ -85.380397, 41.452918 ], [ -85.378308, 41.452917 ], [ -85.375769, 41.452864 ], [ -85.370777, 41.452815 ], [ -85.368081, 41.452788 ], [ -85.365937, 41.452779 ], [ -85.365933, 41.452103 ], [ -85.365926, 41.450667 ], [ -85.365922, 41.449972 ], [ -85.365901, 41.448413 ], [ -85.365877, 41.447831 ], [ -85.365906, 41.446075 ], [ -85.365896, 41.445692 ], [ -85.365886, 41.445316 ], [ -85.365889, 41.4443 ], [ -85.365877, 41.442299 ], [ -85.365845, 41.440829 ], [ -85.365819, 41.438194 ], [ -85.365967, 41.436667 ], [ -85.366011, 41.436462 ], [ -85.366064, 41.435877 ], [ -85.36612, 41.435478 ], [ -85.366138, 41.435053 ], [ -85.36629, 41.43356 ], [ -85.366344, 41.433215 ], [ -85.366383, 41.432891 ], [ -85.36643, 41.432555 ], [ -85.366543, 41.431395 ], [ -85.366686, 41.429659 ], [ -85.366705, 41.429508 ], [ -85.366935, 41.427653 ], [ -85.367143, 41.426045 ], [ -85.36716, 41.425654 ], [ -85.367195, 41.425189 ], [ -85.367202, 41.424918 ], [ -85.366086, 41.424943 ], [ -85.363538, 41.42494 ], [ -85.363084, 41.42494 ], [ -85.360556, 41.424985 ], [ -85.358181, 41.424951 ], [ -85.356245, 41.424935 ], [ -85.35416, 41.424928 ], [ -85.351563, 41.424885 ], [ -85.348258, 41.424889 ], [ -85.347943, 41.424878 ], [ -85.347934, 41.423996 ], [ -85.347919, 41.422284 ], [ -85.347885, 41.420286 ], [ -85.347856, 41.418951 ], [ -85.347826, 41.416484 ], [ -85.347827, 41.412334 ], [ -85.347812, 41.411803 ], [ -85.343759, 41.411733 ], [ -85.342666, 41.411719 ], [ -85.342715, 41.411227 ], [ -85.342851, 41.410419 ], [ -85.342917, 41.410112 ], [ -85.342912, 41.410036 ], [ -85.342936, 41.409937 ], [ -85.343089, 41.409655 ], [ -85.343166, 41.409487 ], [ -85.343184, 41.409361 ], [ -85.343188, 41.409203 ], [ -85.343149, 41.408989 ], [ -85.343117, 41.408852 ], [ -85.343169, 41.408201 ], [ -85.343187, 41.407791 ], [ -85.343212, 41.407651 ], [ -85.343287, 41.40757 ], [ -85.343448, 41.407523 ], [ -85.343775, 41.407533 ], [ -85.344404, 41.407597 ], [ -85.344601, 41.4076 ], [ -85.344725, 41.407585 ], [ -85.344886, 41.407522 ], [ -85.344992, 41.407365 ], [ -85.345107, 41.407126 ], [ -85.345134, 41.406934 ], [ -85.345123, 41.406788 ], [ -85.345527, 41.40663 ], [ -85.345617, 41.406522 ], [ -85.345665, 41.406353 ], [ -85.345773, 41.406092 ], [ -85.345877, 41.406 ], [ -85.34621, 41.405786 ], [ -85.346365, 41.405662 ], [ -85.346524, 41.405425 ], [ -85.346587, 41.405235 ], [ -85.34654, 41.40478 ], [ -85.346652, 41.404564 ], [ -85.346519, 41.404357 ], [ -85.346355, 41.404228 ], [ -85.346316, 41.404047 ], [ -85.34637, 41.403928 ], [ -85.346369, 41.403665 ], [ -85.346263, 41.403258 ], [ -85.346312, 41.403078 ], [ -85.347071, 41.402372 ], [ -85.347247, 41.402315 ], [ -85.347402, 41.402224 ], [ -85.347713, 41.402036 ], [ -85.347872, 41.402003 ], [ -85.348165, 41.402001 ], [ -85.350648, 41.402066 ], [ -85.353362, 41.402081 ], [ -85.355688, 41.402079 ], [ -85.356052, 41.402096 ], [ -85.356407, 41.402143 ], [ -85.356652, 41.402158 ], [ -85.356897, 41.402162 ], [ -85.356998, 41.402217 ], [ -85.357196, 41.402244 ], [ -85.357418, 41.402223 ], [ -85.357627, 41.402184 ], [ -85.357633, 41.401776 ], [ -85.35762, 41.401043 ], [ -85.357628, 41.400716 ], [ -85.357673, 41.398923 ], [ -85.357728, 41.39582 ], [ -85.347726, 41.395541 ], [ -85.347721, 41.395209 ], [ -85.34772, 41.39334 ], [ -85.347733, 41.391465 ], [ -85.347719, 41.388493 ], [ -85.3477, 41.387618 ], [ -85.347695, 41.385905 ], [ -85.347677, 41.384077 ], [ -85.347675, 41.383577 ], [ -85.347115, 41.38349 ], [ -85.34426, 41.383131 ], [ -85.336788, 41.382194 ], [ -85.335057, 41.381624 ], [ -85.328544, 41.379241 ], [ -85.328536, 41.378757 ], [ -85.328542, 41.377201 ], [ -85.328551, 41.375638 ], [ -85.328547, 41.373546 ], [ -85.328596, 41.371313 ], [ -85.328593, 41.369726 ], [ -85.328643, 41.367204 ], [ -85.328668, 41.366234 ], [ -85.327104, 41.366216 ], [ -85.32404, 41.366192 ], [ -85.322282, 41.366156 ], [ -85.321302, 41.366152 ], [ -85.320529, 41.366118 ], [ -85.320427, 41.366114 ], [ -85.318934, 41.366096 ], [ -85.316873, 41.366072 ], [ -85.315864, 41.366052 ], [ -85.312103, 41.365971 ], [ -85.310164, 41.365921 ], [ -85.309172, 41.365879 ], [ -85.309145, 41.366921 ], [ -85.309129, 41.367251 ], [ -85.309135, 41.367594 ], [ -85.309119, 41.36821 ], [ -85.309131, 41.370016 ], [ -85.309104, 41.372123 ], [ -85.301796, 41.369447 ], [ -85.301795, 41.369657 ], [ -85.293516, 41.369852 ], [ -85.29353, 41.373062 ], [ -85.29834, 41.373123 ], [ -85.29835, 41.376884 ], [ -85.298359, 41.380432 ], [ -85.298425, 41.38513 ], [ -85.293866, 41.385114 ], [ -85.293867, 41.384882 ], [ -85.292072, 41.384864 ], [ -85.292069, 41.385703 ], [ -85.293841, 41.385723 ], [ -85.293825, 41.387512 ], [ -85.293517, 41.38751 ], [ -85.29372, 41.393968 ], [ -85.290274, 41.394056 ], [ -85.290269, 41.394668 ], [ -85.288936, 41.394671 ], [ -85.287418, 41.394662 ], [ -85.28442, 41.394641 ], [ -85.279344, 41.394632 ], [ -85.279368, 41.400786 ], [ -85.279367, 41.40184 ], [ -85.278636, 41.401841 ], [ -85.278485, 41.401839 ], [ -85.27848, 41.401244 ], [ -85.278476, 41.400707 ], [ -85.278251, 41.398231 ], [ -85.278248, 41.397296 ], [ -85.272015, 41.39662 ], [ -85.271402, 41.396625 ], [ -85.271393, 41.395893 ], [ -85.269789, 41.395879 ], [ -85.26979, 41.396803 ], [ -85.265032, 41.396826 ], [ -85.265032, 41.396749 ], [ -85.262424, 41.396734 ], [ -85.262467, 41.398364 ], [ -85.260289, 41.398218 ], [ -85.260279, 41.397273 ], [ -85.252226, 41.397327 ], [ -85.250765, 41.397337 ], [ -85.250753, 41.3966 ], [ -85.25072, 41.394611 ], [ -85.250091, 41.394619 ], [ -85.246915, 41.394707 ], [ -85.246575, 41.394716 ], [ -85.245437, 41.39272 ], [ -85.245091, 41.392077 ], [ -85.244095, 41.390281 ], [ -85.243867, 41.389914 ], [ -85.243547, 41.389486 ], [ -85.243194, 41.389075 ], [ -85.2428, 41.388706 ], [ -85.242404, 41.388383 ], [ -85.240816, 41.388885 ], [ -85.239469, 41.388757 ], [ -85.235549, 41.388005 ], [ -85.235551, 41.38791 ], [ -85.235513, 41.38785 ], [ -85.235397, 41.38777 ], [ -85.235264, 41.387709 ], [ -85.235122, 41.387683 ], [ -85.234094, 41.387679 ], [ -85.232408, 41.387701 ], [ -85.232241, 41.38774 ], [ -85.232121, 41.387798 ], [ -85.232047, 41.38788 ], [ -85.232013, 41.387987 ], [ -85.231993, 41.388129 ], [ -85.23199, 41.388236 ], [ -85.231965, 41.388302 ], [ -85.231786, 41.388311 ], [ -85.231788, 41.388572 ], [ -85.231811, 41.391301 ], [ -85.231842, 41.394275 ], [ -85.231858, 41.394877 ], [ -85.231565, 41.394885 ], [ -85.228211, 41.394883 ], [ -85.227862, 41.394882 ], [ -85.224129, 41.394836 ], [ -85.220215, 41.394746 ], [ -85.219068, 41.394722 ], [ -85.215296, 41.394658 ], [ -85.212844, 41.39463 ], [ -85.211444, 41.39461 ], [ -85.208653, 41.394573 ], [ -85.206034, 41.394554 ], [ -85.205773, 41.394552 ], [ -85.201866, 41.394508 ], [ -85.201297, 41.394508 ], [ -85.201011, 41.394507 ], [ -85.200592, 41.394495 ], [ -85.195697, 41.394418 ], [ -85.194519, 41.394395 ], [ -85.19368, 41.394399 ], [ -85.193441, 41.394447 ], [ -85.193232, 41.394519 ], [ -85.193043, 41.394609 ], [ -85.192987, 41.394626 ], [ -85.192864, 41.394665 ], [ -85.192819, 41.394674 ], [ -85.192762, 41.394686 ], [ -85.192643, 41.394711 ], [ -85.192444, 41.394734 ], [ -85.19179, 41.394745 ], [ -85.191304, 41.394749 ], [ -85.188372, 41.394779 ], [ -85.18692, 41.394796 ], [ -85.185459, 41.394814 ], [ -85.18546, 41.39489 ], [ -85.185466, 41.395119 ], [ -85.185468, 41.395196 ], [ -85.185469, 41.395218 ], [ -85.185477, 41.39621 ], [ -85.185483, 41.396897 ], [ -85.185496, 41.397453 ], [ -85.185509, 41.398465 ], [ -85.185519, 41.399255 ], [ -85.185533, 41.40027 ], [ -85.18555, 41.401828 ], [ -85.185554, 41.402116 ], [ -85.18557, 41.40397 ], [ -85.185606, 41.405578 ], [ -85.185613, 41.406503 ], [ -85.18562, 41.407258 ], [ -85.185642, 41.407869 ], [ -85.185637, 41.407933 ], [ -85.185612, 41.408059 ], [ -85.185122, 41.407971 ], [ -85.184995, 41.407949 ], [ -85.183656, 41.407701 ], [ -85.183369, 41.407648 ], [ -85.183168, 41.407613 ], [ -85.180818, 41.407185 ], [ -85.180736, 41.40717 ], [ -85.179085, 41.406869 ], [ -85.178491, 41.406766 ], [ -85.175971, 41.406312 ], [ -85.175917, 41.411116 ], [ -85.175841, 41.417959 ], [ -85.183035, 41.41786 ], [ -85.18303, 41.418196 ], [ -85.183006, 41.420022 ], [ -85.183012, 41.420091 ], [ -85.183034, 41.420161 ], [ -85.183062, 41.420211 ], [ -85.183118, 41.420267 ], [ -85.183169, 41.420298 ], [ -85.183243, 41.420327 ], [ -85.183318, 41.420341 ], [ -85.18341, 41.420344 ], [ -85.183589, 41.420339 ], [ -85.183674, 41.420342 ], [ -85.183784, 41.420362 ], [ -85.183872, 41.420395 ], [ -85.183917, 41.42042 ], [ -85.183982, 41.420469 ], [ -85.184005, 41.420494 ], [ -85.184041, 41.420545 ], [ -85.184075, 41.420626 ], [ -85.184087, 41.420721 ], [ -85.184072, 41.421299 ], [ -85.184052, 41.422162 ], [ -85.184039, 41.423059 ], [ -85.184026, 41.423928 ], [ -85.185459, 41.423925 ], [ -85.185789, 41.423922 ], [ -85.187112, 41.423913 ], [ -85.187835, 41.423901 ], [ -85.189302, 41.423876 ], [ -85.189912, 41.423862 ], [ -85.191078, 41.423847 ], [ -85.191519, 41.423842 ], [ -85.192241, 41.423839 ], [ -85.192842, 41.423832 ], [ -85.192956, 41.423832 ], [ -85.193299, 41.423832 ], [ -85.193414, 41.423832 ], [ -85.193415, 41.423952 ], [ -85.193418, 41.424312 ], [ -85.193419, 41.424433 ], [ -85.193417, 41.425546 ], [ -85.193414, 41.42774 ], [ -85.193415, 41.428888 ], [ -85.193417, 41.430002 ], [ -85.193388, 41.431358 ], [ -85.193302, 41.435427 ], [ -85.193274, 41.436784 ], [ -85.193272, 41.436904 ], [ -85.193267, 41.437264 ], [ -85.193266, 41.437385 ], [ -85.193265, 41.437425 ], [ -85.193264, 41.437437 ], [ -85.193261, 41.437594 ], [ -85.193261, 41.437647 ], [ -85.193261, 41.437695 ], [ -85.193261, 41.437839 ], [ -85.193262, 41.437888 ], [ -85.193339, 41.437951 ], [ -85.193389, 41.438026 ], [ -85.193409, 41.438088 ], [ -85.193426, 41.438446 ], [ -85.193439, 41.438709 ], [ -85.193477, 41.440286 ], [ -85.193492, 41.4409 ], [ -85.193495, 41.441531 ], [ -85.193504, 41.443427 ], [ -85.193507, 41.44385 ], [ -85.193514, 41.444059 ], [ -85.193518, 41.444223 ], [ -85.193523, 41.444385 ], [ -85.193521, 41.444716 ], [ -85.193521, 41.444881 ], [ -85.193536, 41.446327 ], [ -85.193567, 41.449134 ], [ -85.193586, 41.449941 ], [ -85.193596, 41.450665 ], [ -85.193617, 41.452112 ], [ -85.193617, 41.45213 ], [ -85.193619, 41.452185 ], [ -85.19362, 41.452204 ], [ -85.193622, 41.452409 ], [ -85.193629, 41.453025 ], [ -85.193632, 41.453231 ], [ -85.193635, 41.45353 ], [ -85.193645, 41.454429 ], [ -85.193649, 41.454729 ], [ -85.193651, 41.454893 ], [ -85.193651, 41.454974 ], [ -85.193657, 41.455711 ], [ -85.193659, 41.455957 ], [ -85.193661, 41.456239 ], [ -85.193667, 41.457085 ], [ -85.19367, 41.457368 ], [ -85.193672, 41.457626 ], [ -85.19368, 41.4584 ], [ -85.193683, 41.458659 ], [ -85.193684, 41.458799 ], [ -85.193688, 41.45922 ], [ -85.19369, 41.459361 ], [ -85.193702, 41.460146 ], [ -85.193707, 41.460433 ], [ -85.193706, 41.4618 ], [ -85.193714, 41.462505 ], [ -85.193725, 41.463291 ], [ -85.193728, 41.463753 ], [ -85.193737, 41.465139 ], [ -85.19374, 41.465601 ], [ -85.19374, 41.465864 ], [ -85.193742, 41.466654 ], [ -85.193743, 41.466918 ], [ -85.193744, 41.46706 ], [ -85.193747, 41.467488 ], [ -85.193748, 41.467631 ], [ -85.193749, 41.467848 ], [ -85.193754, 41.468499 ], [ -85.193756, 41.468717 ], [ -85.193757, 41.468897 ], [ -85.19376, 41.469437 ], [ -85.193762, 41.469618 ], [ -85.193766, 41.470211 ], [ -85.193778, 41.471991 ], [ -85.193782, 41.472481 ], [ -85.193783, 41.472585 ], [ -85.193783, 41.472624 ], [ -85.193783, 41.472744 ], [ -85.193784, 41.472784 ], [ -85.193785, 41.472994 ], [ -85.193786, 41.473122 ], [ -85.193793, 41.473627 ], [ -85.193796, 41.47379 ], [ -85.193797, 41.473838 ], [ -85.193798, 41.474139 ], [ -85.193802, 41.475044 ], [ -85.193804, 41.475346 ], [ -85.19381, 41.476504 ], [ -85.193814, 41.477259 ], [ -85.193812, 41.478607 ], [ -85.193819, 41.479978 ], [ -85.193821, 41.480321 ], [ -85.19384, 41.481137 ], [ -85.19384, 41.481177 ], [ -85.193843, 41.481299 ], [ -85.193845, 41.48134 ], [ -85.193843, 41.481416 ], [ -85.193838, 41.481644 ], [ -85.193837, 41.481721 ], [ -85.193841, 41.482069 ], [ -85.193838, 41.482783 ], [ -85.193845, 41.483437 ], [ -85.193858, 41.484538 ], [ -85.193852, 41.485912 ], [ -85.193871, 41.488585 ], [ -85.193884, 41.490302 ], [ -85.193885, 41.491361 ], [ -85.193886, 41.492203 ], [ -85.193903, 41.494541 ], [ -85.193911, 41.495601 ], [ -85.193911, 41.495795 ], [ -85.193914, 41.496377 ], [ -85.193915, 41.496571 ], [ -85.193922, 41.497026 ], [ -85.193922, 41.49727 ], [ -85.193924, 41.498536 ], [ -85.193928, 41.499367 ], [ -85.193932, 41.500067 ], [ -85.193943, 41.502202 ], [ -85.193967, 41.506769 ], [ -85.193985, 41.508265 ], [ -85.193985, 41.508608 ], [ -85.193988, 41.509696 ], [ -85.194, 41.510744 ], [ -85.194002, 41.51206 ], [ -85.194008, 41.515003 ], [ -85.194018, 41.516008 ], [ -85.194032, 41.517324 ], [ -85.19403, 41.517457 ], [ -85.194023, 41.517857 ], [ -85.194022, 41.517991 ], [ -85.194029, 41.519574 ], [ -85.19403, 41.519766 ], [ -85.194037, 41.520667 ], [ -85.194036, 41.523236 ], [ -85.194044, 41.524326 ], [ -85.194045, 41.524441 ], [ -85.194038, 41.52482 ], [ -85.194048, 41.525107 ], [ -85.194044, 41.52591 ], [ -85.194043, 41.526017 ], [ -85.194043, 41.526077 ], [ -85.194051, 41.526338 ], [ -85.194053, 41.526371 ], [ -85.194057, 41.526393 ], [ -85.194066, 41.526416 ], [ -85.194084, 41.526437 ], [ -85.193921, 41.530026 ], [ -85.19391, 41.530249 ], [ -85.193854, 41.533824 ], [ -85.194062, 41.533829 ], [ -85.196923, 41.533832 ], [ -85.198128, 41.533827 ], [ -85.199964, 41.533843 ], [ -85.201522, 41.533831 ], [ -85.20248, 41.533839 ], [ -85.203395, 41.533847 ], [ -85.203465, 41.533849 ], [ -85.208548, 41.533854 ], [ -85.208835, 41.533852 ], [ -85.21141, 41.533849 ], [ -85.213555, 41.533844 ], [ -85.213587, 41.535701 ], [ -85.213625, 41.5385 ], [ -85.213628, 41.5398 ], [ -85.213658, 41.541018 ], [ -85.213661, 41.541153 ], [ -85.213667, 41.542829 ], [ -85.21369, 41.543737 ], [ -85.213691, 41.544329 ], [ -85.213693, 41.545129 ], [ -85.213712, 41.546931 ], [ -85.213716, 41.548286 ], [ -85.213694, 41.550302 ], [ -85.21486, 41.550329 ], [ -85.215196, 41.550344 ], [ -85.216135, 41.550379 ], [ -85.216511, 41.550437 ], [ -85.217029, 41.550553 ], [ -85.21844, 41.550931 ], [ -85.218884, 41.551071 ], [ -85.219536, 41.551399 ], [ -85.220047, 41.551727 ], [ -85.221429, 41.552695 ], [ -85.222098, 41.553181 ], [ -85.222315, 41.553312 ], [ -85.222353, 41.552442 ], [ -85.222331, 41.550653 ], [ -85.22234, 41.550616 ], [ -85.222372, 41.550478 ], [ -85.222437, 41.550436 ], [ -85.222172, 41.550223 ], [ -85.221633, 41.54912 ], [ -85.221664, 41.549128 ], [ -85.221905, 41.549302 ], [ -85.222884, 41.550013 ], [ -85.224165, 41.550419 ], [ -85.224684, 41.550759 ], [ -85.225142, 41.551305 ], [ -85.225325, 41.55151 ], [ -85.225356, 41.551669 ], [ -85.225632, 41.5521 ], [ -85.22609, 41.552533 ], [ -85.226761, 41.55285 ], [ -85.227767, 41.553233 ], [ -85.228713, 41.553732 ], [ -85.229021, 41.553951 ], [ -85.229238, 41.55426 ], [ -85.229606, 41.554477 ], [ -85.230058, 41.554567 ], [ -85.230527, 41.554662 ], [ -85.232304, 41.554722 ], [ -85.232465, 41.554942 ], [ -85.232733, 41.555055 ], [ -85.233276, 41.555597 ], [ -85.233666, 41.55623 ], [ -85.234411, 41.558457 ], [ -85.234632, 41.558782 ], [ -85.234682, 41.558856 ], [ -85.23482, 41.558942 ], [ -85.234188, 41.558951 ], [ -85.234433, 41.559167 ], [ -85.233994, 41.559174 ], [ -85.233997, 41.559229 ], [ -85.233898, 41.55945 ], [ -85.23335, 41.559459 ], [ -85.23335, 41.558965 ], [ -85.229899, 41.559054 ], [ -85.229872, 41.563673 ], [ -85.228818, 41.565039 ], [ -85.229238, 41.565199 ], [ -85.230651, 41.56568 ], [ -85.232376, 41.566221 ], [ -85.234257, 41.566795 ], [ -85.235094, 41.567114 ], [ -85.236591, 41.5676 ], [ -85.238893, 41.568463 ], [ -85.239432, 41.568605 ], [ -85.240258, 41.568878 ], [ -85.240797, 41.569037 ], [ -85.241297, 41.569245 ], [ -85.241554, 41.569377 ], [ -85.240597, 41.570109 ], [ -85.240352, 41.570321 ], [ -85.239195, 41.570957 ], [ -85.238201, 41.571223 ], [ -85.237649, 41.571195 ], [ -85.236823, 41.571108 ], [ -85.236088, 41.571134 ], [ -85.235464, 41.571468 ], [ -85.234619, 41.571939 ], [ -85.234537, 41.572093 ], [ -85.232799, 41.572831 ], [ -85.227406, 41.572924 ], [ -85.22451, 41.5729 ], [ -85.224448, 41.572169 ], [ -85.224204, 41.571482 ], [ -85.224052, 41.571185 ], [ -85.222772, 41.570568 ], [ -85.222316, 41.570431 ], [ -85.221676, 41.570385 ], [ -85.22128, 41.570591 ], [ -85.218754, 41.570547 ], [ -85.2186, 41.56899 ], [ -85.21389, 41.56767 ], [ -85.213894, 41.568243 ], [ -85.21391, 41.569478 ], [ -85.213904, 41.56986 ], [ -85.213931, 41.570108 ], [ -85.214038, 41.570295 ], [ -85.214063, 41.570324 ], [ -85.214273, 41.570569 ], [ -85.214414, 41.570753 ], [ -85.214454, 41.570973 ], [ -85.214381, 41.571238 ], [ -85.214076, 41.571834 ], [ -85.213948, 41.572147 ], [ -85.213924, 41.572485 ], [ -85.213942, 41.573769 ], [ -85.213989, 41.574981 ], [ -85.214004, 41.577953 ], [ -85.213996, 41.578528 ], [ -85.214016, 41.578807 ], [ -85.214032, 41.579915 ], [ -85.214058, 41.581008 ], [ -85.214079, 41.581421 ], [ -85.21321, 41.581419 ], [ -85.210582, 41.58138 ], [ -85.207632, 41.581327 ], [ -85.205142, 41.581289 ], [ -85.204139, 41.581273 ], [ -85.201915, 41.58124 ], [ -85.201846, 41.581239 ], [ -85.201858, 41.580588 ], [ -85.201859, 41.58034 ], [ -85.201859, 41.580202 ], [ -85.201865, 41.580006 ], [ -85.201844, 41.579973 ], [ -85.201829, 41.579948 ], [ -85.200549, 41.579947 ], [ -85.200559, 41.581219 ], [ -85.200565, 41.581701 ], [ -85.20059, 41.582882 ], [ -85.200592, 41.582963 ], [ -85.200601, 41.583322 ], [ -85.200598, 41.583474 ], [ -85.20059, 41.584054 ], [ -85.200572, 41.584689 ], [ -85.200335, 41.584733 ], [ -85.200122, 41.584741 ], [ -85.199453, 41.58473 ], [ -85.199357, 41.584738 ], [ -85.199403, 41.584916 ], [ -85.199579, 41.585503 ], [ -85.199219, 41.585511 ], [ -85.199187, 41.58551 ], [ -85.196471, 41.585428 ], [ -85.195539, 41.585437 ], [ -85.194961, 41.58547 ], [ -85.194452, 41.585547 ], [ -85.194272, 41.585615 ], [ -85.194276, 41.585358 ], [ -85.194282, 41.584945 ], [ -85.19336, 41.584941 ], [ -85.193057, 41.584994 ], [ -85.193004, 41.585134 ], [ -85.193096, 41.585423 ], [ -85.193043, 41.585619 ], [ -85.192828, 41.585937 ], [ -85.193168, 41.586057 ], [ -85.193168, 41.586194 ], [ -85.193168, 41.586389 ], [ -85.193168, 41.586515 ], [ -85.193087, 41.586664 ], [ -85.192924, 41.586971 ], [ -85.19322, 41.587421 ], [ -85.193263, 41.587485 ], [ -85.193284, 41.587703 ], [ -85.193319, 41.588028 ], [ -85.193351, 41.588322 ], [ -85.193564, 41.588528 ], [ -85.193952, 41.588578 ], [ -85.194277, 41.588621 ], [ -85.19428, 41.590231 ], [ -85.194286, 41.593565 ], [ -85.194289, 41.595063 ], [ -85.194292, 41.596674 ], [ -85.194162, 41.596581 ], [ -85.193995, 41.596567 ], [ -85.193665, 41.596542 ], [ -85.19302, 41.596626 ], [ -85.192892, 41.596643 ], [ -85.192696, 41.596621 ], [ -85.192115, 41.596552 ], [ -85.191101, 41.596273 ], [ -85.190762, 41.595998 ], [ -85.190485, 41.595675 ], [ -85.190298, 41.595285 ], [ -85.190263, 41.594847 ], [ -85.190423, 41.594474 ], [ -85.190471, 41.594364 ], [ -85.191314, 41.593627 ], [ -85.191432, 41.59326 ], [ -85.191298, 41.592041 ], [ -85.191249, 41.590249 ], [ -85.191095, 41.590178 ], [ -85.190635, 41.590132 ], [ -85.190329, 41.590199 ], [ -85.189131, 41.590399 ], [ -85.188248, 41.590405 ], [ -85.187012, 41.590414 ], [ -85.186858, 41.590368 ], [ -85.186856, 41.590184 ], [ -85.186585, 41.590184 ], [ -85.18657, 41.590592 ], [ -85.186999, 41.590602 ], [ -85.187285, 41.590616 ], [ -85.187661, 41.59064 ], [ -85.187756, 41.590658 ], [ -85.187953, 41.590739 ], [ -85.187858, 41.590785 ], [ -85.187851, 41.591138 ], [ -85.187854, 41.591152 ], [ -85.187855, 41.591262 ], [ -85.187866, 41.591366 ], [ -85.187869, 41.591576 ], [ -85.187856, 41.59163 ], [ -85.187803, 41.591676 ], [ -85.187745, 41.591704 ], [ -85.187666, 41.591728 ], [ -85.18757, 41.591741 ], [ -85.187446, 41.591746 ], [ -85.187295, 41.591742 ], [ -85.185959, 41.591694 ], [ -85.185497, 41.591685 ], [ -85.185415, 41.591693 ], [ -85.185097, 41.591783 ], [ -85.185026, 41.591804 ], [ -85.18491, 41.591831 ], [ -85.184791, 41.591843 ], [ -85.184675, 41.591847 ], [ -85.184551, 41.591844 ], [ -85.184049, 41.591818 ], [ -85.183813, 41.59181 ], [ -85.182183, 41.591753 ], [ -85.181757, 41.591732 ], [ -85.181091, 41.591708 ], [ -85.180611, 41.591696 ], [ -85.180354, 41.591686 ], [ -85.179224, 41.591657 ], [ -85.178949, 41.591645 ], [ -85.178314, 41.591628 ], [ -85.178319, 41.592125 ], [ -85.178333, 41.592601 ], [ -85.178335, 41.593201 ], [ -85.178336, 41.593245 ], [ -85.178381, 41.594395 ], [ -85.178409, 41.595284 ], [ -85.178416, 41.595801 ], [ -85.178414, 41.595951 ], [ -85.178418, 41.596166 ], [ -85.178432, 41.596491 ], [ -85.178443, 41.596971 ], [ -85.17845, 41.597531 ], [ -85.178459, 41.597708 ], [ -85.178464, 41.597919 ], [ -85.178504, 41.599387 ], [ -85.17851, 41.599492 ], [ -85.178527, 41.599998 ], [ -85.178567, 41.600955 ], [ -85.178593, 41.601679 ], [ -85.178609, 41.602111 ], [ -85.178622, 41.602315 ], [ -85.178633, 41.602904 ], [ -85.178666, 41.60391 ], [ -85.178717, 41.605061 ], [ -85.178721, 41.605336 ], [ -85.178736, 41.6057 ], [ -85.178745, 41.606247 ], [ -85.17875, 41.606409 ], [ -85.178749, 41.606601 ], [ -85.178739, 41.606654 ], [ -85.178699, 41.606734 ], [ -85.17866, 41.606785 ], [ -85.178808, 41.606789 ], [ -85.179731, 41.606786 ], [ -85.180384, 41.606778 ], [ -85.180621, 41.606778 ], [ -85.180849, 41.606779 ], [ -85.182245, 41.606758 ], [ -85.184384, 41.606748 ], [ -85.185862, 41.606731 ], [ -85.186505, 41.606728 ], [ -85.188467, 41.606722 ], [ -85.188479, 41.606875 ], [ -85.188494, 41.607287 ], [ -85.188524, 41.607781 ], [ -85.188529, 41.60794 ], [ -85.188534, 41.60805 ], [ -85.188568, 41.60858 ], [ -85.188604, 41.609228 ], [ -85.188754, 41.611595 ], [ -85.188759, 41.611663 ], [ -85.188784, 41.61195 ], [ -85.188809, 41.612117 ], [ -85.188852, 41.612304 ], [ -85.188992, 41.612732 ], [ -85.189007, 41.612784 ], [ -85.189057, 41.612955 ], [ -85.189096, 41.613146 ], [ -85.189108, 41.613337 ], [ -85.18911, 41.613501 ], [ -85.189102, 41.613697 ], [ -85.189105, 41.613984 ], [ -85.189093, 41.614801 ], [ -85.189094, 41.615223 ], [ -85.189103, 41.615649 ], [ -85.189102, 41.615702 ], [ -85.189099, 41.616177 ], [ -85.189115, 41.618255 ], [ -85.189112, 41.618766 ], [ -85.189116, 41.619334 ], [ -85.189119, 41.620751 ], [ -85.189114, 41.621103 ], [ -85.18912, 41.622336 ], [ -85.189115, 41.6226 ], [ -85.189119, 41.62299 ], [ -85.189112, 41.62321 ], [ -85.189121, 41.62381 ], [ -85.189112, 41.62424 ], [ -85.189116, 41.624493 ], [ -85.189119, 41.624639 ], [ -85.189112, 41.625412 ], [ -85.18912, 41.626418 ], [ -85.189116, 41.627424 ], [ -85.189981, 41.627413 ], [ -85.190232, 41.627411 ], [ -85.19042, 41.62741 ], [ -85.191351, 41.627393 ], [ -85.193583, 41.627376 ], [ -85.193613, 41.627376 ], [ -85.1947, 41.62737 ], [ -85.194721, 41.629524 ], [ -85.194784, 41.635986 ], [ -85.194806, 41.638141 ], [ -85.194812, 41.638734 ], [ -85.194831, 41.640514 ], [ -85.194838, 41.641108 ], [ -85.19484, 41.641348 ], [ -85.194848, 41.642071 ], [ -85.194851, 41.642312 ], [ -85.194851, 41.642438 ], [ -85.194851, 41.642816 ], [ -85.194852, 41.642943 ], [ -85.194864, 41.644178 ], [ -85.194901, 41.647883 ], [ -85.194914, 41.649119 ], [ -85.19493, 41.652067 ], [ -85.194978, 41.660912 ], [ -85.194994, 41.663861 ], [ -85.194994, 41.66459 ], [ -85.194994, 41.664604 ], [ -85.195003, 41.666645 ], [ -85.195006, 41.666777 ], [ -85.195023, 41.667507 ], [ -85.195024, 41.668105 ], [ -85.195022, 41.668232 ], [ -85.195013, 41.669306 ], [ -85.195026, 41.670038 ], [ -85.195046, 41.670408 ], [ -85.195054, 41.670552 ], [ -85.195075, 41.671134 ], [ -85.195076, 41.671155 ], [ -85.195088, 41.672207 ], [ -85.195113, 41.67416 ], [ -85.195134, 41.675426 ], [ -85.195146, 41.676074 ], [ -85.195148, 41.6765 ], [ -85.195149, 41.67665 ], [ -85.195163, 41.677248 ], [ -85.195173, 41.678334 ], [ -85.195179, 41.678926 ], [ -85.195218, 41.680714 ], [ -85.195229, 41.682227 ], [ -85.195245, 41.682782 ], [ -85.195259, 41.683752 ], [ -85.195258, 41.683839 ], [ -85.195257, 41.685675 ], [ -85.195261, 41.686015 ], [ -85.195272, 41.686397 ], [ -85.195276, 41.686829 ], [ -85.19528, 41.687149 ], [ -85.195289, 41.687848 ], [ -85.195289, 41.688389 ], [ -85.195299, 41.688966 ], [ -85.195308, 41.689804 ], [ -85.195339, 41.691343 ], [ -85.195341, 41.691571 ], [ -85.195354, 41.692656 ], [ -85.195364, 41.692941 ], [ -85.195378, 41.693045 ], [ -85.196147, 41.693036 ], [ -85.196283, 41.693072 ], [ -85.196345, 41.693158 ], [ -85.196349, 41.693838 ], [ -85.196416, 41.696426 ], [ -85.196441, 41.696512 ], [ -85.196568, 41.696576 ], [ -85.196732, 41.696596 ], [ -85.198014, 41.696582 ], [ -85.198985, 41.696559 ], [ -85.20029, 41.696552 ], [ -85.200306, 41.699695 ], [ -85.200312, 41.700097 ], [ -85.215042, 41.700108 ], [ -85.215012, 41.701771 ], [ -85.21499, 41.703692 ], [ -85.214992, 41.705013 ], [ -85.215052, 41.708991 ], [ -85.215064, 41.710797 ], [ -85.215094, 41.712519 ], [ -85.215103, 41.713591 ], [ -85.215107, 41.714834 ], [ -85.215152, 41.719662 ], [ -85.215179, 41.721737 ], [ -85.215182, 41.722061 ], [ -85.21522, 41.727241 ], [ -85.215228, 41.728916 ], [ -85.215226, 41.729318 ], [ -85.215265, 41.734844 ], [ -85.215261, 41.736939 ], [ -85.21527, 41.737581 ], [ -85.215295, 41.739336 ], [ -85.215312, 41.742469 ], [ -85.215318, 41.743287 ], [ -85.215299, 41.74424 ], [ -85.215315, 41.746165 ], [ -85.215285, 41.746414 ], [ -85.215138, 41.746693 ], [ -85.214899, 41.746955 ], [ -85.214761, 41.747179 ], [ -85.214724, 41.747411 ], [ -85.214732, 41.747677 ], [ -85.214743, 41.747775 ], [ -85.215493, 41.748221 ], [ -85.216007, 41.748696 ], [ -85.216371, 41.748858 ], [ -85.216736, 41.748868 ], [ -85.217115, 41.748696 ], [ -85.217182, 41.748443 ], [ -85.217412, 41.748332 ], [ -85.217723, 41.748342 ], [ -85.218111, 41.748477 ], [ -85.218426, 41.748595 ], [ -85.219598, 41.748495 ], [ -85.220514, 41.748643 ], [ -85.221125, 41.749023 ], [ -85.221217, 41.749269 ], [ -85.221278, 41.749563 ], [ -85.221602, 41.750011 ], [ -85.221883, 41.75041 ], [ -85.223145, 41.750777 ], [ -85.223728, 41.750873 ], [ -85.223751, 41.750984 ], [ -85.224022, 41.750979 ], [ -85.224443, 41.750895 ], [ -85.22473, 41.750833 ], [ -85.225082, 41.750758 ], [ -85.225439, 41.750645 ], [ -85.225452, 41.75097 ], [ -85.225408, 41.751123 ], [ -85.225377, 41.751281 ], [ -85.22539, 41.751814 ], [ -85.225403, 41.752715 ], [ -85.225429, 41.754466 ], [ -85.225458, 41.755566 ], [ -85.225481, 41.755921 ], [ -85.22549, 41.756235 ], [ -85.225676, 41.756207 ], [ -85.227174, 41.755878 ], [ -85.230303, 41.755124 ], [ -85.230638, 41.755059 ], [ -85.230988, 41.754991 ], [ -85.232323, 41.754794 ], [ -85.233378, 41.754671 ], [ -85.234141, 41.754604 ], [ -85.235505, 41.754535 ], [ -85.236762, 41.75452 ], [ -85.241538, 41.754529 ], [ -85.247311, 41.754548 ], [ -85.259335, 41.754612 ], [ -85.261241, 41.754566 ], [ -85.262237, 41.754423 ], [ -85.263041, 41.754291 ], [ -85.263906, 41.754091 ], [ -85.264881, 41.753769 ], [ -85.265689, 41.75347 ], [ -85.266728, 41.752955 ], [ -85.267447, 41.75252 ], [ -85.268047, 41.752103 ], [ -85.268582, 41.751661 ], [ -85.268989, 41.751266 ], [ -85.269221, 41.751025 ], [ -85.269599, 41.751029 ], [ -85.270356, 41.751039 ], [ -85.272474, 41.751028 ], [ -85.273146, 41.751033 ], [ -85.273431, 41.751098 ], [ -85.273604, 41.751156 ], [ -85.273701, 41.751308 ], [ -85.273724, 41.751506 ], [ -85.273723, 41.752189 ], [ -85.273736, 41.752996 ], [ -85.273755, 41.75506 ], [ -85.27379, 41.756105 ], [ -85.273765, 41.757905 ], [ -85.273788, 41.758546 ], [ -85.273776, 41.759646 ], [ -85.273731, 41.759813 ], [ -85.273638, 41.759867 ], [ -85.273442, 41.759899 ], [ -85.273013, 41.759862 ], [ -85.272697, 41.759845 ], [ -85.272456, 41.759845 ], [ -85.272397, 41.759854 ], [ -85.272298, 41.759869 ], [ -85.271157, 41.759845 ], [ -85.254142, 41.759763 ], [ -85.252543, 41.759779 ], [ -85.24998, 41.759799 ], [ -85.235473, 41.759766 ], [ -85.234777, 41.75976 ], [ -85.23331, 41.759742 ], [ -85.232423, 41.759733 ], [ -85.232387, 41.759733 ], [ -85.230939, 41.759703 ], [ -85.225522, 41.759707 ], [ -85.22545, 41.759707 ], [ -85.223829, 41.759696 ], [ -85.220004, 41.759686 ], [ -85.217198, 41.759687 ], [ -85.215508, 41.759668 ], [ -85.215103, 41.759679 ], [ -85.213834, 41.759676 ], [ -85.213762, 41.759676 ], [ -85.211706, 41.759666 ], [ -85.207954, 41.759672 ], [ -85.202344, 41.759634 ], [ -85.201324, 41.759635 ], [ -85.200835, 41.759635 ], [ -85.199319, 41.759651 ], [ -85.197023, 41.759645 ], [ -85.196774, 41.759644 ], [ -85.196624, 41.75964 ], [ -85.194279, 41.759635 ], [ -85.193467, 41.759617 ], [ -85.190711, 41.75961 ], [ -85.189301, 41.759601 ], [ -85.184605, 41.759604 ], [ -85.183535, 41.759605 ], [ -85.181897, 41.759619 ], [ -85.175616, 41.759619 ], [ -85.174891, 41.759603 ], [ -85.174591, 41.759607 ], [ -85.174117, 41.759618 ], [ -85.173078, 41.759633 ], [ -85.172234, 41.759633 ], [ -85.156179, 41.759538 ], [ -85.136709, 41.759589 ], [ -85.12293, 41.759613 ], [ -85.122851, 41.75962 ], [ -85.122507, 41.759623 ], [ -85.117275, 41.759605 ], [ -85.111814, 41.759659 ], [ -85.107763, 41.75966 ], [ -85.107398, 41.759659 ], [ -85.107031, 41.759662 ], [ -85.104491, 41.759665 ], [ -85.104153, 41.759664 ], [ -85.103758, 41.759666 ], [ -85.1035, 41.759666 ], [ -85.101544, 41.759669 ], [ -85.101241, 41.75967 ], [ -85.100892, 41.759669 ], [ -85.100508, 41.759671 ], [ -85.100378, 41.759671 ], [ -85.098837, 41.759671 ], [ -85.098324, 41.759671 ], [ -85.09825, 41.759671 ], [ -85.098031, 41.759673 ], [ -85.097958, 41.759674 ], [ -85.097944, 41.759673 ], [ -85.097902, 41.759673 ], [ -85.097888, 41.759673 ], [ -85.0978, 41.759671 ], [ -85.097591, 41.759672 ], [ -85.096907, 41.759672 ], [ -85.093967, 41.759676 ], [ -85.093779, 41.759677 ], [ -85.092987, 41.759676 ], [ -85.092906, 41.759676 ], [ -85.092879, 41.759675 ], [ -85.092409, 41.759674 ], [ -85.090676, 41.759671 ], [ -85.090099, 41.75967 ], [ -85.09005, 41.759675 ], [ -85.089679, 41.759668 ], [ -85.088421, 41.759666 ], [ -85.088002, 41.759666 ], [ -85.087921, 41.759665 ], [ -85.087518, 41.759664 ], [ -85.086066, 41.759662 ], [ -85.085583, 41.759662 ], [ -85.085472, 41.75966 ], [ -85.083974, 41.759658 ], [ -85.083814, 41.75966 ], [ -85.07829, 41.759648 ], [ -85.078263, 41.759647 ], [ -85.074455, 41.759642 ], [ -85.06611, 41.759624 ], [ -85.066041, 41.759623 ], [ -85.063877, 41.759618 ], [ -85.063511, 41.759616 ], [ -85.063144, 41.759619 ], [ -85.063061, 41.759618 ], [ -85.061711, 41.759616 ], [ -85.061628, 41.759616 ], [ -85.061262, 41.759614 ], [ -85.060895, 41.759613 ], [ -85.060766, 41.759612 ], [ -85.059787, 41.759612 ], [ -85.059278, 41.75961 ], [ -85.058783, 41.759609 ], [ -85.058543, 41.75961 ], [ -85.057825, 41.759613 ], [ -85.057586, 41.759615 ], [ -85.057421, 41.759615 ], [ -85.056928, 41.759617 ], [ -85.056764, 41.759619 ], [ -85.053101, 41.759638 ], [ -85.053063, 41.759638 ], [ -85.049042, 41.759631 ], [ -85.04897, 41.759631 ], [ -85.048873, 41.759631 ], [ -85.039286, 41.759683 ], [ -85.037908, 41.759684 ], [ -85.032575, 41.759697 ], [ -85.019794, 41.759731 ], [ -85.019693, 41.759731 ], [ -85.01675, 41.759782 ], [ -85.016737, 41.759781 ], [ -85.01671, 41.759781 ], [ -85.016453, 41.759781 ], [ -85.016093, 41.759775 ], [ -85.013172, 41.759752 ], [ -85.00333, 41.759678 ], [ -85.000448, 41.759657 ], [ -85.00005, 41.759655 ], [ -84.999968, 41.759653 ], [ -84.998124, 41.759639 ], [ -84.997758, 41.759637 ], [ -84.997353, 41.75963 ], [ -84.996811, 41.759625 ], [ -84.996718, 41.759624 ], [ -84.996268, 41.759623 ], [ -84.996178, 41.759623 ], [ -84.996079, 41.759622 ], [ -84.992692, 41.759594 ], [ -84.992662, 41.759594 ], [ -84.989844, 41.759562 ], [ -84.989813, 41.759562 ], [ -84.989497, 41.759564 ], [ -84.989477, 41.759565 ], [ -84.980969, 41.759491 ], [ -84.972124, 41.759544 ], [ -84.971377, 41.759548 ], [ -84.961343, 41.759613 ], [ -84.961325, 41.759613 ], [ -84.959854, 41.759605 ], [ -84.947701, 41.759681 ], [ -84.942468, 41.759713 ], [ -84.942237, 41.759714 ], [ -84.941852, 41.759716 ], [ -84.940206, 41.759723 ], [ -84.932384, 41.759724 ], [ -84.932283, 41.759724 ], [ -84.924905, 41.759708 ], [ -84.922454, 41.759718 ], [ -84.917723, 41.759718 ], [ -84.917293, 41.759719 ], [ -84.910795, 41.759745 ], [ -84.907868, 41.759759 ], [ -84.90302, 41.759752 ], [ -84.89977, 41.759751 ], [ -84.899592, 41.759762 ], [ -84.899443, 41.759813 ], [ -84.883682, 41.759866 ], [ -84.883113, 41.75986 ], [ -84.87495, 41.75988 ], [ -84.873194, 41.759906 ], [ -84.872043, 41.759907 ], [ -84.87093, 41.759909 ], [ -84.87019, 41.759905 ], [ -84.869152, 41.759917 ], [ -84.86615, 41.759915 ], [ -84.86442, 41.759914 ], [ -84.864075, 41.759913 ], [ -84.863689, 41.759914 ], [ -84.861156, 41.759908 ], [ -84.860757, 41.759907 ], [ -84.860137, 41.759906 ], [ -84.8601, 41.759906 ], [ -84.859681, 41.759916 ], [ -84.854445, 41.759954 ], [ -84.844766, 41.759975 ], [ -84.836682, 41.759994 ], [ -84.830052, 41.759995 ], [ -84.826841, 41.759992 ], [ -84.826782, 41.759992 ], [ -84.82513, 41.759999 ], [ -84.825117, 41.76 ], [ -84.821243, 41.76005 ], [ -84.820714, 41.760036 ], [ -84.820585, 41.760035 ], [ -84.82034, 41.760021 ], [ -84.82015, 41.760017 ], [ -84.820013, 41.760026 ], [ -84.819944, 41.760044 ], [ -84.819458, 41.760052 ], [ -84.818753, 41.760058 ], [ -84.810028, 41.760017 ], [ -84.810008, 41.760018 ], [ -84.806314, 41.760162 ], [ -84.805885, 41.760171 ], [ -84.805823, 41.752328 ], [ -84.805821, 41.752176 ], [ -84.805824, 41.751846 ], [ -84.805838, 41.750401 ], [ -84.805844, 41.74992 ], [ -84.805846, 41.749642 ], [ -84.805854, 41.748811 ], [ -84.805856, 41.748673 ], [ -84.805858, 41.748535 ], [ -84.805858, 41.748484 ], [ -84.805859, 41.748334 ], [ -84.80586, 41.748284 ], [ -84.805868, 41.747524 ], [ -84.805868, 41.747442 ], [ -84.805876, 41.746764 ], [ -84.80589, 41.745421 ], [ -84.805894, 41.744919 ], [ -84.805903, 41.744078 ], [ -84.80591, 41.74375 ], [ -84.805914, 41.743666 ], [ -84.80592, 41.743521 ], [ -84.805928, 41.743044 ], [ -84.806008, 41.739969 ], [ -84.805989, 41.739023 ], [ -84.80605, 41.737633 ], [ -84.806043, 41.737528 ], [ -84.805922, 41.732976 ], [ -84.805921, 41.732926 ], [ -84.805946, 41.728458 ], [ -84.805925, 41.72062 ], [ -84.805925, 41.720476 ], [ -84.805991, 41.712034 ], [ -84.805898, 41.70751 ], [ -84.805908, 41.707353 ], [ -84.805945, 41.70274 ], [ -84.805946, 41.702678 ], [ -84.805952, 41.701895 ], [ -84.805971, 41.701407 ], [ -84.805975, 41.699801 ], [ -84.805999, 41.697381 ], [ -84.805996, 41.696118 ], [ -84.805972, 41.696118 ], [ -84.805972, 41.694642 ], [ -84.805972, 41.69462 ], [ -84.805972, 41.694555 ], [ -84.805972, 41.694534 ], [ -84.805972, 41.694357 ], [ -84.805969, 41.694218 ], [ -84.805964, 41.693875 ], [ -84.805966, 41.69327 ], [ -84.805968, 41.692954 ], [ -84.805975, 41.692507 ], [ -84.805983, 41.692015 ], [ -84.805998, 41.69117 ], [ -84.806003, 41.690891 ], [ -84.806003, 41.690724 ], [ -84.806003, 41.690702 ], [ -84.806003, 41.690636 ], [ -84.806003, 41.690615 ], [ -84.806003, 41.690304 ], [ -84.806003, 41.689374 ], [ -84.806003, 41.689347 ], [ -84.806013, 41.689065 ], [ -84.806009, 41.688831 ], [ -84.806009, 41.688722 ], [ -84.806012, 41.68847 ], [ -84.806009, 41.687693 ], [ -84.806009, 41.687351 ], [ -84.806009, 41.687319 ], [ -84.806012, 41.687163 ], [ -84.806016, 41.686972 ], [ -84.806015, 41.686599 ], [ -84.806015, 41.686412 ], [ -84.806014, 41.685813 ], [ -84.806004, 41.685334 ], [ -84.806008, 41.68512 ], [ -84.80601, 41.685033 ], [ -84.806014, 41.684439 ], [ -84.806021, 41.68409 ], [ -84.806021, 41.683051 ], [ -84.806017, 41.682721 ], [ -84.806023, 41.682508 ], [ -84.806019, 41.682108 ], [ -84.806023, 41.681244 ], [ -84.806026, 41.68086 ], [ -84.806021, 41.679953 ], [ -84.80602, 41.679723 ], [ -84.806009, 41.678858 ], [ -84.806003, 41.678373 ], [ -84.806006, 41.676429 ], [ -84.805991, 41.675912 ], [ -84.805987, 41.675573 ], [ -84.805979, 41.674895 ], [ -84.805992, 41.674812 ], [ -84.806008, 41.674747 ], [ -84.80605, 41.67469 ], [ -84.806101, 41.674639 ], [ -84.806149, 41.674607 ], [ -84.806209, 41.674584 ], [ -84.806182, 41.673464 ], [ -84.806102, 41.670104 ], [ -84.806077, 41.669008 ], [ -84.806076, 41.668985 ], [ -84.806065, 41.668536 ], [ -84.806035, 41.667191 ], [ -84.806025, 41.666743 ], [ -84.806016, 41.666398 ], [ -84.806006, 41.665987 ], [ -84.805952, 41.663719 ], [ -84.805935, 41.662964 ], [ -84.805887, 41.660942 ], [ -84.80587, 41.660172 ], [ -84.805857, 41.654877 ], [ -84.805853, 41.652856 ], [ -84.805841, 41.651052 ], [ -84.805805, 41.645642 ], [ -84.805794, 41.643855 ], [ -84.805794, 41.643839 ], [ -84.805802, 41.643461 ], [ -84.805828, 41.642329 ], [ -84.805837, 41.641989 ], [ -84.805842, 41.64197 ], [ -84.805842, 41.641953 ], [ -84.805862, 41.640136 ], [ -84.805925, 41.634685 ], [ -84.805947, 41.632869 ], [ -84.805953, 41.632305 ], [ -84.805961, 41.631482 ], [ -84.805959, 41.631457 ], [ -84.805686, 41.62891 ], [ -84.805684, 41.628893 ], [ -84.805683, 41.62866 ], [ -84.805684, 41.628446 ], [ -84.805692, 41.625165 ], [ -84.805793, 41.620004 ], [ -84.805782, 41.619161 ], [ -84.805784, 41.618616 ], [ -84.805791, 41.616983 ], [ -84.805794, 41.616439 ], [ -84.805773, 41.615779 ], [ -84.80571, 41.613802 ], [ -84.80569, 41.613143 ], [ -84.805679, 41.61305 ], [ -84.805678, 41.612205 ], [ -84.805664, 41.611579 ], [ -84.805666, 41.611222 ], [ -84.805664, 41.611152 ], [ -84.805658, 41.610667 ], [ -84.805658, 41.609996 ], [ -84.805645, 41.609372 ], [ -84.805648, 41.609101 ], [ -84.80564, 41.608654 ], [ -84.805636, 41.607834 ], [ -84.805617, 41.606133 ], [ -84.80562, 41.605807 ], [ -84.805612, 41.605178 ], [ -84.805603, 41.604403 ], [ -84.805602, 41.603891 ], [ -84.805591, 41.603187 ], [ -84.805584, 41.603096 ], [ -84.805578, 41.603014 ], [ -84.805574, 41.602859 ], [ -84.805574, 41.602825 ], [ -84.805574, 41.602735 ], [ -84.805572, 41.602489 ], [ -84.805561, 41.601967 ], [ -84.805557, 41.601744 ], [ -84.805556, 41.601479 ], [ -84.805562, 41.601181 ], [ -84.805553, 41.600918 ], [ -84.805551, 41.600152 ], [ -84.805541, 41.599893 ], [ -84.805543, 41.599664 ], [ -84.805544, 41.599627 ], [ -84.805536, 41.599054 ], [ -84.805537, 41.598897 ], [ -84.805537, 41.598597 ], [ -84.805538, 41.598458 ], [ -84.80552, 41.597698 ], [ -84.805519, 41.597656 ], [ -84.805512, 41.597399 ], [ -84.8055, 41.596914 ], [ -84.8055, 41.596822 ], [ -84.805504, 41.59615 ], [ -84.805491, 41.595137 ], [ -84.805489, 41.595093 ], [ -84.805472, 41.594632 ], [ -84.805473, 41.594517 ], [ -84.805476, 41.594001 ], [ -84.805478, 41.593736 ], [ -84.805482, 41.592717 ], [ -84.805473, 41.592456 ], [ -84.805473, 41.592436 ], [ -84.805471, 41.59219 ], [ -84.805478, 41.591963 ], [ -84.805478, 41.591941 ], [ -84.805481, 41.591035 ], [ -84.805483, 41.590776 ], [ -84.805473, 41.590367 ], [ -84.805431, 41.589434 ], [ -84.805432, 41.589187 ], [ -84.805433, 41.588848 ], [ -84.805424, 41.588629 ], [ -84.805424, 41.588367 ], [ -84.805423, 41.588319 ], [ -84.80541, 41.58761 ], [ -84.8054, 41.587414 ], [ -84.805399, 41.587086 ], [ -84.805399, 41.586987 ], [ -84.805403, 41.586227 ], [ -84.805399, 41.586005 ], [ -84.805391, 41.585709 ], [ -84.805381, 41.585283 ], [ -84.805374, 41.584166 ], [ -84.805374, 41.584057 ], [ -84.805352, 41.582938 ], [ -84.80535, 41.582139 ], [ -84.805334, 41.581051 ], [ -84.805333, 41.580817 ], [ -84.805332, 41.580418 ], [ -84.80533, 41.579899 ], [ -84.805331, 41.579701 ], [ -84.805332, 41.579282 ], [ -84.80533, 41.579235 ], [ -84.805325, 41.57896 ], [ -84.805299, 41.578223 ], [ -84.805292, 41.57784 ], [ -84.805284, 41.577375 ], [ -84.805281, 41.577257 ], [ -84.805275, 41.576905 ], [ -84.805274, 41.57685 ], [ -84.805273, 41.576788 ], [ -84.805272, 41.576742 ], [ -84.805271, 41.576604 ], [ -84.805271, 41.576559 ], [ -84.80527, 41.576523 ], [ -84.80527, 41.576415 ], [ -84.80527, 41.57638 ], [ -84.805266, 41.576003 ], [ -84.805254, 41.575547 ], [ -84.80525, 41.575254 ], [ -84.805245, 41.574757 ], [ -84.805229, 41.573998 ], [ -84.805201, 41.571938 ], [ -84.805201, 41.571876 ], [ -84.805203, 41.571592 ], [ -84.805194, 41.571047 ], [ -84.805197, 41.570751 ], [ -84.805189, 41.570656 ], [ -84.805183, 41.570194 ], [ -84.805169, 41.568834 ], [ -84.805167, 41.568522 ], [ -84.805165, 41.567965 ], [ -84.805162, 41.56711 ], [ -84.805154, 41.566832 ], [ -84.805152, 41.566736 ], [ -84.805135, 41.565451 ], [ -84.805116, 41.56468 ], [ -84.805109, 41.564232 ], [ -84.805108, 41.563358 ], [ -84.805109, 41.563049 ], [ -84.805114, 41.56208 ], [ -84.805105, 41.561821 ], [ -84.805102, 41.561752 ], [ -84.805089, 41.561322 ], [ -84.805051, 41.559983 ], [ -84.805049, 41.559828 ], [ -84.805045, 41.55933 ], [ -84.805044, 41.559254 ], [ -84.805033, 41.558798 ], [ -84.80502, 41.558189 ], [ -84.804993, 41.557204 ], [ -84.804993, 41.557177 ], [ -84.804985, 41.556673 ], [ -84.804984, 41.556619 ], [ -84.804981, 41.556458 ], [ -84.804981, 41.556405 ], [ -84.804963, 41.554835 ], [ -84.804959, 41.554485 ], [ -84.804892, 41.550128 ], [ -84.804872, 41.548788 ], [ -84.804863, 41.548559 ], [ -84.804859, 41.548474 ], [ -84.804853, 41.54832 ], [ -84.80485, 41.548221 ], [ -84.804849, 41.548137 ], [ -84.804838, 41.547577 ], [ -84.804829, 41.54708 ], [ -84.804825, 41.545897 ], [ -84.804825, 41.545552 ], [ -84.804821, 41.545337 ], [ -84.80482, 41.545292 ], [ -84.804817, 41.54516 ], [ -84.804816, 41.545116 ], [ -84.804814, 41.545057 ], [ -84.804811, 41.544881 ], [ -84.80481, 41.544823 ], [ -84.80481, 41.544527 ], [ -84.804812, 41.544012 ], [ -84.80481, 41.54364 ], [ -84.804809, 41.543345 ], [ -84.804807, 41.543051 ], [ -84.804802, 41.542171 ], [ -84.804801, 41.541878 ], [ -84.804784, 41.540319 ], [ -84.80478, 41.539957 ], [ -84.804752, 41.536945 ], [ -84.804733, 41.535601 ], [ -84.804723, 41.534194 ], [ -84.804723, 41.534127 ], [ -84.804721, 41.533156 ], [ -84.804711, 41.532273 ], [ -84.804706, 41.531893 ], [ -84.804697, 41.531069 ], [ -84.804694, 41.530755 ], [ -84.804692, 41.530376 ], [ -84.80469, 41.530314 ], [ -84.804687, 41.530134 ], [ -84.80468, 41.52921 ], [ -84.804674, 41.528524 ], [ -84.804658, 41.526466 ], [ -84.804653, 41.52578 ], [ -84.804651, 41.525532 ], [ -84.804645, 41.524788 ], [ -84.804643, 41.524541 ], [ -84.804643, 41.524474 ], [ -84.804644, 41.524379 ], [ -84.80464, 41.524275 ], [ -84.804639, 41.524209 ], [ -84.80462, 41.523562 ], [ -84.804614, 41.523343 ], [ -84.804595, 41.521622 ], [ -84.804588, 41.520976 ], [ -84.804584, 41.520503 ], [ -84.804573, 41.51908 ], [ -84.804578, 41.518613 ], [ -84.804575, 41.518176 ], [ -84.804566, 41.516866 ], [ -84.804565, 41.516647 ], [ -84.804562, 41.51643 ], [ -84.80456, 41.51629 ], [ -84.804554, 41.515869 ], [ -84.804553, 41.51573 ], [ -84.804551, 41.515588 ], [ -84.804545, 41.515163 ], [ -84.804544, 41.515022 ], [ -84.804543, 41.514936 ], [ -84.804538, 41.514599 ], [ -84.804523, 41.513331 ], [ -84.804518, 41.512909 ], [ -84.80452, 41.512742 ], [ -84.804519, 41.512662 ], [ -84.804513, 41.511921 ], [ -84.804511, 41.511674 ], [ -84.804504, 41.510876 ], [ -84.804496, 41.508105 ], [ -84.804476, 41.505567 ], [ -84.804477, 41.504509 ], [ -84.804458, 41.500513 ], [ -84.804484, 41.500348 ], [ -84.80434, 41.488153 ], [ -84.804367, 41.48815 ], [ -84.80436, 41.488062 ], [ -84.804349, 41.487517 ], [ -84.804344, 41.48682 ], [ -84.804334, 41.486359 ], [ -84.804327, 41.486141 ], [ -84.804317, 41.485799 ], [ -84.804315, 41.485453 ], [ -84.804304, 41.48397 ], [ -84.804301, 41.483643 ], [ -84.804293, 41.48308 ], [ -84.804279, 41.482173 ], [ -84.804262, 41.480936 ], [ -84.804255, 41.479807 ], [ -84.804253, 41.479455 ], [ -84.804249, 41.478549 ], [ -84.804248, 41.478396 ], [ -84.804245, 41.477939 ], [ -84.804245, 41.477787 ], [ -84.804244, 41.47773 ], [ -84.804244, 41.477559 ], [ -84.804244, 41.477502 ], [ -84.80424, 41.476753 ], [ -84.804229, 41.474509 ], [ -84.804226, 41.473761 ], [ -84.804215, 41.472948 ], [ -84.804214, 41.472874 ], [ -84.804216, 41.471574 ], [ -84.804223, 41.471066 ], [ -84.804218, 41.470512 ], [ -84.804217, 41.470329 ], [ -84.8042, 41.469725 ], [ -84.804193, 41.469702 ], [ -84.804191, 41.469386 ], [ -84.804188, 41.468439 ], [ -84.804187, 41.468124 ], [ -84.804184, 41.467512 ], [ -84.804181, 41.466529 ], [ -84.804187, 41.465678 ], [ -84.804188, 41.465602 ], [ -84.804131, 41.465092 ], [ -84.80413, 41.46507 ], [ -84.804149, 41.465002 ], [ -84.804154, 41.464834 ], [ -84.804157, 41.464741 ], [ -84.804148, 41.464303 ], [ -84.804147, 41.464118 ], [ -84.804147, 41.46388 ], [ -84.804152, 41.463557 ], [ -84.804157, 41.46334 ], [ -84.804172, 41.46259 ], [ -84.804179, 41.462268 ], [ -84.804182, 41.461343 ], [ -84.804178, 41.460817 ], [ -84.804167, 41.459318 ], [ -84.804163, 41.456465 ], [ -84.804163, 41.455595 ], [ -84.804157, 41.455107 ], [ -84.804158, 41.455015 ], [ -84.804154, 41.454819 ], [ -84.804145, 41.454232 ], [ -84.804142, 41.454037 ], [ -84.804141, 41.453944 ], [ -84.80414, 41.453858 ], [ -84.804136, 41.453322 ], [ -84.804135, 41.453144 ], [ -84.804135, 41.45308 ], [ -84.804127, 41.452053 ], [ -84.804121, 41.451153 ], [ -84.80412, 41.44878 ], [ -84.80412, 41.448255 ], [ -84.804111, 41.44769 ], [ -84.804108, 41.447526 ], [ -84.804099, 41.447036 ], [ -84.804097, 41.446873 ], [ -84.804092, 41.44658 ], [ -84.804077, 41.445705 ], [ -84.804072, 41.445413 ], [ -84.80407, 41.445323 ], [ -84.804065, 41.445055 ], [ -84.804064, 41.444966 ], [ -84.804061, 41.444789 ], [ -84.804061, 41.444767 ], [ -84.804058, 41.444645 ], [ -84.804057, 41.444559 ], [ -84.804041, 41.443683 ], [ -84.804036, 41.443363 ], [ -84.804036, 41.443252 ], [ -84.804037, 41.442919 ], [ -84.804038, 41.442809 ], [ -84.804038, 41.442702 ], [ -84.804038, 41.442384 ], [ -84.804039, 41.442278 ], [ -84.804039, 41.442268 ], [ -84.80404, 41.441871 ], [ -84.804036, 41.44157 ], [ -84.804033, 41.44122 ], [ -84.804033, 41.439447 ], [ -84.804034, 41.43874 ], [ -84.804028, 41.438679 ], [ -84.804025, 41.438639 ], [ -84.804022, 41.438498 ], [ -84.804022, 41.438476 ], [ -84.80402, 41.438438 ], [ -84.804017, 41.438367 ], [ -84.804019, 41.437909 ], [ -84.804024, 41.436852 ], [ -84.804031, 41.436323 ], [ -84.804039, 41.435821 ], [ -84.804036, 41.435795 ], [ -84.804041, 41.433846 ], [ -84.804057, 41.427999 ], [ -84.804063, 41.426051 ], [ -84.804063, 41.426034 ], [ -84.803961, 41.42267 ], [ -84.803916, 41.411529 ], [ -84.803917, 41.41148 ], [ -84.803888, 41.408624 ], [ -84.803889, 41.40855 ], [ -84.803893, 41.408365 ], [ -84.803925, 41.406797 ], [ -84.803977, 41.404609 ], [ -84.803996, 41.386586 ], [ -84.80398, 41.384301 ], [ -84.803916, 41.377843 ], [ -84.803922, 41.376247 ], [ -84.803921, 41.376059 ], [ -84.803918, 41.375495 ], [ -84.803917, 41.375308 ], [ -84.803907, 41.375192 ], [ -84.803903, 41.375132 ], [ -84.803897, 41.374844 ], [ -84.803895, 41.374728 ], [ -84.803889, 41.374488 ], [ -84.803874, 41.373771 ], [ -84.803869, 41.373532 ], [ -84.803883, 41.373242 ], [ -84.803925, 41.372447 ], [ -84.803923, 41.372372 ], [ -84.803917, 41.372082 ], [ -84.803886, 41.370755 ], [ -84.803884, 41.370691 ], [ -84.803986, 41.368114 ], [ -84.803983, 41.367284 ], [ -84.803991, 41.366483 ], [ -84.804004, 41.365743 ], [ -84.804015, 41.364887 ], [ -84.803994, 41.363991 ], [ -84.803999, 41.363515 ], [ -84.804003, 41.362295 ], [ -84.804001, 41.361548 ], [ -84.803995, 41.360772 ], [ -84.803991, 41.359948 ], [ -84.803991, 41.359134 ], [ -84.803997, 41.358345 ], [ -84.803997, 41.357756 ], [ -84.803998, 41.357538 ], [ -84.803997, 41.357165 ], [ -84.804003, 41.356455 ], [ -84.804011, 41.355756 ], [ -84.804011, 41.355119 ], [ -84.804016, 41.354779 ], [ -84.804017, 41.354381 ], [ -84.804008, 41.353629 ], [ -84.804021, 41.35276 ], [ -84.804025, 41.351687 ], [ -84.804028, 41.35099 ], [ -84.804021, 41.350893 ], [ -84.804016, 41.35033 ], [ -84.80402, 41.349547 ], [ -84.804022, 41.348956 ], [ -84.804014, 41.347285 ], [ -84.804019, 41.345818 ], [ -84.804028, 41.343574 ], [ -84.804035, 41.34161 ], [ -84.804028, 41.33997 ], [ -84.804026, 41.339203 ], [ -84.804026, 41.33918 ], [ -84.804028, 41.339006 ], [ -84.804026, 41.338618 ], [ -84.804025, 41.337016 ], [ -84.80402, 41.336366 ], [ -84.80401, 41.334763 ], [ -84.804017, 41.333872 ], [ -84.804, 41.332719 ], [ -84.803993, 41.332265 ], [ -84.803986, 41.330231 ], [ -84.803967, 41.32907 ], [ -84.803963, 41.328797 ], [ -84.803963, 41.326418 ], [ -84.803974, 41.325421 ], [ -84.803978, 41.325092 ], [ -84.803971, 41.324942 ], [ -84.803973, 41.324898 ], [ -84.803962, 41.324762 ], [ -84.80396, 41.32414 ], [ -84.803946, 41.322789 ], [ -84.803937, 41.321868 ], [ -84.803937, 41.321787 ], [ -84.803937, 41.321487 ], [ -84.803938, 41.321103 ], [ -84.803931, 41.320717 ], [ -84.803928, 41.319831 ], [ -84.803929, 41.319471 ], [ -84.803916, 41.316743 ], [ -84.803916, 41.316367 ], [ -84.803914, 41.315987 ], [ -84.803915, 41.315859 ], [ -84.803918, 41.315611 ], [ -84.803913, 41.31524 ], [ -84.803904, 41.315041 ], [ -84.803895, 41.314579 ], [ -84.803895, 41.314567 ], [ -84.803895, 41.314476 ], [ -84.803885, 41.314096 ], [ -84.803879, 41.313463 ], [ -84.803885, 41.313088 ], [ -84.803886, 41.312356 ], [ -84.803886, 41.311971 ], [ -84.803887, 41.311244 ], [ -84.803885, 41.310868 ], [ -84.803883, 41.310701 ], [ -84.803876, 41.310009 ], [ -84.803876, 41.30963 ], [ -84.803873, 41.309247 ], [ -84.803872, 41.308938 ], [ -84.803873, 41.308427 ], [ -84.803875, 41.308346 ], [ -84.803879, 41.308152 ], [ -84.803881, 41.308041 ], [ -84.803878, 41.30766 ], [ -84.803872, 41.307288 ], [ -84.803877, 41.307076 ], [ -84.803863, 41.306489 ], [ -84.803835, 41.305968 ], [ -84.803837, 41.305738 ], [ -84.803841, 41.305395 ], [ -84.803844, 41.305209 ], [ -84.803847, 41.304844 ], [ -84.803845, 41.304221 ], [ -84.803843, 41.304083 ], [ -84.80384, 41.303658 ], [ -84.803831, 41.302592 ], [ -84.803823, 41.30223 ], [ -84.803817, 41.301768 ], [ -84.803811, 41.300578 ], [ -84.803818, 41.29999 ], [ -84.80381, 41.299772 ], [ -84.803804, 41.299543 ], [ -84.803798, 41.299192 ], [ -84.803789, 41.298922 ], [ -84.803782, 41.298629 ], [ -84.803779, 41.298291 ], [ -84.803774, 41.29781 ], [ -84.803771, 41.297581 ], [ -84.803773, 41.297279 ], [ -84.803787, 41.296767 ], [ -84.803787, 41.296661 ], [ -84.803784, 41.296399 ], [ -84.803784, 41.296333 ], [ -84.80378, 41.296211 ], [ -84.803777, 41.296079 ], [ -84.803775, 41.295927 ], [ -84.803763, 41.295711 ], [ -84.803758, 41.294956 ], [ -84.803758, 41.294736 ], [ -84.803753, 41.294524 ], [ -84.803754, 41.294193 ], [ -84.803746, 41.294017 ], [ -84.803747, 41.29378 ], [ -84.803746, 41.293439 ], [ -84.803743, 41.293102 ], [ -84.803741, 41.292505 ], [ -84.803741, 41.292299 ], [ -84.80374, 41.292101 ], [ -84.803733, 41.291856 ], [ -84.803728, 41.291418 ], [ -84.803724, 41.291077 ], [ -84.803725, 41.290785 ], [ -84.80372, 41.290458 ], [ -84.803723, 41.290157 ], [ -84.803716, 41.289962 ], [ -84.803716, 41.289695 ], [ -84.803718, 41.289457 ], [ -84.803717, 41.288998 ], [ -84.803715, 41.288774 ], [ -84.803714, 41.288293 ], [ -84.803709, 41.28794 ], [ -84.803708, 41.287587 ], [ -84.803707, 41.287235 ], [ -84.803705, 41.286882 ], [ -84.803699, 41.286536 ], [ -84.803705, 41.286182 ], [ -84.803704, 41.285798 ], [ -84.803709, 41.285674 ], [ -84.80371, 41.285544 ], [ -84.803705, 41.285443 ], [ -84.803704, 41.285431 ], [ -84.803697, 41.285151 ], [ -84.803702, 41.284916 ], [ -84.803695, 41.284629 ], [ -84.803686, 41.284116 ], [ -84.803679, 41.283561 ], [ -84.803677, 41.283001 ], [ -84.803674, 41.282615 ], [ -84.803676, 41.28244 ], [ -84.803673, 41.282199 ], [ -84.803669, 41.281873 ], [ -84.803667, 41.28137 ], [ -84.803665, 41.28108 ], [ -84.803663, 41.280804 ], [ -84.803651, 41.280272 ], [ -84.80365, 41.279877 ], [ -84.803652, 41.279707 ], [ -84.803652, 41.27953 ], [ -84.80365, 41.279318 ], [ -84.803648, 41.279119 ], [ -84.803646, 41.278916 ], [ -84.803643, 41.278514 ], [ -84.803636, 41.278211 ], [ -84.803634, 41.277706 ], [ -84.803621, 41.277301 ], [ -84.803615, 41.276897 ], [ -84.803617, 41.276493 ], [ -84.803611, 41.276089 ], [ -84.8036, 41.275272 ], [ -84.8036, 41.275012 ], [ -84.803596, 41.274608 ], [ -84.803593, 41.274204 ], [ -84.803595, 41.2738 ], [ -84.803589, 41.273399 ], [ -84.803591, 41.272994 ], [ -84.803588, 41.272595 ], [ -84.80359, 41.272193 ], [ -84.803594, 41.271793 ], [ -84.803589, 41.271273 ], [ -84.803596, 41.271016 ], [ -84.803592, 41.270933 ], [ -84.803586, 41.270825 ], [ -84.803577, 41.270541 ], [ -84.803576, 41.270156 ], [ -84.80358, 41.26977 ], [ -84.803576, 41.269432 ], [ -84.803576, 41.269022 ], [ -84.803575, 41.268632 ], [ -84.803563, 41.26824 ], [ -84.803565, 41.267847 ], [ -84.803568, 41.267483 ], [ -84.803571, 41.267073 ], [ -84.803568, 41.266688 ], [ -84.803571, 41.26637 ], [ -84.803566, 41.265909 ], [ -84.803573, 41.265338 ], [ -84.803569, 41.26508 ], [ -84.803561, 41.264714 ], [ -84.803563, 41.26448 ], [ -84.803564, 41.264209 ], [ -84.803571, 41.263908 ], [ -84.80357, 41.263565 ], [ -84.803574, 41.263217 ], [ -84.803572, 41.262878 ], [ -84.80357, 41.262541 ], [ -84.803569, 41.262161 ], [ -84.803553, 41.261684 ], [ -84.803552, 41.261672 ], [ -84.803549, 41.261412 ], [ -84.803545, 41.261042 ], [ -84.803549, 41.260638 ], [ -84.803547, 41.260459 ], [ -84.803546, 41.260248 ], [ -84.803537, 41.259832 ], [ -84.803536, 41.259441 ], [ -84.803543, 41.259054 ], [ -84.803541, 41.25866 ], [ -84.803543, 41.258257 ], [ -84.803541, 41.257884 ], [ -84.803534, 41.257483 ], [ -84.803542, 41.25708 ], [ -84.803532, 41.256647 ], [ -84.803531, 41.25658 ], [ -84.803539, 41.256413 ], [ -84.803532, 41.256046 ], [ -84.803538, 41.255632 ], [ -84.803543, 41.255247 ], [ -84.803533, 41.254852 ], [ -84.80353, 41.254633 ], [ -84.803532, 41.254459 ], [ -84.803533, 41.254189 ], [ -84.803533, 41.253818 ], [ -84.803537, 41.253456 ], [ -84.803535, 41.253079 ], [ -84.803543, 41.252665 ], [ -84.803544, 41.252562 ], [ -84.803546, 41.251324 ], [ -84.803536, 41.250071 ], [ -84.803517, 41.247795 ], [ -84.803517, 41.246868 ], [ -84.803528, 41.245011 ], [ -84.803527, 41.242884 ], [ -84.803512, 41.241865 ], [ -84.803512, 41.241822 ], [ -84.803514, 41.241742 ], [ -84.803519, 41.241307 ], [ -84.80352, 41.240095 ], [ -84.803509, 41.237264 ], [ -84.803509, 41.237082 ], [ -84.803505, 41.236667 ], [ -84.803511, 41.236296 ], [ -84.803545, 41.235644 ], [ -84.803534, 41.235464 ], [ -84.803532, 41.235283 ], [ -84.803537, 41.235189 ], [ -84.803513, 41.234651 ], [ -84.803502, 41.232983 ], [ -84.8035, 41.231127 ], [ -84.803504, 41.22955 ], [ -84.803495, 41.227312 ], [ -84.803495, 41.227213 ], [ -84.803496, 41.2272 ], [ -84.803506, 41.225735 ], [ -84.803505, 41.224618 ], [ -84.803515, 41.224153 ], [ -84.803527, 41.222551 ], [ -84.803519, 41.221744 ], [ -84.803524, 41.220533 ], [ -84.803517, 41.220006 ], [ -84.803517, 41.219975 ], [ -84.803519, 41.219831 ], [ -84.803538, 41.218675 ], [ -84.803552, 41.216367 ], [ -84.803544, 41.213295 ], [ -84.803528, 41.212368 ], [ -84.803525, 41.211157 ], [ -84.803505, 41.209678 ], [ -84.803512, 41.207988 ], [ -84.80352, 41.20719 ], [ -84.803526, 41.204508 ], [ -84.803513, 41.20219 ], [ -84.803512, 41.201928 ], [ -84.803508, 41.198237 ], [ -84.803501, 41.19814 ], [ -84.803505, 41.198047 ], [ -84.803496, 41.197861 ], [ -84.803486, 41.197023 ], [ -84.803476, 41.193212 ], [ -84.80347, 41.192745 ], [ -84.803471, 41.192005 ], [ -84.80346, 41.190331 ], [ -84.803383, 41.185063 ], [ -84.803382, 41.18496 ], [ -84.803381, 41.184866 ], [ -84.803388, 41.184216 ], [ -84.803405, 41.183474 ], [ -84.80342, 41.18208 ], [ -84.803431, 41.180322 ], [ -84.803433, 41.178841 ], [ -84.803444, 41.178099 ], [ -84.803431, 41.177082 ], [ -84.803446, 41.176344 ], [ -84.803429, 41.17551 ], [ -84.803442, 41.174682 ], [ -84.803458, 41.174109 ], [ -84.803488, 41.173566 ], [ -84.803523, 41.172604 ], [ -84.80355, 41.172075 ], [ -84.80354, 41.171793 ], [ -84.803531, 41.171529 ], [ -84.803488, 41.169779 ], [ -84.803452, 41.168072 ], [ -84.803443, 41.168038 ], [ -84.803384, 41.165017 ], [ -84.803439, 41.164331 ], [ -84.803446, 41.164316 ], [ -84.803481, 41.164228 ], [ -84.803497, 41.164168 ], [ -84.803506, 41.164137 ], [ -84.803517, 41.164053 ], [ -84.80352, 41.164044 ], [ -84.803525, 41.163951 ], [ -84.803501, 41.162735 ], [ -84.803509, 41.161622 ], [ -84.80351, 41.161446 ], [ -84.80353, 41.158557 ], [ -84.803531, 41.157651 ], [ -84.803508, 41.155675 ], [ -84.803508, 41.153661 ], [ -84.803508, 41.1534 ], [ -84.803508, 41.152612 ], [ -84.803498, 41.151774 ], [ -84.803501, 41.151121 ], [ -84.803488, 41.149638 ], [ -84.803491, 41.148709 ], [ -84.803488, 41.148505 ], [ -84.803485, 41.14825 ], [ -84.803491, 41.147604 ], [ -84.803479, 41.146176 ], [ -84.803476, 41.14584 ], [ -84.803489, 41.145189 ], [ -84.803497, 41.144161 ], [ -84.803498, 41.142772 ], [ -84.803486, 41.142216 ], [ -84.803491, 41.140697 ], [ -84.803492, 41.140512 ], [ -84.803493, 41.140176 ], [ -84.803485, 41.139529 ], [ -84.8035, 41.136641 ], [ -84.803477, 41.135907 ], [ -84.803478, 41.135886 ], [ -84.803482, 41.135727 ], [ -84.803474, 41.135168 ], [ -84.80349, 41.130438 ], [ -84.803486, 41.127818 ], [ -84.803479, 41.127164 ], [ -84.803477, 41.126136 ], [ -84.803478, 41.126036 ], [ -84.80348, 41.125954 ], [ -84.8035, 41.124832 ], [ -84.803497, 41.124003 ], [ -84.803504, 41.121331 ], [ -84.803502, 41.121262 ], [ -84.803489, 41.120662 ], [ -84.803488, 41.119827 ], [ -84.803462, 41.1173 ], [ -84.803434, 41.112932 ], [ -84.803434, 41.111551 ], [ -84.803434, 41.111497 ], [ -84.803434, 41.107516 ], [ -84.803425, 41.106845 ], [ -84.803398, 41.099788 ], [ -84.803407, 41.098676 ], [ -84.803388, 41.096867 ], [ -84.803388, 41.096782 ], [ -84.803377, 41.095695 ], [ -84.803371, 41.092232 ], [ -84.803373, 41.090201 ], [ -84.803366, 41.08929 ], [ -84.803362, 41.088536 ], [ -84.803354, 41.086302 ], [ -84.803362, 41.085375 ], [ -84.803361, 41.083796 ], [ -84.803346, 41.082587 ], [ -84.803344, 41.082249 ], [ -84.803344, 41.082051 ], [ -84.803341, 41.081287 ], [ -84.803357, 41.080083 ], [ -84.80336, 41.079253 ], [ -84.803347, 41.07794 ], [ -84.803346, 41.077862 ], [ -84.803336, 41.077693 ], [ -84.80333, 41.077587 ], [ -84.803331, 41.077506 ], [ -84.803331, 41.07748 ], [ -84.803339, 41.076662 ], [ -84.803327, 41.07508 ], [ -84.803327, 41.074979 ], [ -84.803328, 41.074938 ], [ -84.803334, 41.074239 ], [ -84.803329, 41.072941 ], [ -84.803336, 41.071819 ], [ -84.80333, 41.071077 ], [ -84.803333, 41.070241 ], [ -84.803323, 41.067646 ], [ -84.80332, 41.066711 ], [ -84.803322, 41.065699 ], [ -84.803309, 41.063755 ], [ -84.803306, 41.063602 ], [ -84.803283, 41.062365 ], [ -84.803293, 41.059934 ], [ -84.803291, 41.058678 ], [ -84.803287, 41.056499 ], [ -84.803272, 41.054923 ], [ -84.803251, 41.053995 ], [ -84.803253, 41.053255 ], [ -84.803253, 41.053144 ], [ -84.803255, 41.052788 ], [ -84.803248, 41.052232 ], [ -84.803253, 41.051485 ], [ -84.803254, 41.051396 ], [ -84.803245, 41.050929 ], [ -84.80324, 41.049713 ], [ -84.803242, 41.047864 ], [ -84.803231, 41.046362 ], [ -84.803217, 41.042544 ], [ -84.803221, 41.03915 ], [ -84.803221, 41.039126 ], [ -84.80322, 41.039086 ], [ -84.803213, 41.038644 ], [ -84.803213, 41.038593 ], [ -84.803209, 41.038297 ], [ -84.803208, 41.037739 ], [ -84.803198, 41.035563 ], [ -84.803188, 41.033216 ], [ -84.803179, 41.030309 ], [ -84.803185, 41.029103 ], [ -84.803194, 41.028453 ], [ -84.803204, 41.028059 ], [ -84.803206, 41.028005 ], [ -84.803209, 41.027898 ], [ -84.803208, 41.027783 ], [ -84.803206, 41.027159 ], [ -84.80321, 41.024124 ], [ -84.80321, 41.024027 ], [ -84.803211, 41.02397 ], [ -84.803211, 41.023723 ], [ -84.803241, 41.02205 ], [ -84.803243, 41.021217 ], [ -84.803253, 41.020715 ], [ -84.803294, 41.018795 ], [ -84.803297, 41.018673 ], [ -84.8033, 41.018637 ], [ -84.803316, 41.01841 ], [ -84.803306, 41.018042 ], [ -84.803303, 41.017739 ], [ -84.803298, 41.017254 ], [ -84.803298, 41.017234 ], [ -84.80329, 41.016378 ], [ -84.803288, 41.013325 ], [ -84.803292, 41.012209 ], [ -84.803311, 41.011752 ], [ -84.803307, 41.011659 ], [ -84.803296, 41.011567 ], [ -84.803288, 41.011292 ], [ -84.803287, 41.010553 ], [ -84.803292, 41.010092 ], [ -84.803287, 41.009576 ], [ -84.803287, 41.009548 ], [ -84.803286, 41.009445 ], [ -84.803277, 41.00926 ], [ -84.803289, 41.008517 ], [ -84.80329, 41.008056 ], [ -84.803309, 41.007034 ], [ -84.803295, 41.006638 ], [ -84.803287, 41.005899 ], [ -84.803292, 41.004016 ], [ -84.803276, 41.000995 ], [ -84.803285, 41.000052 ], [ -84.803304, 40.998985 ], [ -84.803307, 40.998866 ], [ -84.803317, 40.998352 ], [ -84.803329, 40.99803 ], [ -84.803284, 40.996776 ], [ -84.803279, 40.996304 ], [ -84.803236, 40.99169 ], [ -84.803235, 40.991594 ], [ -84.803234, 40.991525 ], [ -84.803242, 40.991059 ], [ -84.803251, 40.989394 ], [ -84.803256, 40.988276 ], [ -84.803257, 40.988236 ], [ -84.803256, 40.988084 ], [ -84.803255, 40.987944 ], [ -84.803245, 40.987092 ], [ -84.80323, 40.981211 ], [ -84.803228, 40.980723 ], [ -84.803225, 40.979468 ], [ -84.803224, 40.979457 ], [ -84.803211, 40.978409 ], [ -84.803211, 40.977709 ], [ -84.803204, 40.975949 ], [ -84.803204, 40.975938 ], [ -84.803204, 40.975637 ], [ -84.803204, 40.974932 ], [ -84.803206, 40.974789 ], [ -84.803201, 40.974555 ], [ -84.803189, 40.974054 ], [ -84.803184, 40.970133 ], [ -84.803182, 40.969421 ], [ -84.803181, 40.967996 ], [ -84.803174, 40.967671 ], [ -84.803171, 40.967155 ], [ -84.803166, 40.966347 ], [ -84.803165, 40.966335 ], [ -84.803163, 40.96555 ], [ -84.803149, 40.963573 ], [ -84.803138, 40.962228 ], [ -84.803144, 40.961496 ], [ -84.803145, 40.960927 ], [ -84.803143, 40.96071 ], [ -84.803143, 40.960474 ], [ -84.803147, 40.960196 ], [ -84.803148, 40.958992 ], [ -84.803137, 40.956201 ], [ -84.803128, 40.953988 ], [ -84.803131, 40.953038 ], [ -84.803115, 40.95249 ], [ -84.803109, 40.952202 ], [ -84.803108, 40.952028 ], [ -84.803109, 40.951805 ], [ -84.803104, 40.951505 ], [ -84.803104, 40.951349 ], [ -84.803104, 40.951046 ], [ -84.803108, 40.95098 ], [ -84.803107, 40.950807 ], [ -84.803093, 40.949873 ], [ -84.803089, 40.949563 ], [ -84.803081, 40.948872 ], [ -84.803078, 40.948571 ], [ -84.803077, 40.948385 ], [ -84.80307, 40.947759 ], [ -84.803048, 40.947759 ], [ -84.803046, 40.947706 ], [ -84.803069, 40.947706 ], [ -84.803056, 40.946953 ], [ -84.803049, 40.946069 ], [ -84.803041, 40.945057 ], [ -84.803042, 40.944527 ], [ -84.803044, 40.944259 ], [ -84.803041, 40.943396 ], [ -84.803038, 40.943118 ], [ -84.803037, 40.942515 ], [ -84.80305, 40.941666 ], [ -84.803053, 40.94082 ], [ -84.803048, 40.93955 ], [ -84.803044, 40.938927 ], [ -84.803043, 40.938366 ], [ -84.803038, 40.938064 ], [ -84.803036, 40.937416 ], [ -84.803034, 40.937174 ], [ -84.80301, 40.935954 ], [ -84.802993, 40.934899 ], [ -84.802988, 40.934276 ], [ -84.802978, 40.933423 ], [ -84.80296, 40.931453 ], [ -84.802956, 40.931144 ], [ -84.80295, 40.930785 ], [ -84.802945, 40.930633 ], [ -84.802939, 40.929895 ], [ -84.802939, 40.929765 ], [ -84.802937, 40.928331 ], [ -84.802938, 40.927345 ], [ -84.802931, 40.925034 ], [ -84.802933, 40.924574 ], [ -84.802932, 40.924146 ], [ -84.802933, 40.923515 ], [ -84.802925, 40.923148 ], [ -84.802922, 40.922568 ], [ -84.802921, 40.922378 ], [ -84.802908, 40.918899 ], [ -84.802896, 40.91683 ], [ -84.802896, 40.916705 ], [ -84.8029, 40.916415 ], [ -84.802893, 40.915728 ], [ -84.802883, 40.91501 ], [ -84.802886, 40.914877 ], [ -84.802855, 40.911813 ], [ -84.802851, 40.911496 ], [ -84.802844, 40.910964 ], [ -84.802845, 40.909718 ], [ -84.802844, 40.90954 ], [ -84.802833, 40.908914 ], [ -84.802835, 40.908083 ], [ -84.802834, 40.907687 ], [ -84.802828, 40.907221 ], [ -84.802812, 40.902248 ], [ -84.802798, 40.901666 ], [ -84.802795, 40.901312 ], [ -84.802782, 40.899983 ], [ -84.802775, 40.898097 ], [ -84.802759, 40.895195 ], [ -84.802743, 40.893688 ], [ -84.802739, 40.893282 ], [ -84.802729, 40.892732 ], [ -84.80273, 40.892134 ], [ -84.802724, 40.891446 ], [ -84.802702, 40.887835 ], [ -84.802701, 40.887701 ], [ -84.802701, 40.887606 ], [ -84.802702, 40.887363 ], [ -84.802695, 40.887031 ], [ -84.80269, 40.886416 ], [ -84.802687, 40.886235 ], [ -84.802674, 40.885489 ], [ -84.802679, 40.884829 ], [ -84.802673, 40.88463 ], [ -84.802671, 40.883545 ], [ -84.802656, 40.882827 ], [ -84.802638, 40.880903 ], [ -84.802642, 40.880517 ], [ -84.802608, 40.878221 ], [ -84.802587, 40.876001 ], [ -84.802574, 40.875332 ], [ -84.80256, 40.873818 ], [ -84.802551, 40.873326 ], [ -84.802536, 40.870977 ], [ -84.802534, 40.870817 ], [ -84.802533, 40.870414 ], [ -84.802533, 40.870011 ], [ -84.802534, 40.869608 ], [ -84.802528, 40.869205 ], [ -84.802523, 40.868802 ], [ -84.802519, 40.868399 ], [ -84.802517, 40.867955 ], [ -84.802512, 40.867593 ], [ -84.802514, 40.86719 ], [ -84.802517, 40.866788 ], [ -84.802513, 40.866637 ], [ -84.802511, 40.866462 ], [ -84.802509, 40.866427 ], [ -84.802508, 40.865579 ], [ -84.802504, 40.864398 ], [ -84.802492, 40.863711 ], [ -84.802511, 40.863569 ], [ -84.802504, 40.862863 ], [ -84.802493, 40.861869 ], [ -84.802468, 40.860424 ], [ -84.802468, 40.86001 ], [ -84.802468, 40.85875 ], [ -84.802471, 40.858673 ], [ -84.802454, 40.857613 ], [ -84.802455, 40.857198 ], [ -84.802438, 40.856372 ], [ -84.802439, 40.855949 ], [ -84.802428, 40.855129 ], [ -84.802429, 40.854524 ], [ -84.802429, 40.85451 ], [ -84.802429, 40.854058 ], [ -84.802426, 40.853884 ], [ -84.802411, 40.851779 ], [ -84.802416, 40.851432 ], [ -84.802414, 40.850838 ], [ -84.802406, 40.849779 ], [ -84.802406, 40.849211 ], [ -84.802393, 40.847874 ], [ -84.802395, 40.847379 ], [ -84.80238, 40.846078 ], [ -84.802376, 40.843369 ], [ -84.802359, 40.84309 ], [ -84.802355, 40.842912 ], [ -84.802355, 40.8429 ], [ -84.802349, 40.842637 ], [ -84.802351, 40.842275 ], [ -84.802351, 40.841913 ], [ -84.802351, 40.841552 ], [ -84.802354, 40.84119 ], [ -84.802353, 40.84083 ], [ -84.802351, 40.840469 ], [ -84.80235, 40.840289 ], [ -84.802349, 40.839388 ], [ -84.802356, 40.83904 ], [ -84.802354, 40.837945 ], [ -84.80234, 40.834685 ], [ -84.802336, 40.833352 ], [ -84.802335, 40.833122 ], [ -84.802337, 40.832945 ], [ -84.802338, 40.832513 ], [ -84.802333, 40.831869 ], [ -84.802339, 40.831235 ], [ -84.802334, 40.830924 ], [ -84.802334, 40.830306 ], [ -84.802329, 40.829716 ], [ -84.802325, 40.829336 ], [ -84.802328, 40.829047 ], [ -84.802325, 40.82772 ], [ -84.802326, 40.827551 ], [ -84.802326, 40.827527 ], [ -84.802329, 40.826945 ], [ -84.802335, 40.825399 ], [ -84.802335, 40.825089 ], [ -84.802336, 40.824745 ], [ -84.802333, 40.824401 ], [ -84.80233, 40.824139 ], [ -84.80233, 40.824034 ], [ -84.802327, 40.823711 ], [ -84.802327, 40.823364 ], [ -84.802327, 40.823018 ], [ -84.802328, 40.822671 ], [ -84.802327, 40.822342 ], [ -84.802327, 40.821957 ], [ -84.802324, 40.821439 ], [ -84.802318, 40.821051 ], [ -84.802317, 40.820549 ], [ -84.802318, 40.820053 ], [ -84.802321, 40.819545 ], [ -84.802317, 40.81919 ], [ -84.802315, 40.819036 ], [ -84.802304, 40.818547 ], [ -84.802303, 40.818048 ], [ -84.802297, 40.817551 ], [ -84.802291, 40.817055 ], [ -84.802298, 40.81656 ], [ -84.802297, 40.816067 ], [ -84.802296, 40.815939 ], [ -84.802296, 40.815777 ], [ -84.802298, 40.815104 ], [ -84.802291, 40.814867 ], [ -84.802271, 40.813326 ], [ -84.802272, 40.812971 ], [ -84.802268, 40.810732 ], [ -84.80226, 40.810213 ], [ -84.802272, 40.810002 ], [ -84.802278, 40.809584 ], [ -84.802264, 40.807934 ], [ -84.802263, 40.806288 ], [ -84.802264, 40.805206 ], [ -84.802253, 40.803801 ], [ -84.802254, 40.803768 ], [ -84.802258, 40.803579 ], [ -84.802258, 40.803037 ], [ -84.80225, 40.802469 ], [ -84.802251, 40.80233 ], [ -84.802252, 40.802249 ], [ -84.802252, 40.802216 ], [ -84.802253, 40.802138 ], [ -84.802259, 40.80176 ], [ -84.802247, 40.800753 ], [ -84.802254, 40.800427 ], [ -84.802255, 40.799996 ], [ -84.802247, 40.799571 ], [ -84.802244, 40.799157 ], [ -84.802241, 40.798796 ], [ -84.802246, 40.7984 ], [ -84.802243, 40.798092 ], [ -84.802241, 40.797727 ], [ -84.802242, 40.797332 ], [ -84.802242, 40.796938 ], [ -84.802242, 40.796544 ], [ -84.802245, 40.79615 ], [ -84.802247, 40.795756 ], [ -84.80225, 40.795362 ], [ -84.802244, 40.794968 ], [ -84.802237, 40.794572 ], [ -84.802226, 40.794176 ], [ -84.802228, 40.793778 ], [ -84.802244, 40.792583 ], [ -84.802241, 40.791786 ], [ -84.802249, 40.791387 ], [ -84.802252, 40.790592 ], [ -84.802271, 40.789574 ], [ -84.80228, 40.78588 ], [ -84.802304, 40.783481 ], [ -84.802315, 40.782599 ], [ -84.802315, 40.782589 ], [ -84.802326, 40.782075 ], [ -84.802325, 40.782052 ], [ -84.802304, 40.781541 ], [ -84.802304, 40.781499 ], [ -84.802305, 40.780929 ], [ -84.802307, 40.780184 ], [ -84.802315, 40.779412 ], [ -84.802319, 40.778049 ], [ -84.802329, 40.775888 ], [ -84.802343, 40.773046 ], [ -84.802379, 40.771651 ], [ -84.80238, 40.771351 ], [ -84.802389, 40.769999 ], [ -84.802425, 40.767988 ], [ -84.802464, 40.766175 ], [ -84.802489, 40.765344 ], [ -84.802466, 40.763069 ], [ -84.802464, 40.762914 ], [ -84.802387, 40.75266 ], [ -84.802368, 40.752613 ], [ -84.802183, 40.750253 ], [ -84.802181, 40.750046 ], [ -84.802144, 40.749162 ], [ -84.802163, 40.7472 ], [ -84.802164, 40.747177 ], [ -84.802321, 40.742455 ], [ -84.802297, 40.740396 ], [ -84.802298, 40.740344 ], [ -84.802302, 40.740094 ], [ -84.8023, 40.739039 ], [ -84.80229, 40.738162 ], [ -84.802289, 40.737388 ], [ -84.802289, 40.737199 ], [ -84.80229, 40.737006 ], [ -84.802293, 40.736196 ], [ -84.802289, 40.735415 ], [ -84.802289, 40.735394 ], [ -84.802289, 40.73531 ], [ -84.802288, 40.735156 ], [ -84.802285, 40.734587 ], [ -84.802294, 40.734008 ], [ -84.802284, 40.731732 ], [ -84.802281, 40.731416 ], [ -84.802258, 40.72936 ], [ -84.802273, 40.728146 ], [ -84.802277, 40.727972 ], [ -84.80227, 40.725317 ], [ -84.802269, 40.718579 ], [ -84.80226, 40.717065 ], [ -84.802257, 40.715149 ], [ -84.802278, 40.713419 ], [ -84.802276, 40.711727 ], [ -84.802268, 40.710699 ], [ -84.802273, 40.710273 ], [ -84.802283, 40.706839 ], [ -84.80228, 40.705385 ], [ -84.802277, 40.70396 ], [ -84.80227, 40.703729 ], [ -84.802279, 40.703276 ], [ -84.802287, 40.702993 ], [ -84.802299, 40.702527 ], [ -84.802093, 40.691501 ], [ -84.802148, 40.691497 ], [ -84.802192, 40.691484 ], [ -84.802222, 40.69147 ], [ -84.80225, 40.691449 ], [ -84.802267, 40.691429 ], [ -84.802276, 40.691406 ], [ -84.802283, 40.69138 ], [ -84.802293, 40.691317 ], [ -84.802296, 40.691139 ], [ -84.802297, 40.690823 ], [ -84.802297, 40.690142 ], [ -84.80229, 40.689727 ], [ -84.802288, 40.689627 ], [ -84.802292, 40.689557 ], [ -84.802303, 40.68951 ], [ -84.802312, 40.689209 ], [ -84.802175, 40.682358 ], [ -84.80218, 40.682218 ], [ -84.802166, 40.681575 ], [ -84.802143, 40.681021 ], [ -84.802145, 40.680758 ], [ -84.802191, 40.680611 ], [ -84.802304, 40.680545 ], [ -84.802273, 40.67981 ], [ -84.802282, 40.67868 ], [ -84.802315, 40.677664 ], [ -84.802317, 40.677259 ], [ -84.802379, 40.676773 ], [ -84.802369, 40.674791 ], [ -84.802382, 40.673401 ], [ -84.80238, 40.673162 ], [ -84.802377, 40.672678 ], [ -84.802376, 40.672497 ], [ -84.802358, 40.669666 ], [ -84.802365, 40.669343 ], [ -84.802359, 40.666997 ], [ -84.802352, 40.664192 ], [ -84.802342, 40.66383 ], [ -84.802325, 40.662738 ], [ -84.802325, 40.661137 ], [ -84.802321, 40.660341 ], [ -84.802326, 40.658799 ], [ -84.802338, 40.658469 ], [ -84.802143, 40.657555 ], [ -84.802179, 40.65747 ], [ -84.80227, 40.657283 ], [ -84.802314, 40.657129 ], [ -84.802331, 40.656946 ], [ -84.802332, 40.656649 ], [ -84.802337, 40.655019 ], [ -84.802302, 40.644935 ], [ -84.802288, 40.643024 ], [ -84.802292, 40.642589 ], [ -84.802293, 40.640484 ], [ -84.802273, 40.637624 ], [ -84.802266, 40.635603 ], [ -84.802257, 40.631879 ], [ -84.802253, 40.63035 ], [ -84.802263, 40.627791 ], [ -84.802263, 40.626317 ], [ -84.802261, 40.625791 ], [ -84.802265, 40.625124 ], [ -84.802264, 40.625019 ], [ -84.802281, 40.622482 ], [ -84.802272, 40.6224 ], [ -84.802282, 40.615908 ], [ -84.802281, 40.614686 ], [ -84.802308, 40.611456 ], [ -84.802304, 40.61105 ], [ -84.802306, 40.610266 ], [ -84.802318, 40.605639 ], [ -84.802322, 40.605045 ], [ -84.802321, 40.601605 ], [ -84.802325, 40.601266 ], [ -84.802341, 40.597551 ], [ -84.802343, 40.597206 ], [ -84.802344, 40.596939 ], [ -84.802343, 40.595836 ], [ -84.802361, 40.594222 ], [ -84.802361, 40.594195 ], [ -84.802357, 40.5938 ], [ -84.802359, 40.592843 ], [ -84.802374, 40.591309 ], [ -84.802378, 40.589864 ], [ -84.802387, 40.589145 ], [ -84.802384, 40.58869 ], [ -84.802391, 40.588207 ], [ -84.802391, 40.586596 ], [ -84.802405, 40.58548 ], [ -84.802408, 40.584338 ], [ -84.802416, 40.58358 ], [ -84.802423, 40.582833 ], [ -84.802432, 40.582357 ], [ -84.802424, 40.582069 ], [ -84.802432, 40.58147 ], [ -84.80243, 40.580499 ], [ -84.802429, 40.579975 ], [ -84.802435, 40.579681 ], [ -84.802435, 40.579385 ], [ -84.802447, 40.577746 ], [ -84.802445, 40.576441 ], [ -84.802453, 40.576147 ], [ -84.802451, 40.575567 ], [ -84.802466, 40.57467 ], [ -84.802462, 40.574374 ], [ -84.802467, 40.574081 ], [ -84.802466, 40.573781 ], [ -84.802483, 40.572669 ], [ -84.802477, 40.572213 ], [ -84.802481, 40.571778 ], [ -84.802486, 40.571217 ], [ -84.802491, 40.570666 ], [ -84.802492, 40.570054 ], [ -84.802496, 40.569602 ], [ -84.802506, 40.56906 ], [ -84.802513, 40.568452 ], [ -84.802513, 40.567821 ], [ -84.802513, 40.567248 ], [ -84.802513, 40.565922 ], [ -84.802518, 40.565533 ], [ -84.802519, 40.565166 ], [ -84.802523, 40.564533 ], [ -84.802529, 40.563781 ], [ -84.80253, 40.563612 ], [ -84.80253, 40.563399 ], [ -84.80253, 40.562713 ], [ -84.802536, 40.56186 ], [ -84.80256, 40.560991 ], [ -84.80257, 40.560003 ], [ -84.802579, 40.559091 ], [ -84.802581, 40.558533 ], [ -84.802586, 40.557326 ], [ -84.802594, 40.556747 ], [ -84.802596, 40.556297 ], [ -84.802595, 40.555557 ], [ -84.802603, 40.554701 ], [ -84.802608, 40.554072 ], [ -84.802612, 40.553251 ], [ -84.802613, 40.552943 ], [ -84.802608, 40.551867 ], [ -84.802613, 40.550736 ], [ -84.802625, 40.549597 ], [ -84.802627, 40.549034 ], [ -84.802633, 40.548413 ], [ -84.802637, 40.547289 ], [ -84.802661, 40.545867 ], [ -84.80265, 40.545484 ], [ -84.802649, 40.544939 ], [ -84.802651, 40.54439 ], [ -84.802647, 40.543946 ], [ -84.802652, 40.543382 ], [ -84.802657, 40.542884 ], [ -84.802663, 40.542315 ], [ -84.80266, 40.541757 ], [ -84.802659, 40.541723 ], [ -84.80265, 40.541182 ], [ -84.802655, 40.540321 ], [ -84.802658, 40.539468 ], [ -84.802676, 40.538607 ], [ -84.802669, 40.533908 ], [ -84.80267, 40.533149 ], [ -84.802669, 40.532118 ], [ -84.802662, 40.531102 ], [ -84.802671, 40.530315 ], [ -84.802668, 40.528709 ], [ -84.802668, 40.528631 ], [ -84.802666, 40.528499 ], [ -84.802667, 40.528232 ], [ -84.802667, 40.527176 ], [ -84.802668, 40.526822 ], [ -84.802669, 40.524921 ], [ -84.802672, 40.523744 ], [ -84.802678, 40.523599 ], [ -84.802671, 40.521007 ], [ -84.80268, 40.518303 ], [ -84.802701, 40.514944 ], [ -84.80271, 40.51362 ], [ -84.802756, 40.513619 ], [ -84.802718, 40.51312 ], [ -84.802728, 40.512548 ], [ -84.802756, 40.509181 ], [ -84.802772, 40.507652 ], [ -84.802808, 40.505509 ], [ -84.802836, 40.503401 ], [ -84.802852, 40.502614 ], [ -84.802814, 40.501881 ], [ -84.802844, 40.500045 ], [ -84.802849, 40.499668 ], [ -84.802852, 40.499325 ], [ -84.802859, 40.499266 ], [ -84.80287, 40.499218 ], [ -84.802892, 40.499154 ], [ -84.802897, 40.499131 ], [ -84.802899, 40.499118 ], [ -84.802907, 40.498915 ], [ -84.802918, 40.497911 ], [ -84.80297, 40.492039 ], [ -84.802982, 40.490899 ], [ -84.802995, 40.490397 ], [ -84.803018, 40.489574 ], [ -84.803039, 40.488899 ], [ -84.803038, 40.48808 ], [ -84.803042, 40.487456 ], [ -84.803069, 40.485567 ], [ -84.803071, 40.485219 ], [ -84.80307, 40.48498 ], [ -84.803066, 40.484717 ], [ -84.803064, 40.484633 ], [ -84.803065, 40.484545 ], [ -84.803082, 40.483793 ], [ -84.803116, 40.482928 ], [ -84.803131, 40.481662 ], [ -84.803164, 40.480112 ], [ -84.803182, 40.479485 ], [ -84.803212, 40.478633 ], [ -84.803215, 40.478466 ], [ -84.803234, 40.476232 ], [ -84.80326, 40.474963 ], [ -84.803265, 40.47415 ], [ -84.803293, 40.472581 ], [ -84.803362, 40.469314 ], [ -84.803362, 40.469082 ], [ -84.803373, 40.468786 ], [ -84.803407, 40.467849 ], [ -84.803414, 40.467361 ], [ -84.803416, 40.466878 ], [ -84.803422, 40.466471 ], [ -84.803456, 40.465576 ], [ -84.803455, 40.46539 ], [ -84.803461, 40.464633 ], [ -84.803518, 40.459464 ], [ -84.803549, 40.457308 ], [ -84.803565, 40.456844 ], [ -84.803574, 40.456291 ], [ -84.803596, 40.455665 ], [ -84.803611, 40.454816 ], [ -84.80363, 40.453087 ], [ -84.803644, 40.452129 ], [ -84.803681, 40.450847 ], [ -84.803734, 40.447517 ], [ -84.803749, 40.44716 ], [ -84.803819, 40.440377 ], [ -84.803858, 40.438036 ], [ -84.803891, 40.435743 ], [ -84.803923, 40.43429 ], [ -84.803957, 40.432813 ], [ -84.803958, 40.432607 ], [ -84.803957, 40.432478 ], [ -84.80397, 40.430602 ], [ -84.803995, 40.428755 ], [ -84.803996, 40.428736 ], [ -84.804041, 40.427085 ], [ -84.804046, 40.42674 ], [ -84.804042, 40.426302 ], [ -84.804056, 40.425418 ], [ -84.804072, 40.424589 ], [ -84.804081, 40.423612 ], [ -84.804078, 40.423088 ], [ -84.804082, 40.422838 ], [ -84.804086, 40.422649 ], [ -84.804089, 40.422199 ], [ -84.804097, 40.42171 ], [ -84.804102, 40.421336 ], [ -84.8041, 40.420696 ], [ -84.804098, 40.419929 ], [ -84.804117, 40.417783 ], [ -84.804124, 40.417536 ], [ -84.804136, 40.417058 ], [ -84.804116, 40.416679 ], [ -84.804113, 40.416588 ], [ -84.804115, 40.416497 ], [ -84.804112, 40.41627 ], [ -84.804115, 40.416162 ], [ -84.804106, 40.415637 ], [ -84.804115, 40.414857 ], [ -84.804127, 40.414466 ], [ -84.804131, 40.413014 ], [ -84.804132, 40.411866 ], [ -84.804138, 40.411421 ], [ -84.804139, 40.411411 ], [ -84.804183, 40.409596 ], [ -84.804184, 40.409519 ], [ -84.804183, 40.408201 ], [ -84.804179, 40.407481 ], [ -84.804197, 40.406769 ], [ -84.804199, 40.406722 ], [ -84.804212, 40.405628 ], [ -84.804213, 40.404629 ], [ -84.804235, 40.403441 ], [ -84.804216, 40.402458 ], [ -84.804216, 40.402429 ], [ -84.804194, 40.399714 ], [ -84.804172, 40.396996 ], [ -84.804189, 40.396033 ], [ -84.804171, 40.395012 ], [ -84.804163, 40.393308 ], [ -84.804149, 40.39126 ], [ -84.804115, 40.387838 ], [ -84.804101, 40.386793 ], [ -84.804059, 40.382325 ], [ -84.804079, 40.381585 ], [ -84.804075, 40.381405 ], [ -84.804064, 40.375026 ], [ -84.804061, 40.374581 ], [ -84.804045, 40.373202 ], [ -84.804029, 40.371166 ], [ -84.804006, 40.367756 ], [ -84.804017, 40.367342 ], [ -84.804012, 40.366332 ], [ -84.804004, 40.365331 ], [ -84.803997, 40.364328 ], [ -84.803988, 40.363331 ], [ -84.803987, 40.362505 ], [ -84.803986, 40.362055 ], [ -84.803978, 40.360784 ], [ -84.803959, 40.359506 ], [ -84.803959, 40.358222 ], [ -84.803956, 40.357935 ], [ -84.803952, 40.357559 ], [ -84.80393, 40.355659 ], [ -84.803927, 40.355494 ], [ -84.803923, 40.355239 ], [ -84.80392, 40.355084 ], [ -84.803909, 40.35451 ], [ -84.803907, 40.35414 ], [ -84.803901, 40.353096 ], [ -84.803905, 40.353072 ], [ -84.803952, 40.352885 ], [ -84.803953, 40.352853 ], [ -84.803953, 40.352826 ], [ -84.803946, 40.352804 ], [ -84.803937, 40.352787 ], [ -84.803926, 40.352774 ], [ -84.803916, 40.352766 ], [ -84.803894, 40.352758 ], [ -84.803896, 40.352715 ], [ -84.803895, 40.352676 ], [ -84.80389, 40.352432 ], [ -84.803889, 40.352351 ], [ -84.803876, 40.351692 ], [ -84.803877, 40.351354 ], [ -84.803885, 40.351083 ], [ -84.80388, 40.350838 ], [ -84.803877, 40.350615 ], [ -84.803856, 40.349744 ], [ -84.803856, 40.349372 ], [ -84.803869, 40.349035 ], [ -84.80387, 40.348666 ], [ -84.803843, 40.347207 ], [ -84.803837, 40.346299 ], [ -84.803837, 40.34614 ], [ -84.803825, 40.345723 ], [ -84.80382, 40.345296 ], [ -84.803807, 40.344787 ], [ -84.803802, 40.344577 ], [ -84.803801, 40.344541 ], [ -84.803801, 40.343803 ], [ -84.803801, 40.343557 ], [ -84.803801, 40.343399 ], [ -84.80379, 40.342951 ], [ -84.803788, 40.342745 ], [ -84.803778, 40.341627 ], [ -84.80374, 40.340311 ], [ -84.80374, 40.340286 ], [ -84.803733, 40.339805 ], [ -84.803739, 40.3395 ], [ -84.803741, 40.339402 ], [ -84.803739, 40.339309 ], [ -84.803728, 40.338736 ], [ -84.803725, 40.338545 ], [ -84.803724, 40.338454 ], [ -84.803722, 40.338183 ], [ -84.803722, 40.338137 ], [ -84.803721, 40.338093 ], [ -84.803713, 40.337717 ], [ -84.803703, 40.337159 ], [ -84.803706, 40.336747 ], [ -84.803704, 40.336591 ], [ -84.803702, 40.336216 ], [ -84.8037, 40.336041 ], [ -84.803697, 40.335518 ], [ -84.803696, 40.335344 ], [ -84.803695, 40.335124 ], [ -84.803684, 40.334459 ], [ -84.80366, 40.332893 ], [ -84.80368, 40.332477 ], [ -84.803673, 40.331805 ], [ -84.803672, 40.331583 ], [ -84.803661, 40.330921 ], [ -84.803654, 40.330518 ], [ -84.803651, 40.330313 ], [ -84.803633, 40.329327 ], [ -84.803633, 40.329312 ], [ -84.803635, 40.32891 ], [ -84.803636, 40.32871 ], [ -84.803623, 40.328077 ], [ -84.803624, 40.327906 ], [ -84.803629, 40.327176 ], [ -84.803638, 40.326843 ], [ -84.803638, 40.326439 ], [ -84.803625, 40.32593 ], [ -84.803623, 40.325515 ], [ -84.80361, 40.325035 ], [ -84.803615, 40.324894 ], [ -84.803624, 40.324651 ], [ -84.803603, 40.323891 ], [ -84.803601, 40.323786 ], [ -84.803602, 40.323152 ], [ -84.803592, 40.322422 ], [ -84.803608, 40.321757 ], [ -84.803608, 40.321379 ], [ -84.803609, 40.321359 ], [ -84.803611, 40.320761 ], [ -84.803623, 40.320298 ], [ -84.803626, 40.319828 ], [ -84.803635, 40.31945 ], [ -84.803632, 40.319024 ], [ -84.803636, 40.318616 ], [ -84.80365, 40.31825 ], [ -84.803653, 40.317743 ], [ -84.803648, 40.317318 ], [ -84.803654, 40.31651 ], [ -84.803661, 40.316159 ], [ -84.803655, 40.315558 ], [ -84.803649, 40.315436 ], [ -84.803659, 40.315213 ], [ -84.803658, 40.314926 ], [ -84.803662, 40.313844 ], [ -84.803663, 40.31367 ], [ -84.803675, 40.313351 ], [ -84.803645, 40.312139 ], [ -84.803667, 40.311634 ], [ -84.803672, 40.311334 ], [ -84.803675, 40.311149 ], [ -84.803675, 40.311085 ], [ -84.803677, 40.310605 ], [ -84.803674, 40.310341 ], [ -84.803672, 40.310093 ], [ -84.803704, 40.309287 ], [ -84.803705, 40.309168 ], [ -84.803709, 40.308014 ], [ -84.803721, 40.303778 ], [ -84.803724, 40.302797 ], [ -84.803735, 40.302453 ], [ -84.803771, 40.300766 ], [ -84.803805, 40.298804 ], [ -84.803816, 40.296798 ], [ -84.803853, 40.294804 ], [ -84.803853, 40.293968 ], [ -84.803897, 40.292065 ], [ -84.803898, 40.292017 ], [ -84.803898, 40.291987 ], [ -84.803903, 40.291781 ], [ -84.803923, 40.289056 ], [ -84.803964, 40.286299 ], [ -84.803992, 40.284205 ], [ -84.804015, 40.283328 ], [ -84.804042, 40.282013 ], [ -84.804077, 40.281242 ], [ -84.804084, 40.280462 ], [ -84.804123, 40.277285 ], [ -84.804159, 40.275046 ], [ -84.804154, 40.274716 ], [ -84.804195, 40.27392 ], [ -84.804251, 40.271584 ], [ -84.804342, 40.268453 ], [ -84.804368, 40.267419 ], [ -84.804397, 40.266771 ], [ -84.804433, 40.265242 ], [ -84.804434, 40.265179 ], [ -84.804436, 40.2651 ], [ -84.804445, 40.264709 ], [ -84.804458, 40.264191 ], [ -84.804475, 40.262634 ], [ -84.804499, 40.260026 ], [ -84.804506, 40.259267 ], [ -84.804571, 40.257028 ], [ -84.804587, 40.256184 ], [ -84.80459, 40.25604 ], [ -84.804631, 40.254022 ], [ -84.804634, 40.253606 ], [ -84.804638, 40.253106 ], [ -84.804639, 40.252974 ], [ -84.804644, 40.252242 ], [ -84.804672, 40.250683 ], [ -84.804679, 40.250331 ], [ -84.804685, 40.249989 ], [ -84.804688, 40.249836 ], [ -84.804706, 40.249074 ], [ -84.804766, 40.246842 ], [ -84.804789, 40.245694 ], [ -84.804791, 40.245597 ], [ -84.804845, 40.24262 ], [ -84.804863, 40.241851 ], [ -84.80487, 40.241573 ], [ -84.804878, 40.241263 ], [ -84.804916, 40.239708 ], [ -84.804946, 40.238325 ], [ -84.804956, 40.237809 ], [ -84.804961, 40.237528 ], [ -84.804968, 40.237213 ], [ -84.804998, 40.236142 ], [ -84.805001, 40.236026 ], [ -84.805004, 40.235926 ], [ -84.805116, 40.231765 ], [ -84.805141, 40.230817 ], [ -84.805181, 40.229554 ], [ -84.805188, 40.229362 ], [ -84.805192, 40.229254 ], [ -84.805233, 40.228074 ], [ -84.805291, 40.226296 ], [ -84.805317, 40.225549 ], [ -84.805347, 40.224671 ], [ -84.805358, 40.224364 ], [ -84.80538, 40.223775 ], [ -84.805378, 40.223622 ], [ -84.805375, 40.223447 ], [ -84.805449, 40.220855 ], [ -84.805497, 40.218875 ], [ -84.805526, 40.217574 ], [ -84.805549, 40.216848 ], [ -84.805555, 40.216664 ], [ -84.805562, 40.216458 ], [ -84.805595, 40.215443 ], [ -84.805601, 40.215281 ], [ -84.805615, 40.214818 ], [ -84.805631, 40.214333 ], [ -84.805648, 40.213452 ], [ -84.805684, 40.211588 ], [ -84.805688, 40.211369 ], [ -84.80569, 40.211225 ], [ -84.805693, 40.211077 ], [ -84.805718, 40.209842 ], [ -84.805728, 40.209355 ], [ -84.805732, 40.209171 ], [ -84.80574, 40.208804 ], [ -84.805758, 40.208335 ], [ -84.805763, 40.208194 ], [ -84.805805, 40.206987 ], [ -84.805815, 40.206648 ], [ -84.80582, 40.206461 ], [ -84.805831, 40.20608 ], [ -84.805885, 40.204205 ], [ -84.805898, 40.203556 ], [ -84.8059, 40.203428 ], [ -84.805914, 40.202712 ], [ -84.805916, 40.202421 ], [ -84.805919, 40.201994 ], [ -84.805903, 40.201404 ], [ -84.80591, 40.201152 ], [ -84.805914, 40.201 ], [ -84.805928, 40.20053 ], [ -84.80593, 40.200464 ], [ -84.805942, 40.200025 ], [ -84.805966, 40.199193 ], [ -84.805978, 40.198539 ], [ -84.805979, 40.198498 ], [ -84.805968, 40.198332 ], [ -84.805962, 40.198142 ], [ -84.805965, 40.198077 ], [ -84.805988, 40.197961 ], [ -84.805999, 40.197367 ], [ -84.806008, 40.196864 ], [ -84.806019, 40.196254 ], [ -84.806019, 40.196225 ], [ -84.806034, 40.195522 ], [ -84.806047, 40.194978 ], [ -84.806064, 40.194279 ], [ -84.806066, 40.194212 ], [ -84.806087, 40.193305 ], [ -84.80609, 40.193208 ], [ -84.8061, 40.192917 ], [ -84.806104, 40.192794 ], [ -84.806109, 40.19264 ], [ -84.806111, 40.192592 ], [ -84.806116, 40.192465 ], [ -84.806124, 40.192255 ], [ -84.806143, 40.191749 ], [ -84.806159, 40.191348 ], [ -84.806169, 40.19108 ], [ -84.806181, 40.190789 ], [ -84.806215, 40.190479 ], [ -84.806239, 40.189253 ], [ -84.806264, 40.187976 ], [ -84.806364, 40.184655 ], [ -84.806367, 40.18454 ], [ -84.806471, 40.181105 ], [ -84.8065, 40.180167 ], [ -84.806523, 40.179298 ], [ -84.806565, 40.177802 ], [ -84.806625, 40.175684 ], [ -84.806634, 40.17549 ], [ -84.806645, 40.175265 ], [ -84.806656, 40.174875 ], [ -84.806693, 40.173554 ], [ -84.806743, 40.171742 ], [ -84.806753, 40.171246 ], [ -84.8068, 40.168801 ], [ -84.806826, 40.167465 ], [ -84.806902, 40.165776 ], [ -84.806909, 40.16561 ], [ -84.806993, 40.162537 ], [ -84.807046, 40.16113 ], [ -84.807114, 40.158272 ], [ -84.807228, 40.153842 ], [ -84.807265, 40.152516 ], [ -84.807318, 40.150969 ], [ -84.807334, 40.149962 ], [ -84.807375, 40.14908 ], [ -84.807434, 40.146851 ], [ -84.807463, 40.14597 ], [ -84.807474, 40.145633 ], [ -84.807519, 40.14421 ], [ -84.807544, 40.143068 ], [ -84.807578, 40.142017 ], [ -84.807624, 40.140183 ], [ -84.807631, 40.139871 ], [ -84.807655, 40.138849 ], [ -84.8077, 40.137641 ], [ -84.807722, 40.13656 ], [ -84.807734, 40.135422 ], [ -84.807774, 40.133967 ], [ -84.807794, 40.132759 ], [ -84.807825, 40.131413 ], [ -84.807866, 40.130334 ], [ -84.807906, 40.129091 ], [ -84.80791, 40.12899 ], [ -84.807964, 40.127459 ], [ -84.807966, 40.127413 ], [ -84.807977, 40.126315 ], [ -84.807999, 40.125035 ], [ -84.80804, 40.12378 ], [ -84.808056, 40.122496 ], [ -84.80808, 40.121748 ], [ -84.808104, 40.121012 ], [ -84.808132, 40.119742 ], [ -84.808149, 40.119447 ], [ -84.808175, 40.11897 ], [ -84.808187, 40.118213 ], [ -84.8082, 40.117242 ], [ -84.80823, 40.115718 ], [ -84.808261, 40.115527 ], [ -84.808262, 40.115482 ], [ -84.808461, 40.107189 ], [ -84.808849, 40.097237 ], [ -84.808851, 40.097078 ], [ -84.808916, 40.092644 ], [ -84.809018, 40.085697 ], [ -84.809101, 40.080013 ], [ -84.809115, 40.078271 ], [ -84.809135, 40.078158 ], [ -84.809392, 40.06383 ], [ -84.809461, 40.059965 ], [ -84.809504, 40.057572 ], [ -84.809549, 40.056142 ], [ -84.809574, 40.055539 ], [ -84.809576, 40.055451 ], [ -84.809737, 40.048911 ], [ -84.809978, 40.039111 ], [ -84.809983, 40.038886 ], [ -84.810094, 40.034338 ], [ -84.810447, 40.020253 ], [ -84.810454, 40.019695 ], [ -84.810469, 40.019106 ], [ -84.810589, 40.014232 ], [ -84.810731, 40.008504 ], [ -84.810796, 40.006166 ], [ -84.810825, 40.005077 ], [ -84.81325, 40.00512 ], [ -84.813672, 40.005127 ], [ -84.813687, 40.005127 ], [ -84.813701, 40.005127 ], [ -84.813736, 40.005128 ], [ -84.813767, 40.005129 ], [ -84.814628, 40.005145 ], [ -84.814815, 40.005148 ], [ -84.816954, 40.005186 ], [ -84.817514, 40.005196 ], [ -84.817683, 40.005199 ], [ -84.829323, 40.005407 ], [ -84.82941, 40.005409 ], [ -84.829435, 40.005409 ], [ -84.829452, 40.005409 ], [ -84.829472, 40.00541 ], [ -84.829835, 40.00542 ], [ -84.829868, 40.005421 ], [ -84.830018, 40.005425 ], [ -84.830248, 40.00543 ], [ -84.830486, 40.005428 ], [ -84.834034, 40.005501 ], [ -84.834446, 40.00551 ], [ -84.834551, 40.005512 ], [ -84.835531, 40.005535 ], [ -84.835645, 40.005538 ], [ -84.835602, 40.001918 ], [ -84.835592, 40.000459 ], [ -84.835621, 39.998644 ], [ -84.835682, 39.997053 ], [ -84.835689, 39.995306 ], [ -84.835724, 39.99356 ], [ -84.83573, 39.991899 ], [ -84.835769, 39.989845 ], [ -84.835776, 39.988141 ], [ -84.835801, 39.986823 ], [ -84.837239, 39.986861 ], [ -84.838131, 39.986892 ], [ -84.838488, 39.986921 ], [ -84.838899, 39.986962 ], [ -84.839148, 39.986992 ], [ -84.839402, 39.987022 ], [ -84.842655, 39.987382 ], [ -84.843454, 39.987457 ], [ -84.844002, 39.987481 ], [ -84.844666, 39.9875 ], [ -84.846599, 39.98754 ], [ -84.848571, 39.987587 ], [ -84.848533, 39.989395 ], [ -84.848475, 39.99283 ], [ -84.848461, 39.993999 ], [ -84.848438, 39.995047 ], [ -84.848417, 39.996758 ], [ -84.848371, 39.998986 ], [ -84.848361, 39.99966 ], [ -84.848307, 40.001083 ], [ -84.848299, 40.001827 ], [ -84.848281, 40.002628 ], [ -84.848272, 40.002953 ], [ -84.848254, 40.003349 ], [ -84.848247, 40.003863 ], [ -84.848228, 40.004606 ], [ -84.848208, 40.005744 ], [ -84.850021, 40.005771 ], [ -84.853282, 40.00581 ], [ -84.853668, 40.005817 ], [ -84.854784, 40.005837 ], [ -84.854862, 40.005838 ], [ -84.854919, 40.005839 ], [ -84.855151, 40.005844 ], [ -84.856431, 40.005863 ], [ -84.856451, 40.005863 ], [ -84.856532, 40.005864 ], [ -84.856577, 40.005865 ], [ -84.856901, 40.005869 ], [ -84.859308, 40.005905 ], [ -84.861386, 40.005931 ], [ -84.861836, 40.005941 ], [ -84.861848, 40.005941 ], [ -84.8619, 40.005942 ], [ -84.862205, 40.005948 ], [ -84.862531, 40.005949 ], [ -84.862551, 40.005949 ], [ -84.862627, 40.005949 ], [ -84.862672, 40.00595 ], [ -84.862694, 40.005951 ], [ -84.86318, 40.005962 ], [ -84.863221, 40.005963 ], [ -84.863759, 40.005971 ], [ -84.864795, 40.005986 ], [ -84.864813, 40.005986 ], [ -84.865223, 40.005992 ], [ -84.865577, 40.006 ], [ -84.865589, 40.006 ], [ -84.865801, 40.006005 ], [ -84.867035, 40.006017 ], [ -84.867104, 40.006018 ], [ -84.867133, 40.006018 ], [ -84.867292, 40.006016 ], [ -84.86797, 40.006033 ], [ -84.868855, 40.006048 ], [ -84.870003, 40.006055 ], [ -84.870068, 40.006055 ], [ -84.871478, 40.006083 ], [ -84.871791, 40.006083 ], [ -84.871939, 40.006086 ], [ -84.871957, 40.006086 ], [ -84.872186, 40.006092 ], [ -84.873336, 40.006103 ], [ -84.873432, 40.006107 ], [ -84.873947, 40.006114 ], [ -84.875665, 40.006138 ], [ -84.877391, 40.006162 ], [ -84.877523, 40.006164 ], [ -84.879734, 40.006197 ], [ -84.879778, 40.006198 ], [ -84.879796, 40.006198 ], [ -84.879873, 40.006199 ], [ -84.879901, 40.006199 ], [ -84.87998, 40.0062 ], [ -84.880011, 40.0062 ], [ -84.880092, 40.006201 ], [ -84.880123, 40.006201 ], [ -84.880205, 40.006202 ], [ -84.883588, 40.006249 ], [ -84.884094, 40.006256 ], [ -84.884184, 40.006256 ], [ -84.884471, 40.006257 ], [ -84.884769, 40.006265 ], [ -84.885446, 40.006271 ], [ -84.885554, 40.006277 ], [ -84.886579, 40.006289 ], [ -84.886619, 40.006289 ], [ -84.887623, 40.006293 ], [ -84.888478, 40.006305 ], [ -84.89044, 40.006332 ], [ -84.892487, 40.006353 ], [ -84.892846, 40.006357 ], [ -84.89301, 40.005787 ], [ -84.893172, 40.005162 ], [ -84.893198, 40.005162 ], [ -84.893298, 40.005162 ], [ -84.89677, 40.005158 ], [ -84.896886, 40.005158 ], [ -84.896908, 40.005158 ], [ -84.897353, 40.005157 ], [ -84.903053, 40.0052 ], [ -84.903116, 40.0052 ], [ -84.903258, 40.005201 ], [ -84.903281, 40.005202 ], [ -84.903295, 40.005202 ], [ -84.90331, 40.005202 ], [ -84.903334, 40.005202 ], [ -84.903602, 40.005204 ], [ -84.903626, 40.005204 ], [ -84.903895, 40.005206 ], [ -84.903918, 40.005206 ], [ -84.904322, 40.005209 ], [ -84.911492, 40.005262 ], [ -84.911509, 40.005262 ], [ -84.914251, 40.005281 ], [ -84.914286, 40.005281 ], [ -84.914327, 40.005281 ], [ -84.914448, 40.005282 ], [ -84.916537, 40.005281 ], [ -84.918351, 40.005286 ], [ -84.918393, 40.005286 ], [ -84.918455, 40.005286 ], [ -84.918618, 40.005286 ], [ -84.920742, 40.005292 ], [ -84.922876, 40.005289 ], [ -84.922916, 40.005289 ], [ -84.923322, 40.005288 ], [ -84.926372, 40.005298 ], [ -84.92639, 40.005298 ], [ -84.928964, 40.005307 ], [ -84.928985, 40.005307 ], [ -84.930252, 40.005311 ], [ -84.930299, 40.005311 ], [ -84.930802, 40.005315 ], [ -84.931443, 40.005321 ], [ -84.931472, 40.005321 ], [ -84.931511, 40.005322 ], [ -84.931557, 40.005322 ], [ -84.932034, 40.005326 ], [ -84.932181, 40.005324 ], [ -84.932211, 40.005324 ], [ -84.932237, 40.005324 ], [ -84.93226, 40.005324 ], [ -84.932299, 40.005324 ], [ -84.932455, 40.005323 ], [ -84.93271, 40.005322 ], [ -84.932951, 40.00532 ], [ -84.933165, 40.005319 ], [ -84.933639, 40.005325 ], [ -84.933669, 40.005325 ], [ -84.937095, 40.005347 ], [ -84.938168, 40.005343 ], [ -84.938911, 40.005344 ], [ -84.939777, 40.005345 ], [ -84.939789, 40.005345 ], [ -84.941261, 40.005345 ], [ -84.94131, 40.005345 ], [ -84.943315, 40.005338 ], [ -84.943774, 40.005337 ], [ -84.944387, 40.005335 ], [ -84.944606, 40.005334 ], [ -84.944647, 40.005334 ], [ -84.945799, 40.00533 ], [ -84.946203, 40.005329 ], [ -84.947205, 40.005325 ], [ -84.948195, 40.005321 ], [ -84.948209, 40.005321 ], [ -84.948228, 40.005321 ], [ -84.948273, 40.005321 ], [ -84.948392, 40.005321 ], [ -84.948464, 40.005321 ], [ -84.948485, 40.005321 ], [ -84.949324, 40.005318 ], [ -84.951811, 40.00531 ], [ -84.952277, 40.005308 ], [ -84.95765, 40.005289 ], [ -84.958016, 40.005288 ], [ -84.958511, 40.005286 ], [ -84.958685, 40.005283 ], [ -84.958762, 40.005278 ], [ -84.958778, 40.005278 ], [ -84.960693, 40.005268 ], [ -84.962022, 40.005261 ], [ -84.96238, 40.005255 ], [ -84.963558, 40.005252 ], [ -84.963591, 40.005252 ], [ -84.963846, 40.005248 ], [ -84.963879, 40.005247 ], [ -84.964411, 40.005243 ], [ -84.964425, 40.005243 ], [ -84.964447, 40.005243 ], [ -84.964505, 40.005243 ], [ -84.965409, 40.005237 ], [ -84.965621, 40.005235 ], [ -84.96571, 40.005235 ], [ -84.965799, 40.005234 ], [ -84.965863, 40.005234 ], [ -84.966241, 40.005231 ], [ -84.966315, 40.005231 ], [ -84.966522, 40.00523 ], [ -84.967119, 40.005227 ], [ -84.967206, 40.005226 ], [ -84.967324, 40.005226 ], [ -84.967178, 40.004906 ], [ -84.967071, 40.004697 ], [ -84.967014, 40.004631 ], [ -84.966935, 40.00439 ], [ -84.966971, 40.004082 ], [ -84.966914, 40.003709 ], [ -84.966664, 40.003352 ], [ -84.966628, 40.003319 ], [ -84.966549, 40.003259 ], [ -84.966071, 40.0026 ], [ -84.965985, 40.002518 ], [ -84.965949, 40.002452 ], [ -84.965913, 40.002408 ], [ -84.965849, 40.002309 ], [ -84.965756, 40.002199 ], [ -84.965278, 40.001804 ], [ -84.964964, 40.001563 ], [ -84.964557, 40.001332 ], [ -84.964385, 40.00114 ], [ -84.964307, 40.001047 ], [ -84.964249, 40.000948 ], [ -84.964178, 40.000871 ], [ -84.96415, 40.000772 ], [ -84.964121, 40.000739 ], [ -84.964107, 40.000706 ], [ -84.964071, 40.000662 ], [ -84.963992, 40.000531 ], [ -84.963878, 40.000388 ], [ -84.963607, 40.000125 ], [ -84.963564, 40.000097 ], [ -84.963514, 40.000048 ], [ -84.963538, 40.000049 ], [ -84.963402, 39.999944 ], [ -84.963316, 39.999845 ], [ -84.96323, 39.999758 ], [ -84.963045, 39.999329 ], [ -84.96303, 39.999264 ], [ -84.963002, 39.999231 ], [ -84.962902, 39.999165 ], [ -84.96283, 39.999088 ], [ -84.962773, 39.998967 ], [ -84.962673, 39.99872 ], [ -84.962652, 39.99861 ], [ -84.96263, 39.998555 ], [ -84.96258, 39.998308 ], [ -84.962537, 39.998182 ], [ -84.962495, 39.998127 ], [ -84.962473, 39.997803 ], [ -84.96258, 39.9976 ], [ -84.962823, 39.997062 ], [ -84.963115, 39.996496 ], [ -84.963158, 39.996364 ], [ -84.963144, 39.996332 ], [ -84.963229, 39.996266 ], [ -84.963286, 39.996134 ], [ -84.963415, 39.995969 ], [ -84.963443, 39.995903 ], [ -84.963558, 39.995783 ], [ -84.963708, 39.995673 ], [ -84.964022, 39.99553 ], [ -84.964079, 39.995497 ], [ -84.964143, 39.995475 ], [ -84.964236, 39.99542 ], [ -84.964364, 39.995387 ], [ -84.964878, 39.995365 ], [ -84.965092, 39.995348 ], [ -84.965128, 39.995321 ], [ -84.965392, 39.995211 ], [ -84.965606, 39.995085 ], [ -84.96582, 39.99492 ], [ -84.965877, 39.994865 ], [ -84.96592, 39.994777 ], [ -84.965949, 39.994624 ], [ -84.966006, 39.994382 ], [ -84.96627, 39.994173 ], [ -84.966398, 39.994096 ], [ -84.966498, 39.994074 ], [ -84.966555, 39.994041 ], [ -84.966712, 39.993997 ], [ -84.966898, 39.993976 ], [ -84.967069, 39.993932 ], [ -84.967326, 39.993855 ], [ -84.967426, 39.993838 ], [ -84.96754, 39.993783 ], [ -84.967597, 39.993772 ], [ -84.967954, 39.993618 ], [ -84.968011, 39.993585 ], [ -84.968068, 39.993574 ], [ -84.968496, 39.993443 ], [ -84.969303, 39.993157 ], [ -84.969617, 39.993085 ], [ -84.969674, 39.993047 ], [ -84.96986, 39.992987 ], [ -84.970309, 39.992701 ], [ -84.970452, 39.992619 ], [ -84.970973, 39.99236 ], [ -84.971073, 39.992327 ], [ -84.97113, 39.992294 ], [ -84.971201, 39.992272 ], [ -84.971658, 39.992042 ], [ -84.971865, 39.99191 ], [ -84.971929, 39.991882 ], [ -84.972122, 39.991762 ], [ -84.972236, 39.991668 ], [ -84.972222, 39.991641 ], [ -84.972222, 39.991608 ], [ -84.972336, 39.991509 ], [ -84.9724, 39.991465 ], [ -84.972607, 39.991377 ], [ -84.973506, 39.990729 ], [ -84.973742, 39.990548 ], [ -84.973913, 39.990344 ], [ -84.974084, 39.990092 ], [ -84.974041, 39.989982 ], [ -84.974013, 39.989949 ], [ -84.973741, 39.989741 ], [ -84.973427, 39.989521 ], [ -84.973342, 39.989444 ], [ -84.973306, 39.989214 ], [ -84.973363, 39.989164 ], [ -84.973477, 39.989049 ], [ -84.973541, 39.989005 ], [ -84.973862, 39.988829 ], [ -84.973934, 39.988807 ], [ -84.973991, 39.988774 ], [ -84.974091, 39.988741 ], [ -84.974176, 39.988697 ], [ -84.974319, 39.988664 ], [ -84.974376, 39.988637 ], [ -84.974847, 39.988516 ], [ -84.97489, 39.988494 ], [ -84.975033, 39.988384 ], [ -84.97509, 39.988329 ], [ -84.975082, 39.987967 ], [ -84.975018, 39.987698 ], [ -84.974939, 39.987473 ], [ -84.974882, 39.987215 ], [ -84.974782, 39.986693 ], [ -84.974625, 39.986572 ], [ -84.974175, 39.986518 ], [ -84.974111, 39.986501 ], [ -84.97399, 39.986479 ], [ -84.973854, 39.986402 ], [ -84.973833, 39.986348 ], [ -84.973733, 39.986227 ], [ -84.973604, 39.985875 ], [ -84.973532, 39.985535 ], [ -84.973475, 39.98548 ], [ -84.97319, 39.985266 ], [ -84.97299, 39.985239 ], [ -84.971876, 39.985135 ], [ -84.971776, 39.985091 ], [ -84.971719, 39.98508 ], [ -84.971505, 39.984948 ], [ -84.971477, 39.984915 ], [ -84.971462, 39.984871 ], [ -84.971412, 39.984805 ], [ -84.971298, 39.984575 ], [ -84.971269, 39.984015 ], [ -84.971241, 39.983861 ], [ -84.971155, 39.983773 ], [ -84.971119, 39.983559 ], [ -84.971115, 39.983474 ], [ -84.971225, 39.983473 ], [ -84.971333, 39.983471 ], [ -84.971829, 39.983466 ], [ -84.973822, 39.983457 ], [ -84.976382, 39.983433 ], [ -84.977123, 39.983434 ], [ -84.977636, 39.98343 ], [ -84.97764, 39.98331 ], [ -84.977624, 39.976192 ], [ -84.977634, 39.974859 ], [ -84.977636, 39.974768 ], [ -84.977638, 39.974687 ], [ -84.977659, 39.974701 ], [ -84.977795, 39.974761 ], [ -84.977895, 39.974827 ], [ -84.978088, 39.974844 ], [ -84.978544, 39.974811 ], [ -84.978594, 39.974794 ], [ -84.978751, 39.974761 ], [ -84.979008, 39.974662 ], [ -84.979094, 39.97464 ], [ -84.979208, 39.974585 ], [ -84.979422, 39.97442 ], [ -84.979886, 39.974091 ], [ -84.980214, 39.973838 ], [ -84.980285, 39.973745 ], [ -84.980456, 39.973492 ], [ -84.980492, 39.973344 ], [ -84.980463, 39.972872 ], [ -84.98042, 39.972471 ], [ -84.980455, 39.972136 ], [ -84.980519, 39.971988 ], [ -84.980548, 39.971889 ], [ -84.980605, 39.971845 ], [ -84.98069, 39.971625 ], [ -84.980726, 39.971466 ], [ -84.980925, 39.971054 ], [ -84.98094, 39.97101 ], [ -84.980983, 39.970955 ], [ -84.980997, 39.970911 ], [ -84.98104, 39.970857 ], [ -84.981054, 39.970813 ], [ -84.981097, 39.970758 ], [ -84.981139, 39.970593 ], [ -84.981211, 39.970527 ], [ -84.981546, 39.97051 ], [ -84.981924, 39.970604 ], [ -84.982067, 39.970626 ], [ -84.982238, 39.970494 ], [ -84.982267, 39.970461 ], [ -84.982295, 39.970252 ], [ -84.982331, 39.970153 ], [ -84.982573, 39.969939 ], [ -84.982866, 39.96973 ], [ -84.98293, 39.969697 ], [ -84.982987, 39.969686 ], [ -84.983172, 39.96961 ], [ -84.983229, 39.969598 ], [ -84.983386, 39.969533 ], [ -84.983444, 39.969522 ], [ -84.983629, 39.969439 ], [ -84.984434, 39.968918 ], [ -84.983033, 39.968923 ], [ -84.981667, 39.968923 ], [ -84.980413, 39.968934 ], [ -84.979344, 39.968931 ], [ -84.978852, 39.968924 ], [ -84.977653, 39.96894 ], [ -84.977664, 39.966573 ], [ -84.977469, 39.966559 ], [ -84.976841, 39.966526 ], [ -84.976399, 39.966477 ], [ -84.976171, 39.966444 ], [ -84.975628, 39.966422 ], [ -84.975336, 39.966455 ], [ -84.974972, 39.966581 ], [ -84.974815, 39.966653 ], [ -84.974715, 39.96668 ], [ -84.974658, 39.966713 ], [ -84.974558, 39.96673 ], [ -84.97438, 39.966779 ], [ -84.974087, 39.966785 ], [ -84.973816, 39.966752 ], [ -84.973524, 39.966681 ], [ -84.973324, 39.966648 ], [ -84.973067, 39.966626 ], [ -84.972753, 39.966659 ], [ -84.972382, 39.966676 ], [ -84.972154, 39.966643 ], [ -84.971925, 39.966621 ], [ -84.971733, 39.966648 ], [ -84.971262, 39.966967 ], [ -84.971162, 39.967022 ], [ -84.970984, 39.967099 ], [ -84.970905, 39.967143 ], [ -84.970891, 39.967143 ], [ -84.97062, 39.967362 ], [ -84.970256, 39.96767 ], [ -84.970142, 39.967813 ], [ -84.969643, 39.968203 ], [ -84.969429, 39.96834 ], [ -84.9693, 39.9684 ], [ -84.969186, 39.968422 ], [ -84.969015, 39.968411 ], [ -84.968929, 39.968389 ], [ -84.968851, 39.968351 ], [ -84.968358, 39.967994 ], [ -84.968115, 39.967956 ], [ -84.968058, 39.967956 ], [ -84.967958, 39.967967 ], [ -84.967787, 39.968099 ], [ -84.967645, 39.96822 ], [ -84.967481, 39.968604 ], [ -84.967409, 39.968686 ], [ -84.967295, 39.96878 ], [ -84.967024, 39.968813 ], [ -84.966653, 39.968802 ], [ -84.966453, 39.968846 ], [ -84.966303, 39.968923 ], [ -84.966225, 39.968978 ], [ -84.966194, 39.969004 ], [ -84.965363, 39.969011 ], [ -84.964631, 39.969013 ], [ -84.96414, 39.96902 ], [ -84.96216, 39.969019 ], [ -84.961562, 39.969033 ], [ -84.96122, 39.969031 ], [ -84.960695, 39.969029 ], [ -84.959615, 39.969031 ], [ -84.958762, 39.969038 ], [ -84.958757, 39.968957 ], [ -84.958755, 39.9677 ], [ -84.958771, 39.966671 ], [ -84.958776, 39.965509 ], [ -84.958772, 39.965382 ], [ -84.958768, 39.964476 ], [ -84.958775, 39.963947 ], [ -84.958775, 39.962857 ], [ -84.958783, 39.962421 ], [ -84.958778, 39.962024 ], [ -84.958782, 39.960929 ], [ -84.958783, 39.960799 ], [ -84.958796, 39.960242 ], [ -84.958786, 39.958616 ], [ -84.958789, 39.956595 ], [ -84.958786, 39.954834 ], [ -84.958791, 39.954391 ], [ -84.958667, 39.954401 ], [ -84.955549, 39.954398 ], [ -84.955547, 39.952358 ], [ -84.952949, 39.952356 ], [ -84.950348, 39.952353 ], [ -84.950245, 39.947461 ], [ -84.950237, 39.947091 ], [ -84.947779, 39.947093 ], [ -84.933552, 39.947103 ], [ -84.933536, 39.945963 ], [ -84.933532, 39.945676 ], [ -84.93316, 39.945673 ], [ -84.933147, 39.945602 ], [ -84.933147, 39.945575 ], [ -84.933261, 39.945427 ], [ -84.933304, 39.945388 ], [ -84.933347, 39.945256 ], [ -84.933332, 39.94519 ], [ -84.933304, 39.945163 ], [ -84.93329, 39.945119 ], [ -84.93319, 39.945048 ], [ -84.933161, 39.944987 ], [ -84.933061, 39.944888 ], [ -84.933011, 39.944735 ], [ -84.932954, 39.943933 ], [ -84.932976, 39.943785 ], [ -84.933083, 39.943549 ], [ -84.933111, 39.943472 ], [ -84.933154, 39.943428 ], [ -84.933169, 39.943373 ], [ -84.933297, 39.94323 ], [ -84.933604, 39.942967 ], [ -84.933732, 39.942868 ], [ -84.933832, 39.942764 ], [ -84.933826, 39.942745 ], [ -84.933754, 39.942506 ], [ -84.933675, 39.942286 ], [ -84.933704, 39.941429 ], [ -84.933647, 39.941215 ], [ -84.933611, 39.941133 ], [ -84.933597, 39.941067 ], [ -84.933554, 39.941034 ], [ -84.933454, 39.940826 ], [ -84.933426, 39.940727 ], [ -84.933383, 39.940683 ], [ -84.933254, 39.940463 ], [ -84.933162, 39.940353 ], [ -84.933076, 39.940233 ], [ -84.933019, 39.940112 ], [ -84.932848, 39.939914 ], [ -84.932819, 39.939859 ], [ -84.932776, 39.939815 ], [ -84.932648, 39.939519 ], [ -84.932598, 39.938997 ], [ -84.932627, 39.937608 ], [ -84.93267, 39.937086 ], [ -84.932663, 39.937026 ], [ -84.93252, 39.936916 ], [ -84.932477, 39.936916 ], [ -84.932349, 39.936839 ], [ -84.932349, 39.936795 ], [ -84.932392, 39.936609 ], [ -84.932078, 39.936362 ], [ -84.931978, 39.936296 ], [ -84.931864, 39.93623 ], [ -84.931709, 39.936108 ], [ -84.931607, 39.936027 ], [ -84.931536, 39.935944 ], [ -84.931465, 39.935824 ], [ -84.931415, 39.935692 ], [ -84.931365, 39.935302 ], [ -84.931329, 39.934605 ], [ -84.931329, 39.934429 ], [ -84.931294, 39.93433 ], [ -84.931222, 39.934209 ], [ -84.931222, 39.934122 ], [ -84.931251, 39.934094 ], [ -84.931479, 39.933814 ], [ -84.931522, 39.93377 ], [ -84.931536, 39.933715 ], [ -84.931579, 39.933671 ], [ -84.931679, 39.933474 ], [ -84.931736, 39.933111 ], [ -84.931793, 39.933013 ], [ -84.931857, 39.932881 ], [ -84.931864, 39.932645 ], [ -84.931786, 39.932584 ], [ -84.931629, 39.932694 ], [ -84.931501, 39.932809 ], [ -84.930937, 39.933342 ], [ -84.930581, 39.933578 ], [ -84.930352, 39.933754 ], [ -84.929967, 39.934094 ], [ -84.929732, 39.934336 ], [ -84.929618, 39.934599 ], [ -84.929118, 39.935357 ], [ -84.928697, 39.935785 ], [ -84.928483, 39.936312 ], [ -84.928448, 39.936543 ], [ -84.928319, 39.936861 ], [ -84.92812, 39.93707 ], [ -84.927634, 39.937476 ], [ -84.926935, 39.938096 ], [ -84.926457, 39.938656 ], [ -84.926429, 39.938711 ], [ -84.926379, 39.938766 ], [ -84.926301, 39.938876 ], [ -84.926122, 39.939095 ], [ -84.926115, 39.939123 ], [ -84.926072, 39.939183 ], [ -84.926015, 39.939337 ], [ -84.926015, 39.93937 ], [ -84.926065, 39.939601 ], [ -84.926165, 39.939886 ], [ -84.926208, 39.939919 ], [ -84.926336, 39.940051 ], [ -84.926386, 39.940084 ], [ -84.926422, 39.940128 ], [ -84.926464, 39.940205 ], [ -84.926521, 39.940501 ], [ -84.92645, 39.940699 ], [ -84.926179, 39.941001 ], [ -84.925986, 39.941099 ], [ -84.925665, 39.941325 ], [ -84.925601, 39.941303 ], [ -84.925515, 39.941357 ], [ -84.925373, 39.941434 ], [ -84.925216, 39.941539 ], [ -84.925002, 39.941736 ], [ -84.924959, 39.941813 ], [ -84.924674, 39.942033 ], [ -84.924574, 39.942087 ], [ -84.924431, 39.942153 ], [ -84.924188, 39.942208 ], [ -84.924103, 39.942274 ], [ -84.92406, 39.942252 ], [ -84.923511, 39.942269 ], [ -84.923054, 39.942236 ], [ -84.922944, 39.942335 ], [ -84.92282, 39.942328 ], [ -84.922584, 39.942308 ], [ -84.922334, 39.942279 ], [ -84.922215, 39.942283 ], [ -84.921983, 39.942303 ], [ -84.921862, 39.942335 ], [ -84.921758, 39.942369 ], [ -84.921552, 39.94245 ], [ -84.921508, 39.942469 ], [ -84.920737, 39.942802 ], [ -84.920602, 39.942829 ], [ -84.920422, 39.942866 ], [ -84.919781, 39.942979 ], [ -84.919348, 39.943117 ], [ -84.919111, 39.943209 ], [ -84.918938, 39.943333 ], [ -84.918728, 39.943525 ], [ -84.918698, 39.943549 ], [ -84.918558, 39.943657 ], [ -84.918443, 39.943708 ], [ -84.918303, 39.943742 ], [ -84.918252, 39.943746 ], [ -84.917721, 39.943746 ], [ -84.917193, 39.943784 ], [ -84.916938, 39.943807 ], [ -84.916837, 39.943518 ], [ -84.916582, 39.942847 ], [ -84.916539, 39.942733 ], [ -84.916516, 39.942672 ], [ -84.916438, 39.942467 ], [ -84.91619, 39.941815 ], [ -84.9159, 39.941093 ], [ -84.915726, 39.940638 ], [ -84.914764, 39.938203 ], [ -84.914621, 39.937842 ], [ -84.914345, 39.937091 ], [ -84.914159, 39.936475 ], [ -84.91407, 39.936124 ], [ -84.913952, 39.935654 ], [ -84.913858, 39.935202 ], [ -84.913795, 39.934795 ], [ -84.913791, 39.934762 ], [ -84.913765, 39.934538 ], [ -84.91375, 39.934406 ], [ -84.913696, 39.933369 ], [ -84.913608, 39.932513 ], [ -84.913615, 39.93226 ], [ -84.910274, 39.932194 ], [ -84.910266, 39.932631 ], [ -84.909089, 39.932608 ], [ -84.90645, 39.932553 ], [ -84.906541, 39.927492 ], [ -84.912359, 39.927622 ], [ -84.912212, 39.926456 ], [ -84.913145, 39.926471 ], [ -84.913137, 39.926414 ], [ -84.912932, 39.925366 ], [ -84.912882, 39.925148 ], [ -84.912675, 39.924134 ], [ -84.912451, 39.923242 ], [ -84.912323, 39.922769 ], [ -84.912233, 39.922455 ], [ -84.91218, 39.922291 ], [ -84.912121, 39.922073 ], [ -84.912648, 39.922183 ], [ -84.914726, 39.922677 ], [ -84.915448, 39.922861 ], [ -84.915862, 39.922967 ], [ -84.91602, 39.922459 ], [ -84.916141, 39.911962 ], [ -84.916104, 39.909891 ], [ -84.916104, 39.909858 ], [ -84.916097, 39.909844 ], [ -84.916087, 39.909822 ], [ -84.916033, 39.908548 ], [ -84.916105, 39.908512 ], [ -84.916268, 39.903199 ], [ -84.917517, 39.903215 ], [ -84.917536, 39.903215 ], [ -84.917631, 39.903219 ], [ -84.918054, 39.903222 ], [ -84.920702, 39.90326 ], [ -84.920857, 39.903275 ], [ -84.92135, 39.903381 ], [ -84.921632, 39.903461 ], [ -84.921862, 39.903509 ], [ -84.921964, 39.903521 ], [ -84.922145, 39.903534 ], [ -84.924399, 39.903533 ], [ -84.92467, 39.903536 ], [ -84.927027, 39.903537 ], [ -84.927977, 39.903548 ], [ -84.930556, 39.90356 ], [ -84.93184, 39.903566 ], [ -84.934204, 39.903572 ], [ -84.934364, 39.903573 ], [ -84.934871, 39.903578 ], [ -84.936144, 39.903583 ], [ -84.938008, 39.903601 ], [ -84.939338, 39.903597 ], [ -84.93933, 39.904656 ], [ -84.939329, 39.904729 ], [ -84.93931, 39.907147 ], [ -84.939305, 39.909922 ], [ -84.939296, 39.910845 ], [ -84.939301, 39.911804 ], [ -84.939306, 39.912755 ], [ -84.939293, 39.917926 ], [ -84.939293, 39.917964 ], [ -84.939292, 39.920566 ], [ -84.939302, 39.921014 ], [ -84.939291, 39.921089 ], [ -84.939271, 39.921156 ], [ -84.939235, 39.921203 ], [ -84.939203, 39.921234 ], [ -84.939137, 39.921265 ], [ -84.938782, 39.92141 ], [ -84.938683, 39.921471 ], [ -84.938635, 39.921509 ], [ -84.938556, 39.921583 ], [ -84.938306, 39.921905 ], [ -84.93741, 39.92308 ], [ -84.93739, 39.923128 ], [ -84.937385, 39.923191 ], [ -84.93738, 39.923259 ], [ -84.937381, 39.923313 ], [ -84.937515, 39.924089 ], [ -84.937534, 39.925004 ], [ -84.937546, 39.925211 ], [ -84.937763, 39.925211 ], [ -84.937784, 39.924459 ], [ -84.937763, 39.923734 ], [ -84.937727, 39.923295 ], [ -84.937698, 39.923229 ], [ -84.93767, 39.923196 ], [ -84.937727, 39.92313 ], [ -84.93777, 39.923031 ], [ -84.937855, 39.922866 ], [ -84.937941, 39.922674 ], [ -84.938155, 39.922323 ], [ -84.938198, 39.922279 ], [ -84.938255, 39.92218 ], [ -84.938305, 39.922136 ], [ -84.938333, 39.922081 ], [ -84.93849, 39.921939 ], [ -84.93859, 39.921873 ], [ -84.938675, 39.921856 ], [ -84.938975, 39.921884 ], [ -84.939103, 39.921917 ], [ -84.939146, 39.92195 ], [ -84.939203, 39.92196 ], [ -84.939624, 39.922235 ], [ -84.939916, 39.9224 ], [ -84.940037, 39.922427 ], [ -84.940109, 39.922411 ], [ -84.940201, 39.922372 ], [ -84.940444, 39.922186 ], [ -84.940437, 39.921697 ], [ -84.940358, 39.921604 ], [ -84.940301, 39.921494 ], [ -84.940265, 39.921313 ], [ -84.940287, 39.920983 ], [ -84.94038, 39.920692 ], [ -84.940422, 39.920654 ], [ -84.940437, 39.920615 ], [ -84.940622, 39.920407 ], [ -84.940636, 39.920363 ], [ -84.94075, 39.920264 ], [ -84.940964, 39.920094 ], [ -84.941093, 39.919946 ], [ -84.941499, 39.91966 ], [ -84.941656, 39.919561 ], [ -84.941742, 39.919528 ], [ -84.942469, 39.91904 ], [ -84.942897, 39.91871 ], [ -84.942954, 39.918699 ], [ -84.943139, 39.9186 ], [ -84.943182, 39.918567 ], [ -84.943225, 39.918567 ], [ -84.943296, 39.918523 ], [ -84.943367, 39.918512 ], [ -84.943424, 39.918479 ], [ -84.943895, 39.918359 ], [ -84.944301, 39.918249 ], [ -84.944487, 39.918205 ], [ -84.944701, 39.918117 ], [ -84.944758, 39.918111 ], [ -84.944972, 39.918024 ], [ -84.945028, 39.918013 ], [ -84.945499, 39.917645 ], [ -84.945528, 39.917617 ], [ -84.945556, 39.91753 ], [ -84.945556, 39.917497 ], [ -84.945528, 39.917469 ], [ -84.945442, 39.917321 ], [ -84.945442, 39.917222 ], [ -84.945456, 39.917167 ], [ -84.945592, 39.916991 ], [ -84.945692, 39.916882 ], [ -84.946276, 39.916382 ], [ -84.946433, 39.916234 ], [ -84.946447, 39.91619 ], [ -84.946426, 39.915954 ], [ -84.946362, 39.915816 ], [ -84.946269, 39.915718 ], [ -84.94624, 39.915564 ], [ -84.946262, 39.915542 ], [ -84.946305, 39.915509 ], [ -84.946661, 39.915158 ], [ -84.946718, 39.915064 ], [ -84.946747, 39.915004 ], [ -84.946782, 39.91474 ], [ -84.946654, 39.91412 ], [ -84.946618, 39.913741 ], [ -84.946646, 39.913587 ], [ -84.946689, 39.913456 ], [ -84.946761, 39.913368 ], [ -84.946917, 39.913208 ], [ -84.947096, 39.913082 ], [ -84.947145, 39.91306 ], [ -84.947274, 39.912989 ], [ -84.947559, 39.912956 ], [ -84.947637, 39.912923 ], [ -84.947908, 39.912709 ], [ -84.948094, 39.912517 ], [ -84.948179, 39.912308 ], [ -84.948236, 39.912242 ], [ -84.94855, 39.911989 ], [ -84.948664, 39.911956 ], [ -84.94902, 39.911989 ], [ -84.94922, 39.911836 ], [ -84.949284, 39.911781 ], [ -84.949284, 39.911742 ], [ -84.949334, 39.911687 ], [ -84.949348, 39.911627 ], [ -84.949398, 39.911578 ], [ -84.949441, 39.911473 ], [ -84.949498, 39.911418 ], [ -84.949669, 39.91105 ], [ -84.949698, 39.91082 ], [ -84.949805, 39.910216 ], [ -84.949847, 39.910051 ], [ -84.950033, 39.90993 ], [ -84.950104, 39.909875 ], [ -84.950104, 39.90981 ], [ -84.949797, 39.909579 ], [ -84.949733, 39.909541 ], [ -84.949362, 39.909299 ], [ -84.949234, 39.9092 ], [ -84.949091, 39.909211 ], [ -84.948992, 39.9092 ], [ -84.948892, 39.909145 ], [ -84.948835, 39.90909 ], [ -84.94882, 39.909024 ], [ -84.948763, 39.90897 ], [ -84.948728, 39.908728 ], [ -84.948735, 39.908646 ], [ -84.948856, 39.90841 ], [ -84.948927, 39.908256 ], [ -84.94897, 39.908146 ], [ -84.949127, 39.907981 ], [ -84.949141, 39.907926 ], [ -84.949227, 39.907839 ], [ -84.949241, 39.907784 ], [ -84.949369, 39.907641 ], [ -84.949719, 39.907333 ], [ -84.949954, 39.907163 ], [ -84.95036, 39.906965 ], [ -84.950702, 39.906729 ], [ -84.95118, 39.906109 ], [ -84.951307, 39.905942 ], [ -84.951359, 39.906004 ], [ -84.951419, 39.906073 ], [ -84.951576, 39.90588 ], [ -84.952466, 39.907068 ], [ -84.95251, 39.907173 ], [ -84.953164, 39.908004 ], [ -84.954713, 39.908201 ], [ -84.954709, 39.908237 ], [ -84.95712, 39.908395 ], [ -84.957135, 39.911139 ], [ -84.95489, 39.911074 ], [ -84.954883, 39.91175 ], [ -84.954819, 39.91175 ], [ -84.954725, 39.911749 ], [ -84.955858, 39.914381 ], [ -84.955057, 39.914383 ], [ -84.95528, 39.915761 ], [ -84.956696, 39.915756 ], [ -84.956702, 39.916901 ], [ -84.954749, 39.916907 ], [ -84.954754, 39.918012 ], [ -84.955759, 39.918008 ], [ -84.956026, 39.918006 ], [ -84.957053, 39.91801 ], [ -84.958056, 39.918001 ], [ -84.958245, 39.917995 ], [ -84.958329, 39.918003 ], [ -84.95874, 39.918009 ], [ -84.958982, 39.918006 ], [ -84.960092, 39.918012 ], [ -84.964872, 39.918024 ], [ -84.973014, 39.918017 ], [ -84.97453, 39.918002 ], [ -84.975379, 39.918002 ], [ -84.975643, 39.918001 ], [ -84.977382, 39.917991 ], [ -84.985611, 39.91797 ], [ -84.986566, 39.917958 ], [ -84.995156, 39.91794 ], [ -84.996071, 39.917925 ], [ -84.996177, 39.917936 ], [ -84.996176, 39.916963 ], [ -84.996196, 39.914322 ], [ -84.996198, 39.913196 ], [ -84.996213, 39.911055 ], [ -84.996213, 39.908765 ], [ -84.996207, 39.907614 ], [ -84.996197, 39.905861 ], [ -84.996184, 39.90339 ], [ -84.996182, 39.903042 ], [ -84.996139, 39.900581 ], [ -84.996137, 39.900446 ], [ -84.996127, 39.897859 ], [ -84.996104, 39.895844 ], [ -84.996086, 39.893371 ], [ -84.996079, 39.890627 ], [ -84.996074, 39.890079 ], [ -84.996053, 39.8874 ], [ -84.996041, 39.886746 ], [ -84.996037, 39.885594 ], [ -84.996042, 39.885094 ], [ -84.996035, 39.884283 ], [ -84.996017, 39.882188 ], [ -84.996003, 39.878354 ], [ -84.995999, 39.878153 ], [ -84.995983, 39.877973 ], [ -84.995898, 39.875209 ], [ -84.99992, 39.876926 ], [ -85.002421, 39.877994 ], [ -85.005388, 39.879272 ], [ -85.005363, 39.875075 ], [ -85.005507, 39.874888 ], [ -85.005486, 39.874331 ], [ -85.007197, 39.87429 ], [ -85.007135, 39.874232 ], [ -85.007107, 39.874039 ], [ -85.007157, 39.873902 ], [ -85.0072, 39.873864 ], [ -85.007271, 39.873781 ], [ -85.007343, 39.873716 ], [ -85.007357, 39.873661 ], [ -85.007457, 39.873562 ], [ -85.007478, 39.873507 ], [ -85.007528, 39.873408 ], [ -85.007443, 39.873342 ], [ -85.007386, 39.873353 ], [ -85.007257, 39.87343 ], [ -85.007172, 39.873452 ], [ -85.007058, 39.873463 ], [ -85.006958, 39.873408 ], [ -85.006915, 39.873298 ], [ -85.006944, 39.873232 ], [ -85.006987, 39.873188 ], [ -85.007015, 39.873101 ], [ -85.007015, 39.873024 ], [ -85.007087, 39.872963 ], [ -85.00713, 39.872914 ], [ -85.007115, 39.872771 ], [ -85.007116, 39.872595 ], [ -85.007158, 39.872475 ], [ -85.007344, 39.872316 ], [ -85.007387, 39.872266 ], [ -85.007394, 39.872211 ], [ -85.007209, 39.872057 ], [ -85.00718, 39.87186 ], [ -85.007152, 39.871827 ], [ -85.007038, 39.871739 ], [ -85.006967, 39.871739 ], [ -85.006895, 39.871728 ], [ -85.006767, 39.871651 ], [ -85.00671, 39.871612 ], [ -85.006639, 39.87147 ], [ -85.006568, 39.871233 ], [ -85.006397, 39.871074 ], [ -85.006369, 39.870964 ], [ -85.006376, 39.870849 ], [ -85.006355, 39.870734 ], [ -85.006284, 39.870613 ], [ -85.006284, 39.870509 ], [ -85.006426, 39.870415 ], [ -85.006462, 39.870415 ], [ -85.006619, 39.870339 ], [ -85.006697, 39.870284 ], [ -85.006747, 39.870223 ], [ -85.00679, 39.870092 ], [ -85.00679, 39.870037 ], [ -85.006747, 39.869998 ], [ -85.006719, 39.869932 ], [ -85.006726, 39.869833 ], [ -85.00674, 39.869762 ], [ -85.006762, 39.869724 ], [ -85.006819, 39.869559 ], [ -85.006869, 39.869499 ], [ -85.006876, 39.869471 ], [ -85.006919, 39.869411 ], [ -85.00699, 39.869147 ], [ -85.007047, 39.869103 ], [ -85.007083, 39.869043 ], [ -85.007133, 39.868873 ], [ -85.007176, 39.86884 ], [ -85.007204, 39.868807 ], [ -85.00719, 39.868796 ], [ -85.007147, 39.868697 ], [ -85.007176, 39.868456 ], [ -85.007226, 39.868412 ], [ -85.007269, 39.868313 ], [ -85.007255, 39.868258 ], [ -85.007013, 39.868088 ], [ -85.006984, 39.867978 ], [ -85.006799, 39.86778 ], [ -85.006685, 39.867681 ], [ -85.006557, 39.867648 ], [ -85.006415, 39.86756 ], [ -85.006358, 39.867483 ], [ -85.006087, 39.867274 ], [ -85.00603, 39.867263 ], [ -85.005717, 39.86723 ], [ -85.005645, 39.86723 ], [ -85.005531, 39.867252 ], [ -85.00526, 39.867439 ], [ -85.005132, 39.867505 ], [ -85.004961, 39.867565 ], [ -85.004434, 39.867587 ], [ -85.004377, 39.86763 ], [ -85.004377, 39.86774 ], [ -85.004362, 39.867839 ], [ -85.00422, 39.867938 ], [ -85.004091, 39.867938 ], [ -85.004034, 39.86791 ], [ -85.003821, 39.86785 ], [ -85.003664, 39.867828 ], [ -85.003579, 39.867784 ], [ -85.003493, 39.867718 ], [ -85.003465, 39.867663 ], [ -85.003393, 39.867586 ], [ -85.003308, 39.86752 ], [ -85.003208, 39.867531 ], [ -85.00308, 39.867597 ], [ -85.003023, 39.867608 ], [ -85.002781, 39.867421 ], [ -85.002724, 39.867421 ], [ -85.002653, 39.867432 ], [ -85.002581, 39.867492 ], [ -85.002481, 39.867525 ], [ -85.002339, 39.867503 ], [ -85.002154, 39.867382 ], [ -85.002125, 39.867349 ], [ -85.002125, 39.867261 ], [ -85.002197, 39.867097 ], [ -85.002026, 39.866943 ], [ -85.001998, 39.866597 ], [ -85.001969, 39.866498 ], [ -85.001934, 39.866416 ], [ -85.001891, 39.86602 ], [ -85.001721, 39.865888 ], [ -85.001635, 39.865877 ], [ -85.00145, 39.865778 ], [ -85.001407, 39.865658 ], [ -85.001407, 39.865537 ], [ -85.001051, 39.865273 ], [ -85.001051, 39.86524 ], [ -85.001023, 39.865207 ], [ -85.000866, 39.865097 ], [ -85.000817, 39.865075 ], [ -85.000617, 39.86496 ], [ -85.000432, 39.864817 ], [ -85.000404, 39.864762 ], [ -85.00029, 39.86463 ], [ -85.000233, 39.864531 ], [ -85.000162, 39.864444 ], [ -84.999965, 39.864183 ], [ -84.999951, 39.864166 ], [ -84.999694, 39.863963 ], [ -84.999509, 39.86365 ], [ -84.999437, 39.863574 ], [ -84.998881, 39.863146 ], [ -84.998853, 39.86308 ], [ -84.99886, 39.863036 ], [ -84.998817, 39.863003 ], [ -84.998817, 39.86297 ], [ -84.99876, 39.862838 ], [ -84.998717, 39.862794 ], [ -84.99866, 39.862695 ], [ -84.998582, 39.862597 ], [ -84.99814, 39.862218 ], [ -84.998032, 39.862092 ], [ -84.998018, 39.861982 ], [ -84.998032, 39.86185 ], [ -84.998082, 39.861784 ], [ -84.99816, 39.861707 ], [ -84.998196, 39.861641 ], [ -84.99816, 39.861554 ], [ -84.998075, 39.861455 ], [ -84.99816, 39.8614 ], [ -84.998231, 39.861389 ], [ -84.998331, 39.861334 ], [ -84.998673, 39.86107 ], [ -84.998929, 39.86085 ], [ -84.998986, 39.860675 ], [ -84.998986, 39.860653 ], [ -84.999036, 39.86045 ], [ -84.999142, 39.860213 ], [ -84.999214, 39.860147 ], [ -84.999214, 39.860114 ], [ -84.99947, 39.859895 ], [ -84.999502, 39.859864 ], [ -84.999614, 39.859863 ], [ -84.999609, 39.859759 ], [ -84.99961, 39.859697 ], [ -84.999669, 39.859702 ], [ -84.999755, 39.859576 ], [ -84.99979, 39.859539 ], [ -84.999923, 39.859397 ], [ -85.010706, 39.859305 ], [ -85.016382, 39.859299 ], [ -85.020242, 39.859327 ], [ -85.021436, 39.859335 ], [ -85.022642, 39.859341 ], [ -85.026398, 39.859364 ], [ -85.027118, 39.859368 ], [ -85.031135, 39.859416 ], [ -85.034958, 39.859316 ], [ -85.036514, 39.859195 ], [ -85.036878, 39.859155 ], [ -85.038173, 39.859032 ], [ -85.040452, 39.858713 ], [ -85.042821, 39.858237 ], [ -85.04282, 39.857724 ], [ -85.042818, 39.855515 ], [ -85.042821, 39.854601 ], [ -85.042814, 39.854392 ], [ -85.042818, 39.853711 ], [ -85.042809, 39.85231 ], [ -85.042794, 39.851216 ], [ -85.042796, 39.850672 ], [ -85.042799, 39.849892 ], [ -85.042778, 39.848538 ], [ -85.042782, 39.848237 ], [ -85.042763, 39.845347 ], [ -85.042767, 39.843952 ], [ -85.042761, 39.842853 ], [ -85.042763, 39.838399 ], [ -85.042757, 39.838099 ], [ -85.042884, 39.838103 ], [ -85.046533, 39.838141 ], [ -85.048017, 39.838157 ], [ -85.051076, 39.838155 ], [ -85.051323, 39.838151 ], [ -85.051655, 39.838151 ], [ -85.051853, 39.838146 ], [ -85.052077, 39.83815 ], [ -85.052103, 39.83815 ], [ -85.052317, 39.838148 ], [ -85.053336, 39.838142 ], [ -85.054185, 39.83815 ], [ -85.054887, 39.838152 ], [ -85.055066, 39.838149 ], [ -85.056846, 39.838166 ], [ -85.057741, 39.838167 ], [ -85.057999, 39.838174 ], [ -85.059365, 39.838176 ], [ -85.060148, 39.838181 ], [ -85.061653, 39.83819 ], [ -85.062291, 39.83819 ], [ -85.064123, 39.838201 ], [ -85.06495, 39.838202 ], [ -85.064927, 39.838118 ], [ -85.064899, 39.837855 ], [ -85.064927, 39.837657 ], [ -85.064984, 39.83758 ], [ -85.065041, 39.837283 ], [ -85.065177, 39.837152 ], [ -85.065276, 39.837141 ], [ -85.065383, 39.837141 ], [ -85.065511, 39.837152 ], [ -85.065647, 39.837042 ], [ -85.065604, 39.836767 ], [ -85.065718, 39.83668 ], [ -85.065974, 39.836679 ], [ -85.066088, 39.836658 ], [ -85.066302, 39.836548 ], [ -85.066473, 39.836416 ], [ -85.06653, 39.836295 ], [ -85.066558, 39.836098 ], [ -85.066601, 39.835999 ], [ -85.066843, 39.83579 ], [ -85.066971, 39.835642 ], [ -85.067071, 39.835576 ], [ -85.067228, 39.835543 ], [ -85.067292, 39.835548 ], [ -85.067669, 39.835609 ], [ -85.067797, 39.835609 ], [ -85.068125, 39.835356 ], [ -85.068139, 39.835301 ], [ -85.068182, 39.835257 ], [ -85.068253, 39.835071 ], [ -85.068282, 39.835038 ], [ -85.068438, 39.834917 ], [ -85.068552, 39.834857 ], [ -85.068752, 39.834818 ], [ -85.068894, 39.834818 ], [ -85.069165, 39.83484 ], [ -85.069322, 39.834873 ], [ -85.069542, 39.835021 ], [ -85.069649, 39.835082 ], [ -85.069763, 39.835098 ], [ -85.069899, 39.835082 ], [ -85.070418, 39.834944 ], [ -85.070551, 39.834936 ], [ -85.071116, 39.8349 ], [ -85.071245, 39.8349 ], [ -85.072313, 39.834862 ], [ -85.072826, 39.834862 ], [ -85.073196, 39.83484 ], [ -85.073716, 39.83479 ], [ -85.074136, 39.834675 ], [ -85.07435, 39.834604 ], [ -85.074535, 39.834582 ], [ -85.074649, 39.83467 ], [ -85.074777, 39.83479 ], [ -85.074841, 39.834834 ], [ -85.074948, 39.834889 ], [ -85.075033, 39.834911 ], [ -85.075119, 39.834922 ], [ -85.075162, 39.834911 ], [ -85.075503, 39.834659 ], [ -85.075774, 39.834626 ], [ -85.076365, 39.834664 ], [ -85.076971, 39.834686 ], [ -85.077134, 39.834669 ], [ -85.077469, 39.834576 ], [ -85.080432, 39.834471 ], [ -85.081429, 39.834422 ], [ -85.0815, 39.834378 ], [ -85.081529, 39.834246 ], [ -85.081671, 39.833928 ], [ -85.081678, 39.833889 ], [ -85.081756, 39.833664 ], [ -85.081834, 39.833389 ], [ -85.08202, 39.833241 ], [ -85.082134, 39.833181 ], [ -85.082376, 39.832994 ], [ -85.082418, 39.832895 ], [ -85.082333, 39.832665 ], [ -85.082183, 39.832434 ], [ -85.082133, 39.832401 ], [ -85.081934, 39.832401 ], [ -85.081592, 39.832385 ], [ -85.081492, 39.83233 ], [ -85.081393, 39.832308 ], [ -85.081321, 39.832264 ], [ -85.08125, 39.832253 ], [ -85.081079, 39.832154 ], [ -85.080111, 39.831402 ], [ -85.079819, 39.831045 ], [ -85.079719, 39.830935 ], [ -85.079648, 39.830776 ], [ -85.079591, 39.830611 ], [ -85.079562, 39.830326 ], [ -85.079583, 39.8302 ], [ -85.079626, 39.830128 ], [ -85.079662, 39.83004 ], [ -85.079761, 39.82992 ], [ -85.079833, 39.829854 ], [ -85.079847, 39.82981 ], [ -85.079904, 39.829711 ], [ -85.079954, 39.829491 ], [ -85.079946, 39.829409 ], [ -85.079975, 39.829046 ], [ -85.079889, 39.828563 ], [ -85.079797, 39.828294 ], [ -85.079725, 39.828129 ], [ -85.079683, 39.827987 ], [ -85.07964, 39.827943 ], [ -85.079512, 39.827756 ], [ -85.079498, 39.827712 ], [ -85.079448, 39.827657 ], [ -85.079412, 39.827421 ], [ -85.079433, 39.826867 ], [ -85.079419, 39.826724 ], [ -85.07939, 39.826636 ], [ -85.079348, 39.826592 ], [ -85.079333, 39.826526 ], [ -85.079291, 39.826488 ], [ -85.079191, 39.826372 ], [ -85.079049, 39.826274 ], [ -85.079027, 39.826169 ], [ -85.079006, 39.825911 ], [ -85.079027, 39.825741 ], [ -85.079112, 39.825582 ], [ -85.079127, 39.825527 ], [ -85.079184, 39.82545 ], [ -85.079198, 39.825406 ], [ -85.079269, 39.825307 ], [ -85.079283, 39.825263 ], [ -85.07934, 39.825186 ], [ -85.079426, 39.825 ], [ -85.079525, 39.823891 ], [ -85.07955, 39.823824 ], [ -85.079582, 39.823737 ], [ -85.079746, 39.82355 ], [ -85.080251, 39.82321 ], [ -85.080415, 39.823144 ], [ -85.080629, 39.823034 ], [ -85.080671, 39.823001 ], [ -85.080714, 39.823001 ], [ -85.080857, 39.822924 ], [ -85.080913, 39.822924 ], [ -85.080956, 39.822891 ], [ -85.081255, 39.822814 ], [ -85.081455, 39.822781 ], [ -85.081511, 39.822748 ], [ -85.081668, 39.822693 ], [ -85.081725, 39.82266 ], [ -85.081825, 39.822627 ], [ -85.08201, 39.822501 ], [ -85.082209, 39.822342 ], [ -85.082252, 39.822292 ], [ -85.082323, 39.822106 ], [ -85.082337, 39.821595 ], [ -85.082394, 39.821469 ], [ -85.08248, 39.82137 ], [ -85.082636, 39.821216 ], [ -85.082686, 39.821172 ], [ -85.082857, 39.821128 ], [ -85.083227, 39.821073 ], [ -85.083298, 39.821029 ], [ -85.083562, 39.820821 ], [ -85.083576, 39.820793 ], [ -85.08354, 39.820458 ], [ -85.083455, 39.820184 ], [ -85.083412, 39.820096 ], [ -85.083341, 39.820019 ], [ -85.083198, 39.819909 ], [ -85.083099, 39.819898 ], [ -85.082892, 39.819915 ], [ -85.082786, 39.819986 ], [ -85.082714, 39.820008 ], [ -85.082572, 39.820112 ], [ -85.082522, 39.820118 ], [ -85.082458, 39.820113 ], [ -85.082315, 39.820019 ], [ -85.082294, 39.819997 ], [ -85.082244, 39.819816 ], [ -85.082059, 39.819673 ], [ -85.081988, 39.819662 ], [ -85.081717, 39.819476 ], [ -85.081703, 39.819432 ], [ -85.08161, 39.819344 ], [ -85.081276, 39.819597 ], [ -85.08119, 39.819641 ], [ -85.080763, 39.819663 ], [ -85.080706, 39.819706 ], [ -85.080407, 39.819981 ], [ -85.080365, 39.820069 ], [ -85.080322, 39.820113 ], [ -85.080279, 39.820223 ], [ -85.080194, 39.820322 ], [ -85.080151, 39.820409 ], [ -85.080122, 39.820442 ], [ -85.080094, 39.820519 ], [ -85.080009, 39.820613 ], [ -85.079952, 39.820849 ], [ -85.079895, 39.820904 ], [ -85.079795, 39.82098 ], [ -85.07971, 39.82103 ], [ -85.078919, 39.82109 ], [ -85.078086, 39.821118 ], [ -85.077716, 39.821162 ], [ -85.077082, 39.821261 ], [ -85.076819, 39.821321 ], [ -85.076584, 39.821349 ], [ -85.075779, 39.821365 ], [ -85.075651, 39.821332 ], [ -85.075245, 39.821349 ], [ -85.074868, 39.821448 ], [ -85.074533, 39.821497 ], [ -85.074163, 39.82153 ], [ -85.073842, 39.821514 ], [ -85.073771, 39.821481 ], [ -85.073657, 39.821448 ], [ -85.073472, 39.821404 ], [ -85.073387, 39.821365 ], [ -85.073045, 39.821173 ], [ -85.072838, 39.821025 ], [ -85.072774, 39.820943 ], [ -85.072069, 39.820388 ], [ -85.072012, 39.82018 ], [ -85.072012, 39.819982 ], [ -85.072026, 39.819839 ], [ -85.071784, 39.819652 ], [ -85.071685, 39.819641 ], [ -85.070731, 39.819652 ], [ -85.07075, 39.81831 ], [ -85.070775, 39.816529 ], [ -85.070791, 39.815875 ], [ -85.070793, 39.815215 ], [ -85.0708, 39.815074 ], [ -85.071598, 39.815051 ], [ -85.072202, 39.815034 ], [ -85.072569, 39.815022 ], [ -85.072578, 39.814186 ], [ -85.072587, 39.813317 ], [ -85.075307, 39.81321 ], [ -85.075337, 39.809828 ], [ -85.075353, 39.807957 ], [ -85.075738, 39.807801 ], [ -85.075708, 39.806401 ], [ -85.075721, 39.805203 ], [ -85.075734, 39.803962 ], [ -85.075757, 39.801864 ], [ -85.075838, 39.801865 ], [ -85.080533, 39.8019 ], [ -85.080553, 39.801865 ], [ -85.08063, 39.8017 ], [ -85.080702, 39.80151 ], [ -85.080792, 39.8012 ], [ -85.080911, 39.800818 ], [ -85.080951, 39.800709 ], [ -85.081016, 39.800562 ], [ -85.081067, 39.800471 ], [ -85.081109, 39.800407 ], [ -85.080841, 39.79997 ], [ -85.080558, 39.799508 ], [ -85.078852, 39.796795 ], [ -85.077886, 39.795174 ], [ -85.078344, 39.795033 ], [ -85.078632, 39.79494 ], [ -85.079347, 39.794695 ], [ -85.079482, 39.794659 ], [ -85.079657, 39.794622 ], [ -85.079735, 39.794609 ], [ -85.079947, 39.794589 ], [ -85.080041, 39.794585 ], [ -85.080677, 39.794586 ], [ -85.081476, 39.794597 ], [ -85.081772, 39.794596 ], [ -85.083041, 39.794605 ], [ -85.084386, 39.794596 ], [ -85.084358, 39.794512 ], [ -85.084248, 39.794051 ], [ -85.084117, 39.79353 ], [ -85.083922, 39.792721 ], [ -85.083822, 39.792243 ], [ -85.083765, 39.792021 ], [ -85.083438, 39.791071 ], [ -85.083398, 39.790925 ], [ -85.08338, 39.790856 ], [ -85.083349, 39.790688 ], [ -85.083343, 39.7906 ], [ -85.08336, 39.790458 ], [ -85.083388, 39.790386 ], [ -85.083419, 39.790331 ], [ -85.083442, 39.790288 ], [ -85.083663, 39.790001 ], [ -85.083731, 39.789897 ], [ -85.084134, 39.789144 ], [ -85.084303, 39.788869 ], [ -85.084339, 39.788821 ], [ -85.084447, 39.788705 ], [ -85.08453, 39.788636 ], [ -85.084711, 39.788517 ], [ -85.084822, 39.788462 ], [ -85.084963, 39.788408 ], [ -85.085052, 39.78839 ], [ -85.085133, 39.788389 ], [ -85.085188, 39.788395 ], [ -85.08525, 39.78841 ], [ -85.085539, 39.788521 ], [ -85.085632, 39.788548 ], [ -85.085703, 39.788561 ], [ -85.085768, 39.788568 ], [ -85.086004, 39.788574 ], [ -85.087099, 39.788578 ], [ -85.087256, 39.788563 ], [ -85.087343, 39.788542 ], [ -85.087394, 39.788524 ], [ -85.087483, 39.788479 ], [ -85.087511, 39.788461 ], [ -85.08774, 39.788273 ], [ -85.088769, 39.787331 ], [ -85.088835, 39.787266 ], [ -85.088896, 39.787187 ], [ -85.088973, 39.78708 ], [ -85.089026, 39.786992 ], [ -85.089062, 39.786916 ], [ -85.089208, 39.786567 ], [ -85.089679, 39.78537 ], [ -85.089699, 39.785293 ], [ -85.089714, 39.785197 ], [ -85.089725, 39.784959 ], [ -85.089743, 39.784246 ], [ -85.089757, 39.783921 ], [ -85.089759, 39.783744 ], [ -85.08979, 39.783156 ], [ -85.089807, 39.78268 ], [ -85.089869, 39.781458 ], [ -85.0899, 39.780374 ], [ -85.089928, 39.779943 ], [ -85.08994, 39.779888 ], [ -85.089997, 39.779717 ], [ -85.09013, 39.779464 ], [ -85.090222, 39.779311 ], [ -85.090589, 39.778774 ], [ -85.090714, 39.778583 ], [ -85.09077, 39.77847 ], [ -85.090809, 39.778357 ], [ -85.090835, 39.778245 ], [ -85.090861, 39.778086 ], [ -85.090887, 39.777843 ], [ -85.090877, 39.777688 ], [ -85.090852, 39.777589 ], [ -85.090803, 39.777468 ], [ -85.090743, 39.777348 ], [ -85.090644, 39.777188 ], [ -85.09048, 39.776943 ], [ -85.09036, 39.77679 ], [ -85.090165, 39.776561 ], [ -85.090124, 39.776498 ], [ -85.09009, 39.776431 ], [ -85.090061, 39.776336 ], [ -85.090045, 39.776224 ], [ -85.09004, 39.776071 ], [ -85.090042, 39.775321 ], [ -85.090029, 39.774908 ], [ -85.090048, 39.773575 ], [ -85.090045, 39.773493 ], [ -85.090041, 39.773421 ], [ -85.090041, 39.773007 ], [ -85.090057, 39.772406 ], [ -85.090055, 39.772207 ], [ -85.090074, 39.771147 ], [ -85.090071, 39.770962 ], [ -85.09008, 39.770063 ], [ -85.090089, 39.769774 ], [ -85.090129, 39.767253 ], [ -85.090149, 39.76642 ], [ -85.090146, 39.766151 ], [ -85.090153, 39.765319 ], [ -85.090294, 39.754446 ], [ -85.090304, 39.754151 ], [ -85.090333, 39.752239 ], [ -85.090353, 39.75154 ], [ -85.090188, 39.751533 ], [ -85.088876, 39.75153 ], [ -85.088352, 39.751524 ], [ -85.087173, 39.751525 ], [ -85.086621, 39.75152 ], [ -85.085223, 39.751517 ], [ -85.084502, 39.751509 ], [ -85.084002, 39.751506 ], [ -85.081718, 39.751494 ], [ -85.079776, 39.75149 ], [ -85.078303, 39.751479 ], [ -85.077905, 39.751478 ], [ -85.07715, 39.751477 ], [ -85.076963, 39.751481 ], [ -85.076593, 39.751478 ], [ -85.076663, 39.751416 ], [ -85.076698, 39.751356 ], [ -85.076725, 39.751281 ], [ -85.076724, 39.751205 ], [ -85.076687, 39.75102 ], [ -85.07667, 39.750911 ], [ -85.076679, 39.750867 ], [ -85.076701, 39.750839 ], [ -85.076746, 39.750811 ], [ -85.076774, 39.750807 ], [ -85.076827, 39.750791 ], [ -85.076846, 39.750775 ], [ -85.076874, 39.750734 ], [ -85.076875, 39.750714 ], [ -85.07684, 39.750678 ], [ -85.076825, 39.750625 ], [ -85.076783, 39.75058 ], [ -85.076765, 39.75055 ], [ -85.076718, 39.75039 ], [ -85.07667, 39.750275 ], [ -85.076656, 39.750143 ], [ -85.076636, 39.750128 ], [ -85.076608, 39.75009 ], [ -85.076594, 39.750052 ], [ -85.076602, 39.750033 ], [ -85.076602, 39.7496 ], [ -85.07663, 39.749435 ], [ -85.076673, 39.749303 ], [ -85.076701, 39.749276 ], [ -85.076843, 39.749095 ], [ -85.077156, 39.748765 ], [ -85.077241, 39.748666 ], [ -85.077554, 39.748359 ], [ -85.078066, 39.74776 ], [ -85.078187, 39.747606 ], [ -85.078258, 39.74753 ], [ -85.078258, 39.747497 ], [ -85.078301, 39.747458 ], [ -85.078372, 39.747354 ], [ -85.07865, 39.747002 ], [ -85.078728, 39.746925 ], [ -85.078728, 39.746893 ], [ -85.078799, 39.746816 ], [ -85.079538, 39.746151 ], [ -85.079787, 39.745849 ], [ -85.079866, 39.745772 ], [ -85.079894, 39.745684 ], [ -85.080008, 39.745564 ], [ -85.080036, 39.745476 ], [ -85.080079, 39.745432 ], [ -85.080122, 39.745355 ], [ -85.080235, 39.745102 ], [ -85.080321, 39.744839 ], [ -85.08052, 39.744663 ], [ -85.080626, 39.744586 ], [ -85.080819, 39.744498 ], [ -85.080875, 39.744465 ], [ -85.081302, 39.74429 ], [ -85.081658, 39.744114 ], [ -85.082227, 39.743905 ], [ -85.082397, 39.743856 ], [ -85.08281, 39.743801 ], [ -85.083123, 39.743801 ], [ -85.083379, 39.743779 ], [ -85.084168, 39.743663 ], [ -85.084232, 39.743647 ], [ -85.084673, 39.743499 ], [ -85.084744, 39.743482 ], [ -85.084815, 39.743449 ], [ -85.084872, 39.743438 ], [ -85.08574, 39.743098 ], [ -85.086437, 39.742922 ], [ -85.086636, 39.742878 ], [ -85.086686, 39.742872 ], [ -85.08675, 39.742856 ], [ -85.086935, 39.742823 ], [ -85.087262, 39.742746 ], [ -85.087447, 39.742647 ], [ -85.087532, 39.742625 ], [ -85.087575, 39.742592 ], [ -85.087831, 39.742526 ], [ -85.088059, 39.742515 ], [ -85.088258, 39.742548 ], [ -85.088642, 39.742757 ], [ -85.08877, 39.74279 ], [ -85.088827, 39.742823 ], [ -85.088983, 39.742855 ], [ -85.089346, 39.743086 ], [ -85.089595, 39.743201 ], [ -85.090121, 39.743404 ], [ -85.090463, 39.743498 ], [ -85.090918, 39.743552 ], [ -85.091302, 39.743541 ], [ -85.091544, 39.743552 ], [ -85.091601, 39.743519 ], [ -85.091715, 39.743497 ], [ -85.092184, 39.743278 ], [ -85.092341, 39.743179 ], [ -85.09244, 39.743102 ], [ -85.092511, 39.742783 ], [ -85.092554, 39.742717 ], [ -85.092639, 39.742619 ], [ -85.092753, 39.742459 ], [ -85.092923, 39.742245 ], [ -85.09308, 39.742179 ], [ -85.093208, 39.742201 ], [ -85.093265, 39.742234 ], [ -85.093343, 39.74225 ], [ -85.093649, 39.742025 ], [ -85.093734, 39.741926 ], [ -85.093791, 39.741784 ], [ -85.094125, 39.741481 ], [ -85.094175, 39.741256 ], [ -85.09416, 39.740477 ], [ -85.094118, 39.740136 ], [ -85.093996, 39.739527 ], [ -85.094025, 39.739142 ], [ -85.094273, 39.738632 ], [ -85.094302, 39.738489 ], [ -85.09428, 39.738269 ], [ -85.094273, 39.737847 ], [ -85.094372, 39.73744 ], [ -85.094351, 39.737314 ], [ -85.094308, 39.737138 ], [ -85.094251, 39.736978 ], [ -85.094244, 39.736957 ], [ -85.09413, 39.736672 ], [ -85.094109, 39.736578 ], [ -85.093725, 39.73565 ], [ -85.09371, 39.735392 ], [ -85.093667, 39.734267 ], [ -85.093695, 39.734113 ], [ -85.093752, 39.734058 ], [ -85.093845, 39.734003 ], [ -85.093909, 39.733992 ], [ -85.094108, 39.733904 ], [ -85.09425, 39.733794 ], [ -85.094307, 39.733739 ], [ -85.094335, 39.733597 ], [ -85.094392, 39.733377 ], [ -85.094733, 39.733091 ], [ -85.094748, 39.733036 ], [ -85.09474, 39.732987 ], [ -85.094648, 39.73274 ], [ -85.094612, 39.732674 ], [ -85.094577, 39.732378 ], [ -85.094584, 39.732273 ], [ -85.094633, 39.73218 ], [ -85.094711, 39.731801 ], [ -85.094825, 39.73134 ], [ -85.095159, 39.7305 ], [ -85.095287, 39.730357 ], [ -85.095585, 39.730088 ], [ -85.095927, 39.729818 ], [ -85.096076, 39.729615 ], [ -85.09614, 39.729538 ], [ -85.096154, 39.729494 ], [ -85.096197, 39.729451 ], [ -85.096339, 39.729143 ], [ -85.096431, 39.72872 ], [ -85.096616, 39.728072 ], [ -85.096807, 39.727616 ], [ -85.097277, 39.727111 ], [ -85.097376, 39.727012 ], [ -85.097433, 39.726913 ], [ -85.097447, 39.726869 ], [ -85.097504, 39.726793 ], [ -85.097575, 39.726573 ], [ -85.097575, 39.72654 ], [ -85.097603, 39.72643 ], [ -85.097575, 39.726397 ], [ -85.097404, 39.726266 ], [ -85.097305, 39.726266 ], [ -85.097049, 39.726299 ], [ -85.096949, 39.726353 ], [ -85.09675, 39.726397 ], [ -85.096665, 39.726375 ], [ -85.096622, 39.726288 ], [ -85.096594, 39.726211 ], [ -85.096515, 39.725903 ], [ -85.096508, 39.725706 ], [ -85.096551, 39.725513 ], [ -85.096686, 39.7252 ], [ -85.096728, 39.725146 ], [ -85.097155, 39.724778 ], [ -85.097204, 39.724706 ], [ -85.097311, 39.724602 ], [ -85.097354, 39.724552 ], [ -85.097396, 39.724388 ], [ -85.097382, 39.724245 ], [ -85.097339, 39.724124 ], [ -85.09724, 39.723948 ], [ -85.097126, 39.723806 ], [ -85.097055, 39.72374 ], [ -85.097026, 39.723674 ], [ -85.096955, 39.723608 ], [ -85.096941, 39.723158 ], [ -85.097196, 39.722598 ], [ -85.097445, 39.722125 ], [ -85.097516, 39.721818 ], [ -85.097566, 39.721576 ], [ -85.097558, 39.720983 ], [ -85.097636, 39.720813 ], [ -85.097835, 39.720637 ], [ -85.097942, 39.72056 ], [ -85.09802, 39.720527 ], [ -85.098077, 39.720494 ], [ -85.098276, 39.720439 ], [ -85.098859, 39.720362 ], [ -85.098944, 39.720329 ], [ -85.099044, 39.720275 ], [ -85.099797, 39.719747 ], [ -85.10021, 39.719423 ], [ -85.100252, 39.719374 ], [ -85.100273, 39.719149 ], [ -85.100174, 39.718654 ], [ -85.100095, 39.718188 ], [ -85.100102, 39.717875 ], [ -85.100152, 39.717792 ], [ -85.100195, 39.717704 ], [ -85.100216, 39.717249 ], [ -85.100208, 39.717111 ], [ -85.09991, 39.716881 ], [ -85.099639, 39.716683 ], [ -85.099611, 39.716628 ], [ -85.099582, 39.716552 ], [ -85.099575, 39.716475 ], [ -85.099618, 39.716332 ], [ -85.099753, 39.716222 ], [ -85.099852, 39.716178 ], [ -85.100961, 39.715574 ], [ -85.101103, 39.71548 ], [ -85.101665, 39.715041 ], [ -85.101735, 39.714968 ], [ -85.101715, 39.714968 ], [ -85.101656, 39.714968 ], [ -85.101637, 39.714968 ], [ -85.101617, 39.714968 ], [ -85.10156, 39.714968 ], [ -85.101541, 39.714968 ], [ -85.101571, 39.714948 ], [ -85.101615, 39.71492 ], [ -85.101645, 39.714872 ], [ -85.101665, 39.714842 ], [ -85.10171, 39.714876 ], [ -85.101731, 39.714891 ], [ -85.101918, 39.714562 ], [ -85.102246, 39.714016 ], [ -85.102321, 39.713761 ], [ -85.102401, 39.713309 ], [ -85.102457, 39.71285 ], [ -85.102255, 39.712567 ], [ -85.101967, 39.712339 ], [ -85.10188, 39.712143 ], [ -85.101893, 39.712013 ], [ -85.10193, 39.711674 ], [ -85.10202, 39.711526 ], [ -85.102178, 39.711377 ], [ -85.102413, 39.711314 ], [ -85.102556, 39.711226 ], [ -85.102688, 39.710901 ], [ -85.103191, 39.71051 ], [ -85.10359, 39.71028 ], [ -85.104013, 39.710101 ], [ -85.104686, 39.709975 ], [ -85.105319, 39.709734 ], [ -85.105745, 39.709465 ], [ -85.105846, 39.709363 ], [ -85.105848, 39.708831 ], [ -85.106296, 39.708639 ], [ -85.106889, 39.708506 ], [ -85.107224, 39.708393 ], [ -85.107566, 39.708029 ], [ -85.107668, 39.707423 ], [ -85.107582, 39.706975 ], [ -85.107275, 39.706543 ], [ -85.106893, 39.706129 ], [ -85.106843, 39.706061 ], [ -85.106701, 39.705863 ], [ -85.106441, 39.70557 ], [ -85.105712, 39.704838 ], [ -85.105172, 39.704156 ], [ -85.104828, 39.703648 ], [ -85.104798, 39.703542 ], [ -85.104842, 39.703546 ], [ -85.104888, 39.703545 ], [ -85.104944, 39.703545 ], [ -85.105667, 39.703536 ], [ -85.105822, 39.703537 ], [ -85.106456, 39.703542 ], [ -85.106754, 39.703551 ], [ -85.107488, 39.70358 ], [ -85.107682, 39.703595 ], [ -85.108711, 39.703703 ], [ -85.108886, 39.703727 ], [ -85.10894, 39.703735 ], [ -85.109516, 39.703806 ], [ -85.109902, 39.703863 ], [ -85.111534, 39.704104 ], [ -85.112218, 39.704197 ], [ -85.112397, 39.70421 ], [ -85.112563, 39.704212 ], [ -85.112911, 39.704204 ], [ -85.113095, 39.704188 ], [ -85.113259, 39.704169 ], [ -85.114488, 39.703941 ], [ -85.114634, 39.70391 ], [ -85.114684, 39.7039 ], [ -85.114796, 39.703879 ], [ -85.114901, 39.70386 ], [ -85.115, 39.703842 ], [ -85.115509, 39.703742 ], [ -85.115861, 39.70368 ], [ -85.116094, 39.703635 ], [ -85.116236, 39.703602 ], [ -85.116794, 39.70352 ], [ -85.11705, 39.703498 ], [ -85.117575, 39.703485 ], [ -85.118124, 39.703488 ], [ -85.119001, 39.70348 ], [ -85.11906, 39.70348 ], [ -85.11905, 39.703903 ], [ -85.119034, 39.704219 ], [ -85.118972, 39.705512 ], [ -85.118933, 39.706435 ], [ -85.118915, 39.706891 ], [ -85.118929, 39.707063 ], [ -85.118947, 39.707139 ], [ -85.118963, 39.707168 ], [ -85.118999, 39.707234 ], [ -85.119099, 39.707344 ], [ -85.119108, 39.707352 ], [ -85.119299, 39.70751 ], [ -85.11967, 39.707785 ], [ -85.11986, 39.707927 ], [ -85.120237, 39.708212 ], [ -85.120794, 39.708605 ], [ -85.120863, 39.708658 ], [ -85.120998, 39.708761 ], [ -85.121108, 39.708496 ], [ -85.122603, 39.708508 ], [ -85.122602, 39.708566 ], [ -85.122589, 39.709687 ], [ -85.123047, 39.709689 ], [ -85.125137, 39.71156 ], [ -85.124636, 39.711887 ], [ -85.12529, 39.712478 ], [ -85.12533, 39.712516 ], [ -85.125699, 39.712865 ], [ -85.12615, 39.713273 ], [ -85.126645, 39.713701 ], [ -85.127464, 39.714347 ], [ -85.127599, 39.714454 ], [ -85.128203, 39.714926 ], [ -85.128233, 39.714926 ], [ -85.128325, 39.714927 ], [ -85.128417, 39.714929 ], [ -85.128714, 39.714932 ], [ -85.12979, 39.714944 ], [ -85.130149, 39.714949 ], [ -85.131476, 39.718068 ], [ -85.131724, 39.718301 ], [ -85.131946, 39.718519 ], [ -85.132702, 39.719112 ], [ -85.133358, 39.719649 ], [ -85.133545, 39.719762 ], [ -85.133718, 39.719831 ], [ -85.133801, 39.719842 ], [ -85.13391, 39.719857 ], [ -85.133947, 39.719862 ], [ -85.133999, 39.719867 ], [ -85.134056, 39.719871 ], [ -85.134176, 39.719882 ], [ -85.135314, 39.719946 ], [ -85.136527, 39.719992 ], [ -85.137116, 39.72001 ], [ -85.137744, 39.720045 ], [ -85.13773, 39.721025 ], [ -85.137701, 39.722448 ], [ -85.138791, 39.722438 ], [ -85.139156, 39.722449 ], [ -85.140561, 39.722472 ], [ -85.142795, 39.7225 ], [ -85.145588, 39.722528 ], [ -85.146374, 39.722539 ], [ -85.14719, 39.722544 ], [ -85.147807, 39.722556 ], [ -85.148519, 39.723183 ], [ -85.150736, 39.72416 ], [ -85.154665, 39.72591 ], [ -85.156336, 39.726654 ], [ -85.156632, 39.726781 ], [ -85.156633, 39.726687 ], [ -85.156644, 39.726189 ], [ -85.156674, 39.723758 ], [ -85.156696, 39.722627 ], [ -85.156802, 39.722628 ], [ -85.157978, 39.722642 ], [ -85.158553, 39.722653 ], [ -85.159044, 39.722655 ], [ -85.159834, 39.722659 ], [ -85.161154, 39.722673 ], [ -85.161639, 39.722665 ], [ -85.163619, 39.722663 ], [ -85.163714, 39.722673 ], [ -85.164719, 39.722676 ], [ -85.164906, 39.722671 ], [ -85.165678, 39.72269 ], [ -85.166166, 39.722693 ], [ -85.168586, 39.722712 ], [ -85.170258, 39.722715 ], [ -85.174704, 39.722759 ], [ -85.175254, 39.72276 ], [ -85.175654, 39.722772 ], [ -85.175654, 39.723289 ], [ -85.175634, 39.724505 ], [ -85.17563, 39.725429 ], [ -85.175622, 39.72594 ], [ -85.175627, 39.726382 ], [ -85.175621, 39.727794 ], [ -85.175623, 39.729262 ], [ -85.175618, 39.729894 ], [ -85.175625, 39.730017 ], [ -85.175744, 39.730014 ], [ -85.181421, 39.730045 ], [ -85.18222, 39.730045 ], [ -85.1829, 39.730051 ], [ -85.183096, 39.730053 ], [ -85.183396, 39.73005 ], [ -85.185103, 39.730068 ], [ -85.185122, 39.730068 ], [ -85.185402, 39.730071 ], [ -85.185801, 39.730063 ], [ -85.186401, 39.730042 ], [ -85.186787, 39.730038 ], [ -85.187296, 39.730032 ], [ -85.190804, 39.730027 ], [ -85.192112, 39.730022 ], [ -85.194396, 39.730005 ], [ -85.196257, 39.730019 ], [ -85.197855, 39.730033 ], [ -85.199027, 39.730035 ], [ -85.199681, 39.730036 ], [ -85.200666, 39.730031 ], [ -85.201169, 39.730039 ], [ -85.201627, 39.730038 ], [ -85.202109, 39.730037 ], [ -85.202663, 39.730046 ], [ -85.203385, 39.73006 ], [ -85.203443, 39.730059 ], [ -85.203482, 39.730062 ], [ -85.204793, 39.730061 ], [ -85.205773, 39.73007 ], [ -85.206626, 39.730078 ], [ -85.206757, 39.730086 ], [ -85.20681, 39.730088 ], [ -85.206873, 39.730089 ], [ -85.207517, 39.730092 ], [ -85.209841, 39.73012 ], [ -85.21209, 39.730149 ], [ -85.216723, 39.730194 ], [ -85.218936, 39.730208 ], [ -85.219989, 39.730215 ], [ -85.221332, 39.730231 ], [ -85.221968, 39.730231 ], [ -85.221963, 39.730513 ], [ -85.221959, 39.732595 ], [ -85.221954, 39.733153 ], [ -85.221947, 39.734097 ], [ -85.221951, 39.736186 ], [ -85.221943, 39.736692 ], [ -85.221943, 39.737203 ], [ -85.221914, 39.738614 ], [ -85.22189, 39.739812 ], [ -85.221849, 39.741365 ], [ -85.221835, 39.741919 ], [ -85.221782, 39.744132 ], [ -85.221769, 39.744671 ], [ -85.221768, 39.744841 ], [ -85.221754, 39.744866 ], [ -85.221758, 39.745488 ], [ -85.221759, 39.745541 ], [ -85.221749, 39.746223 ], [ -85.221751, 39.747443 ], [ -85.221753, 39.748095 ], [ -85.221753, 39.748239 ], [ -85.221751, 39.749039 ], [ -85.221747, 39.750968 ], [ -85.221746, 39.751417 ], [ -85.221739, 39.751873 ], [ -85.221728, 39.752728 ], [ -85.221726, 39.752818 ], [ -85.2217, 39.754139 ], [ -85.22169, 39.754713 ], [ -85.221669, 39.756064 ], [ -85.221639, 39.757419 ], [ -85.221612, 39.758085 ], [ -85.221611, 39.758103 ], [ -85.221574, 39.759353 ], [ -85.221571, 39.759425 ], [ -85.221548, 39.759941 ], [ -85.221501, 39.7613 ], [ -85.22148, 39.762415 ], [ -85.221478, 39.762768 ], [ -85.221449, 39.763332 ], [ -85.221427, 39.763763 ], [ -85.221407, 39.765112 ], [ -85.221397, 39.765577 ], [ -85.221364, 39.76646 ], [ -85.221344, 39.767138 ], [ -85.221297, 39.768444 ], [ -85.221187, 39.772468 ], [ -85.221163, 39.773153 ], [ -85.221155, 39.773795 ], [ -85.221148, 39.774007 ], [ -85.221148, 39.774167 ], [ -85.221147, 39.774369 ], [ -85.221157, 39.775083 ], [ -85.221139, 39.776453 ], [ -85.221158, 39.77781 ], [ -85.221145, 39.778432 ], [ -85.221138, 39.779126 ], [ -85.221152, 39.780396 ], [ -85.221137, 39.780996 ], [ -85.221125, 39.781522 ], [ -85.221132, 39.784739 ], [ -85.221126, 39.786678 ], [ -85.221121, 39.787349 ], [ -85.221121, 39.788244 ], [ -85.221118, 39.788403 ], [ -85.221118, 39.788449 ], [ -85.221355, 39.788448 ], [ -85.222699, 39.788434 ], [ -85.226689, 39.788413 ], [ -85.22766, 39.788403 ], [ -85.227699, 39.788403 ], [ -85.228354, 39.788397 ], [ -85.232691, 39.788371 ], [ -85.233357, 39.788358 ], [ -85.233387, 39.788357 ], [ -85.235983, 39.788339 ], [ -85.237247, 39.788323 ], [ -85.239686, 39.788304 ], [ -85.24343, 39.788263 ], [ -85.245616, 39.788234 ], [ -85.248898, 39.788208 ], [ -85.250115, 39.788198 ], [ -85.250667, 39.788189 ], [ -85.250791, 39.788188 ], [ -85.250871, 39.788187 ], [ -85.254427, 39.788171 ], [ -85.256793, 39.788145 ], [ -85.257708, 39.788131 ], [ -85.258042, 39.788125 ], [ -85.262405, 39.788094 ], [ -85.262773, 39.788089 ], [ -85.262985, 39.788086 ], [ -85.265271, 39.788058 ], [ -85.266723, 39.78805 ], [ -85.268047, 39.788037 ], [ -85.271495, 39.787976 ], [ -85.271965, 39.787973 ], [ -85.272772, 39.787968 ], [ -85.274313, 39.787945 ], [ -85.27687, 39.787915 ], [ -85.278195, 39.787896 ], [ -85.279194, 39.787874 ], [ -85.281625, 39.787844 ], [ -85.282023, 39.787838 ], [ -85.282451, 39.787831 ], [ -85.282434, 39.786341 ], [ -85.282438, 39.785222 ], [ -85.282436, 39.782707 ], [ -85.282426, 39.782063 ], [ -85.282423, 39.781434 ], [ -85.282413, 39.780841 ], [ -85.282357, 39.775844 ], [ -85.282325, 39.773318 ], [ -85.282382, 39.773317 ], [ -85.285856, 39.773285 ], [ -85.287656, 39.773263 ], [ -85.289234, 39.773255 ], [ -85.289905, 39.773247 ], [ -85.291145, 39.773232 ], [ -85.293282, 39.773217 ], [ -85.295006, 39.773193 ], [ -85.295222, 39.77319 ], [ -85.297405, 39.773171 ], [ -85.298176, 39.773172 ], [ -85.298943, 39.773161 ], [ -85.300329, 39.773154 ], [ -85.301409, 39.773153 ], [ -85.301485, 39.773153 ], [ -85.301473, 39.772071 ], [ -85.301466, 39.771007 ], [ -85.301453, 39.770032 ], [ -85.301448, 39.768052 ], [ -85.301444, 39.766848 ], [ -85.301437, 39.766167 ], [ -85.30142, 39.764486 ], [ -85.301421, 39.763899 ], [ -85.301402, 39.761772 ], [ -85.301395, 39.760515 ], [ -85.301392, 39.759852 ], [ -85.301382, 39.758631 ], [ -85.301379, 39.75817 ], [ -85.301374, 39.757184 ], [ -85.301359, 39.754049 ], [ -85.301349, 39.753261 ], [ -85.301352, 39.752844 ], [ -85.301355, 39.752452 ], [ -85.301355, 39.751564 ], [ -85.301354, 39.751398 ], [ -85.301345, 39.750037 ], [ -85.301345, 39.749987 ], [ -85.301348, 39.748941 ], [ -85.301333, 39.746821 ], [ -85.301334, 39.745801 ], [ -85.301333, 39.745754 ], [ -85.301327, 39.744344 ], [ -85.301326, 39.74431 ], [ -85.301326, 39.744211 ], [ -85.301326, 39.744178 ], [ -85.301317, 39.743198 ], [ -85.301304, 39.74158 ], [ -85.301285, 39.740428 ], [ -85.301283, 39.740261 ], [ -85.301274, 39.739285 ], [ -85.301261, 39.73801 ], [ -85.301249, 39.736779 ], [ -85.301245, 39.735967 ], [ -85.301228, 39.73482 ], [ -85.30122, 39.734198 ], [ -85.301211, 39.733382 ], [ -85.301209, 39.732927 ], [ -85.301208, 39.732722 ], [ -85.301199, 39.732276 ], [ -85.301188, 39.731613 ], [ -85.301188, 39.730504 ], [ -85.301185, 39.730325 ], [ -85.301175, 39.729675 ], [ -85.30094, 39.729683 ], [ -85.300811, 39.729688 ], [ -85.299974, 39.729694 ], [ -85.29973, 39.729698 ], [ -85.298678, 39.729718 ], [ -85.2966, 39.729735 ], [ -85.295396, 39.729749 ], [ -85.294052, 39.729766 ], [ -85.293952, 39.729767 ], [ -85.293332, 39.729774 ], [ -85.292965, 39.729779 ], [ -85.291472, 39.729795 ], [ -85.290853, 39.729802 ], [ -85.289354, 39.729818 ], [ -85.288086, 39.729844 ], [ -85.287894, 39.729848 ], [ -85.286598, 39.729855 ], [ -85.28334, 39.729893 ], [ -85.281483, 39.729924 ], [ -85.279988, 39.72996 ], [ -85.279787, 39.729964 ], [ -85.278055, 39.730003 ], [ -85.277021, 39.730032 ], [ -85.276142, 39.730056 ], [ -85.272549, 39.730142 ], [ -85.271312, 39.730186 ], [ -85.269828, 39.730227 ], [ -85.26881, 39.730265 ], [ -85.268111, 39.730281 ], [ -85.267801, 39.730293 ], [ -85.26389, 39.730427 ], [ -85.262245, 39.73048 ], [ -85.262252, 39.729677 ], [ -85.262262, 39.727198 ], [ -85.262272, 39.726581 ], [ -85.262292, 39.723579 ], [ -85.262292, 39.723273 ], [ -85.262292, 39.722962 ], [ -85.262296, 39.721783 ], [ -85.262297, 39.721491 ], [ -85.262294, 39.720873 ], [ -85.262299, 39.720516 ], [ -85.262289, 39.719226 ], [ -85.262293, 39.71831 ], [ -85.26229, 39.717315 ], [ -85.26229, 39.717093 ], [ -85.262281, 39.716473 ], [ -85.262279, 39.715826 ], [ -85.262276, 39.715604 ], [ -85.262278, 39.715224 ], [ -85.262284, 39.714129 ], [ -85.262273, 39.713418 ], [ -85.262273, 39.713347 ], [ -85.262272, 39.712816 ], [ -85.262271, 39.712491 ], [ -85.262269, 39.711706 ], [ -85.26227, 39.711516 ], [ -85.262273, 39.711192 ], [ -85.262278, 39.710625 ], [ -85.262282, 39.710218 ], [ -85.262279, 39.708924 ], [ -85.262279, 39.70878 ], [ -85.262288, 39.708648 ], [ -85.262276, 39.708555 ], [ -85.262211, 39.708488 ], [ -85.26211, 39.708466 ], [ -85.261891, 39.708466 ], [ -85.260562, 39.708486 ], [ -85.260262, 39.708479 ], [ -85.260248, 39.708475 ], [ -85.260185, 39.708461 ], [ -85.260132, 39.70843 ], [ -85.26009, 39.708378 ], [ -85.26007, 39.708336 ], [ -85.26006, 39.708213 ], [ -85.260077, 39.707955 ], [ -85.260076, 39.707617 ], [ -85.260086, 39.706741 ], [ -85.260101, 39.706009 ], [ -85.260098, 39.70566 ], [ -85.26011, 39.705265 ], [ -85.260136, 39.703005 ], [ -85.260136, 39.702989 ], [ -85.260154, 39.702297 ], [ -85.260147, 39.701127 ], [ -85.260336, 39.701126 ], [ -85.260907, 39.701123 ], [ -85.26099, 39.701123 ], [ -85.261097, 39.701123 ], [ -85.261339, 39.701122 ], [ -85.261504, 39.701122 ], [ -85.261842, 39.701121 ], [ -85.262065, 39.701119 ], [ -85.262308, 39.701118 ], [ -85.262366, 39.701117 ], [ -85.262541, 39.701116 ], [ -85.2626, 39.701116 ], [ -85.264994, 39.701098 ], [ -85.265382, 39.701096 ], [ -85.268988, 39.701075 ], [ -85.271688, 39.701055 ], [ -85.272176, 39.701053 ], [ -85.272362, 39.701053 ], [ -85.273108, 39.701043 ], [ -85.273827, 39.70104 ], [ -85.274501, 39.70103 ], [ -85.274571, 39.701027 ], [ -85.274644, 39.701024 ], [ -85.275602, 39.701019 ], [ -85.275937, 39.701015 ], [ -85.279956, 39.700969 ], [ -85.280037, 39.700967 ], [ -85.281052, 39.700954 ], [ -85.281404, 39.700955 ], [ -85.277552, 39.698384 ], [ -85.272232, 39.694835 ], [ -85.268272, 39.692192 ], [ -85.265985, 39.690691 ], [ -85.264348, 39.689617 ], [ -85.26299, 39.688792 ], [ -85.262065, 39.68823 ], [ -85.262061, 39.688036 ], [ -85.262054, 39.687634 ], [ -85.26203, 39.686009 ], [ -85.262029, 39.685849 ], [ -85.262028, 39.685254 ], [ -85.262336, 39.685254 ], [ -85.263606, 39.685285 ], [ -85.264578, 39.685303 ], [ -85.266644, 39.685353 ], [ -85.267303, 39.685378 ], [ -85.267351, 39.685378 ], [ -85.267981, 39.685384 ], [ -85.268345, 39.685394 ], [ -85.268941, 39.685411 ], [ -85.269925, 39.685429 ], [ -85.270568, 39.68544 ], [ -85.271423, 39.685457 ], [ -85.273039, 39.685491 ], [ -85.273992, 39.685514 ], [ -85.275343, 39.685529 ], [ -85.275918, 39.685538 ], [ -85.277417, 39.685563 ], [ -85.277578, 39.685565 ], [ -85.278062, 39.685573 ], [ -85.278224, 39.685576 ], [ -85.279039, 39.685588 ], [ -85.279551, 39.685597 ], [ -85.281223, 39.685619 ], [ -85.281485, 39.685623 ], [ -85.281938, 39.685632 ], [ -85.282301, 39.685631 ], [ -85.282289, 39.684795 ], [ -85.282279, 39.684178 ], [ -85.282247, 39.682058 ], [ -85.282216, 39.67982 ], [ -85.282199, 39.678563 ], [ -85.282194, 39.678368 ], [ -85.282173, 39.677439 ], [ -85.282163, 39.677093 ], [ -85.282137, 39.67618 ], [ -85.282079, 39.67327 ], [ -85.282064, 39.672487 ], [ -85.282052, 39.671996 ], [ -85.282038, 39.671465 ], [ -85.282033, 39.671258 ], [ -85.282023, 39.670004 ], [ -85.282021, 39.669875 ], [ -85.282013, 39.669345 ], [ -85.282001, 39.668618 ], [ -85.281997, 39.668237 ], [ -85.281988, 39.667254 ], [ -85.281953, 39.664912 ], [ -85.281937, 39.663805 ], [ -85.282088, 39.663804 ], [ -85.282544, 39.663802 ], [ -85.282696, 39.663802 ], [ -85.283176, 39.6638 ], [ -85.283432, 39.663794 ], [ -85.284992, 39.663793 ], [ -85.285772, 39.663787 ], [ -85.286287, 39.663788 ], [ -85.286448, 39.663789 ], [ -85.288327, 39.663781 ], [ -85.29034, 39.663775 ], [ -85.29148, 39.663767 ], [ -85.292625, 39.663766 ], [ -85.29317, 39.663763 ], [ -85.293583, 39.663756 ], [ -85.294894, 39.663761 ], [ -85.295672, 39.663757 ], [ -85.296223, 39.663758 ], [ -85.296989, 39.663749 ], [ -85.297064, 39.663749 ], [ -85.297502, 39.66375 ], [ -85.298511, 39.66374 ], [ -85.299184, 39.663742 ], [ -85.29984, 39.663736 ], [ -85.300453, 39.663738 ], [ -85.300542, 39.663736 ], [ -85.300656, 39.663734 ], [ -85.300643, 39.663268 ], [ -85.300629, 39.662623 ], [ -85.300628, 39.662592 ], [ -85.300624, 39.662028 ], [ -85.300575, 39.659166 ], [ -85.300556, 39.658024 ], [ -85.300545, 39.657373 ], [ -85.300542, 39.657182 ], [ -85.300529, 39.656143 ], [ -85.300523, 39.655553 ], [ -85.30052, 39.655422 ], [ -85.300506, 39.654772 ], [ -85.300502, 39.654623 ], [ -85.300493, 39.654176 ], [ -85.30049, 39.654027 ], [ -85.300479, 39.653084 ], [ -85.300478, 39.653059 ], [ -85.300433, 39.650653 ], [ -85.300426, 39.650155 ], [ -85.300423, 39.649828 ], [ -85.300405, 39.649188 ], [ -85.300404, 39.649127 ], [ -85.300392, 39.648757 ], [ -85.300364, 39.647833 ], [ -85.300351, 39.64748 ], [ -85.30035, 39.647465 ], [ -85.300345, 39.647035 ], [ -85.298043, 39.644184 ], [ -85.293159, 39.638133 ], [ -85.291058, 39.635698 ], [ -85.289843, 39.634291 ], [ -85.28885, 39.633026 ], [ -85.288729, 39.632872 ], [ -85.287843, 39.631744 ], [ -85.286467, 39.62999 ], [ -85.285561, 39.628931 ], [ -85.285184, 39.62849 ], [ -85.28512, 39.628415 ], [ -85.284267, 39.627418 ], [ -85.284188, 39.627326 ], [ -85.283977, 39.627079 ], [ -85.283637, 39.626683 ], [ -85.283344, 39.626341 ], [ -85.283133, 39.626096 ], [ -85.282181, 39.626201 ], [ -85.28079, 39.626344 ], [ -85.279725, 39.626454 ], [ -85.276752, 39.626768 ], [ -85.276277, 39.626813 ], [ -85.275864, 39.626861 ], [ -85.275567, 39.626887 ], [ -85.274398, 39.627001 ], [ -85.273836, 39.627063 ], [ -85.27376, 39.62707 ], [ -85.272667, 39.627183 ], [ -85.27175, 39.627273 ], [ -85.271417, 39.627307 ], [ -85.271075, 39.627342 ], [ -85.270874, 39.627363 ], [ -85.270362, 39.627422 ], [ -85.270049, 39.627454 ], [ -85.269708, 39.627491 ], [ -85.268846, 39.627495 ], [ -85.266262, 39.627509 ], [ -85.265401, 39.627514 ], [ -85.264616, 39.627517 ], [ -85.26226, 39.627529 ], [ -85.261476, 39.627534 ], [ -85.261496, 39.626842 ], [ -85.261507, 39.626451 ], [ -85.261511, 39.626351 ], [ -85.261555, 39.625274 ], [ -85.261584, 39.624288 ], [ -85.26163, 39.623251 ], [ -85.261644, 39.622803 ], [ -85.261648, 39.622695 ], [ -85.261711, 39.621622 ], [ -85.261726, 39.621347 ], [ -85.261735, 39.621208 ], [ -85.261761, 39.620524 ], [ -85.26177, 39.620295 ], [ -85.261774, 39.62025 ], [ -85.261775, 39.620205 ], [ -85.261795, 39.619869 ], [ -85.261822, 39.618875 ], [ -85.261849, 39.618276 ], [ -85.261868, 39.617683 ], [ -85.261912, 39.61641 ], [ -85.26198, 39.614854 ], [ -85.262042, 39.613249 ], [ -85.262043, 39.613108 ], [ -85.262003, 39.613004 ], [ -85.261953, 39.612903 ], [ -85.261842, 39.61276 ], [ -85.261746, 39.612655 ], [ -85.261399, 39.61234 ], [ -85.261355, 39.612296 ], [ -85.261283, 39.612195 ], [ -85.261234, 39.612104 ], [ -85.261208, 39.612018 ], [ -85.261201, 39.611913 ], [ -85.261207, 39.611696 ], [ -85.261202, 39.610814 ], [ -85.261183, 39.610288 ], [ -85.261182, 39.610234 ], [ -85.26117, 39.609213 ], [ -85.26117, 39.608675 ], [ -85.261161, 39.608108 ], [ -85.26116, 39.607721 ], [ -85.261159, 39.606848 ], [ -85.261159, 39.606601 ], [ -85.261144, 39.606018 ], [ -85.261143, 39.605369 ], [ -85.261128, 39.604731 ], [ -85.261121, 39.604232 ], [ -85.261114, 39.603684 ], [ -85.261118, 39.60336 ], [ -85.261123, 39.602887 ], [ -85.261129, 39.602377 ], [ -85.26111, 39.601468 ], [ -85.261107, 39.601316 ], [ -85.261099, 39.600996 ], [ -85.261092, 39.600734 ], [ -85.261094, 39.600392 ], [ -85.261102, 39.599433 ], [ -85.261099, 39.598687 ], [ -85.261094, 39.598582 ], [ -85.261091, 39.598494 ], [ -85.261092, 39.598313 ], [ -85.261064, 39.598037 ], [ -85.261045, 39.597984 ], [ -85.261211, 39.597986 ], [ -85.261711, 39.597994 ], [ -85.261753, 39.597995 ], [ -85.261878, 39.597999 ], [ -85.261981, 39.598002 ], [ -85.26229, 39.598013 ], [ -85.262394, 39.598017 ], [ -85.262456, 39.598019 ], [ -85.262644, 39.598025 ], [ -85.262707, 39.598028 ], [ -85.262657, 39.597912 ], [ -85.262545, 39.597838 ], [ -85.262331, 39.597698 ], [ -85.262203, 39.597594 ], [ -85.261988, 39.597307 ], [ -85.261832, 39.5971 ], [ -85.261629, 39.59683 ], [ -85.261466, 39.596583 ], [ -85.261374, 39.59649 ], [ -85.261232, 39.596424 ], [ -85.261054, 39.596396 ], [ -85.260749, 39.596396 ], [ -85.260636, 39.596429 ], [ -85.260096, 39.596511 ], [ -85.259897, 39.596516 ], [ -85.259706, 39.596483 ], [ -85.259401, 39.596362 ], [ -85.25906, 39.596274 ], [ -85.258819, 39.59623 ], [ -85.258471, 39.596126 ], [ -85.258272, 39.596054 ], [ -85.258137, 39.596005 ], [ -85.257726, 39.595818 ], [ -85.257449, 39.595669 ], [ -85.25735, 39.595598 ], [ -85.257237, 39.595483 ], [ -85.257194, 39.595329 ], [ -85.257102, 39.595197 ], [ -85.257003, 39.595082 ], [ -85.256868, 39.594999 ], [ -85.256442, 39.594807 ], [ -85.256279, 39.594664 ], [ -85.256123, 39.59429 ], [ -85.255918, 39.593802 ], [ -85.255911, 39.593598 ], [ -85.255918, 39.593285 ], [ -85.25589, 39.593132 ], [ -85.255847, 39.593011 ], [ -85.255791, 39.592923 ], [ -85.255713, 39.592835 ], [ -85.255564, 39.592698 ], [ -85.255088, 39.592461 ], [ -85.254968, 39.592373 ], [ -85.254876, 39.592269 ], [ -85.254578, 39.591846 ], [ -85.254486, 39.591753 ], [ -85.254351, 39.591692 ], [ -85.254209, 39.59167 ], [ -85.253847, 39.591642 ], [ -85.25357, 39.591598 ], [ -85.253365, 39.591516 ], [ -85.25318, 39.591395 ], [ -85.253031, 39.591197 ], [ -85.252932, 39.591087 ], [ -85.252819, 39.59101 ], [ -85.2524, 39.590812 ], [ -85.252272, 39.590692 ], [ -85.252017, 39.59034 ], [ -85.251854, 39.590208 ], [ -85.251655, 39.590137 ], [ -85.251492, 39.590027 ], [ -85.251365, 39.5899 ], [ -85.250982, 39.589587 ], [ -85.250897, 39.589367 ], [ -85.250854, 39.589219 ], [ -85.250684, 39.588851 ], [ -85.250571, 39.588335 ], [ -85.250501, 39.588196 ], [ -85.250486, 39.588165 ], [ -85.250458, 39.588038 ], [ -85.250408, 39.58789 ], [ -85.250551, 39.587533 ], [ -85.250551, 39.587456 ], [ -85.25053, 39.587407 ], [ -85.250437, 39.587352 ], [ -85.250281, 39.587226 ], [ -85.250232, 39.587088 ], [ -85.250211, 39.586665 ], [ -85.25019, 39.586578 ], [ -85.25009, 39.586308 ], [ -85.250069, 39.586089 ], [ -85.250084, 39.585957 ], [ -85.250162, 39.585803 ], [ -85.250183, 39.585748 ], [ -85.250176, 39.585688 ], [ -85.249964, 39.585479 ], [ -85.250056, 39.584787 ], [ -85.250049, 39.584738 ], [ -85.249963, 39.584751 ], [ -85.249887, 39.584697 ], [ -85.2498, 39.584636 ], [ -85.24975, 39.584614 ], [ -85.249568, 39.584481 ], [ -85.249246, 39.584246 ], [ -85.249203, 39.584186 ], [ -85.248976, 39.583988 ], [ -85.24867, 39.583761 ], [ -85.248628, 39.58373 ], [ -85.248395, 39.583578 ], [ -85.248351, 39.583546 ], [ -85.248493, 39.583541 ], [ -85.249156, 39.583524 ], [ -85.249486, 39.583525 ], [ -85.249635, 39.583522 ], [ -85.250203, 39.583526 ], [ -85.250477, 39.583521 ], [ -85.250882, 39.583488 ], [ -85.250923, 39.583485 ], [ -85.251159, 39.583446 ], [ -85.251402, 39.58339 ], [ -85.251584, 39.58334 ], [ -85.251784, 39.583274 ], [ -85.252554, 39.583038 ], [ -85.252778, 39.582976 ], [ -85.252907, 39.582965 ], [ -85.253597, 39.582942 ], [ -85.25383, 39.582939 ], [ -85.254053, 39.582937 ], [ -85.254338, 39.582947 ], [ -85.254521, 39.582965 ], [ -85.254754, 39.583015 ], [ -85.255099, 39.583114 ], [ -85.255647, 39.583293 ], [ -85.256177, 39.583478 ], [ -85.257095, 39.583802 ], [ -85.257523, 39.583945 ], [ -85.257744, 39.583993 ], [ -85.257999, 39.584015 ], [ -85.25816, 39.584023 ], [ -85.258243, 39.584022 ], [ -85.258468, 39.584021 ], [ -85.258963, 39.584025 ], [ -85.259583, 39.584045 ], [ -85.260136, 39.584077 ], [ -85.260773, 39.584125 ], [ -85.261064, 39.584146 ], [ -85.261114, 39.58415 ], [ -85.261738, 39.584185 ], [ -85.261939, 39.584193 ], [ -85.262232, 39.584205 ], [ -85.262402, 39.584212 ], [ -85.262643, 39.584217 ], [ -85.263039, 39.584215 ], [ -85.263268, 39.584217 ], [ -85.263443, 39.58422 ], [ -85.26382, 39.58421 ], [ -85.264114, 39.584184 ], [ -85.264381, 39.584143 ], [ -85.26451, 39.584118 ], [ -85.264876, 39.584037 ], [ -85.265417, 39.58393 ], [ -85.265973, 39.583832 ], [ -85.266341, 39.583774 ], [ -85.266463, 39.583756 ], [ -85.266855, 39.58372 ], [ -85.267171, 39.583706 ], [ -85.267375, 39.583701 ], [ -85.267489, 39.583702 ], [ -85.267574, 39.583704 ], [ -85.267833, 39.583712 ], [ -85.267948, 39.583716 ], [ -85.267924, 39.583679 ], [ -85.267863, 39.583577 ], [ -85.267792, 39.583478 ], [ -85.267643, 39.583346 ], [ -85.267048, 39.582687 ], [ -85.266892, 39.5825 ], [ -85.266863, 39.582429 ], [ -85.26692, 39.582302 ], [ -85.266956, 39.582176 ], [ -85.266913, 39.58205 ], [ -85.266821, 39.581973 ], [ -85.26663, 39.581858 ], [ -85.266424, 39.581786 ], [ -85.266158, 39.581647 ], [ -85.266119, 39.581627 ], [ -85.265807, 39.581445 ], [ -85.265693, 39.581352 ], [ -85.26565, 39.581281 ], [ -85.265629, 39.580989 ], [ -85.265587, 39.580929 ], [ -85.265459, 39.580852 ], [ -85.265339, 39.580731 ], [ -85.26531, 39.580347 ], [ -85.265282, 39.58027 ], [ -85.265204, 39.580182 ], [ -85.265105, 39.580116 ], [ -85.265055, 39.580034 ], [ -85.264992, 39.579852 ], [ -85.264963, 39.579649 ], [ -85.264885, 39.579534 ], [ -85.264793, 39.579468 ], [ -85.264623, 39.579391 ], [ -85.264453, 39.579287 ], [ -85.264311, 39.579177 ], [ -85.26424, 39.579078 ], [ -85.264169, 39.578951 ], [ -85.264127, 39.578831 ], [ -85.264127, 39.578726 ], [ -85.264169, 39.578562 ], [ -85.26439, 39.577974 ], [ -85.264425, 39.577744 ], [ -85.264383, 39.577337 ], [ -85.264291, 39.577123 ], [ -85.264149, 39.576848 ], [ -85.263802, 39.576409 ], [ -85.263433, 39.576057 ], [ -85.263291, 39.575942 ], [ -85.263206, 39.575837 ], [ -85.263065, 39.575596 ], [ -85.26293, 39.575266 ], [ -85.262781, 39.574959 ], [ -85.262725, 39.574772 ], [ -85.262689, 39.574563 ], [ -85.262662, 39.574287 ], [ -85.262661, 39.574267 ], [ -85.262619, 39.574102 ], [ -85.262427, 39.57375 ], [ -85.262236, 39.573459 ], [ -85.261718, 39.572998 ], [ -85.261527, 39.572784 ], [ -85.261286, 39.572476 ], [ -85.261102, 39.572284 ], [ -85.260938, 39.572174 ], [ -85.260779, 39.572087 ], [ -85.260726, 39.572058 ], [ -85.26052, 39.571987 ], [ -85.260385, 39.571976 ], [ -85.260144, 39.571932 ], [ -85.259974, 39.571844 ], [ -85.259562, 39.571498 ], [ -85.259534, 39.571355 ], [ -85.259435, 39.571113 ], [ -85.259343, 39.570938 ], [ -85.259251, 39.570789 ], [ -85.259123, 39.570652 ], [ -85.259099, 39.570632 ], [ -85.258996, 39.570542 ], [ -85.258896, 39.570471 ], [ -85.258584, 39.570333 ], [ -85.258301, 39.570229 ], [ -85.258038, 39.570091 ], [ -85.257719, 39.569899 ], [ -85.257591, 39.569855 ], [ -85.257457, 39.569822 ], [ -85.257244, 39.569833 ], [ -85.257123, 39.569827 ], [ -85.256988, 39.569783 ], [ -85.256201, 39.569459 ], [ -85.256125, 39.569434 ], [ -85.256119, 39.568959 ], [ -85.260801, 39.569002 ], [ -85.260669, 39.561726 ], [ -85.252647, 39.561653 ], [ -85.251681, 39.561644 ], [ -85.251641, 39.554368 ], [ -85.251635, 39.552663 ], [ -85.24512, 39.552669 ], [ -85.245408, 39.550983 ], [ -85.252648, 39.550975 ], [ -85.255916, 39.550971 ], [ -85.255852, 39.548563 ], [ -85.25582, 39.547347 ], [ -85.260499, 39.547342 ], [ -85.260506, 39.548558 ], [ -85.260523, 39.551713 ], [ -85.265133, 39.551799 ], [ -85.265271, 39.556865 ], [ -85.26884, 39.556458 ], [ -85.268833, 39.556358 ], [ -85.269069, 39.556344 ], [ -85.269069, 39.556279 ], [ -85.269741, 39.556234 ], [ -85.269713, 39.555892 ], [ -85.269687, 39.555576 ], [ -85.269663, 39.555232 ], [ -85.269639, 39.555 ], [ -85.269637, 39.554863 ], [ -85.269644, 39.554773 ], [ -85.269671, 39.554729 ], [ -85.269704, 39.554697 ], [ -85.269777, 39.554643 ], [ -85.269884, 39.554595 ], [ -85.26997, 39.554565 ], [ -85.270028, 39.554552 ], [ -85.270106, 39.554549 ], [ -85.270283, 39.554543 ], [ -85.270399, 39.554532 ], [ -85.270339, 39.554502 ], [ -85.270255, 39.554427 ], [ -85.270204, 39.554357 ], [ -85.27015, 39.554252 ], [ -85.270116, 39.554155 ], [ -85.270051, 39.553966 ], [ -85.27002, 39.553869 ], [ -85.270008, 39.553757 ], [ -85.269991, 39.553471 ], [ -85.269993, 39.553057 ], [ -85.269987, 39.552714 ], [ -85.26998, 39.552305 ], [ -85.26998, 39.552228 ], [ -85.270104, 39.552244 ], [ -85.270416, 39.552348 ], [ -85.270622, 39.552376 ], [ -85.27112, 39.552472 ], [ -85.271218, 39.552492 ], [ -85.271345, 39.552536 ], [ -85.271409, 39.552585 ], [ -85.271466, 39.552667 ], [ -85.271608, 39.553002 ], [ -85.271721, 39.553167 ], [ -85.271905, 39.553343 ], [ -85.272161, 39.553508 ], [ -85.272437, 39.553607 ], [ -85.272522, 39.553717 ], [ -85.272622, 39.55381 ], [ -85.273826, 39.554528 ], [ -85.273884, 39.554563 ], [ -85.274175, 39.554755 ], [ -85.274338, 39.554849 ], [ -85.274877, 39.555019 ], [ -85.275118, 39.55514 ], [ -85.275345, 39.555162 ], [ -85.275529, 39.555222 ], [ -85.275785, 39.555332 ], [ -85.27604, 39.555382 ], [ -85.276317, 39.555497 ], [ -85.276551, 39.555552 ], [ -85.276742, 39.555591 ], [ -85.276884, 39.555602 ], [ -85.277118, 39.555585 ], [ -85.277246, 39.555596 ], [ -85.277317, 39.555646 ], [ -85.277536, 39.555898 ], [ -85.277643, 39.555986 ], [ -85.277735, 39.556041 ], [ -85.278097, 39.556151 ], [ -85.278338, 39.556261 ], [ -85.278501, 39.556322 ], [ -85.278884, 39.556415 ], [ -85.27931, 39.556552 ], [ -85.279551, 39.556646 ], [ -85.279664, 39.556723 ], [ -85.279678, 39.556882 ], [ -85.279742, 39.557019 ], [ -85.279749, 39.557113 ], [ -85.27982, 39.557179 ], [ -85.279905, 39.55719 ], [ -85.280012, 39.557157 ], [ -85.280182, 39.557124 ], [ -85.280402, 39.557107 ], [ -85.28065, 39.557107 ], [ -85.281104, 39.557135 ], [ -85.281352, 39.557195 ], [ -85.281551, 39.557256 ], [ -85.281721, 39.557322 ], [ -85.28204, 39.557558 ], [ -85.282281, 39.55763 ], [ -85.282416, 39.557641 ], [ -85.282608, 39.557679 ], [ -85.282835, 39.557767 ], [ -85.283019, 39.557899 ], [ -85.283097, 39.55797 ], [ -85.283168, 39.558009 ], [ -85.283253, 39.558025 ], [ -85.28336, 39.558014 ], [ -85.283523, 39.55797 ], [ -85.283672, 39.557948 ], [ -85.283799, 39.557965 ], [ -85.283892, 39.558003 ], [ -85.283948, 39.558058 ], [ -85.28409, 39.558311 ], [ -85.284147, 39.558388 ], [ -85.284267, 39.558448 ], [ -85.28431, 39.558503 ], [ -85.284374, 39.558619 ], [ -85.284452, 39.55869 ], [ -85.28465, 39.558783 ], [ -85.284714, 39.558849 ], [ -85.284778, 39.558959 ], [ -85.284799, 39.559091 ], [ -85.284856, 39.559173 ], [ -85.285026, 39.559349 ], [ -85.285516, 39.559618 ], [ -85.285579, 39.559684 ], [ -85.285707, 39.559915 ], [ -85.285806, 39.56003 ], [ -85.285998, 39.56014 ], [ -85.28614, 39.560244 ], [ -85.286161, 39.560343 ], [ -85.286494, 39.56086 ], [ -85.286622, 39.561035 ], [ -85.286707, 39.561134 ], [ -85.286948, 39.561332 ], [ -85.286997, 39.561436 ], [ -85.287097, 39.561447 ], [ -85.287203, 39.561486 ], [ -85.287331, 39.561557 ], [ -85.287508, 39.561689 ], [ -85.287671, 39.561733 ], [ -85.28787, 39.561766 ], [ -85.288274, 39.561909 ], [ -85.288381, 39.561892 ], [ -85.288594, 39.561799 ], [ -85.288728, 39.56181 ], [ -85.288927, 39.561876 ], [ -85.289076, 39.561947 ], [ -85.289232, 39.562074 ], [ -85.289367, 39.562255 ], [ -85.289438, 39.562398 ], [ -85.289494, 39.56248 ], [ -85.289636, 39.562535 ], [ -85.289721, 39.562579 ], [ -85.289743, 39.562623 ], [ -85.289736, 39.562865 ], [ -85.289792, 39.563018 ], [ -85.289899, 39.563134 ], [ -85.28997, 39.563189 ], [ -85.290062, 39.5632 ], [ -85.290147, 39.563183 ], [ -85.290225, 39.563134 ], [ -85.290296, 39.563128 ], [ -85.290395, 39.563156 ], [ -85.290452, 39.563211 ], [ -85.29048, 39.563299 ], [ -85.290459, 39.56348 ], [ -85.290473, 39.563524 ], [ -85.290551, 39.563551 ], [ -85.290643, 39.56354 ], [ -85.290743, 39.563562 ], [ -85.290828, 39.563606 ], [ -85.290842, 39.563661 ], [ -85.290736, 39.563853 ], [ -85.290736, 39.563919 ], [ -85.290792, 39.56398 ], [ -85.290899, 39.564046 ], [ -85.290962, 39.564117 ], [ -85.291019, 39.564232 ], [ -85.291076, 39.564485 ], [ -85.291118, 39.564589 ], [ -85.291338, 39.564688 ], [ -85.291409, 39.564732 ], [ -85.291438, 39.564781 ], [ -85.291423, 39.564886 ], [ -85.291466, 39.564957 ], [ -85.291601, 39.564985 ], [ -85.2917, 39.565023 ], [ -85.292097, 39.565281 ], [ -85.292565, 39.565512 ], [ -85.292984, 39.565869 ], [ -85.293149, 39.565989 ], [ -85.293232, 39.56605 ], [ -85.29353, 39.566248 ], [ -85.293629, 39.566303 ], [ -85.2938, 39.566298 ], [ -85.293927, 39.566319 ], [ -85.294445, 39.566633 ], [ -85.294658, 39.566775 ], [ -85.294715, 39.566797 ], [ -85.294814, 39.566781 ], [ -85.294977, 39.566649 ], [ -85.295091, 39.566627 ], [ -85.295226, 39.566627 ], [ -85.29541, 39.566682 ], [ -85.29558, 39.566776 ], [ -85.295914, 39.566831 ], [ -85.29602, 39.566885 ], [ -85.296162, 39.567067 ], [ -85.29624, 39.5671 ], [ -85.296396, 39.5671 ], [ -85.296772, 39.567056 ], [ -85.296936, 39.567072 ], [ -85.297766, 39.567347 ], [ -85.297865, 39.567347 ], [ -85.298078, 39.567309 ], [ -85.298319, 39.567248 ], [ -85.298496, 39.567237 ], [ -85.29856, 39.567239 ], [ -85.298554, 39.566941 ], [ -85.298537, 39.566048 ], [ -85.298532, 39.565759 ], [ -85.298528, 39.564605 ], [ -85.298528, 39.564475 ], [ -85.298521, 39.562531 ], [ -85.29848, 39.56117 ], [ -85.298475, 39.560987 ], [ -85.29846, 39.560025 ], [ -85.298459, 39.56001 ], [ -85.298458, 39.559938 ], [ -85.298457, 39.559855 ], [ -85.298454, 39.559679 ], [ -85.298453, 39.559593 ], [ -85.298451, 39.559455 ], [ -85.298445, 39.559256 ], [ -85.298436, 39.55893 ], [ -85.298431, 39.558247 ], [ -85.29843, 39.55799 ], [ -85.298428, 39.557918 ], [ -85.298399, 39.556566 ], [ -85.298375, 39.555438 ], [ -85.298364, 39.55437 ], [ -85.298362, 39.553279 ], [ -85.298353, 39.552534 ], [ -85.298338, 39.55119 ], [ -85.298335, 39.551057 ], [ -85.298327, 39.55066 ], [ -85.298324, 39.550525 ], [ -85.298321, 39.550312 ], [ -85.298323, 39.549911 ], [ -85.298326, 39.549409 ], [ -85.298317, 39.548063 ], [ -85.298313, 39.547447 ], [ -85.29831, 39.547038 ], [ -85.298309, 39.546842 ], [ -85.2983, 39.546313 ], [ -85.298302, 39.545813 ], [ -85.298305, 39.545405 ], [ -85.298123, 39.545364 ], [ -85.29611, 39.54497 ], [ -85.29565, 39.544886 ], [ -85.295566, 39.544868 ], [ -85.295034, 39.54476 ], [ -85.294032, 39.544569 ], [ -85.293513, 39.544475 ], [ -85.291924, 39.544161 ], [ -85.291781, 39.544124 ], [ -85.29162, 39.544068 ], [ -85.291501, 39.544012 ], [ -85.291323, 39.543906 ], [ -85.2908, 39.543545 ], [ -85.290366, 39.543225 ], [ -85.289852, 39.542864 ], [ -85.289306, 39.542471 ], [ -85.288808, 39.542119 ], [ -85.288064, 39.541577 ], [ -85.287099, 39.540875 ], [ -85.28609, 39.540166 ], [ -85.285919, 39.540069 ], [ -85.285768, 39.539999 ], [ -85.285581, 39.539912 ], [ -85.285161, 39.539739 ], [ -85.284462, 39.539459 ], [ -85.284019, 39.539288 ], [ -85.283667, 39.539172 ], [ -85.283214, 39.539029 ], [ -85.282888, 39.538942 ], [ -85.282637, 39.53889 ], [ -85.281729, 39.538737 ], [ -85.280868, 39.538613 ], [ -85.280435, 39.538541 ], [ -85.280343, 39.538528 ], [ -85.279893, 39.538465 ], [ -85.279644, 39.538421 ], [ -85.27947, 39.538383 ], [ -85.279344, 39.538345 ], [ -85.2792, 39.538283 ], [ -85.279, 39.538153 ], [ -85.278099, 39.53757 ], [ -85.277523, 39.537197 ], [ -85.277184, 39.536985 ], [ -85.276276, 39.536404 ], [ -85.27578, 39.53608 ], [ -85.275388, 39.535837 ], [ -85.275314, 39.535791 ], [ -85.274734, 39.53542 ], [ -85.274563, 39.535318 ], [ -85.274474, 39.535278 ], [ -85.274491, 39.535227 ], [ -85.2745, 39.535074 ], [ -85.274497, 39.534503 ], [ -85.274501, 39.533523 ], [ -85.274502, 39.533402 ], [ -85.274496, 39.533085 ], [ -85.27448, 39.532931 ], [ -85.274454, 39.532841 ], [ -85.27441, 39.532727 ], [ -85.274344, 39.532637 ], [ -85.274268, 39.532548 ], [ -85.274081, 39.532343 ], [ -85.273507, 39.531739 ], [ -85.273306, 39.53152 ], [ -85.273076, 39.531279 ], [ -85.272954, 39.531106 ], [ -85.272915, 39.531032 ], [ -85.272879, 39.53094 ], [ -85.272856, 39.530847 ], [ -85.27285, 39.530751 ], [ -85.272851, 39.530619 ], [ -85.272875, 39.530505 ], [ -85.27291, 39.530398 ], [ -85.273001, 39.530177 ], [ -85.273324, 39.529472 ], [ -85.273358, 39.529365 ], [ -85.273365, 39.529323 ], [ -85.27337, 39.529212 ], [ -85.273361, 39.529131 ], [ -85.273315, 39.529021 ], [ -85.273277, 39.528969 ], [ -85.273219, 39.528887 ], [ -85.273195, 39.528813 ], [ -85.273187, 39.528733 ], [ -85.273192, 39.528639 ], [ -85.273215, 39.528501 ], [ -85.273365, 39.527855 ], [ -85.273414, 39.527553 ], [ -85.273431, 39.527417 ], [ -85.273427, 39.527331 ], [ -85.273411, 39.527261 ], [ -85.27353, 39.527213 ], [ -85.273567, 39.5272 ], [ -85.273602, 39.527183 ], [ -85.273657, 39.527167 ], [ -85.2742, 39.526971 ], [ -85.274339, 39.526915 ], [ -85.274457, 39.526854 ], [ -85.274541, 39.526812 ], [ -85.27462, 39.526758 ], [ -85.274712, 39.526685 ], [ -85.274788, 39.526616 ], [ -85.275146, 39.526359 ], [ -85.275467, 39.526171 ], [ -85.275719, 39.526054 ], [ -85.275939, 39.525945 ], [ -85.276164, 39.525868 ], [ -85.276403, 39.525805 ], [ -85.276533, 39.52578 ], [ -85.276753, 39.525752 ], [ -85.277344, 39.525712 ], [ -85.277536, 39.525692 ], [ -85.277763, 39.525669 ], [ -85.277884, 39.525648 ], [ -85.278075, 39.525597 ], [ -85.278375, 39.525533 ], [ -85.278642, 39.5255 ], [ -85.277184, 39.525505 ], [ -85.272811, 39.52552 ], [ -85.271354, 39.525526 ], [ -85.271345, 39.52545 ], [ -85.271347, 39.525309 ], [ -85.271362, 39.525163 ], [ -85.271371, 39.525019 ], [ -85.271373, 39.524875 ], [ -85.271362, 39.524739 ], [ -85.27133, 39.524609 ], [ -85.271302, 39.524546 ], [ -85.271251, 39.524482 ], [ -85.271193, 39.524425 ], [ -85.271133, 39.524379 ], [ -85.271022, 39.524284 ], [ -85.270937, 39.524169 ], [ -85.270879, 39.524035 ], [ -85.270755, 39.523607 ], [ -85.270697, 39.52332 ], [ -85.270654, 39.523185 ], [ -85.270617, 39.523125 ], [ -85.270565, 39.523071 ], [ -85.270503, 39.523027 ], [ -85.270436, 39.522994 ], [ -85.270367, 39.52297 ], [ -85.270226, 39.522935 ], [ -85.270092, 39.52289 ], [ -85.270038, 39.522853 ], [ -85.269993, 39.522805 ], [ -85.269963, 39.522748 ], [ -85.26995, 39.522681 ], [ -85.269916, 39.521819 ], [ -85.269918, 39.521453 ], [ -85.269934, 39.521092 ], [ -85.269924, 39.519635 ], [ -85.269912, 39.518903 ], [ -85.269907, 39.515988 ], [ -85.269896, 39.515627 ], [ -85.269889, 39.514915 ], [ -85.269891, 39.514184 ], [ -85.269887, 39.513824 ], [ -85.269887, 39.512681 ], [ -85.269911, 39.512331 ], [ -85.270519, 39.512349 ], [ -85.271069, 39.512358 ], [ -85.272049, 39.512359 ], [ -85.273369, 39.512389 ], [ -85.273968, 39.512406 ], [ -85.274412, 39.512427 ], [ -85.274722, 39.512436 ], [ -85.274873, 39.512444 ], [ -85.274911, 39.512445 ], [ -85.274886, 39.512378 ], [ -85.274659, 39.51214 ], [ -85.274617, 39.511831 ], [ -85.274665, 39.511587 ], [ -85.274794, 39.51138 ], [ -85.274797, 39.50719 ], [ -85.275678, 39.507212 ], [ -85.275713, 39.510011 ], [ -85.275507, 39.511578 ], [ -85.276754, 39.511661 ], [ -85.279707, 39.51016 ], [ -85.279694, 39.505117 ], [ -85.286663, 39.50522 ], [ -85.286632, 39.503498 ], [ -85.286626, 39.503113 ], [ -85.286609, 39.501882 ], [ -85.286603, 39.5018 ], [ -85.287264, 39.501979 ], [ -85.287937, 39.501997 ], [ -85.287932, 39.498899 ], [ -85.288334, 39.499036 ], [ -85.28892, 39.499225 ], [ -85.288926, 39.499039 ], [ -85.288936, 39.4989 ], [ -85.288933, 39.498613 ], [ -85.288916, 39.498178 ], [ -85.288917, 39.497889 ], [ -85.288907, 39.49749 ], [ -85.288884, 39.497035 ], [ -85.288882, 39.496572 ], [ -85.288881, 39.496275 ], [ -85.288877, 39.496133 ], [ -85.288865, 39.495619 ], [ -85.288863, 39.495543 ], [ -85.288854, 39.495169 ], [ -85.288834, 39.493685 ], [ -85.288827, 39.491973 ], [ -85.28882, 39.491754 ], [ -85.288816, 39.490874 ], [ -85.288806, 39.49041 ], [ -85.288805, 39.490351 ], [ -85.288782, 39.489617 ], [ -85.288769, 39.489201 ], [ -85.288774, 39.487947 ], [ -85.288763, 39.487814 ], [ -85.288729, 39.487748 ], [ -85.288669, 39.487693 ], [ -85.288595, 39.487656 ], [ -85.288512, 39.487637 ], [ -85.288426, 39.487628 ], [ -85.288345, 39.487624 ], [ -85.287506, 39.487631 ], [ -85.287057, 39.487628 ], [ -85.286614, 39.487633 ], [ -85.286469, 39.487631 ], [ -85.286256, 39.487619 ], [ -85.286118, 39.487592 ], [ -85.286052, 39.487572 ], [ -85.28599, 39.487546 ], [ -85.285931, 39.487516 ], [ -85.285874, 39.487481 ], [ -85.285764, 39.487394 ], [ -85.285651, 39.48729 ], [ -85.285272, 39.486924 ], [ -85.284103, 39.485842 ], [ -85.284011, 39.485739 ], [ -85.283934, 39.485627 ], [ -85.283881, 39.485505 ], [ -85.283834, 39.485375 ], [ -85.283793, 39.48524 ], [ -85.283638, 39.484576 ], [ -85.283592, 39.484421 ], [ -85.283553, 39.484264 ], [ -85.283404, 39.483672 ], [ -85.283305, 39.48324 ], [ -85.283243, 39.483037 ], [ -85.28297, 39.483022 ], [ -85.282892, 39.483006 ], [ -85.282725, 39.482993 ], [ -85.282575, 39.482992 ], [ -85.282425, 39.482983 ], [ -85.282281, 39.482953 ], [ -85.282211, 39.482928 ], [ -85.282148, 39.482894 ], [ -85.282094, 39.482854 ], [ -85.282042, 39.482809 ], [ -85.28195, 39.482706 ], [ -85.281089, 39.481515 ], [ -85.280875, 39.481233 ], [ -85.280579, 39.48083 ], [ -85.280497, 39.480712 ], [ -85.280236, 39.480372 ], [ -85.280133, 39.480266 ], [ -85.280016, 39.480174 ], [ -85.279651, 39.479947 ], [ -85.279599, 39.479904 ], [ -85.279556, 39.479856 ], [ -85.27952, 39.4798 ], [ -85.279495, 39.479741 ], [ -85.279484, 39.479677 ], [ -85.279488, 39.47961 ], [ -85.279505, 39.47954 ], [ -85.279538, 39.47947 ], [ -85.279626, 39.479333 ], [ -85.279722, 39.479205 ], [ -85.279908, 39.478977 ], [ -85.280185, 39.478649 ], [ -85.28027, 39.478537 ], [ -85.28034, 39.478416 ], [ -85.280362, 39.478349 ], [ -85.28037, 39.478278 ], [ -85.280358, 39.478206 ], [ -85.280337, 39.478134 ], [ -85.280303, 39.478065 ], [ -85.280164, 39.477873 ], [ -85.2795, 39.477016 ], [ -85.279421, 39.476905 ], [ -85.279358, 39.476784 ], [ -85.279333, 39.476718 ], [ -85.279314, 39.476647 ], [ -85.279303, 39.476576 ], [ -85.279292, 39.476422 ], [ -85.279292, 39.476027 ], [ -85.279282, 39.475398 ], [ -85.279261, 39.474036 ], [ -85.279278, 39.473542 ], [ -85.279273, 39.473408 ], [ -85.27925, 39.473284 ], [ -85.279227, 39.473219 ], [ -85.279182, 39.473136 ], [ -85.279154, 39.473083 ], [ -85.279105, 39.473012 ], [ -85.279013, 39.472894 ], [ -85.278913, 39.47278 ], [ -85.278821, 39.472663 ], [ -85.278785, 39.472597 ], [ -85.278761, 39.472524 ], [ -85.27876, 39.472451 ], [ -85.27878, 39.472381 ], [ -85.278812, 39.472313 ], [ -85.278854, 39.472253 ], [ -85.27901, 39.47208 ], [ -85.279099, 39.471969 ], [ -85.279172, 39.471853 ], [ -85.279228, 39.471731 ], [ -85.279264, 39.471597 ], [ -85.279287, 39.471452 ], [ -85.279349, 39.470879 ], [ -85.279378, 39.470742 ], [ -85.279427, 39.470598 ], [ -85.279547, 39.470314 ], [ -85.279599, 39.47017 ], [ -85.279624, 39.470025 ], [ -85.279629, 39.469878 ], [ -85.279619, 39.469732 ], [ -85.279599, 39.469588 ], [ -85.279572, 39.469447 ], [ -85.279538, 39.469307 ], [ -85.27949, 39.46917 ], [ -85.279435, 39.469039 ], [ -85.279372, 39.468911 ], [ -85.279303, 39.468788 ], [ -85.279241, 39.468663 ], [ -85.279195, 39.468533 ], [ -85.279165, 39.4684 ], [ -85.279145, 39.468267 ], [ -85.279139, 39.468136 ], [ -85.279141, 39.46792 ], [ -85.27919, 39.467612 ], [ -85.279223, 39.467448 ], [ -85.279326, 39.467019 ], [ -85.279351, 39.466882 ], [ -85.27936, 39.466747 ], [ -85.279344, 39.466612 ], [ -85.279289, 39.466485 ], [ -85.279213, 39.466373 ], [ -85.279173, 39.46624 ], [ -85.279143, 39.466109 ], [ -85.279132, 39.465973 ], [ -85.279133, 39.465731 ], [ -85.279134, 39.465545 ], [ -85.279144, 39.4651 ], [ -85.279129, 39.464544 ], [ -85.279089, 39.463515 ], [ -85.279078, 39.462392 ], [ -85.27908, 39.46224 ], [ -85.279101, 39.462096 ], [ -85.279154, 39.461964 ], [ -85.279257, 39.461782 ], [ -85.279303, 39.461656 ], [ -85.279319, 39.461588 ], [ -85.279327, 39.461516 ], [ -85.279321, 39.461443 ], [ -85.27928, 39.461298 ], [ -85.279169, 39.46103 ], [ -85.279104, 39.460815 ], [ -85.279608, 39.460816 ], [ -85.279825, 39.460809 ], [ -85.280045, 39.460797 ], [ -85.280266, 39.46079 ], [ -85.281244, 39.46078 ], [ -85.284104, 39.460788 ], [ -85.284883, 39.460781 ], [ -85.285666, 39.46078 ], [ -85.286452, 39.460784 ], [ -85.287233, 39.460793 ], [ -85.28799, 39.460792 ], [ -85.288742, 39.460801 ], [ -85.289754, 39.460794 ], [ -85.290348, 39.460802 ], [ -85.290494, 39.460794 ], [ -85.290638, 39.460768 ], [ -85.290775, 39.460712 ], [ -85.290901, 39.460637 ], [ -85.291015, 39.460546 ], [ -85.29112, 39.460443 ], [ -85.29121, 39.460328 ], [ -85.291273, 39.460198 ], [ -85.291309, 39.460057 ], [ -85.291324, 39.459914 ], [ -85.291313, 39.459553 ], [ -85.291316, 39.459122 ], [ -85.291317, 39.459089 ], [ -85.291327, 39.458905 ], [ -85.291353, 39.458763 ], [ -85.291378, 39.458695 ], [ -85.291416, 39.458632 ], [ -85.291461, 39.458577 ], [ -85.291517, 39.458526 ], [ -85.291582, 39.458484 ], [ -85.291649, 39.458455 ], [ -85.291792, 39.458424 ], [ -85.292292, 39.458368 ], [ -85.292505, 39.458334 ], [ -85.292643, 39.4583 ], [ -85.292709, 39.458279 ], [ -85.292773, 39.458247 ], [ -85.292831, 39.458201 ], [ -85.292878, 39.458145 ], [ -85.292892, 39.45812 ], [ -85.292687, 39.458125 ], [ -85.292495, 39.45818 ], [ -85.292233, 39.458229 ], [ -85.291985, 39.458245 ], [ -85.29178, 39.458218 ], [ -85.291617, 39.45818 ], [ -85.291319, 39.458053 ], [ -85.291079, 39.45791 ], [ -85.290576, 39.457504 ], [ -85.289676, 39.456922 ], [ -85.289315, 39.456652 ], [ -85.288855, 39.456268 ], [ -85.288586, 39.455894 ], [ -85.288416, 39.455746 ], [ -85.28826, 39.455631 ], [ -85.287991, 39.455477 ], [ -85.287623, 39.45529 ], [ -85.287247, 39.455026 ], [ -85.286872, 39.454779 ], [ -85.286504, 39.454565 ], [ -85.286206, 39.454488 ], [ -85.286043, 39.454428 ], [ -85.285151, 39.453867 ], [ -85.284861, 39.453746 ], [ -85.284613, 39.453675 ], [ -85.284315, 39.45357 ], [ -85.284238, 39.453461 ], [ -85.284039, 39.45295 ], [ -85.283862, 39.452642 ], [ -85.283777, 39.452516 ], [ -85.283664, 39.45239 ], [ -85.283629, 39.452291 ], [ -85.28365, 39.452071 ], [ -85.283608, 39.451577 ], [ -85.283608, 39.450929 ], [ -85.283545, 39.450594 ], [ -85.283346, 39.450198 ], [ -85.283219, 39.449858 ], [ -85.283198, 39.449699 ], [ -85.283205, 39.449435 ], [ -85.283177, 39.449303 ], [ -85.283092, 39.449045 ], [ -85.283056, 39.448853 ], [ -85.283043, 39.448364 ], [ -85.283092, 39.448117 ], [ -85.283184, 39.44787 ], [ -85.283185, 39.447738 ], [ -85.283149, 39.447519 ], [ -85.283114, 39.447409 ], [ -85.283022, 39.44726 ], [ -85.282979, 39.447145 ], [ -85.282994, 39.447068 ], [ -85.283036, 39.44698 ], [ -85.283121, 39.446871 ], [ -85.283178, 39.446761 ], [ -85.283192, 39.446662 ], [ -85.283192, 39.446558 ], [ -85.28315, 39.446464 ], [ -85.283143, 39.446382 ], [ -85.283164, 39.446316 ], [ -85.283228, 39.446228 ], [ -85.283235, 39.446179 ], [ -85.283214, 39.446135 ], [ -85.283072, 39.446069 ], [ -85.282937, 39.44603 ], [ -85.282867, 39.44597 ], [ -85.282888, 39.445761 ], [ -85.282867, 39.445673 ], [ -85.282838, 39.445624 ], [ -85.282775, 39.445563 ], [ -85.282753, 39.445459 ], [ -85.282768, 39.44536 ], [ -85.282824, 39.445283 ], [ -85.282973, 39.44519 ], [ -85.28315, 39.445042 ], [ -85.283179, 39.44497 ], [ -85.2832, 39.444696 ], [ -85.283299, 39.444526 ], [ -85.283398, 39.444416 ], [ -85.283434, 39.444317 ], [ -85.283448, 39.444174 ], [ -85.283448, 39.44396 ], [ -85.283498, 39.443812 ], [ -85.283625, 39.443653 ], [ -85.283994, 39.443378 ], [ -85.284575, 39.442697 ], [ -85.28478, 39.44256 ], [ -85.284858, 39.442483 ], [ -85.284993, 39.442297 ], [ -85.28522, 39.441813 ], [ -85.285312, 39.441704 ], [ -85.285397, 39.441643 ], [ -85.285532, 39.441566 ], [ -85.285595, 39.441413 ], [ -85.285978, 39.440924 ], [ -85.286091, 39.440842 ], [ -85.286276, 39.440759 ], [ -85.286382, 39.440732 ], [ -85.286516, 39.440726 ], [ -85.286736, 39.440759 ], [ -85.286899, 39.440803 ], [ -85.287005, 39.44082 ], [ -85.287147, 39.440776 ], [ -85.287217, 39.440716 ], [ -85.287288, 39.440584 ], [ -85.287189, 39.440145 ], [ -85.287168, 39.439804 ], [ -85.28719, 39.439672 ], [ -85.287282, 39.439486 ], [ -85.287303, 39.439337 ], [ -85.287176, 39.438958 ], [ -85.287169, 39.43875 ], [ -85.287231, 39.438546 ], [ -85.288593, 39.438517 ], [ -85.288809, 39.438524 ], [ -85.288858, 39.43853 ], [ -85.289868, 39.438519 ], [ -85.290208, 39.438516 ], [ -85.297372, 39.438434 ], [ -85.297409, 39.438435 ], [ -85.29752, 39.438441 ], [ -85.297558, 39.438443 ], [ -85.297578, 39.438444 ], [ -85.297607, 39.438443 ], [ -85.297707, 39.438443 ], [ -85.2977, 39.438394 ], [ -85.297696, 39.438363 ], [ -85.297694, 39.438345 ], [ -85.297656, 39.437913 ], [ -85.297653, 39.437838 ], [ -85.297611, 39.436315 ], [ -85.297597, 39.435808 ], [ -85.297532, 39.433523 ], [ -85.297339, 39.42667 ], [ -85.297275, 39.424386 ], [ -85.297252, 39.423554 ], [ -85.297183, 39.42106 ], [ -85.297161, 39.420229 ], [ -85.297136, 39.41942 ], [ -85.297061, 39.416995 ], [ -85.297037, 39.416187 ], [ -85.29687, 39.410557 ], [ -85.294407, 39.410585 ], [ -85.289939, 39.410636 ], [ -85.289956, 39.410298 ], [ -85.290259, 39.409848 ], [ -85.290382, 39.408728 ], [ -85.290488, 39.408462 ], [ -85.29057, 39.407886 ], [ -85.290799, 39.407329 ], [ -85.291199, 39.406879 ], [ -85.291434, 39.406722 ], [ -85.291765, 39.406509 ], [ -85.292248, 39.405008 ], [ -85.292267, 39.404938 ], [ -85.292258, 39.404711 ], [ -85.292245, 39.404057 ], [ -85.292232, 39.403838 ], [ -85.292203, 39.403621 ], [ -85.292111, 39.403196 ], [ -85.292091, 39.402983 ], [ -85.292012, 39.400357 ], [ -85.292007, 39.400229 ], [ -85.291942, 39.398387 ], [ -85.291905, 39.397516 ], [ -85.291892, 39.396434 ], [ -85.291876, 39.396365 ], [ -85.29185, 39.396301 ], [ -85.291805, 39.396249 ], [ -85.29174, 39.39621 ], [ -85.291672, 39.396189 ], [ -85.291523, 39.396173 ], [ -85.291452, 39.396162 ], [ -85.291382, 39.396144 ], [ -85.291315, 39.396118 ], [ -85.291257, 39.39608 ], [ -85.291208, 39.396028 ], [ -85.291175, 39.395967 ], [ -85.291131, 39.395829 ], [ -85.291108, 39.395683 ], [ -85.29107, 39.395544 ], [ -85.291016, 39.395412 ], [ -85.290949, 39.39529 ], [ -85.290845, 39.395151 ], [ -85.290855, 39.395052 ], [ -85.290869, 39.394979 ], [ -85.291122, 39.393909 ], [ -85.291212, 39.393482 ], [ -85.291381, 39.392788 ], [ -85.291427, 39.392652 ], [ -85.291459, 39.392587 ], [ -85.2915, 39.392529 ], [ -85.291558, 39.392478 ], [ -85.29163, 39.392451 ], [ -85.291785, 39.392447 ], [ -85.292157, 39.392472 ], [ -85.292596, 39.392493 ], [ -85.293461, 39.392527 ], [ -85.293897, 39.392537 ], [ -85.294341, 39.392556 ], [ -85.294991, 39.392577 ], [ -85.296087, 39.392619 ], [ -85.296124, 39.392617 ], [ -85.296306, 39.392604 ], [ -85.296475, 39.392571 ], [ -85.296471, 39.392512 ], [ -85.29646, 39.392335 ], [ -85.296457, 39.392277 ], [ -85.296337, 39.392173 ], [ -85.296231, 39.392113 ], [ -85.296103, 39.392091 ], [ -85.295934, 39.392091 ], [ -85.295785, 39.392102 ], [ -85.295622, 39.392096 ], [ -85.295495, 39.392069 ], [ -85.295183, 39.39191 ], [ -85.294985, 39.391756 ], [ -85.294646, 39.391432 ], [ -85.294518, 39.391393 ], [ -85.294334, 39.391377 ], [ -85.293591, 39.391382 ], [ -85.293436, 39.391393 ], [ -85.29323, 39.391442 ], [ -85.293018, 39.391481 ], [ -85.292855, 39.391492 ], [ -85.292551, 39.391459 ], [ -85.292367, 39.391393 ], [ -85.292204, 39.39131 ], [ -85.292112, 39.391228 ], [ -85.292006, 39.391047 ], [ -85.291964, 39.390679 ], [ -85.291921, 39.39058 ], [ -85.291858, 39.390487 ], [ -85.291759, 39.390382 ], [ -85.29161, 39.390278 ], [ -85.291497, 39.390228 ], [ -85.291037, 39.390201 ], [ -85.290725, 39.390228 ], [ -85.290428, 39.390283 ], [ -85.290258, 39.390283 ], [ -85.289975, 39.390206 ], [ -85.289841, 39.39014 ], [ -85.289699, 39.390025 ], [ -85.289572, 39.389888 ], [ -85.28948, 39.389745 ], [ -85.289324, 39.389333 ], [ -85.289225, 39.389157 ], [ -85.289197, 39.388943 ], [ -85.289183, 39.388635 ], [ -85.289134, 39.388471 ], [ -85.289042, 39.388235 ], [ -85.289021, 39.38807 ], [ -85.288915, 39.387684 ], [ -85.288808, 39.387481 ], [ -85.288575, 39.387218 ], [ -85.28832, 39.386987 ], [ -85.288172, 39.386795 ], [ -85.288087, 39.386646 ], [ -85.28762, 39.386185 ], [ -85.287499, 39.386009 ], [ -85.287421, 39.385872 ], [ -85.28735, 39.385559 ], [ -85.287344, 39.385361 ], [ -85.287351, 39.385169 ], [ -85.287429, 39.384812 ], [ -85.287422, 39.384669 ], [ -85.287401, 39.38457 ], [ -85.287139, 39.384087 ], [ -85.28692, 39.383747 ], [ -85.286765, 39.383324 ], [ -85.286722, 39.383148 ], [ -85.286829, 39.382588 ], [ -85.286829, 39.382494 ], [ -85.286807, 39.382412 ], [ -85.286758, 39.382341 ], [ -85.28644, 39.382181 ], [ -85.286284, 39.382088 ], [ -85.286226, 39.381995 ], [ -85.286226, 39.381965 ], [ -85.286213, 39.381649 ], [ -85.286228, 39.381242 ], [ -85.286221, 39.381127 ], [ -85.286178, 39.380973 ], [ -85.286161, 39.380949 ], [ -85.286023, 39.380759 ], [ -85.285605, 39.380308 ], [ -85.285266, 39.379853 ], [ -85.28475, 39.379111 ], [ -85.284325, 39.378633 ], [ -85.284233, 39.378414 ], [ -85.284106, 39.377996 ], [ -85.283965, 39.377809 ], [ -85.283731, 39.377568 ], [ -85.283526, 39.377376 ], [ -85.283363, 39.377167 ], [ -85.282578, 39.376343 ], [ -85.282402, 39.376134 ], [ -85.282331, 39.375964 ], [ -85.282232, 39.375827 ], [ -85.282147, 39.37564 ], [ -85.282105, 39.375519 ], [ -85.282105, 39.375376 ], [ -85.281984, 39.375222 ], [ -85.281719, 39.375052 ], [ -85.281705, 39.374948 ], [ -85.28169, 39.374898 ], [ -85.281655, 39.374838 ], [ -85.281627, 39.37481 ], [ -85.281606, 39.374761 ], [ -85.281542, 39.374695 ], [ -85.281358, 39.374547 ], [ -85.281323, 39.374552 ], [ -85.281174, 39.374475 ], [ -85.280842, 39.374288 ], [ -85.280566, 39.374146 ], [ -85.280389, 39.37403 ], [ -85.280332, 39.373975 ], [ -85.280248, 39.373882 ], [ -85.280184, 39.373728 ], [ -85.280191, 39.373635 ], [ -85.28034, 39.373338 ], [ -85.280382, 39.373228 ], [ -85.280418, 39.373195 ], [ -85.280425, 39.373157 ], [ -85.280559, 39.372981 ], [ -85.280743, 39.372817 ], [ -85.280779, 39.372751 ], [ -85.280821, 39.372701 ], [ -85.28085, 39.372641 ], [ -85.280892, 39.372581 ], [ -85.28097, 39.372493 ], [ -85.280977, 39.372454 ], [ -85.281005, 39.372427 ], [ -85.281034, 39.372366 ], [ -85.281055, 39.372345 ], [ -85.281076, 39.37229 ], [ -85.281097, 39.372268 ], [ -85.28114, 39.37218 ], [ -85.281154, 39.371878 ], [ -85.281169, 39.371686 ], [ -85.28114, 39.37162 ], [ -85.281055, 39.371515 ], [ -85.28073, 39.371268 ], [ -85.280482, 39.371197 ], [ -85.280341, 39.371136 ], [ -85.280277, 39.37112 ], [ -85.280228, 39.371092 ], [ -85.280044, 39.371048 ], [ -85.279627, 39.371026 ], [ -85.279308, 39.371026 ], [ -85.279266, 39.371031 ], [ -85.278827, 39.371026 ], [ -85.278629, 39.371004 ], [ -85.278502, 39.370976 ], [ -85.278478, 39.370975 ], [ -85.278452, 39.37096 ], [ -85.278098, 39.370861 ], [ -85.277794, 39.370789 ], [ -85.27766, 39.370701 ], [ -85.277653, 39.370674 ], [ -85.277624, 39.370636 ], [ -85.277603, 39.370548 ], [ -85.277568, 39.370432 ], [ -85.277469, 39.370322 ], [ -85.277321, 39.370213 ], [ -85.277108, 39.370174 ], [ -85.277045, 39.37018 ], [ -85.27691, 39.370212 ], [ -85.276889, 39.370234 ], [ -85.276783, 39.370273 ], [ -85.276302, 39.370245 ], [ -85.275474, 39.370338 ], [ -85.275134, 39.370327 ], [ -85.275113, 39.370316 ], [ -85.274979, 39.3703 ], [ -85.274455, 39.370162 ], [ -85.27442, 39.370146 ], [ -85.274384, 39.370135 ], [ -85.274307, 39.370102 ], [ -85.274193, 39.370041 ], [ -85.274073, 39.369953 ], [ -85.274017, 39.369811 ], [ -85.27396, 39.369756 ], [ -85.273946, 39.369695 ], [ -85.273911, 39.369618 ], [ -85.273883, 39.36936 ], [ -85.273784, 39.368915 ], [ -85.273749, 39.368811 ], [ -85.273678, 39.368712 ], [ -85.27365, 39.368663 ], [ -85.273628, 39.368635 ], [ -85.273515, 39.368531 ], [ -85.273473, 39.368476 ], [ -85.273423, 39.368443 ], [ -85.273324, 39.3683 ], [ -85.273275, 39.368196 ], [ -85.273232, 39.367866 ], [ -85.273275, 39.367509 ], [ -85.273268, 39.367383 ], [ -85.273289, 39.367284 ], [ -85.273969, 39.366735 ], [ -85.27399, 39.366691 ], [ -85.274033, 39.366642 ], [ -85.27404, 39.366614 ], [ -85.274082, 39.36656 ], [ -85.274146, 39.366312 ], [ -85.274217, 39.365895 ], [ -85.274274, 39.365445 ], [ -85.274288, 39.365203 ], [ -85.274274, 39.364896 ], [ -85.274289, 39.364802 ], [ -85.274317, 39.364753 ], [ -85.274282, 39.364066 ], [ -85.274218, 39.363825 ], [ -85.274105, 39.36349 ], [ -85.274077, 39.363424 ], [ -85.274063, 39.363331 ], [ -85.274035, 39.363259 ], [ -85.273971, 39.363188 ], [ -85.273724, 39.362995 ], [ -85.27354, 39.36288 ], [ -85.273356, 39.362737 ], [ -85.273328, 39.36271 ], [ -85.273278, 39.362638 ], [ -85.27325, 39.362567 ], [ -85.273222, 39.362534 ], [ -85.273201, 39.362353 ], [ -85.273201, 39.362265 ], [ -85.273208, 39.362215 ], [ -85.273236, 39.362128 ], [ -85.273286, 39.362073 ], [ -85.273194, 39.361996 ], [ -85.273073, 39.36193 ], [ -85.273003, 39.361908 ], [ -85.272925, 39.361908 ], [ -85.272897, 39.361891 ], [ -85.272656, 39.361831 ], [ -85.272366, 39.361803 ], [ -85.272324, 39.361781 ], [ -85.271857, 39.361721 ], [ -85.271737, 39.361693 ], [ -85.271687, 39.361693 ], [ -85.271638, 39.36166 ], [ -85.271404, 39.361605 ], [ -85.271199, 39.361512 ], [ -85.270945, 39.361336 ], [ -85.270775, 39.361204 ], [ -85.27074, 39.361116 ], [ -85.270655, 39.361028 ], [ -85.270655, 39.361006 ], [ -85.27069, 39.360984 ], [ -85.270924, 39.361006 ], [ -85.271659, 39.361018 ], [ -85.272091, 39.360979 ], [ -85.272501, 39.36093 ], [ -85.272621, 39.360903 ], [ -85.272777, 39.360881 ], [ -85.272819, 39.360859 ], [ -85.273392, 39.360777 ], [ -85.273428, 39.360766 ], [ -85.273555, 39.360744 ], [ -85.2741, 39.360601 ], [ -85.274135, 39.360579 ], [ -85.274178, 39.360574 ], [ -85.274263, 39.36053 ], [ -85.274305, 39.360524 ], [ -85.274341, 39.360503 ], [ -85.274404, 39.360486 ], [ -85.274496, 39.360442 ], [ -85.274567, 39.36042 ], [ -85.274624, 39.360387 ], [ -85.274652, 39.360387 ], [ -85.274779, 39.360316 ], [ -85.275048, 39.360102 ], [ -85.275282, 39.359816 ], [ -85.275324, 39.359772 ], [ -85.275416, 39.35969 ], [ -85.275791, 39.359454 ], [ -85.275834, 39.359443 ], [ -85.275862, 39.359427 ], [ -85.275912, 39.359416 ], [ -85.276159, 39.359295 ], [ -85.276393, 39.359141 ], [ -85.276478, 39.359108 ], [ -85.277532, 39.3584 ], [ -85.277575, 39.358389 ], [ -85.278134, 39.358104 ], [ -85.278261, 39.358022 ], [ -85.278558, 39.357873 ], [ -85.27882, 39.357736 ], [ -85.278912, 39.357681 ], [ -85.279025, 39.357643 ], [ -85.279145, 39.35761 ], [ -85.279457, 39.357456 ], [ -85.279605, 39.357358 ], [ -85.279973, 39.357072 ], [ -85.280384, 39.356781 ], [ -85.280688, 39.356628 ], [ -85.280837, 39.356534 ], [ -85.281289, 39.356309 ], [ -85.281417, 39.356227 ], [ -85.281558, 39.356167 ], [ -85.281714, 39.356062 ], [ -85.281898, 39.355914 ], [ -85.281947, 39.355848 ], [ -85.281997, 39.355799 ], [ -85.282082, 39.35565 ], [ -85.282117, 39.355552 ], [ -85.282181, 39.355486 ], [ -85.282188, 39.355436 ], [ -85.282294, 39.355305 ], [ -85.282379, 39.355217 ], [ -85.282684, 39.354964 ], [ -85.282889, 39.354783 ], [ -85.282995, 39.354635 ], [ -85.283335, 39.354245 ], [ -85.283342, 39.354212 ], [ -85.283384, 39.354174 ], [ -85.283476, 39.353948 ], [ -85.28349, 39.353773 ], [ -85.283441, 39.353487 ], [ -85.28337, 39.353388 ], [ -85.283264, 39.353306 ], [ -85.283137, 39.353158 ], [ -85.283081, 39.353103 ], [ -85.282939, 39.352938 ], [ -85.282416, 39.352476 ], [ -85.282345, 39.352378 ], [ -85.282119, 39.35218 ], [ -85.282098, 39.352147 ], [ -85.281956, 39.352021 ], [ -85.281405, 39.351581 ], [ -85.281398, 39.351559 ], [ -85.281355, 39.351515 ], [ -85.281334, 39.351477 ], [ -85.281228, 39.351356 ], [ -85.281136, 39.351207 ], [ -85.281108, 39.35118 ], [ -85.281037, 39.351026 ], [ -85.281016, 39.350834 ], [ -85.281044, 39.350702 ], [ -85.281087, 39.350598 ], [ -85.281122, 39.350565 ], [ -85.281129, 39.350532 ], [ -85.281179, 39.350488 ], [ -85.281193, 39.350439 ], [ -85.281427, 39.350164 ], [ -85.281441, 39.350131 ], [ -85.281483, 39.350087 ], [ -85.281497, 39.350043 ], [ -85.281526, 39.350021 ], [ -85.281625, 39.349791 ], [ -85.281653, 39.349752 ], [ -85.281738, 39.349654 ], [ -85.281752, 39.34961 ], [ -85.281816, 39.349538 ], [ -85.281859, 39.349439 ], [ -85.281922, 39.349357 ], [ -85.281965, 39.349313 ], [ -85.281993, 39.349247 ], [ -85.282014, 39.349225 ], [ -85.28205, 39.349143 ], [ -85.282071, 39.349066 ], [ -85.282092, 39.34889 ], [ -85.282121, 39.348528 ], [ -85.282114, 39.348407 ], [ -85.282128, 39.348385 ], [ -85.282078, 39.348347 ], [ -85.282043, 39.348193 ], [ -85.282008, 39.348094 ], [ -85.281965, 39.34805 ], [ -85.281704, 39.347847 ], [ -85.281463, 39.347687 ], [ -85.281435, 39.347561 ], [ -85.28147, 39.347479 ], [ -85.281492, 39.347369 ], [ -85.281478, 39.347237 ], [ -85.281428, 39.347193 ], [ -85.281435, 39.347138 ], [ -85.2814, 39.347017 ], [ -85.281372, 39.346842 ], [ -85.281322, 39.346633 ], [ -85.281273, 39.346512 ], [ -85.281245, 39.346479 ], [ -85.281167, 39.34632 ], [ -85.281125, 39.346188 ], [ -85.281096, 39.345688 ], [ -85.28104, 39.345282 ], [ -85.281005, 39.345123 ], [ -85.280984, 39.344815 ], [ -85.281005, 39.344645 ], [ -85.281033, 39.344563 ], [ -85.281111, 39.344376 ], [ -85.281224, 39.344266 ], [ -85.281267, 39.344239 ], [ -85.28143, 39.344195 ], [ -85.281458, 39.344195 ], [ -85.281578, 39.344162 ], [ -85.281599, 39.344151 ], [ -85.281741, 39.344129 ], [ -85.281812, 39.344113 ], [ -85.282003, 39.34408 ], [ -85.282123, 39.344052 ], [ -85.282512, 39.343997 ], [ -85.283071, 39.343932 ], [ -85.283537, 39.343915 ], [ -85.284153, 39.343877 ], [ -85.284485, 39.343839 ], [ -85.285079, 39.343757 ], [ -85.285129, 39.343746 ], [ -85.285256, 39.343729 ], [ -85.285313, 39.343702 ], [ -85.285574, 39.343625 ], [ -85.286006, 39.343444 ], [ -85.286126, 39.343367 ], [ -85.286338, 39.343197 ], [ -85.286374, 39.343147 ], [ -85.286452, 39.343059 ], [ -85.286515, 39.342928 ], [ -85.286537, 39.342302 ], [ -85.286523, 39.342219 ], [ -85.286487, 39.342076 ], [ -85.286417, 39.34189 ], [ -85.28641, 39.341846 ], [ -85.286381, 39.341824 ], [ -85.286339, 39.341747 ], [ -85.286318, 39.34172 ], [ -85.286829, 39.339172 ], [ -85.287135, 39.337643 ], [ -85.28787, 39.334035 ], [ -85.291672, 39.334333 ], [ -85.292645, 39.334409 ], [ -85.294092, 39.332701 ], [ -85.294513, 39.33239 ], [ -85.296403, 39.333936 ], [ -85.296577, 39.334058 ], [ -85.296706, 39.334126 ], [ -85.296843, 39.334186 ], [ -85.296988, 39.334241 ], [ -85.297074, 39.334267 ], [ -85.297187, 39.334296 ], [ -85.297124, 39.332417 ], [ -85.296937, 39.326781 ], [ -85.296875, 39.324903 ], [ -85.296883, 39.324882 ], [ -85.296893, 39.324821 ], [ -85.296895, 39.324721 ], [ -85.296878, 39.324108 ], [ -85.296873, 39.323914 ], [ -85.296864, 39.323327 ], [ -85.296846, 39.321923 ], [ -85.296845, 39.321717 ], [ -85.296845, 39.32092 ], [ -85.296845, 39.320857 ], [ -85.296845, 39.32067 ], [ -85.296845, 39.320608 ], [ -85.296841, 39.320523 ], [ -85.296837, 39.320396 ], [ -85.296835, 39.32027 ], [ -85.296835, 39.320186 ], [ -85.296834, 39.320074 ], [ -85.296834, 39.320062 ], [ -85.29682, 39.319933 ], [ -85.2968, 39.319844 ], [ -85.296767, 39.319747 ], [ -85.296723, 39.319645 ], [ -85.296663, 39.319097 ], [ -85.296486, 39.317455 ], [ -85.296427, 39.316908 ], [ -85.296185, 39.316907 ], [ -85.295673, 39.316903 ], [ -85.295567, 39.316674 ], [ -85.295376, 39.316246 ], [ -85.295305, 39.316116 ], [ -85.295224, 39.315995 ], [ -85.295132, 39.31588 ], [ -85.29503, 39.315775 ], [ -85.294917, 39.315677 ], [ -85.294797, 39.315589 ], [ -85.294669, 39.31551 ], [ -85.29454, 39.31544 ], [ -85.294405, 39.31538 ], [ -85.294197, 39.315303 ], [ -85.294056, 39.315265 ], [ -85.293914, 39.315233 ], [ -85.293133, 39.315076 ], [ -85.292993, 39.31504 ], [ -85.29279, 39.314966 ], [ -85.29266, 39.314905 ], [ -85.292538, 39.314832 ], [ -85.292485, 39.314787 ], [ -85.292406, 39.314669 ], [ -85.292386, 39.3146 ], [ -85.292378, 39.314456 ], [ -85.292431, 39.31373 ], [ -85.292463, 39.313437 ], [ -85.292507, 39.313148 ], [ -85.29254, 39.313005 ], [ -85.292566, 39.312864 ], [ -85.292568, 39.312718 ], [ -85.292548, 39.312427 ], [ -85.29255, 39.312281 ], [ -85.292576, 39.31199 ], [ -85.292855, 39.309964 ], [ -85.293025, 39.308962 ], [ -85.293057, 39.308748 ], [ -85.2931, 39.308555 ], [ -85.293271, 39.308563 ], [ -85.294526, 39.308649 ], [ -85.295881, 39.308755 ], [ -85.296428, 39.30879 ], [ -85.296429, 39.307942 ], [ -85.296433, 39.305398 ], [ -85.296435, 39.304551 ], [ -85.296424, 39.303852 ], [ -85.296394, 39.301758 ], [ -85.296384, 39.30106 ], [ -85.296396, 39.301046 ], [ -85.296415, 39.301007 ], [ -85.296428, 39.300964 ], [ -85.296433, 39.300929 ], [ -85.29643, 39.300658 ], [ -85.296418, 39.299419 ], [ -85.296415, 39.299007 ], [ -85.296414, 39.298895 ], [ -85.296408, 39.298012 ], [ -85.296404, 39.297243 ], [ -85.296398, 39.296353 ], [ -85.296389, 39.295122 ], [ -85.296389, 39.295027 ], [ -85.29639, 39.294314 ], [ -85.296385, 39.294033 ], [ -85.297609, 39.294074 ], [ -85.298456, 39.294105 ], [ -85.299375, 39.294139 ], [ -85.300383, 39.29417 ], [ -85.30134, 39.294205 ], [ -85.301944, 39.294233 ], [ -85.302655, 39.294257 ], [ -85.303801, 39.294296 ], [ -85.304064, 39.294308 ], [ -85.304671, 39.294328 ], [ -85.304814, 39.294333 ], [ -85.305737, 39.294367 ], [ -85.306743, 39.294392 ], [ -85.307023, 39.294391 ], [ -85.307381, 39.294396 ], [ -85.308764, 39.294417 ], [ -85.309298, 39.29443 ], [ -85.309643, 39.29444 ], [ -85.309937, 39.294443 ], [ -85.309983, 39.293926 ], [ -85.310121, 39.292375 ], [ -85.310168, 39.291859 ], [ -85.309844, 39.291401 ], [ -85.309668, 39.291012 ], [ -85.309651, 39.290913 ], [ -85.309491, 39.289936 ], [ -85.309344, 39.289639 ], [ -85.308519, 39.288746 ], [ -85.308284, 39.288403 ], [ -85.308254, 39.288152 ], [ -85.30822, 39.288106 ], [ -85.308137, 39.287991 ], [ -85.308078, 39.287351 ], [ -85.307906, 39.287102 ], [ -85.306835, 39.285563 ], [ -85.306816, 39.285531 ], [ -85.305512, 39.283381 ], [ -85.303432, 39.280937 ], [ -85.303423, 39.28093 ], [ -85.303055, 39.28065 ], [ -85.302563, 39.280095 ], [ -85.302245, 39.279464 ], [ -85.302189, 39.279354 ], [ -85.301265, 39.278349 ], [ -85.301025, 39.277883 ], [ -85.300902, 39.277193 ], [ -85.300653, 39.275787 ], [ -85.300578, 39.274018 ], [ -85.300834, 39.273134 ], [ -85.300796, 39.272109 ], [ -85.300673, 39.27162 ], [ -85.300286, 39.27113 ], [ -85.298812, 39.269987 ], [ -85.298443, 39.2697 ], [ -85.298025, 39.269185 ], [ -85.297601, 39.267835 ], [ -85.297628, 39.267671 ], [ -85.297717, 39.267191 ], [ -85.297747, 39.266391 ], [ -85.29874, 39.264932 ], [ -85.298863, 39.264743 ], [ -85.29916, 39.264194 ], [ -85.300455, 39.263256 ], [ -85.30281, 39.261197 ], [ -85.303929, 39.260419 ], [ -85.304488, 39.259939 ], [ -85.305025, 39.259189 ], [ -85.305634, 39.258339 ], [ -85.305625, 39.258004 ], [ -85.305632, 39.25708 ], [ -85.305624, 39.256091 ], [ -85.305622, 39.255882 ], [ -85.305567, 39.254679 ], [ -85.305224, 39.254744 ], [ -85.304165, 39.254744 ], [ -85.303959, 39.254698 ], [ -85.303312, 39.254081 ], [ -85.301722, 39.253463 ], [ -85.301046, 39.25289 ], [ -85.300693, 39.251907 ], [ -85.300378, 39.251708 ], [ -85.304418, 39.251025 ], [ -85.305608, 39.250824 ], [ -85.306755, 39.250648 ], [ -85.306945, 39.250051 ], [ -85.307575, 39.24919 ], [ -85.308635, 39.248367 ], [ -85.309165, 39.248161 ], [ -85.310901, 39.248046 ], [ -85.313314, 39.248024 ], [ -85.315132, 39.248065 ], [ -85.315343, 39.249188 ], [ -85.318929, 39.248531 ], [ -85.323098, 39.247767 ], [ -85.32454, 39.247715 ], [ -85.324858, 39.247708 ], [ -85.337636, 39.247281 ], [ -85.339472, 39.246358 ], [ -85.34498, 39.243593 ], [ -85.346817, 39.242672 ], [ -85.346903, 39.242646 ], [ -85.347103, 39.242552 ], [ -85.347765, 39.242225 ], [ -85.348198, 39.242003 ], [ -85.349631, 39.241289 ], [ -85.350202, 39.241006 ], [ -85.353018, 39.239577 ], [ -85.353561, 39.239309 ], [ -85.355182, 39.23849 ], [ -85.358038, 39.237063 ], [ -85.359066, 39.236551 ], [ -85.36022, 39.235962 ], [ -85.360673, 39.235733 ], [ -85.360843, 39.23566 ], [ -85.363729, 39.234129 ], [ -85.369455, 39.231092 ], [ -85.372387, 39.229535 ], [ -85.374961, 39.228169 ], [ -85.375299, 39.228064 ], [ -85.37538, 39.228039 ], [ -85.375463, 39.227997 ], [ -85.375942, 39.227762 ], [ -85.376102, 39.227684 ], [ -85.379103, 39.226208 ], [ -85.384836, 39.22339 ], [ -85.388106, 39.221781 ], [ -85.391108, 39.220306 ], [ -85.391125, 39.220297 ], [ -85.391179, 39.220281 ], [ -85.391195, 39.220264 ], [ -85.391261, 39.220253 ], [ -85.391333, 39.220234 ], [ -85.391495, 39.220175 ], [ -85.391682, 39.220086 ], [ -85.391897, 39.219976 ], [ -85.392319, 39.219747 ], [ -85.392652, 39.219568 ], [ -85.392836, 39.219483 ], [ -85.393549, 39.219126 ], [ -85.393735, 39.219026 ], [ -85.393878, 39.218958 ], [ -85.394107, 39.218842 ], [ -85.394751, 39.218524 ], [ -85.39526, 39.218268 ], [ -85.39565, 39.218078 ], [ -85.395833, 39.21799 ], [ -85.396419, 39.217699 ], [ -85.396761, 39.217521 ], [ -85.396883, 39.217474 ], [ -85.397003, 39.21742 ], [ -85.397236, 39.217298 ], [ -85.397891, 39.216971 ], [ -85.398111, 39.216862 ], [ -85.399625, 39.216098 ], [ -85.400715, 39.215563 ], [ -85.401266, 39.215286 ], [ -85.401642, 39.215098 ], [ -85.401936, 39.214955 ], [ -85.402069, 39.214887 ], [ -85.402393, 39.214726 ], [ -85.403619, 39.214113 ], [ -85.403736, 39.214053 ], [ -85.405524, 39.213146 ], [ -85.405822, 39.213003 ], [ -85.406333, 39.212764 ], [ -85.406508, 39.212679 ], [ -85.407335, 39.212259 ], [ -85.407773, 39.212045 ], [ -85.407897, 39.211985 ], [ -85.408273, 39.211792 ], [ -85.408574, 39.211646 ], [ -85.409117, 39.211373 ], [ -85.409192, 39.211335 ], [ -85.409691, 39.211089 ], [ -85.410097, 39.210881 ], [ -85.410201, 39.210829 ], [ -85.411495, 39.210187 ], [ -85.411794, 39.210045 ], [ -85.412032, 39.209924 ], [ -85.412518, 39.209695 ], [ -85.413141, 39.20939 ], [ -85.413465, 39.209222 ], [ -85.413618, 39.209144 ], [ -85.41385, 39.20901 ], [ -85.414099, 39.208849 ], [ -85.414278, 39.208697 ], [ -85.41433, 39.20866 ], [ -85.414422, 39.208595 ], [ -85.414481, 39.208565 ], [ -85.414394, 39.208424 ], [ -85.414407, 39.208269 ], [ -85.41461, 39.207909 ], [ -85.414929, 39.207307 ], [ -85.41537, 39.206242 ], [ -85.415536, 39.205602 ], [ -85.415604, 39.205387 ], [ -85.41569, 39.205136 ], [ -85.415836, 39.204811 ], [ -85.415848, 39.204602 ], [ -85.415709, 39.202932 ], [ -85.415619, 39.202181 ], [ -85.415684, 39.202001 ], [ -85.416036, 39.201684 ], [ -85.416211, 39.201389 ], [ -85.416303, 39.201038 ], [ -85.416516, 39.200457 ], [ -85.416538, 39.199124 ], [ -85.416571, 39.199005 ], [ -85.416941, 39.198557 ], [ -85.417448, 39.198153 ], [ -85.417752, 39.197948 ], [ -85.418061, 39.197803 ], [ -85.418286, 39.197675 ], [ -85.418396, 39.197575 ], [ -85.418484, 39.197386 ], [ -85.418573, 39.197173 ], [ -85.4186, 39.197013 ], [ -85.4186, 39.196657 ], [ -85.418546, 39.196012 ], [ -85.418477, 39.195296 ], [ -85.418458, 39.194717 ], [ -85.418445, 39.194343 ], [ -85.418515, 39.193943 ], [ -85.418582, 39.193693 ], [ -85.418679, 39.193462 ], [ -85.41878, 39.193268 ], [ -85.418992, 39.19318 ], [ -85.419271, 39.193041 ], [ -85.419433, 39.192996 ], [ -85.419878, 39.19293 ], [ -85.42014, 39.192898 ], [ -85.420256, 39.192834 ], [ -85.420391, 39.192634 ], [ -85.420465, 39.192503 ], [ -85.420805, 39.191895 ], [ -85.421059, 39.191535 ], [ -85.421216, 39.191328 ], [ -85.421266, 39.191178 ], [ -85.421293, 39.190975 ], [ -85.421314, 39.190699 ], [ -85.421326, 39.190553 ], [ -85.421313, 39.189839 ], [ -85.421303, 39.188844 ], [ -85.421348, 39.187501 ], [ -85.421375, 39.186305 ], [ -85.421388, 39.184702 ], [ -85.42145, 39.183272 ], [ -85.421494, 39.180302 ], [ -85.421499, 39.179933 ], [ -85.421504, 39.179564 ], [ -85.429998, 39.17944 ], [ -85.430733, 39.179444 ], [ -85.431024, 39.179424 ], [ -85.431317, 39.179339 ], [ -85.431974, 39.179024 ], [ -85.432492, 39.178776 ], [ -85.43523, 39.177558 ], [ -85.43557, 39.177419 ], [ -85.435672, 39.177325 ], [ -85.435705, 39.177218 ], [ -85.435702, 39.17698 ], [ -85.435672, 39.176565 ], [ -85.435711, 39.175874 ], [ -85.435744, 39.17576 ], [ -85.435837, 39.175678 ], [ -85.435968, 39.175662 ], [ -85.436925, 39.175685 ], [ -85.438282, 39.175643 ], [ -85.439346, 39.17565 ], [ -85.440426, 39.17564 ], [ -85.440724, 39.175595 ], [ -85.440478, 39.182776 ], [ -85.44073, 39.182672 ], [ -85.4412, 39.182603 ], [ -85.441965, 39.182878 ], [ -85.442465, 39.182809 ], [ -85.443582, 39.182283 ], [ -85.444317, 39.181825 ], [ -85.444876, 39.181756 ], [ -85.445875, 39.181917 ], [ -85.446669, 39.181939 ], [ -85.447992, 39.181779 ], [ -85.448345, 39.181047 ], [ -85.448609, 39.179811 ], [ -85.448639, 39.179125 ], [ -85.449003, 39.177836 ], [ -85.449021, 39.177774 ], [ -85.449697, 39.177088 ], [ -85.450461, 39.176699 ], [ -85.451755, 39.176264 ], [ -85.453665, 39.175783 ], [ -85.454194, 39.17528 ], [ -85.454547, 39.175188 ], [ -85.455606, 39.175142 ], [ -85.45637, 39.175302 ], [ -85.45937, 39.175485 ], [ -85.460604, 39.175324 ], [ -85.46128, 39.175072 ], [ -85.461721, 39.17466 ], [ -85.461898, 39.174294 ], [ -85.462025, 39.1736 ], [ -85.462074, 39.173336 ], [ -85.461804, 39.168594 ], [ -85.461715, 39.168323 ], [ -85.460626, 39.167197 ], [ -85.460597, 39.166678 ], [ -85.461271, 39.165798 ], [ -85.462124, 39.165762 ], [ -85.462359, 39.165651 ], [ -85.462534, 39.165221 ], [ -85.462562, 39.164611 ], [ -85.462475, 39.164296 ], [ -85.462474, 39.16335 ], [ -85.463043, 39.163574 ], [ -85.463417, 39.163658 ], [ -85.463945, 39.163692 ], [ -85.464303, 39.16372 ], [ -85.464829, 39.163825 ], [ -85.466402, 39.163935 ], [ -85.468114, 39.164085 ], [ -85.470248, 39.164301 ], [ -85.476485, 39.164911 ], [ -85.477559, 39.165029 ], [ -85.478133, 39.165078 ], [ -85.478247, 39.165056 ], [ -85.47837, 39.165013 ], [ -85.480161, 39.163488 ], [ -85.480899, 39.162856 ], [ -85.481593, 39.162156 ], [ -85.481771, 39.162018 ], [ -85.481901, 39.161961 ], [ -85.48195, 39.161945 ], [ -85.482005, 39.161927 ], [ -85.482188, 39.161908 ], [ -85.482448, 39.161905 ], [ -85.48425, 39.161885 ], [ -85.484434, 39.161897 ], [ -85.484483, 39.161898 ], [ -85.486274, 39.161878 ], [ -85.487687, 39.161874 ], [ -85.494269, 39.161796 ], [ -85.496944, 39.161771 ], [ -85.497779, 39.16177 ], [ -85.498364, 39.161763 ], [ -85.498396, 39.160352 ], [ -85.49841, 39.159742 ], [ -85.498434, 39.157672 ], [ -85.498443, 39.157266 ], [ -85.498474, 39.155814 ], [ -85.498494, 39.154375 ], [ -85.49851, 39.154098 ], [ -85.498513, 39.153937 ], [ -85.498519, 39.153639 ], [ -85.498542, 39.152421 ], [ -85.498582, 39.150738 ], [ -85.49868, 39.147025 ], [ -85.498942, 39.13648 ], [ -85.498954, 39.136094 ], [ -85.499002, 39.134592 ], [ -85.499056, 39.132311 ], [ -85.499088, 39.131097 ], [ -85.499124, 39.127947 ], [ -85.499195, 39.125 ], [ -85.499223, 39.123485 ], [ -85.499273, 39.122398 ], [ -85.499288, 39.121208 ], [ -85.499052, 39.121218 ], [ -85.497244, 39.121226 ], [ -85.494327, 39.121255 ], [ -85.492554, 39.121272 ], [ -85.490027, 39.121275 ], [ -85.489116, 39.121275 ], [ -85.487966, 39.121257 ], [ -85.487733, 39.121213 ], [ -85.48748, 39.121134 ], [ -85.487173, 39.120979 ], [ -85.486676, 39.120655 ], [ -85.486468, 39.120521 ], [ -85.486116, 39.120322 ], [ -85.485862, 39.120179 ], [ -85.485276, 39.119864 ], [ -85.485179, 39.119832 ], [ -85.484726, 39.119684 ], [ -85.484603, 39.119644 ], [ -85.48406, 39.11954 ], [ -85.483518, 39.119429 ], [ -85.48326, 39.11942 ], [ -85.483041, 39.119445 ], [ -85.482737, 39.11951 ], [ -85.481398, 39.119839 ], [ -85.48079, 39.119963 ], [ -85.478878, 39.11995 ], [ -85.475585, 39.119896 ], [ -85.475577, 39.119612 ], [ -85.475594, 39.118977 ], [ -85.475696, 39.118386 ], [ -85.475682, 39.118314 ], [ -85.475571, 39.118261 ], [ -85.475075, 39.118058 ], [ -85.475029, 39.118039 ], [ -85.474718, 39.117878 ], [ -85.474246, 39.117667 ], [ -85.473997, 39.117582 ], [ -85.474766, 39.115842 ], [ -85.474946, 39.114992 ], [ -85.476072, 39.112946 ], [ -85.476692, 39.112233 ], [ -85.478967, 39.110024 ], [ -85.479263, 39.109679 ], [ -85.480621, 39.108645 ], [ -85.481034, 39.108436 ], [ -85.481948, 39.108228 ], [ -85.482775, 39.10756 ], [ -85.484986, 39.106224 ], [ -85.485608, 39.105533 ], [ -85.48614, 39.10482 ], [ -85.486347, 39.104246 ], [ -85.48644, 39.103327 ], [ -85.486208, 39.102522 ], [ -85.485507, 39.101902 ], [ -85.484982, 39.101167 ], [ -85.484864, 39.100297 ], [ -85.485128, 39.099359 ], [ -85.485714, 39.098123 ], [ -85.486654, 39.097527 ], [ -85.489091, 39.097412 ], [ -85.489825, 39.097114 ], [ -85.49003, 39.096931 ], [ -85.49003, 39.09629 ], [ -85.490411, 39.09597 ], [ -85.490705, 39.095535 ], [ -85.491086, 39.095352 ], [ -85.491674, 39.095306 ], [ -85.492526, 39.095626 ], [ -85.493553, 39.095785 ], [ -85.49464, 39.09567 ], [ -85.494992, 39.095419 ], [ -85.495256, 39.095098 ], [ -85.495373, 39.09448 ], [ -85.49549, 39.094343 ], [ -85.49546, 39.093313 ], [ -85.495254, 39.092901 ], [ -85.495342, 39.092283 ], [ -85.495869, 39.090773 ], [ -85.495839, 39.089215 ], [ -85.495839, 39.089194 ], [ -85.495956, 39.088896 ], [ -85.496191, 39.088667 ], [ -85.496807, 39.088346 ], [ -85.4976, 39.088277 ], [ -85.498862, 39.087728 ], [ -85.499966, 39.087715 ], [ -85.500022, 39.08772 ], [ -85.500862, 39.087794 ], [ -85.501479, 39.088046 ], [ -85.503825, 39.088561 ], [ -85.504185, 39.08864 ], [ -85.504297, 39.088665 ], [ -85.504914, 39.088712 ], [ -85.505383, 39.088666 ], [ -85.5068, 39.088185 ], [ -85.508044, 39.087616 ], [ -85.508602, 39.087286 ], [ -85.508866, 39.086959 ], [ -85.50881, 39.086632 ], [ -85.508305, 39.086004 ], [ -85.507514, 39.085558 ], [ -85.50701, 39.085361 ], [ -85.506771, 39.085268 ], [ -85.506435, 39.084522 ], [ -85.506324, 39.084338 ], [ -85.506351, 39.084177 ], [ -85.506414, 39.084065 ], [ -85.50651, 39.084008 ], [ -85.506772, 39.083894 ], [ -85.50714, 39.083796 ], [ -85.50782, 39.083771 ], [ -85.508073, 39.083789 ], [ -85.508216, 39.083819 ], [ -85.508338, 39.083888 ], [ -85.508385, 39.083937 ], [ -85.508567, 39.084066 ], [ -85.50866, 39.084165 ], [ -85.509001, 39.084376 ], [ -85.509113, 39.084402 ], [ -85.509546, 39.084561 ], [ -85.509672, 39.084586 ], [ -85.509967, 39.084673 ], [ -85.510048, 39.084716 ], [ -85.509777, 39.0851 ], [ -85.509618, 39.085178 ], [ -85.509878, 39.085294 ], [ -85.50987, 39.08539 ], [ -85.511409, 39.086009 ], [ -85.511805, 39.086541 ], [ -85.512585, 39.087589 ], [ -85.514889, 39.087603 ], [ -85.515263, 39.08625 ], [ -85.514274, 39.086118 ], [ -85.51392, 39.086169 ], [ -85.512921, 39.086496 ], [ -85.512868, 39.086454 ], [ -85.51282, 39.086416 ], [ -85.512424, 39.086098 ], [ -85.512429, 39.085898 ], [ -85.512351, 39.085574 ], [ -85.512432, 39.085363 ], [ -85.512491, 39.085207 ], [ -85.512384, 39.084787 ], [ -85.512342, 39.084688 ], [ -85.512364, 39.084518 ], [ -85.512107, 39.0839 ], [ -85.512014, 39.083872 ], [ -85.511728, 39.08285 ], [ -85.511625, 39.082661 ], [ -85.511631, 39.082474 ], [ -85.511361, 39.082071 ], [ -85.511281, 39.081184 ], [ -85.510742, 39.081165 ], [ -85.511913, 39.080417 ], [ -85.512533, 39.080022 ], [ -85.513151, 39.079796 ], [ -85.513228, 39.079652 ], [ -85.514626, 39.078706 ], [ -85.514903, 39.078133 ], [ -85.514632, 39.077512 ], [ -85.513586, 39.076617 ], [ -85.51275, 39.075819 ], [ -85.512252, 39.074958 ], [ -85.51227, 39.074815 ], [ -85.512171, 39.074695 ], [ -85.512222, 39.074028 ], [ -85.512192, 39.073915 ], [ -85.51206, 39.073588 ], [ -85.511855, 39.07265 ], [ -85.511885, 39.071552 ], [ -85.511974, 39.071071 ], [ -85.512356, 39.070156 ], [ -85.512415, 39.069424 ], [ -85.512358, 39.067959 ], [ -85.512182, 39.067135 ], [ -85.511891, 39.063977 ], [ -85.512156, 39.06313 ], [ -85.512597, 39.062604 ], [ -85.513478, 39.061735 ], [ -85.514301, 39.061558 ], [ -85.514388, 39.061255 ], [ -85.515915, 39.059928 ], [ -85.516414, 39.059722 ], [ -85.51753, 39.059586 ], [ -85.518029, 39.0597 ], [ -85.518381, 39.059952 ], [ -85.518233, 39.060982 ], [ -85.518556, 39.061829 ], [ -85.51923, 39.062287 ], [ -85.51973, 39.062456 ], [ -85.519905, 39.062516 ], [ -85.520991, 39.062653 ], [ -85.521754, 39.062699 ], [ -85.522077, 39.062562 ], [ -85.52243, 39.062242 ], [ -85.522694, 39.061853 ], [ -85.524398, 39.060206 ], [ -85.525044, 39.059451 ], [ -85.525084, 39.058927 ], [ -85.524878, 39.05859 ], [ -85.524806, 39.058005 ], [ -85.524663, 39.057734 ], [ -85.524341, 39.057139 ], [ -85.5244, 39.056453 ], [ -85.524664, 39.055972 ], [ -85.524635, 39.055423 ], [ -85.5244, 39.055126 ], [ -85.52355, 39.054507 ], [ -85.523374, 39.054141 ], [ -85.523374, 39.053706 ], [ -85.523462, 39.053592 ], [ -85.523433, 39.053295 ], [ -85.522523, 39.052951 ], [ -85.522025, 39.052539 ], [ -85.521731, 39.052058 ], [ -85.520177, 39.051188 ], [ -85.518974, 39.050753 ], [ -85.518446, 39.050363 ], [ -85.518328, 39.049883 ], [ -85.518094, 39.049883 ], [ -85.517712, 39.050089 ], [ -85.517271, 39.05002 ], [ -85.516978, 39.049837 ], [ -85.516831, 39.049219 ], [ -85.516538, 39.048852 ], [ -85.516333, 39.048875 ], [ -85.516303, 39.049241 ], [ -85.51645, 39.049539 ], [ -85.516449, 39.049974 ], [ -85.516185, 39.050088 ], [ -85.515305, 39.05011 ], [ -85.515011, 39.050225 ], [ -85.514189, 39.050202 ], [ -85.513896, 39.05027 ], [ -85.511959, 39.049834 ], [ -85.511871, 39.049743 ], [ -85.511343, 39.049926 ], [ -85.510521, 39.049696 ], [ -85.510111, 39.049193 ], [ -85.509994, 39.048621 ], [ -85.510071, 39.048103 ], [ -85.519586, 39.048045 ], [ -85.519564, 39.045294 ], [ -85.519811, 39.045434 ], [ -85.520312, 39.0456 ], [ -85.520693, 39.045696 ], [ -85.520973, 39.045661 ], [ -85.521836, 39.04565 ], [ -85.523459, 39.045747 ], [ -85.524311, 39.045847 ], [ -85.525116, 39.045936 ], [ -85.526403, 39.045989 ], [ -85.527237, 39.045981 ], [ -85.528154, 39.045932 ], [ -85.52884, 39.045743 ], [ -85.528935, 39.045558 ], [ -85.52922, 39.04527 ], [ -85.529553, 39.0449 ], [ -85.530313, 39.04377 ], [ -85.530884, 39.042844 ], [ -85.531157, 39.042547 ], [ -85.531573, 39.042177 ], [ -85.532314, 39.042051 ], [ -85.533098, 39.042141 ], [ -85.533447, 39.042337 ], [ -85.533477, 39.040526 ], [ -85.533535, 39.038146 ], [ -85.533545, 39.036884 ], [ -85.532902, 39.036881 ], [ -85.53122, 39.036896 ], [ -85.529015, 39.036898 ], [ -85.528483, 39.036895 ], [ -85.526971, 39.03689 ], [ -85.525423, 39.036887 ], [ -85.524371, 39.036906 ], [ -85.522892, 39.0369 ], [ -85.521222, 39.036911 ], [ -85.520025, 39.036932 ], [ -85.519555, 39.036936 ], [ -85.517628, 39.036953 ], [ -85.516976, 39.036975 ], [ -85.516801, 39.036965 ], [ -85.516749, 39.036964 ], [ -85.51663, 39.036963 ], [ -85.516515, 39.036929 ], [ -85.516396, 39.036824 ], [ -85.515683, 39.035192 ], [ -85.515507, 39.034827 ], [ -85.515193, 39.034172 ], [ -85.515117, 39.034022 ], [ -85.515075, 39.034011 ], [ -85.51491, 39.033543 ], [ -85.514878, 39.033451 ], [ -85.5283, 39.029556 ], [ -85.527305, 39.029617 ], [ -85.527216, 39.029561 ], [ -85.526713, 39.029545 ], [ -85.525351, 39.029544 ], [ -85.521986, 39.029559 ], [ -85.521874, 39.02956 ], [ -85.521492, 39.029561 ], [ -85.520237, 39.02956 ], [ -85.519523, 39.029567 ], [ -85.519541, 39.028058 ], [ -85.519536, 39.027514 ], [ -85.519523, 39.026156 ], [ -85.519547, 39.024005 ], [ -85.51955, 39.0226 ], [ -85.520707, 39.022605 ], [ -85.520722, 39.022207 ], [ -85.528919, 39.022216 ], [ -85.52894, 39.018556 ], [ -85.520307, 39.018565 ], [ -85.520324, 39.014891 ], [ -85.519818, 39.014907 ], [ -85.519589, 39.014922 ], [ -85.519601, 39.013048 ], [ -85.519606, 39.010835 ], [ -85.51962, 39.009314 ], [ -85.519646, 39.007375 ], [ -85.519654, 39.006718 ], [ -85.519647, 39.006244 ], [ -85.519689, 39.006067 ], [ -85.519894, 39.005859 ], [ -85.520399, 39.005396 ], [ -85.520517, 39.005206 ], [ -85.520612, 39.004928 ], [ -85.520434, 39.004435 ], [ -85.520409, 39.004385 ], [ -85.520185, 39.003782 ], [ -85.520044, 39.00332 ], [ -85.520189, 39.003185 ], [ -85.520507, 39.002983 ], [ -85.52103, 39.00294 ], [ -85.522306, 39.003686 ], [ -85.5228, 39.003827 ], [ -85.523381, 39.00381 ], [ -85.523613, 39.00372 ], [ -85.523989, 39.003268 ], [ -85.524333, 39.002703 ], [ -85.524823, 39.00216 ], [ -85.52549, 39.001847 ], [ -85.526131, 39.001698 ], [ -85.52789, 39.00128 ], [ -85.528506, 39.000914 ], [ -85.529268, 39.000054 ], [ -85.531876, 38.998944 ], [ -85.532345, 38.998601 ], [ -85.534398, 38.997663 ], [ -85.535601, 38.997411 ], [ -85.538856, 38.996222 ], [ -85.539428, 38.996128 ], [ -85.539461, 38.992936 ], [ -85.539551, 38.988707 ], [ -85.53954, 38.988683 ], [ -85.539523, 38.988542 ], [ -85.539539, 38.986904 ], [ -85.539005, 38.98696 ], [ -85.538434, 38.987049 ], [ -85.537634, 38.987189 ], [ -85.536701, 38.987387 ], [ -85.536051, 38.987543 ], [ -85.535802, 38.987589 ], [ -85.535228, 38.987609 ], [ -85.534613, 38.987623 ], [ -85.534309, 38.987619 ], [ -85.53418, 38.987585 ], [ -85.534017, 38.98752 ], [ -85.533961, 38.987485 ], [ -85.533655, 38.987297 ], [ -85.533304, 38.987025 ], [ -85.532802, 38.986645 ], [ -85.532213, 38.98621 ], [ -85.532072, 38.986121 ], [ -85.531337, 38.985744 ], [ -85.53118, 38.985649 ], [ -85.530966, 38.985504 ], [ -85.530729, 38.985324 ], [ -85.530559, 38.985251 ], [ -85.530337, 38.98521 ], [ -85.530169, 38.985199 ], [ -85.529997, 38.985216 ], [ -85.52971, 38.985259 ], [ -85.529222, 38.985373 ], [ -85.528366, 38.985537 ], [ -85.527591, 38.985677 ], [ -85.527297, 38.985695 ], [ -85.526829, 38.985712 ], [ -85.524958, 38.985742 ], [ -85.524518, 38.985731 ], [ -85.52433, 38.985693 ], [ -85.524104, 38.985627 ], [ -85.523564, 38.985558 ], [ -85.523268, 38.985532 ], [ -85.523073, 38.985494 ], [ -85.522766, 38.985471 ], [ -85.52243, 38.98547 ], [ -85.52224, 38.985544 ], [ -85.522005, 38.985568 ], [ -85.521705, 38.985564 ], [ -85.521406, 38.98549 ], [ -85.521341, 38.985446 ], [ -85.521137, 38.985309 ], [ -85.52081, 38.984931 ], [ -85.52064, 38.984678 ], [ -85.520639, 38.983571 ], [ -85.520663, 38.982232 ], [ -85.520654, 38.982169 ], [ -85.52069, 38.980224 ], [ -85.520701, 38.979282 ], [ -85.520696, 38.97916 ], [ -85.52008, 38.97878 ], [ -85.519932, 38.978505 ], [ -85.519825, 38.977901 ], [ -85.519811, 38.977819 ], [ -85.519369, 38.977496 ], [ -85.518926, 38.97713 ], [ -85.518718, 38.976695 ], [ -85.518716, 38.976283 ], [ -85.519061, 38.975322 ], [ -85.519117, 38.974727 ], [ -85.519292, 38.974565 ], [ -85.519407, 38.974039 ], [ -85.519523, 38.973924 ], [ -85.519666, 38.973284 ], [ -85.519595, 38.973048 ], [ -85.519577, 38.972986 ], [ -85.519315, 38.972758 ], [ -85.518089, 38.972302 ], [ -85.51675, 38.970931 ], [ -85.516284, 38.970612 ], [ -85.515407, 38.970386 ], [ -85.514416, 38.96954 ], [ -85.513716, 38.969381 ], [ -85.512343, 38.969726 ], [ -85.51173, 38.969772 ], [ -85.511059, 38.969499 ], [ -85.507904, 38.969914 ], [ -85.507204, 38.969708 ], [ -85.505975, 38.969895 ], [ -85.505217, 38.969871 ], [ -85.501977, 38.968869 ], [ -85.501928, 38.968865 ], [ -85.501941, 38.96767 ], [ -85.501941, 38.965735 ], [ -85.501908, 38.964085 ], [ -85.502302, 38.964081 ], [ -85.503284, 38.964085 ], [ -85.507282, 38.964016 ], [ -85.509292, 38.964001 ], [ -85.511177, 38.963968 ], [ -85.512957, 38.963954 ], [ -85.513576, 38.963949 ], [ -85.515826, 38.963911 ], [ -85.515836, 38.963216 ], [ -85.515819, 38.96019 ], [ -85.515791, 38.959002 ], [ -85.515774, 38.956392 ], [ -85.515775, 38.955337 ], [ -85.51575, 38.95495 ], [ -85.515733, 38.954817 ], [ -85.515602, 38.954417 ], [ -85.515432, 38.953916 ], [ -85.515202, 38.953198 ], [ -85.515056, 38.952858 ], [ -85.514547, 38.951509 ], [ -85.514291, 38.950758 ], [ -85.514231, 38.950373 ], [ -85.514289, 38.949751 ], [ -85.514298, 38.949119 ], [ -85.514434, 38.948704 ], [ -85.514649, 38.948561 ], [ -85.514894, 38.948473 ], [ -85.515335, 38.948705 ], [ -85.515485, 38.948874 ], [ -85.518067, 38.95021 ], [ -85.518395, 38.950501 ], [ -85.519049, 38.950824 ], [ -85.519611, 38.950861 ], [ -85.520086, 38.950805 ], [ -85.52092, 38.950578 ], [ -85.522687, 38.949226 ], [ -85.522964, 38.948736 ], [ -85.523095, 38.948168 ], [ -85.52288, 38.94748 ], [ -85.522519, 38.946834 ], [ -85.520105, 38.943447 ], [ -85.520091, 38.942849 ], [ -85.520186, 38.942561 ], [ -85.520386, 38.942283 ], [ -85.520546, 38.942174 ], [ -85.521428, 38.941962 ], [ -85.523249, 38.941224 ], [ -85.524394, 38.940889 ], [ -85.524888, 38.940868 ], [ -85.525612, 38.940606 ], [ -85.525818, 38.940485 ], [ -85.525792, 38.940263 ], [ -85.525457, 38.939961 ], [ -85.524935, 38.939967 ], [ -85.524205, 38.939845 ], [ -85.52371, 38.939409 ], [ -85.523714, 38.938659 ], [ -85.524365, 38.93785 ], [ -85.525047, 38.936363 ], [ -85.525961, 38.935631 ], [ -85.526607, 38.935396 ], [ -85.528074, 38.935292 ], [ -85.528513, 38.935164 ], [ -85.53036, 38.935056 ], [ -85.531505, 38.934828 ], [ -85.531741, 38.934683 ], [ -85.532036, 38.934336 ], [ -85.532098, 38.933685 ], [ -85.531869, 38.933056 ], [ -85.531549, 38.93259 ], [ -85.531524, 38.931999 ], [ -85.531701, 38.931787 ], [ -85.532259, 38.931585 ], [ -85.532816, 38.931558 ], [ -85.533549, 38.931806 ], [ -85.535746, 38.932101 ], [ -85.536509, 38.931899 ], [ -85.537213, 38.931865 ], [ -85.537682, 38.932133 ], [ -85.537827, 38.9324 ], [ -85.537826, 38.933478 ], [ -85.537678, 38.934058 ], [ -85.537664, 38.934664 ], [ -85.537668, 38.935028 ], [ -85.537853, 38.935151 ], [ -85.539033, 38.935431 ], [ -85.539305, 38.935444 ], [ -85.539288, 38.932411 ], [ -85.539466, 38.929156 ], [ -85.539441, 38.928381 ], [ -85.53942, 38.928206 ], [ -85.53941, 38.927965 ], [ -85.539388, 38.927439 ], [ -85.53938, 38.927278 ], [ -85.539319, 38.926043 ], [ -85.539315, 38.925521 ], [ -85.539285, 38.924849 ], [ -85.539255, 38.923677 ], [ -85.539234, 38.922761 ], [ -85.539249, 38.922227 ], [ -85.53924, 38.922123 ], [ -85.539224, 38.921942 ], [ -85.539364, 38.921671 ], [ -85.539338, 38.920741 ], [ -85.539315, 38.920481 ], [ -85.539058, 38.916561 ], [ -85.539051, 38.91645 ], [ -85.539003, 38.912201 ], [ -85.539493, 38.912191 ], [ -85.540488, 38.912175 ], [ -85.54165, 38.912164 ], [ -85.544002, 38.912114 ], [ -85.544338, 38.91211 ], [ -85.544846, 38.912104 ], [ -85.54564, 38.912094 ], [ -85.547254, 38.912081 ], [ -85.54723, 38.910376 ], [ -85.54716, 38.908317 ], [ -85.546956, 38.901408 ], [ -85.54693, 38.900426 ], [ -85.546316, 38.900404 ], [ -85.545613, 38.900221 ], [ -85.544585, 38.900404 ], [ -85.54388, 38.900426 ], [ -85.543029, 38.900701 ], [ -85.542706, 38.901113 ], [ -85.541972, 38.901274 ], [ -85.541356, 38.901571 ], [ -85.54115, 38.901777 ], [ -85.540592, 38.901777 ], [ -85.539419, 38.901479 ], [ -85.538421, 38.901685 ], [ -85.537934, 38.902012 ], [ -85.537813, 38.897373 ], [ -85.537431, 38.88278 ], [ -85.537444, 38.88278 ], [ -85.538367, 38.882768 ], [ -85.539158, 38.882772 ], [ -85.539961, 38.88276 ], [ -85.541657, 38.882758 ], [ -85.542342, 38.882772 ], [ -85.542645, 38.882772 ], [ -85.546812, 38.886676 ], [ -85.54681, 38.888377 ], [ -85.546828, 38.892731 ], [ -85.546847, 38.894953 ], [ -85.54685, 38.895579 ], [ -85.546852, 38.896031 ], [ -85.546853, 38.896347 ], [ -85.546838, 38.897243 ], [ -85.54685, 38.897424 ], [ -85.547966, 38.897415 ], [ -85.549108, 38.8974 ], [ -85.550925, 38.897406 ], [ -85.551907, 38.896645 ], [ -85.552144, 38.896277 ], [ -85.552264, 38.895839 ], [ -85.552298, 38.895218 ], [ -85.551833, 38.894964 ], [ -85.551747, 38.894687 ], [ -85.551544, 38.894503 ], [ -85.550933, 38.894293 ], [ -85.550906, 38.894041 ], [ -85.550994, 38.893902 ], [ -85.550997, 38.893511 ], [ -85.55088, 38.89335 ], [ -85.550888, 38.892544 ], [ -85.550977, 38.892199 ], [ -85.551335, 38.89153 ], [ -85.551365, 38.891008 ], [ -85.558031, 38.897381 ], [ -85.558454, 38.897377 ], [ -85.559092, 38.897377 ], [ -85.559913, 38.897377 ], [ -85.56123, 38.897366 ], [ -85.56188, 38.897361 ], [ -85.562269, 38.897354 ], [ -85.562504, 38.89735 ], [ -85.563852, 38.897347 ], [ -85.565237, 38.897331 ], [ -85.566236, 38.897328 ], [ -85.567091, 38.897309 ], [ -85.569475, 38.897293 ], [ -85.570641, 38.897281 ], [ -85.572416, 38.897248 ], [ -85.573821, 38.897255 ], [ -85.573865, 38.894868 ], [ -85.573862, 38.894748 ], [ -85.573847, 38.894119 ], [ -85.573818, 38.893678 ], [ -85.573788, 38.892926 ], [ -85.573784, 38.892058 ], [ -85.57383, 38.889774 ], [ -85.573832, 38.889463 ], [ -85.573839, 38.888076 ], [ -85.57384, 38.887801 ], [ -85.573806, 38.884998 ], [ -85.573799, 38.884394 ], [ -85.573797, 38.883817 ], [ -85.574877, 38.883822 ], [ -85.574861, 38.884575 ], [ -85.578087, 38.884658 ], [ -85.578095, 38.888514 ], [ -85.579576, 38.888544 ], [ -85.57958, 38.890021 ], [ -85.588336, 38.890149 ], [ -85.588468, 38.889716 ], [ -85.588702, 38.889647 ], [ -85.588819, 38.88983 ], [ -85.5892, 38.889968 ], [ -85.589669, 38.890379 ], [ -85.590489, 38.890539 ], [ -85.590372, 38.891066 ], [ -85.590021, 38.89173 ], [ -85.59005, 38.892439 ], [ -85.590335, 38.892431 ], [ -85.592699, 38.892431 ], [ -85.593476, 38.892658 ], [ -85.593609, 38.892849 ], [ -85.593699, 38.893274 ], [ -85.594157, 38.893846 ], [ -85.594721, 38.894161 ], [ -85.595559, 38.89425 ], [ -85.596559, 38.894692 ], [ -85.597706, 38.894539 ], [ -85.59811, 38.89455 ], [ -85.598794, 38.894774 ], [ -85.600315, 38.895879 ], [ -85.601218, 38.896202 ], [ -85.602737, 38.896149 ], [ -85.604876, 38.89618 ], [ -85.607114, 38.895668 ], [ -85.608018, 38.895991 ], [ -85.60888, 38.896757 ], [ -85.610369, 38.896817 ], [ -85.611116, 38.897067 ], [ -85.611341, 38.897201 ], [ -85.611498, 38.897178 ], [ -85.611987, 38.897306 ], [ -85.611812, 38.897581 ], [ -85.610828, 38.898266 ], [ -85.609968, 38.898866 ], [ -85.60783, 38.900083 ], [ -85.605692, 38.900865 ], [ -85.603877, 38.901739 ], [ -85.602296, 38.902704 ], [ -85.601916, 38.903094 ], [ -85.601916, 38.903438 ], [ -85.602326, 38.903828 ], [ -85.602824, 38.904034 ], [ -85.604259, 38.904357 ], [ -85.604874, 38.904633 ], [ -85.60587, 38.905412 ], [ -85.606193, 38.905986 ], [ -85.606603, 38.906375 ], [ -85.607775, 38.906766 ], [ -85.609181, 38.906767 ], [ -85.610938, 38.90661 ], [ -85.612432, 38.906908 ], [ -85.612725, 38.90707 ], [ -85.613341, 38.907688 ], [ -85.613517, 38.908216 ], [ -85.613459, 38.908904 ], [ -85.613079, 38.909753 ], [ -85.613014, 38.91039 ], [ -85.612902, 38.911507 ], [ -85.613783, 38.9115 ], [ -85.615828, 38.91151 ], [ -85.615931, 38.911511 ], [ -85.617304, 38.911516 ], [ -85.618921, 38.911509 ], [ -85.621583, 38.911512 ], [ -85.622228, 38.909619 ], [ -85.62299, 38.907467 ], [ -85.623533, 38.905823 ], [ -85.623641, 38.905447 ], [ -85.623665, 38.90523 ], [ -85.623779, 38.904763 ], [ -85.623899, 38.904168 ], [ -85.623917, 38.904075 ], [ -85.623962, 38.903582 ], [ -85.623984, 38.903337 ], [ -85.624016, 38.902286 ], [ -85.624026, 38.901951 ], [ -85.624059, 38.899066 ], [ -85.624085, 38.897411 ], [ -85.624646, 38.897402 ], [ -85.624981, 38.897396 ], [ -85.626576, 38.897333 ], [ -85.629742, 38.897318 ], [ -85.635842, 38.897225 ], [ -85.639443, 38.897171 ], [ -85.640069, 38.897161 ], [ -85.640975, 38.897153 ], [ -85.642955, 38.897144 ], [ -85.644666, 38.897129 ], [ -85.647172, 38.897105 ], [ -85.648781, 38.8971 ], [ -85.64993, 38.897091 ], [ -85.650619, 38.897086 ], [ -85.652716, 38.897104 ], [ -85.653215, 38.897102 ], [ -85.653888, 38.897099 ], [ -85.660862, 38.897067 ], [ -85.662615, 38.897066 ], [ -85.664857, 38.897088 ], [ -85.665716, 38.897082 ], [ -85.666471, 38.897076 ], [ -85.667563, 38.897068 ], [ -85.667956, 38.897065 ], [ -85.669137, 38.897082 ], [ -85.673679, 38.89701 ], [ -85.673558, 38.897385 ], [ -85.673148, 38.897707 ], [ -85.672153, 38.898186 ], [ -85.671918, 38.898529 ], [ -85.671302, 38.89917 ], [ -85.67095, 38.900565 ], [ -85.670628, 38.902601 ], [ -85.670568, 38.904088 ], [ -85.669952, 38.904729 ], [ -85.669689, 38.905346 ], [ -85.669718, 38.905758 ], [ -85.670011, 38.90633 ], [ -85.669659, 38.90777 ], [ -85.668779, 38.909761 ], [ -85.668395, 38.911474 ], [ -85.669374, 38.911487 ], [ -85.669702, 38.911492 ], [ -85.672181, 38.911468 ], [ -85.67258, 38.911471 ], [ -85.673914, 38.91148 ], [ -85.67508, 38.911484 ], [ -85.676826, 38.911481 ], [ -85.677192, 38.911484 ], [ -85.677358, 38.911486 ], [ -85.678084, 38.911479 ], [ -85.680321, 38.911503 ], [ -85.684256, 38.911491 ], [ -85.68426, 38.910914 ], [ -85.684263, 38.910509 ], [ -85.684266, 38.909932 ], [ -85.684259, 38.908891 ], [ -85.684249, 38.908033 ], [ -85.684244, 38.907686 ], [ -85.684248, 38.90645 ], [ -85.684225, 38.905208 ], [ -85.684228, 38.904133 ], [ -85.694198, 38.903918 ], [ -85.699672, 38.9038 ], [ -85.707723, 38.903819 ], [ -85.707944, 38.899198 ], [ -85.712561, 38.899271 ], [ -85.712529, 38.900204 ], [ -85.715196, 38.900236 ], [ -85.721952, 38.900317 ], [ -85.722018, 38.896909 ], [ -85.722108, 38.896682 ], [ -85.724522, 38.896697 ], [ -85.724764, 38.896887 ], [ -85.724785, 38.896902 ], [ -85.725054, 38.897093 ], [ -85.725358, 38.897245 ], [ -85.72558, 38.897341 ], [ -85.725301, 38.906083 ], [ -85.729957, 38.91065 ], [ -85.729932, 38.910678 ], [ -85.729839, 38.910764 ], [ -85.730182, 38.910948 ], [ -85.730375, 38.91106 ], [ -85.73055, 38.911162 ], [ -85.730788, 38.911255 ], [ -85.731217, 38.911336 ], [ -85.731844, 38.911401 ], [ -85.732409, 38.911419 ], [ -85.733255, 38.911392 ], [ -85.733844, 38.911358 ], [ -85.734494, 38.911308 ], [ -85.735428, 38.91121 ], [ -85.735694, 38.911188 ], [ -85.735936, 38.911182 ], [ -85.737055, 38.911212 ], [ -85.73781, 38.911218 ], [ -85.738708, 38.911216 ], [ -85.739383, 38.911194 ], [ -85.740053, 38.911157 ], [ -85.740369, 38.911152 ], [ -85.740963, 38.911177 ], [ -85.742544, 38.911225 ], [ -85.742779, 38.911222 ], [ -85.744701, 38.911202 ], [ -85.746958, 38.911205 ], [ -85.749853, 38.9112 ], [ -85.750012, 38.911195 ], [ -85.750469, 38.911197 ], [ -85.751279, 38.911187 ], [ -85.752345, 38.911155 ], [ -85.75378, 38.911148 ], [ -85.754993, 38.911125 ], [ -85.757905, 38.911095 ], [ -85.7605, 38.911115 ], [ -85.761147, 38.911099 ], [ -85.761736, 38.911074 ], [ -85.762219, 38.9111 ], [ -85.762356, 38.911105 ], [ -85.762804, 38.911121 ], [ -85.763983, 38.911123 ], [ -85.766785, 38.911094 ], [ -85.76821, 38.911086 ], [ -85.770439, 38.911045 ], [ -85.770874, 38.911038 ], [ -85.772233, 38.911042 ], [ -85.77442, 38.911029 ], [ -85.776008, 38.911031 ], [ -85.777528, 38.911026 ], [ -85.777785, 38.911036 ], [ -85.77791, 38.910893 ], [ -85.777924, 38.9108 ], [ -85.777757, 38.907732 ], [ -85.777746, 38.907535 ], [ -85.777707, 38.90724 ], [ -85.777657, 38.906939 ], [ -85.777621, 38.906236 ], [ -85.777357, 38.902254 ], [ -85.777352, 38.901833 ], [ -85.7772, 38.900747 ], [ -85.777184, 38.900505 ], [ -85.777222, 38.900406 ], [ -85.777306, 38.900326 ], [ -85.777587, 38.900174 ], [ -85.777779, 38.900062 ], [ -85.777919, 38.899955 ], [ -85.778016, 38.899844 ], [ -85.778038, 38.899764 ], [ -85.778036, 38.899655 ], [ -85.777898, 38.899124 ], [ -85.777631, 38.89782 ], [ -85.777406, 38.897054 ], [ -85.77735, 38.896847 ], [ -85.777278, 38.896193 ], [ -85.777229, 38.895132 ], [ -85.777171, 38.894276 ], [ -85.779145, 38.893968 ], [ -85.781665, 38.894524 ], [ -85.782407, 38.894892 ], [ -85.78345, 38.894963 ], [ -85.784535, 38.895539 ], [ -85.785106, 38.896136 ], [ -85.78534, 38.896595 ], [ -85.785464, 38.897192 ], [ -85.785366, 38.89749 ], [ -85.785081, 38.898041 ], [ -85.78489, 38.898225 ], [ -85.78483, 38.898684 ], [ -85.784896, 38.898799 ], [ -85.785388, 38.898915 ], [ -85.78591, 38.898847 ], [ -85.786807, 38.898438 ], [ -85.787574, 38.898348 ], [ -85.787912, 38.898441 ], [ -85.788042, 38.898624 ], [ -85.787979, 38.899037 ], [ -85.78766, 38.899474 ], [ -85.78771, 38.899818 ], [ -85.788354, 38.899888 ], [ -85.788724, 38.899729 ], [ -85.789132, 38.89941 ], [ -85.789758, 38.897858 ], [ -85.789945, 38.897745 ], [ -85.790527, 38.8977 ], [ -85.790867, 38.897838 ], [ -85.791345, 38.898917 ], [ -85.79275, 38.899906 ], [ -85.792754, 38.900457 ], [ -85.792545, 38.900824 ], [ -85.792546, 38.90133 ], [ -85.793197, 38.901697 ], [ -85.794273, 38.901929 ], [ -85.795403, 38.90287 ], [ -85.795771, 38.902871 ], [ -85.796049, 38.902758 ], [ -85.796313, 38.902446 ], [ -85.796316, 38.898281 ], [ -85.796317, 38.898207 ], [ -85.796255, 38.896088 ], [ -85.796229, 38.89324 ], [ -85.79618, 38.891751 ], [ -85.796094, 38.884839 ], [ -85.796083, 38.884556 ], [ -85.796082, 38.884531 ], [ -85.796066, 38.884517 ], [ -85.787753, 38.88454 ], [ -85.786408, 38.884266 ], [ -85.785735, 38.883991 ], [ -85.784213, 38.882596 ], [ -85.783717, 38.881749 ], [ -85.783306, 38.881337 ], [ -85.782546, 38.881016 ], [ -85.781814, 38.880604 ], [ -85.780937, 38.880261 ], [ -85.778976, 38.879895 ], [ -85.778596, 38.879666 ], [ -85.778041, 38.879116 ], [ -85.777659, 38.878498 ], [ -85.776693, 38.877778 ], [ -85.776665, 38.876454 ], [ -85.776666, 38.876203 ], [ -85.776666, 38.87611 ], [ -85.776668, 38.875736 ], [ -85.776669, 38.875323 ], [ -85.776667, 38.874556 ], [ -85.776684, 38.871984 ], [ -85.776691, 38.871411 ], [ -85.777208, 38.871648 ], [ -85.777604, 38.871843 ], [ -85.778478, 38.872272 ], [ -85.7794, 38.872706 ], [ -85.780055, 38.872994 ], [ -85.781334, 38.873577 ], [ -85.781687, 38.873738 ], [ -85.783251, 38.874523 ], [ -85.78523, 38.875481 ], [ -85.785893, 38.87579 ], [ -85.786374, 38.876024 ], [ -85.786882, 38.876272 ], [ -85.788203, 38.876905 ], [ -85.78883, 38.877173 ], [ -85.789342, 38.877415 ], [ -85.789888, 38.877674 ], [ -85.790354, 38.877889 ], [ -85.79083, 38.878109 ], [ -85.7919, 38.878635 ], [ -85.79343, 38.879317 ], [ -85.793621, 38.879402 ], [ -85.794806, 38.879977 ], [ -85.795545, 38.880324 ], [ -85.795967, 38.880552 ], [ -85.796028, 38.880596 ], [ -85.796029, 38.880553 ], [ -85.796031, 38.880383 ], [ -85.796043, 38.879635 ], [ -85.796045, 38.87954 ], [ -85.796031, 38.877713 ], [ -85.796036, 38.876687 ], [ -85.796041, 38.875734 ], [ -85.795996, 38.874498 ], [ -85.795986, 38.873276 ], [ -85.795956, 38.870703 ], [ -85.795955, 38.87064 ], [ -85.795925, 38.868866 ], [ -85.795913, 38.867573 ], [ -85.791383, 38.867581 ], [ -85.790281, 38.867577 ], [ -85.789398, 38.867572 ], [ -85.788801, 38.867567 ], [ -85.786845, 38.867586 ], [ -85.786049, 38.867589 ], [ -85.786034, 38.864839 ], [ -85.78602, 38.864172 ], [ -85.786037, 38.860527 ], [ -85.786032, 38.860222 ], [ -85.786021, 38.859487 ], [ -85.786022, 38.858874 ], [ -85.786025, 38.857322 ], [ -85.786015, 38.856408 ], [ -85.786018, 38.854824 ], [ -85.786014, 38.853463 ], [ -85.786013, 38.853016 ], [ -85.78601, 38.852335 ], [ -85.782489, 38.852218 ], [ -85.781277, 38.852227 ], [ -85.781282, 38.847493 ], [ -85.771966, 38.847486 ], [ -85.771966, 38.847152 ], [ -85.770111, 38.847138 ], [ -85.770106, 38.846821 ], [ -85.770086, 38.845648 ], [ -85.770515, 38.845648 ], [ -85.771951, 38.845646 ], [ -85.771923, 38.841981 ], [ -85.770537, 38.841984 ], [ -85.768844, 38.841988 ], [ -85.768251, 38.841976 ], [ -85.768287, 38.841538 ], [ -85.769046, 38.841498 ], [ -85.770062, 38.841466 ], [ -85.770692, 38.84143 ], [ -85.770365, 38.840023 ], [ -85.770339, 38.839218 ], [ -85.770582, 38.837699 ], [ -85.770352, 38.837009 ], [ -85.770587, 38.836755 ], [ -85.770563, 38.835927 ], [ -85.771034, 38.835649 ], [ -85.771386, 38.835326 ], [ -85.771713, 38.834498 ], [ -85.772213, 38.834152 ], [ -85.772419, 38.8339 ], [ -85.772949, 38.833553 ], [ -85.773947, 38.83332 ], [ -85.774682, 38.83327 ], [ -85.774917, 38.833155 ], [ -85.775182, 38.832765 ], [ -85.77642, 38.831613 ], [ -85.776978, 38.831335 ], [ -85.777655, 38.830599 ], [ -85.777717, 38.830207 ], [ -85.777863, 38.829954 ], [ -85.777925, 38.829517 ], [ -85.778254, 38.829116 ], [ -85.778197, 38.828973 ], [ -85.778045, 38.828638 ], [ -85.777985, 38.828359 ], [ -85.777977, 38.828268 ], [ -85.778001, 38.828087 ], [ -85.77804, 38.827724 ], [ -85.778088, 38.827356 ], [ -85.777462, 38.827378 ], [ -85.776563, 38.827391 ], [ -85.774782, 38.827386 ], [ -85.773266, 38.827396 ], [ -85.772106, 38.827393 ], [ -85.771584, 38.827393 ], [ -85.770176, 38.827402 ], [ -85.768589, 38.827395 ], [ -85.767727, 38.827402 ], [ -85.767553, 38.827413 ], [ -85.767183, 38.827533 ], [ -85.766444, 38.827816 ], [ -85.765906, 38.82801 ], [ -85.76401, 38.828691 ], [ -85.76301, 38.829063 ], [ -85.762656, 38.829176 ], [ -85.762356, 38.829256 ], [ -85.762281, 38.829276 ], [ -85.761578, 38.829434 ], [ -85.76006, 38.829793 ], [ -85.75935, 38.82995 ], [ -85.7589, 38.83005 ], [ -85.758253, 38.830221 ], [ -85.758254, 38.829501 ], [ -85.757024, 38.829512 ], [ -85.757027, 38.826706 ], [ -85.753579, 38.826762 ], [ -85.75361, 38.8288 ], [ -85.748324, 38.828831 ], [ -85.748316, 38.827993 ], [ -85.74745, 38.827998 ], [ -85.747489, 38.827071 ], [ -85.747418, 38.825674 ], [ -85.747301, 38.825674 ], [ -85.747294, 38.825488 ], [ -85.744243, 38.825571 ], [ -85.744172, 38.823874 ], [ -85.737464, 38.823904 ], [ -85.737448, 38.820205 ], [ -85.738106, 38.819841 ], [ -85.739931, 38.819343 ], [ -85.742318, 38.818694 ], [ -85.743284, 38.818694 ], [ -85.744249, 38.818991 ], [ -85.745098, 38.819471 ], [ -85.744836, 38.820479 ], [ -85.744619, 38.821109 ], [ -85.744506, 38.821763 ], [ -85.745011, 38.822248 ], [ -85.745959, 38.822822 ], [ -85.74667, 38.822912 ], [ -85.747165, 38.822621 ], [ -85.747474, 38.822267 ], [ -85.747825, 38.821322 ], [ -85.748156, 38.820079 ], [ -85.74831, 38.819326 ], [ -85.747672, 38.818706 ], [ -85.747383, 38.817696 ], [ -85.747095, 38.816832 ], [ -85.746817, 38.815951 ], [ -85.746896, 38.815752 ], [ -85.747033, 38.815411 ], [ -85.748209, 38.815339 ], [ -85.749518, 38.815405 ], [ -85.749759, 38.815716 ], [ -85.749968, 38.816395 ], [ -85.750242, 38.816499 ], [ -85.75038, 38.817006 ], [ -85.750368, 38.81783 ], [ -85.750457, 38.818605 ], [ -85.750713, 38.81917 ], [ -85.750859, 38.819216 ], [ -85.751034, 38.819559 ], [ -85.751063, 38.81988 ], [ -85.751268, 38.820177 ], [ -85.753023, 38.820773 ], [ -85.753828, 38.820774 ], [ -85.75393, 38.820774 ], [ -85.755042, 38.820408 ], [ -85.755627, 38.819859 ], [ -85.756593, 38.819471 ], [ -85.757734, 38.819288 ], [ -85.75829, 38.818831 ], [ -85.75832, 38.818419 ], [ -85.758203, 38.818052 ], [ -85.757823, 38.817457 ], [ -85.757677, 38.816885 ], [ -85.757443, 38.81661 ], [ -85.757181, 38.815749 ], [ -85.756542, 38.815682 ], [ -85.756605, 38.815649 ], [ -85.75666, 38.815598 ], [ -85.756698, 38.815538 ], [ -85.75673, 38.815473 ], [ -85.756942, 38.814929 ], [ -85.756976, 38.814865 ], [ -85.757054, 38.81474 ], [ -85.757144, 38.814626 ], [ -85.757294, 38.814467 ], [ -85.757403, 38.814371 ], [ -85.757582, 38.814247 ], [ -85.758025, 38.814002 ], [ -85.758071, 38.81395 ], [ -85.758086, 38.81388 ], [ -85.758084, 38.813586 ], [ -85.758096, 38.81322 ], [ -85.758127, 38.812856 ], [ -85.758178, 38.81213 ], [ -85.758195, 38.811403 ], [ -85.758194, 38.809949 ], [ -85.758184, 38.809222 ], [ -85.758167, 38.807036 ], [ -85.758171, 38.806306 ], [ -85.75817, 38.804847 ], [ -85.758162, 38.80412 ], [ -85.758155, 38.802302 ], [ -85.758159, 38.801573 ], [ -85.758172, 38.80128 ], [ -85.758232, 38.800627 ], [ -85.75826, 38.800259 ], [ -85.758273, 38.799916 ], [ -85.756672, 38.799794 ], [ -85.750045, 38.798567 ], [ -85.745916, 38.797757 ], [ -85.74298, 38.797507 ], [ -85.740568, 38.79744 ], [ -85.739783, 38.797437 ], [ -85.728997, 38.797391 ], [ -85.728057, 38.797209 ], [ -85.726439, 38.796589 ], [ -85.725792, 38.796269 ], [ -85.724967, 38.795513 ], [ -85.72323, 38.794414 ], [ -85.722377, 38.794046 ], [ -85.721201, 38.793772 ], [ -85.721032, 38.793777 ], [ -85.719586, 38.793819 ], [ -85.719029, 38.79375 ], [ -85.718236, 38.793454 ], [ -85.717649, 38.793523 ], [ -85.716944, 38.793889 ], [ -85.716034, 38.793959 ], [ -85.714038, 38.793365 ], [ -85.713303, 38.792863 ], [ -85.712922, 38.792726 ], [ -85.711863, 38.792063 ], [ -85.711598, 38.79172 ], [ -85.710042, 38.791149 ], [ -85.708931, 38.792019 ], [ -85.708667, 38.792088 ], [ -85.708024, 38.791905 ], [ -85.707615, 38.792065 ], [ -85.707088, 38.792065 ], [ -85.706796, 38.792294 ], [ -85.706065, 38.792363 ], [ -85.705831, 38.792065 ], [ -85.705421, 38.791837 ], [ -85.705304, 38.791676 ], [ -85.704661, 38.791562 ], [ -85.704164, 38.791173 ], [ -85.703579, 38.790876 ], [ -85.703491, 38.79067 ], [ -85.703228, 38.790532 ], [ -85.702643, 38.790509 ], [ -85.701971, 38.790326 ], [ -85.701064, 38.790281 ], [ -85.700713, 38.790052 ], [ -85.700158, 38.789869 ], [ -85.69966, 38.789823 ], [ -85.69931, 38.789983 ], [ -85.698695, 38.790121 ], [ -85.698111, 38.790121 ], [ -85.697643, 38.789984 ], [ -85.697613, 38.789434 ], [ -85.697204, 38.789411 ], [ -85.696415, 38.789618 ], [ -85.696239, 38.789549 ], [ -85.696181, 38.789412 ], [ -85.696736, 38.788839 ], [ -85.696765, 38.788496 ], [ -85.696678, 38.788313 ], [ -85.695303, 38.788244 ], [ -85.695303, 38.78813 ], [ -85.695537, 38.787832 ], [ -85.695566, 38.787375 ], [ -85.694601, 38.786574 ], [ -85.694367, 38.786024 ], [ -85.693958, 38.785796 ], [ -85.693256, 38.786116 ], [ -85.692818, 38.785773 ], [ -85.692204, 38.785681 ], [ -85.69197, 38.785841 ], [ -85.69197, 38.786368 ], [ -85.691853, 38.786436 ], [ -85.691473, 38.786391 ], [ -85.691093, 38.786459 ], [ -85.690742, 38.786391 ], [ -85.690712, 38.786276 ], [ -85.691122, 38.785819 ], [ -85.691151, 38.785452 ], [ -85.690742, 38.785155 ], [ -85.690712, 38.785018 ], [ -85.691093, 38.78472 ], [ -85.691063, 38.784422 ], [ -85.690654, 38.784125 ], [ -85.690361, 38.783644 ], [ -85.69004, 38.7836 ], [ -85.689104, 38.782959 ], [ -85.688519, 38.78289 ], [ -85.688256, 38.782707 ], [ -85.687876, 38.782593 ], [ -85.687584, 38.78273 ], [ -85.687233, 38.783142 ], [ -85.68659, 38.783462 ], [ -85.68659, 38.783989 ], [ -85.687174, 38.784995 ], [ -85.687204, 38.785361 ], [ -85.686941, 38.785361 ], [ -85.686005, 38.784286 ], [ -85.685888, 38.783783 ], [ -85.685654, 38.783668 ], [ -85.684134, 38.7836 ], [ -85.683783, 38.783691 ], [ -85.683795, 38.782046 ], [ -85.683781, 38.780469 ], [ -85.683779, 38.780415 ], [ -85.683697, 38.778412 ], [ -85.68368, 38.777182 ], [ -85.683646, 38.774724 ], [ -85.683636, 38.774009 ], [ -85.68362, 38.772915 ], [ -85.683619, 38.772825 ], [ -85.683607, 38.771882 ], [ -85.683582, 38.770925 ], [ -85.683558, 38.76926 ], [ -85.683549, 38.768632 ], [ -85.684104, 38.768334 ], [ -85.68428, 38.767922 ], [ -85.684747, 38.767762 ], [ -85.685011, 38.767075 ], [ -85.685011, 38.76648 ], [ -85.684864, 38.766114 ], [ -85.685011, 38.765931 ], [ -85.685566, 38.765908 ], [ -85.685829, 38.765565 ], [ -85.686384, 38.765245 ], [ -85.686618, 38.76497 ], [ -85.686531, 38.764581 ], [ -85.686268, 38.764398 ], [ -85.686209, 38.764169 ], [ -85.687174, 38.764146 ], [ -85.687525, 38.764032 ], [ -85.6877, 38.763803 ], [ -85.687758, 38.762498 ], [ -85.687612, 38.762155 ], [ -85.687203, 38.76188 ], [ -85.68732, 38.761583 ], [ -85.687466, 38.761537 ], [ -85.687612, 38.761628 ], [ -85.688109, 38.761674 ], [ -85.688226, 38.7614 ], [ -85.688168, 38.76085 ], [ -85.688021, 38.760713 ], [ -85.687758, 38.760004 ], [ -85.687349, 38.759317 ], [ -85.687203, 38.759225 ], [ -85.686735, 38.75918 ], [ -85.68656, 38.759042 ], [ -85.686385, 38.758356 ], [ -85.686122, 38.75815 ], [ -85.685274, 38.757829 ], [ -85.684543, 38.757783 ], [ -85.684397, 38.757257 ], [ -85.684134, 38.756914 ], [ -85.683666, 38.756868 ], [ -85.683666, 38.756525 ], [ -85.683476, 38.75632 ], [ -85.683462, 38.755014 ], [ -85.683462, 38.750057 ], [ -85.683543, 38.746326 ], [ -85.683533, 38.745892 ], [ -85.674228, 38.745826 ], [ -85.674157, 38.737614 ], [ -85.672179, 38.737609 ], [ -85.671864, 38.737609 ], [ -85.671879, 38.73804 ], [ -85.671887, 38.739103 ], [ -85.671108, 38.739111 ], [ -85.671097, 38.739067 ], [ -85.671087, 38.738043 ], [ -85.669513, 38.73803 ], [ -85.669464, 38.73732 ], [ -85.669467, 38.736843 ], [ -85.670257, 38.736842 ], [ -85.670241, 38.735711 ], [ -85.671005, 38.735707 ], [ -85.670956, 38.733278 ], [ -85.682399, 38.733149 ], [ -85.683223, 38.729621 ], [ -85.683373, 38.729637 ], [ -85.683881, 38.729631 ], [ -85.684955, 38.729634 ], [ -85.687248, 38.729657 ], [ -85.687987, 38.729671 ], [ -85.688719, 38.729675 ], [ -85.688871, 38.729673 ], [ -85.688859, 38.727857 ], [ -85.687744, 38.727847 ], [ -85.687742, 38.725975 ], [ -85.692348, 38.726034 ], [ -85.692286, 38.722977 ], [ -85.692262, 38.722105 ], [ -85.692196, 38.720466 ], [ -85.692203, 38.720328 ], [ -85.692189, 38.720196 ], [ -85.692101, 38.715169 ], [ -85.684584, 38.715065 ], [ -85.684586, 38.714387 ], [ -85.684557, 38.71315 ], [ -85.684384, 38.713146 ], [ -85.684358, 38.712172 ], [ -85.685799, 38.712172 ], [ -85.685798, 38.711887 ], [ -85.68435, 38.711885 ], [ -85.684295, 38.710412 ], [ -85.684003, 38.71039 ], [ -85.683725, 38.710376 ], [ -85.683571, 38.710383 ], [ -85.683426, 38.710396 ], [ -85.683289, 38.710422 ], [ -85.683154, 38.710457 ], [ -85.683021, 38.710499 ], [ -85.682809, 38.71058 ], [ -85.682638, 38.710645 ], [ -85.682563, 38.710661 ], [ -85.682342, 38.710697 ], [ -85.681826, 38.710722 ], [ -85.680299, 38.710719 ], [ -85.67877, 38.710721 ], [ -85.677248, 38.710717 ], [ -85.673941, 38.710718 ], [ -85.673727, 38.710728 ], [ -85.67351, 38.71077 ], [ -85.673522, 38.710395 ], [ -85.673512, 38.709893 ], [ -85.673539, 38.708376 ], [ -85.673545, 38.706845 ], [ -85.67354, 38.706406 ], [ -85.673527, 38.705329 ], [ -85.673511, 38.704335 ], [ -85.676489, 38.704335 ], [ -85.676457, 38.702646 ], [ -85.681109, 38.702598 ], [ -85.681062, 38.700451 ], [ -85.67955, 38.700456 ], [ -85.679533, 38.699896 ], [ -85.681049, 38.699883 ], [ -85.681005, 38.697015 ], [ -85.677992, 38.697052 ], [ -85.677967, 38.693389 ], [ -85.680465, 38.693366 ], [ -85.680208, 38.690872 ], [ -85.680204, 38.689023 ], [ -85.681093, 38.688891 ], [ -85.681102, 38.688137 ], [ -85.682467, 38.688171 ], [ -85.68246, 38.687934 ], [ -85.682447, 38.687283 ], [ -85.682433, 38.686126 ], [ -85.683577, 38.686109 ], [ -85.684963, 38.68611 ], [ -85.686664, 38.68612 ], [ -85.687435, 38.686116 ], [ -85.689511, 38.686129 ], [ -85.691291, 38.686141 ], [ -85.691619, 38.686134 ], [ -85.69241, 38.686141 ], [ -85.692625, 38.686133 ], [ -85.693057, 38.686131 ], [ -85.693492, 38.686136 ], [ -85.694392, 38.686133 ], [ -85.696513, 38.686133 ], [ -85.696336, 38.685886 ], [ -85.696169, 38.678889 ], [ -85.70074, 38.678859 ], [ -85.700684, 38.675192 ], [ -85.698385, 38.675208 ], [ -85.698356, 38.673415 ], [ -85.696224, 38.673433 ], [ -85.696206, 38.671538 ], [ -85.695874, 38.671532 ], [ -85.695394, 38.67153 ], [ -85.694995, 38.671537 ], [ -85.694158, 38.671565 ], [ -85.69326, 38.671579 ], [ -85.692792, 38.671582 ], [ -85.692434, 38.671579 ], [ -85.69233, 38.671578 ], [ -85.692121, 38.671567 ], [ -85.691679, 38.67156 ], [ -85.691381, 38.671567 ], [ -85.690956, 38.671581 ], [ -85.690457, 38.671582 ], [ -85.688958, 38.671561 ], [ -85.687256, 38.671545 ], [ -85.685666, 38.67154 ], [ -85.683973, 38.671517 ], [ -85.682459, 38.671529 ], [ -85.681043, 38.671545 ], [ -85.680597, 38.670896 ], [ -85.680235, 38.669948 ], [ -85.680182, 38.669402 ], [ -85.680253, 38.669188 ], [ -85.680235, 38.6684 ], [ -85.680155, 38.667984 ], [ -85.680076, 38.667843 ], [ -85.679987, 38.667639 ], [ -85.679863, 38.667435 ], [ -85.679792, 38.667258 ], [ -85.679801, 38.667072 ], [ -85.679801, 38.665594 ], [ -85.679899, 38.664282 ], [ -85.679774, 38.663433 ], [ -85.679766, 38.662723 ], [ -85.679677, 38.66268 ], [ -85.679659, 38.66268 ], [ -85.679562, 38.662698 ], [ -85.679544, 38.662698 ], [ -85.679447, 38.662698 ], [ -85.679367, 38.662698 ], [ -85.679243, 38.662672 ], [ -85.679217, 38.662663 ], [ -85.679199, 38.662619 ], [ -85.67919, 38.662592 ], [ -85.679137, 38.662539 ], [ -85.679119, 38.662486 ], [ -85.67904, 38.662459 ], [ -85.678995, 38.662415 ], [ -85.678978, 38.662379 ], [ -85.678969, 38.662326 ], [ -85.678969, 38.6623 ], [ -85.678942, 38.662255 ], [ -85.678907, 38.662211 ], [ -85.678854, 38.662185 ], [ -85.6788, 38.66214 ], [ -85.678747, 38.662105 ], [ -85.678712, 38.662043 ], [ -85.678712, 38.661999 ], [ -85.678747, 38.661981 ], [ -85.678818, 38.662025 ], [ -85.678854, 38.662078 ], [ -85.678907, 38.662078 ], [ -85.678933, 38.662052 ], [ -85.678942, 38.662025 ], [ -85.678978, 38.661963 ], [ -85.678986, 38.66191 ], [ -85.679004, 38.661839 ], [ -85.679004, 38.661777 ], [ -85.679004, 38.661715 ], [ -85.679004, 38.661671 ], [ -85.67896, 38.661636 ], [ -85.678933, 38.6616 ], [ -85.678871, 38.661556 ], [ -85.678854, 38.661512 ], [ -85.678854, 38.661459 ], [ -85.678862, 38.661441 ], [ -85.678924, 38.661414 ], [ -85.678969, 38.661414 ], [ -85.678969, 38.66137 ], [ -85.679004, 38.661308 ], [ -85.679057, 38.661308 ], [ -85.679137, 38.661237 ], [ -85.679189, 38.661185 ], [ -85.679217, 38.66114 ], [ -85.679217, 38.661122 ], [ -85.679243, 38.661078 ], [ -85.679243, 38.661042 ], [ -85.679243, 38.661007 ], [ -85.679226, 38.66098 ], [ -85.679226, 38.660954 ], [ -85.679208, 38.660936 ], [ -85.679199, 38.660901 ], [ -85.679172, 38.660874 ], [ -85.679137, 38.660848 ], [ -85.679075, 38.660821 ], [ -85.678986, 38.660741 ], [ -85.6788, 38.660467 ], [ -85.678721, 38.660423 ], [ -85.678703, 38.660378 ], [ -85.678694, 38.660325 ], [ -85.678659, 38.660272 ], [ -85.678615, 38.660228 ], [ -85.678579, 38.660157 ], [ -85.678568, 38.660132 ], [ -85.678517, 38.660015 ], [ -85.678446, 38.659856 ], [ -85.678411, 38.659812 ], [ -85.678393, 38.659767 ], [ -85.678305, 38.659714 ], [ -85.678296, 38.659705 ], [ -85.678172, 38.659582 ], [ -85.678128, 38.65952 ], [ -85.678074, 38.659475 ], [ -85.678004, 38.659404 ], [ -85.678004, 38.659351 ], [ -85.678004, 38.65921 ], [ -85.677906, 38.659095 ], [ -85.677827, 38.659112 ], [ -85.677791, 38.659112 ], [ -85.677765, 38.659112 ], [ -85.677711, 38.659103 ], [ -85.677676, 38.659077 ], [ -85.677623, 38.659015 ], [ -85.677623, 38.658935 ], [ -85.677623, 38.658882 ], [ -85.677641, 38.658829 ], [ -85.677711, 38.658749 ], [ -85.677729, 38.658705 ], [ -85.67772, 38.658625 ], [ -85.677694, 38.658546 ], [ -85.677632, 38.658457 ], [ -85.677596, 38.658368 ], [ -85.677481, 38.658209 ], [ -85.677402, 38.658085 ], [ -85.67734, 38.657873 ], [ -85.677109, 38.657474 ], [ -85.677064, 38.657187 ], [ -85.677024, 38.657004 ], [ -85.665188, 38.657061 ], [ -85.665094, 38.656427 ], [ -85.663371, 38.656394 ], [ -85.663351, 38.655531 ], [ -85.663348, 38.655343 ], [ -85.663308, 38.652478 ], [ -85.663297, 38.651949 ], [ -85.663267, 38.651718 ], [ -85.663254, 38.64992 ], [ -85.663252, 38.649674 ], [ -85.664588, 38.64902 ], [ -85.665027, 38.649085 ], [ -85.667172, 38.647848 ], [ -85.666819, 38.647469 ], [ -85.669892, 38.6456 ], [ -85.672174, 38.648104 ], [ -85.678379, 38.64453 ], [ -85.676799, 38.642808 ], [ -85.676613, 38.642613 ], [ -85.675783, 38.641725 ], [ -85.673728, 38.639487 ], [ -85.672661, 38.638349 ], [ -85.672413, 38.638087 ], [ -85.670557, 38.636118 ], [ -85.669529, 38.635017 ], [ -85.669264, 38.634742 ], [ -85.669473, 38.634603 ], [ -85.669655, 38.634489 ], [ -85.669747, 38.634439 ], [ -85.669849, 38.634383 ], [ -85.670931, 38.633757 ], [ -85.670249, 38.633036 ], [ -85.671222, 38.63247 ], [ -85.670753, 38.631861 ], [ -85.669962, 38.630832 ], [ -85.671015, 38.630236 ], [ -85.672371, 38.629469 ], [ -85.671818, 38.628897 ], [ -85.671024, 38.628018 ], [ -85.669465, 38.626293 ], [ -85.671034, 38.625508 ], [ -85.672578, 38.624735 ], [ -85.674772, 38.62365 ], [ -85.671059, 38.619576 ], [ -85.670261, 38.618701 ], [ -85.669756, 38.618956 ], [ -85.668977, 38.61815 ], [ -85.671069, 38.617021 ], [ -85.672255, 38.616381 ], [ -85.671077, 38.615231 ], [ -85.669982, 38.614163 ], [ -85.66888, 38.613098 ], [ -85.667438, 38.61169 ], [ -85.667231, 38.611466 ], [ -85.667419, 38.611382 ], [ -85.667538, 38.61132 ], [ -85.66774, 38.611228 ], [ -85.667864, 38.611133 ], [ -85.667918, 38.611006 ], [ -85.668012, 38.610528 ], [ -85.668083, 38.610034 ], [ -85.668125, 38.609895 ], [ -85.66819, 38.609767 ], [ -85.668458, 38.609331 ], [ -85.668694, 38.608874 ], [ -85.668812, 38.608671 ], [ -85.668855, 38.608609 ], [ -85.668888, 38.608543 ], [ -85.668917, 38.608472 ], [ -85.668939, 38.608397 ], [ -85.668944, 38.608315 ], [ -85.668933, 38.608259 ], [ -85.668888, 38.60812 ], [ -85.668876, 38.608049 ], [ -85.66888, 38.607981 ], [ -85.668901, 38.607914 ], [ -85.668931, 38.607851 ], [ -85.670044, 38.606175 ], [ -85.67025, 38.605838 ], [ -85.670333, 38.60573 ], [ -85.670398, 38.605619 ], [ -85.671219, 38.605626 ], [ -85.671583, 38.605629 ], [ -85.672087, 38.605649 ], [ -85.672183, 38.60565 ], [ -85.673825, 38.60567 ], [ -85.673974, 38.607366 ], [ -85.675376, 38.608465 ], [ -85.676342, 38.608762 ], [ -85.676897, 38.609196 ], [ -85.678328, 38.609927 ], [ -85.679145, 38.610637 ], [ -85.679466, 38.611186 ], [ -85.679351, 38.611599 ], [ -85.679088, 38.611829 ], [ -85.679033, 38.613569 ], [ -85.678712, 38.613729 ], [ -85.678449, 38.614256 ], [ -85.678828, 38.614828 ], [ -85.679586, 38.6154 ], [ -85.679878, 38.615904 ], [ -85.68017, 38.615972 ], [ -85.68087, 38.615881 ], [ -85.681249, 38.615515 ], [ -85.681366, 38.615286 ], [ -85.681628, 38.615172 ], [ -85.681891, 38.615309 ], [ -85.682008, 38.615538 ], [ -85.682474, 38.615904 ], [ -85.682445, 38.617392 ], [ -85.682737, 38.617827 ], [ -85.683437, 38.618307 ], [ -85.684195, 38.618582 ], [ -85.684633, 38.618948 ], [ -85.684749, 38.619246 ], [ -85.684662, 38.619543 ], [ -85.684749, 38.619658 ], [ -85.685333, 38.619818 ], [ -85.685624, 38.620093 ], [ -85.68577, 38.620436 ], [ -85.686499, 38.62055 ], [ -85.686733, 38.620505 ], [ -85.6872, 38.620047 ], [ -85.687316, 38.62007 ], [ -85.687751, 38.620248 ], [ -85.689256, 38.621302 ], [ -85.690891, 38.622289 ], [ -85.691005, 38.622226 ], [ -85.69231, 38.621467 ], [ -85.693631, 38.620744 ], [ -85.695848, 38.619476 ], [ -85.696057, 38.619348 ], [ -85.696206, 38.619262 ], [ -85.696651, 38.619023 ], [ -85.69724, 38.618698 ], [ -85.69743, 38.618585 ], [ -85.697984, 38.618241 ], [ -85.698352, 38.61802 ], [ -85.6991, 38.617592 ], [ -85.699633, 38.617293 ], [ -85.699877, 38.617156 ], [ -85.700622, 38.616717 ], [ -85.702884, 38.615423 ], [ -85.70326, 38.615197 ], [ -85.703981, 38.614749 ], [ -85.704086, 38.61468 ], [ -85.704145, 38.614641 ], [ -85.704945, 38.614172 ], [ -85.705475, 38.613879 ], [ -85.705703, 38.613746 ], [ -85.706313, 38.613379 ], [ -85.706501, 38.613276 ], [ -85.706695, 38.613176 ], [ -85.706891, 38.613081 ], [ -85.707289, 38.612868 ], [ -85.707301, 38.612859 ], [ -85.707474, 38.612732 ], [ -85.707536, 38.612682 ], [ -85.707652, 38.612617 ], [ -85.70782, 38.612534 ], [ -85.707885, 38.61251 ], [ -85.708072, 38.612418 ], [ -85.708261, 38.612316 ], [ -85.708271, 38.61231 ], [ -85.719116, 38.623946 ], [ -85.719184, 38.625058 ], [ -85.719164, 38.625115 ], [ -85.719175, 38.634941 ], [ -85.719199, 38.63494 ], [ -85.721468, 38.634941 ], [ -85.723647, 38.634926 ], [ -85.72473, 38.634909 ], [ -85.725446, 38.634902 ], [ -85.725657, 38.634896 ], [ -85.725642, 38.634616 ], [ -85.725637, 38.633684 ], [ -85.725641, 38.633026 ], [ -85.725653, 38.632582 ], [ -85.725646, 38.632508 ], [ -85.725616, 38.632441 ], [ -85.725564, 38.632389 ], [ -85.725498, 38.632359 ], [ -85.725426, 38.632348 ], [ -85.725353, 38.632344 ], [ -85.725275, 38.632332 ], [ -85.725206, 38.632295 ], [ -85.725157, 38.632236 ], [ -85.72514, 38.632165 ], [ -85.725137, 38.63202 ], [ -85.725141, 38.63195 ], [ -85.725124, 38.631522 ], [ -85.725083, 38.628469 ], [ -85.725085, 38.628036 ], [ -85.725053, 38.626302 ], [ -85.725059, 38.625936 ], [ -85.72505, 38.625783 ], [ -85.725033, 38.625712 ], [ -85.725005, 38.625646 ], [ -85.724961, 38.625591 ], [ -85.724907, 38.625544 ], [ -85.724787, 38.625466 ], [ -85.724152, 38.625129 ], [ -85.723366, 38.624736 ], [ -85.7233, 38.624693 ], [ -85.723249, 38.624636 ], [ -85.723218, 38.624569 ], [ -85.723203, 38.624498 ], [ -85.723197, 38.624211 ], [ -85.7232, 38.623991 ], [ -85.723197, 38.623774 ], [ -85.723177, 38.623345 ], [ -85.723158, 38.622175 ], [ -85.723166, 38.622029 ], [ -85.72318, 38.62196 ], [ -85.723206, 38.621893 ], [ -85.723248, 38.621834 ], [ -85.723298, 38.621784 ], [ -85.723354, 38.621737 ], [ -85.724346, 38.621126 ], [ -85.724946, 38.620769 ], [ -85.724409, 38.620169 ], [ -85.72621, 38.61918 ], [ -85.726242, 38.618772 ], [ -85.726894, 38.618895 ], [ -85.729233, 38.61738 ], [ -85.729916, 38.617959 ], [ -85.737575, 38.61367 ], [ -85.737546, 38.619121 ], [ -85.742273, 38.619084 ], [ -85.74224, 38.618385 ], [ -85.744635, 38.618396 ], [ -85.744636, 38.619267 ], [ -85.745052, 38.619266 ], [ -85.74506, 38.61976 ], [ -85.747002, 38.61974 ], [ -85.747005, 38.620301 ], [ -85.747145, 38.620304 ], [ -85.748941, 38.6203 ], [ -85.751566, 38.620282 ], [ -85.751711, 38.620281 ], [ -85.751731, 38.623938 ], [ -85.760985, 38.623769 ], [ -85.760969, 38.622398 ], [ -85.760943, 38.620196 ], [ -85.761358, 38.620189 ], [ -85.761788, 38.620186 ], [ -85.762089, 38.620194 ], [ -85.764673, 38.62015 ], [ -85.765585, 38.620143 ], [ -85.767761, 38.620103 ], [ -85.770034, 38.620061 ], [ -85.770508, 38.620056 ], [ -85.770916, 38.620051 ], [ -85.771808, 38.620029 ], [ -85.773171, 38.620005 ], [ -85.773583, 38.619995 ], [ -85.775399, 38.615576 ], [ -85.775689, 38.615612 ], [ -85.77583, 38.615639 ], [ -85.775925, 38.615666 ], [ -85.776056, 38.615359 ], [ -85.776726, 38.613681 ], [ -85.776802, 38.613481 ], [ -85.776873, 38.613276 ], [ -85.776938, 38.613066 ], [ -85.777031, 38.612709 ], [ -85.777067, 38.612542 ], [ -85.777171, 38.612024 ], [ -85.777241, 38.611597 ], [ -85.77727, 38.611383 ], [ -85.777293, 38.611165 ], [ -85.777306, 38.610948 ], [ -85.77731, 38.610731 ], [ -85.777299, 38.610299 ], [ -85.777242, 38.609211 ], [ -85.777218, 38.608865 ], [ -85.78133, 38.608687 ], [ -85.781344, 38.606559 ], [ -85.781345, 38.605538 ], [ -85.781355, 38.605076 ], [ -85.781646, 38.605068 ], [ -85.782095, 38.605065 ], [ -85.782173, 38.60506 ], [ -85.782284, 38.605053 ], [ -85.782853, 38.604979 ], [ -85.784021, 38.60497 ], [ -85.784696, 38.604946 ], [ -85.786493, 38.60488 ], [ -85.78673, 38.604877 ], [ -85.787687, 38.604834 ], [ -85.788417, 38.604825 ], [ -85.788921, 38.604825 ], [ -85.78962, 38.604823 ], [ -85.791638, 38.60483 ], [ -85.793303, 38.604814 ], [ -85.793584, 38.604814 ], [ -85.794082, 38.604803 ], [ -85.79496, 38.604802 ], [ -85.795396, 38.604798 ], [ -85.795827, 38.604785 ], [ -85.796264, 38.604786 ], [ -85.796703, 38.60478 ], [ -85.79714, 38.604782 ], [ -85.802373, 38.604737 ], [ -85.80281, 38.604737 ], [ -85.803248, 38.604745 ], [ -85.804132, 38.604728 ], [ -85.805005, 38.604724 ], [ -85.805151, 38.60472 ], [ -85.805864, 38.604708 ], [ -85.808685, 38.60469 ], [ -85.808901, 38.604678 ], [ -85.809119, 38.604641 ], [ -85.809329, 38.604573 ], [ -85.810212, 38.604221 ], [ -85.810733, 38.604016 ], [ -85.810724, 38.604121 ], [ -85.810491, 38.604553 ], [ -85.810257, 38.604714 ], [ -85.809296, 38.605032 ], [ -85.807194, 38.60544 ], [ -85.805853, 38.605552 ], [ -85.804045, 38.605252 ], [ -85.803316, 38.605341 ], [ -85.80212, 38.605842 ], [ -85.801333, 38.605955 ], [ -85.800399, 38.605932 ], [ -85.799495, 38.605838 ], [ -85.798766, 38.605447 ], [ -85.798066, 38.605446 ], [ -85.796754, 38.605787 ], [ -85.796345, 38.606152 ], [ -85.795703, 38.607316 ], [ -85.795324, 38.607521 ], [ -85.794887, 38.607474 ], [ -85.794363, 38.607221 ], [ -85.793925, 38.607335 ], [ -85.793808, 38.607518 ], [ -85.793837, 38.607883 ], [ -85.79442, 38.60875 ], [ -85.794275, 38.609504 ], [ -85.79442, 38.610737 ], [ -85.794274, 38.610989 ], [ -85.793661, 38.611422 ], [ -85.792699, 38.611512 ], [ -85.792436, 38.611465 ], [ -85.791767, 38.610915 ], [ -85.790687, 38.611004 ], [ -85.79022, 38.611094 ], [ -85.789607, 38.611528 ], [ -85.788645, 38.611732 ], [ -85.788149, 38.612119 ], [ -85.788089, 38.612237 ], [ -85.788298, 38.612237 ], [ -85.788512, 38.612232 ], [ -85.788731, 38.612217 ], [ -85.788944, 38.612211 ], [ -85.789276, 38.612208 ], [ -85.790356, 38.612177 ], [ -85.792306, 38.612129 ], [ -85.793167, 38.612112 ], [ -85.793589, 38.612112 ], [ -85.793912, 38.612104 ], [ -85.795554, 38.612087 ], [ -85.796336, 38.612083 ], [ -85.797572, 38.61209 ], [ -85.798142, 38.612082 ], [ -85.799267, 38.612067 ], [ -85.799711, 38.612065 ], [ -85.80099, 38.612069 ], [ -85.801834, 38.61206 ], [ -85.802233, 38.612052 ], [ -85.803091, 38.612049 ], [ -85.803925, 38.61205 ], [ -85.80563, 38.61204 ], [ -85.806848, 38.612028 ], [ -85.810332, 38.612016 ], [ -85.812209, 38.611984 ], [ -85.812444, 38.611987 ], [ -85.812447, 38.612089 ], [ -85.812444, 38.612552 ], [ -85.812448, 38.613283 ], [ -85.812444, 38.613655 ], [ -85.812466, 38.615643 ], [ -85.812486, 38.616262 ], [ -85.812484, 38.617713 ], [ -85.812513, 38.619169 ], [ -85.812557, 38.620616 ], [ -85.812558, 38.620981 ], [ -85.812566, 38.621352 ], [ -85.812607, 38.622084 ], [ -85.812656, 38.623177 ], [ -85.812683, 38.623683 ], [ -85.812684, 38.623826 ], [ -85.81266, 38.624844 ], [ -85.81264, 38.625428 ], [ -85.812622, 38.625646 ], [ -85.8126, 38.62583 ], [ -85.812554, 38.626226 ], [ -85.812535, 38.626515 ], [ -85.812533, 38.626697 ], [ -85.812757, 38.626701 ], [ -85.814045, 38.626693 ], [ -85.814067, 38.627775 ], [ -85.814843, 38.627775 ], [ -85.814851, 38.628543 ], [ -85.817154, 38.628512 ], [ -85.817213, 38.630375 ], [ -85.817307, 38.634061 ], [ -85.814579, 38.634047 ], [ -85.814646, 38.637732 ], [ -85.816741, 38.637758 ], [ -85.816697, 38.637804 ], [ -85.816668, 38.637859 ], [ -85.816651, 38.637923 ], [ -85.816639, 38.638059 ], [ -85.816657, 38.640063 ], [ -85.816671, 38.641101 ], [ -85.816693, 38.641516 ], [ -85.816696, 38.641746 ], [ -85.816874, 38.641726 ], [ -85.81695, 38.641725 ], [ -85.817018, 38.641736 ], [ -85.817083, 38.64176 ], [ -85.817141, 38.641796 ], [ -85.817193, 38.641844 ], [ -85.817232, 38.6419 ], [ -85.817275, 38.64203 ], [ -85.817298, 38.642172 ], [ -85.817316, 38.642237 ], [ -85.817345, 38.642299 ], [ -85.817384, 38.642351 ], [ -85.817432, 38.642398 ], [ -85.817483, 38.642438 ], [ -85.817912, 38.642673 ], [ -85.818778, 38.643178 ], [ -85.819178, 38.643503 ], [ -85.819268, 38.643625 ], [ -85.81933, 38.643762 ], [ -85.819353, 38.643906 ], [ -85.819332, 38.644549 ], [ -85.819284, 38.645539 ], [ -85.819286, 38.645622 ], [ -85.8193, 38.645706 ], [ -85.819349, 38.645788 ], [ -85.819432, 38.645842 ], [ -85.819508, 38.645864 ], [ -85.81957, 38.645873 ], [ -85.819699, 38.645881 ], [ -85.821173, 38.64588 ], [ -85.82169, 38.645875 ], [ -85.821845, 38.645877 ], [ -85.821997, 38.645902 ], [ -85.82214, 38.645966 ], [ -85.822263, 38.646053 ], [ -85.822408, 38.646163 ], [ -85.822508, 38.645736 ], [ -85.822596, 38.64569 ], [ -85.822773, 38.644729 ], [ -85.822889, 38.644568 ], [ -85.823388, 38.644201 ], [ -85.823592, 38.643789 ], [ -85.823623, 38.643033 ], [ -85.823916, 38.642575 ], [ -85.823887, 38.641933 ], [ -85.824678, 38.640994 ], [ -85.825234, 38.639963 ], [ -85.825674, 38.639391 ], [ -85.826026, 38.638588 ], [ -85.826058, 38.6371 ], [ -85.825941, 38.637031 ], [ -85.825942, 38.636642 ], [ -85.826059, 38.636459 ], [ -85.825943, 38.636069 ], [ -85.825945, 38.635382 ], [ -85.826091, 38.635153 ], [ -85.826763, 38.634969 ], [ -85.826968, 38.63474 ], [ -85.827233, 38.633389 ], [ -85.827764, 38.632916 ], [ -85.827876, 38.632816 ], [ -85.828341, 38.632152 ], [ -85.828455, 38.631672 ], [ -85.829008, 38.630894 ], [ -85.829007, 38.630597 ], [ -85.828743, 38.630117 ], [ -85.828712, 38.629294 ], [ -85.829088, 38.62831 ], [ -85.82935, 38.628218 ], [ -85.832698, 38.627785 ], [ -85.833047, 38.627854 ], [ -85.833367, 38.627671 ], [ -85.833366, 38.627419 ], [ -85.833133, 38.627191 ], [ -85.833219, 38.626801 ], [ -85.833685, 38.626596 ], [ -85.834645, 38.626344 ], [ -85.834907, 38.626162 ], [ -85.835138, 38.62559 ], [ -85.835779, 38.625412 ], [ -85.835967, 38.625079 ], [ -85.836095, 38.624737 ], [ -85.836092, 38.623569 ], [ -85.835624, 38.623317 ], [ -85.835214, 38.622974 ], [ -85.835213, 38.622586 ], [ -85.835355, 38.622418 ], [ -85.835624, 38.62209 ], [ -85.836504, 38.621645 ], [ -85.836858, 38.620951 ], [ -85.836918, 38.620545 ], [ -85.837185, 38.619829 ], [ -85.837099, 38.619686 ], [ -85.837101, 38.619138 ], [ -85.83719, 38.619042 ], [ -85.837199, 38.618852 ], [ -85.837221, 38.618377 ], [ -85.837425, 38.61813 ], [ -85.837834, 38.617929 ], [ -85.838068, 38.617727 ], [ -85.838039, 38.617367 ], [ -85.837806, 38.617165 ], [ -85.837719, 38.616578 ], [ -85.837195, 38.616402 ], [ -85.837372, 38.615342 ], [ -85.837634, 38.615118 ], [ -85.838102, 38.61526 ], [ -85.838978, 38.614498 ], [ -85.839767, 38.61453 ], [ -85.840234, 38.614376 ], [ -85.840555, 38.614356 ], [ -85.841548, 38.614596 ], [ -85.842454, 38.61431 ], [ -85.843505, 38.614139 ], [ -85.843447, 38.613887 ], [ -85.842455, 38.612903 ], [ -85.842455, 38.612446 ], [ -85.843592, 38.61185 ], [ -85.844554, 38.611507 ], [ -85.844934, 38.611255 ], [ -85.845312, 38.610591 ], [ -85.845312, 38.609881 ], [ -85.845925, 38.609492 ], [ -85.846333, 38.609584 ], [ -85.846595, 38.609538 ], [ -85.846887, 38.609355 ], [ -85.847091, 38.609126 ], [ -85.847499, 38.608256 ], [ -85.847791, 38.608073 ], [ -85.849132, 38.608049 ], [ -85.849861, 38.607591 ], [ -85.850416, 38.607454 ], [ -85.850533, 38.607225 ], [ -85.851469, 38.606447 ], [ -85.85185, 38.605898 ], [ -85.851998, 38.605578 ], [ -85.851999, 38.604731 ], [ -85.851914, 38.604319 ], [ -85.851918, 38.602808 ], [ -85.852064, 38.602306 ], [ -85.853649, 38.599353 ], [ -85.854732, 38.598255 ], [ -85.85521, 38.598035 ], [ -85.856564, 38.597406 ], [ -85.856796, 38.597222 ], [ -85.856998, 38.59674 ], [ -85.856845, 38.59548 ], [ -85.857047, 38.594954 ], [ -85.857421, 38.594357 ], [ -85.857798, 38.59399 ], [ -85.85797, 38.593234 ], [ -85.858315, 38.592593 ], [ -85.858224, 38.591881 ], [ -85.858311, 38.591515 ], [ -85.858695, 38.590997 ], [ -85.858866, 38.590769 ], [ -85.858925, 38.590748 ], [ -85.859177, 38.590647 ], [ -85.85968, 38.590452 ], [ -85.859476, 38.590422 ], [ -85.860178, 38.589895 ], [ -85.860296, 38.589689 ], [ -85.860093, 38.588591 ], [ -85.859977, 38.588453 ], [ -85.859336, 38.588362 ], [ -85.85922, 38.588271 ], [ -85.859105, 38.587813 ], [ -85.858901, 38.58763 ], [ -85.85896, 38.587081 ], [ -85.859165, 38.586577 ], [ -85.859663, 38.585959 ], [ -85.859721, 38.585776 ], [ -85.860306, 38.585112 ], [ -85.861066, 38.584425 ], [ -85.861621, 38.584081 ], [ -85.862527, 38.583966 ], [ -85.862936, 38.58376 ], [ -85.86352, 38.583668 ], [ -85.864221, 38.583783 ], [ -85.864778, 38.582661 ], [ -85.865157, 38.582432 ], [ -85.866239, 38.582248 ], [ -85.867933, 38.581309 ], [ -85.869395, 38.58037 ], [ -85.869577, 38.58029 ], [ -85.869579, 38.580266 ], [ -85.869606, 38.580051 ], [ -85.869637, 38.579909 ], [ -85.86966, 38.579839 ], [ -85.869688, 38.579772 ], [ -85.869724, 38.579708 ], [ -85.869812, 38.579589 ], [ -85.869975, 38.579441 ], [ -85.870486, 38.579042 ], [ -85.870607, 38.578948 ], [ -85.870726, 38.57887 ], [ -85.870856, 38.578805 ], [ -85.870996, 38.578757 ], [ -85.871143, 38.578722 ], [ -85.871579, 38.578664 ], [ -85.871791, 38.578621 ], [ -85.872005, 38.578567 ], [ -85.872213, 38.578497 ], [ -85.872417, 38.578415 ], [ -85.87321, 38.57805 ], [ -85.873402, 38.577947 ], [ -85.873588, 38.577829 ], [ -85.873757, 38.577692 ], [ -85.873908, 38.577533 ], [ -85.873998, 38.577419 ], [ -85.874073, 38.577295 ], [ -85.874117, 38.577157 ], [ -85.874104, 38.577013 ], [ -85.874049, 38.576871 ], [ -85.873983, 38.576744 ], [ -85.873901, 38.576624 ], [ -85.873607, 38.576299 ], [ -85.873512, 38.576185 ], [ -85.873437, 38.576057 ], [ -85.873411, 38.575988 ], [ -85.873395, 38.575916 ], [ -85.873389, 38.575841 ], [ -85.873402, 38.575693 ], [ -85.873417, 38.575623 ], [ -85.873427, 38.57554 ], [ -85.873407, 38.575542 ], [ -85.87332, 38.575553 ], [ -85.868728, 38.575685 ], [ -85.867127, 38.57573 ], [ -85.867121, 38.574915 ], [ -85.8671, 38.571979 ], [ -85.864104, 38.571988 ], [ -85.864105, 38.572849 ], [ -85.862551, 38.572855 ], [ -85.862476, 38.568403 ], [ -85.862579, 38.567974 ], [ -85.863267, 38.568096 ], [ -85.863428, 38.567468 ], [ -85.863731, 38.567531 ], [ -85.864362, 38.567657 ], [ -85.864823, 38.567741 ], [ -85.866203, 38.568014 ], [ -85.866998, 38.568152 ], [ -85.867024, 38.56736 ], [ -85.867057, 38.565929 ], [ -85.867068, 38.565443 ], [ -85.867054, 38.565032 ], [ -85.8669, 38.564904 ], [ -85.866643, 38.564713 ], [ -85.866479, 38.564569 ], [ -85.866321, 38.564346 ], [ -85.865867, 38.563778 ], [ -85.86551, 38.563309 ], [ -85.864999, 38.562683 ], [ -85.864843, 38.562512 ], [ -85.864576, 38.562301 ], [ -85.864172, 38.561979 ], [ -85.863719, 38.561659 ], [ -85.86317, 38.561342 ], [ -85.863031, 38.561261 ], [ -85.861835, 38.560525 ], [ -85.861485, 38.560299 ], [ -85.861084, 38.56004 ], [ -85.860797, 38.559758 ], [ -85.860603, 38.55954 ], [ -85.860154, 38.558994 ], [ -85.859619, 38.558346 ], [ -85.859501, 38.558218 ], [ -85.858975, 38.557652 ], [ -85.857871, 38.556594 ], [ -85.857501, 38.55625 ], [ -85.857246, 38.556013 ], [ -85.856877, 38.555671 ], [ -85.856741, 38.555545 ], [ -85.85665, 38.55546 ], [ -85.85584, 38.554739 ], [ -85.855744, 38.554662 ], [ -85.855232, 38.554256 ], [ -85.854505, 38.553796 ], [ -85.853541, 38.5532 ], [ -85.853372, 38.553095 ], [ -85.853173, 38.552973 ], [ -85.853772, 38.552356 ], [ -85.854373, 38.551678 ], [ -85.854425, 38.551606 ], [ -85.854686, 38.551243 ], [ -85.854719, 38.551197 ], [ -85.854777, 38.551116 ], [ -85.854823, 38.550932 ], [ -85.855286, 38.550947 ], [ -85.855434, 38.550867 ], [ -85.855763, 38.550676 ], [ -85.855813, 38.550647 ], [ -85.856458, 38.550222 ], [ -85.856706, 38.550011 ], [ -85.856777, 38.549801 ], [ -85.856806, 38.549528 ], [ -85.856798, 38.549044 ], [ -85.856608, 38.548862 ], [ -85.856164, 38.548654 ], [ -85.856033, 38.548517 ], [ -85.855903, 38.548149 ], [ -85.855836, 38.547627 ], [ -85.85573, 38.547118 ], [ -85.861672, 38.547104 ], [ -85.866182, 38.547093 ], [ -85.866341, 38.547095 ], [ -85.866323, 38.539685 ], [ -85.866314, 38.536133 ], [ -85.866314, 38.535962 ], [ -85.866314, 38.535949 ], [ -85.866306, 38.53439 ], [ -85.866287, 38.526702 ], [ -85.866273, 38.521271 ], [ -85.866268, 38.519137 ], [ -85.866268, 38.518995 ], [ -85.866268, 38.518917 ], [ -85.866267, 38.518895 ], [ -85.866267, 38.518873 ], [ -85.866267, 38.518833 ], [ -85.866268, 38.518425 ], [ -85.868079, 38.518418 ], [ -85.868175, 38.518415 ], [ -85.868236, 38.518413 ], [ -85.869447, 38.518378 ], [ -85.869459, 38.518378 ], [ -85.869494, 38.518377 ], [ -85.872788, 38.518282 ], [ -85.872806, 38.518281 ], [ -85.873064, 38.518274 ], [ -85.873819, 38.518252 ], [ -85.873849, 38.518251 ], [ -85.87387, 38.51825 ], [ -85.873926, 38.518248 ], [ -85.873982, 38.518246 ], [ -85.874038, 38.518244 ], [ -85.874051, 38.518244 ], [ -85.874065, 38.518244 ], [ -85.874093, 38.518243 ], [ -85.874969, 38.518219 ], [ -85.884708, 38.518152 ], [ -85.884638, 38.513289 ], [ -85.884588, 38.509799 ], [ -85.884586, 38.509691 ], [ -85.884585, 38.509616 ], [ -85.884585, 38.5096 ], [ -85.884585, 38.509589 ], [ -85.884584, 38.509517 ], [ -85.884574, 38.5088 ], [ -85.884578, 38.508653 ], [ -85.884588, 38.508331 ], [ -85.884593, 38.508204 ], [ -85.885395, 38.508265 ], [ -85.885972, 38.508324 ], [ -85.886658, 38.50841 ], [ -85.887399, 38.508522 ], [ -85.888224, 38.508606 ], [ -85.889154, 38.508771 ], [ -85.890852, 38.509099 ], [ -85.891146, 38.509167 ], [ -85.891604, 38.509337 ], [ -85.891757, 38.509394 ], [ -85.894063, 38.510381 ], [ -85.894442, 38.510529 ], [ -85.894821, 38.510677 ], [ -85.895641, 38.510997 ], [ -85.896398, 38.51132 ], [ -85.896516, 38.511375 ], [ -85.896534, 38.511383 ], [ -85.89681, 38.511513 ], [ -85.897213, 38.511716 ], [ -85.897778, 38.512203 ], [ -85.898395, 38.512648 ], [ -85.898907, 38.512972 ], [ -85.898958, 38.512996 ], [ -85.899082, 38.513054 ], [ -85.899159, 38.51309 ], [ -85.899457, 38.513187 ], [ -85.899793, 38.513265 ], [ -85.900202, 38.513361 ], [ -85.900374, 38.513391 ], [ -85.90127, 38.513549 ], [ -85.902357, 38.513733 ], [ -85.90241, 38.513747 ], [ -85.902465, 38.513757 ], [ -85.902517, 38.513775 ], [ -85.902867, 38.513865 ], [ -85.903125, 38.51394 ], [ -85.9035, 38.514099 ], [ -85.903689, 38.514195 ], [ -85.903912, 38.514289 ], [ -85.904009, 38.514343 ], [ -85.904196, 38.51446 ], [ -85.904377, 38.514579 ], [ -85.904593, 38.514681 ], [ -85.904798, 38.514719 ], [ -85.905026, 38.514719 ], [ -85.905174, 38.5147 ], [ -85.90537, 38.514691 ], [ -85.905555, 38.514671 ], [ -85.905733, 38.514661 ], [ -85.906177, 38.514673 ], [ -85.906181, 38.514636 ], [ -85.906332, 38.514745 ], [ -85.906333, 38.514766 ], [ -85.906358, 38.514793 ], [ -85.906375, 38.514896 ], [ -85.906397, 38.514955 ], [ -85.906485, 38.515398 ], [ -85.906563, 38.515592 ], [ -85.906606, 38.515633 ], [ -85.906623, 38.515667 ], [ -85.906736, 38.515758 ], [ -85.906815, 38.515806 ], [ -85.906911, 38.515834 ], [ -85.906945, 38.515854 ], [ -85.907016, 38.515868 ], [ -85.907112, 38.515877 ], [ -85.907361, 38.515867 ], [ -85.907576, 38.515885 ], [ -85.907699, 38.515921 ], [ -85.90772, 38.515934 ], [ -85.908395, 38.516467 ], [ -85.908743, 38.516768 ], [ -85.908865, 38.516881 ], [ -85.908978, 38.516972 ], [ -85.909066, 38.517027 ], [ -85.909192, 38.517096 ], [ -85.909301, 38.517179 ], [ -85.909352, 38.517186 ], [ -85.909383, 38.517197 ], [ -85.909501, 38.517207 ], [ -85.909817, 38.517189 ], [ -85.90987, 38.517155 ], [ -85.909936, 38.51712 ], [ -85.910046, 38.517038 ], [ -85.910152, 38.516943 ], [ -85.91017, 38.516888 ], [ -85.910214, 38.516841 ], [ -85.910259, 38.516669 ], [ -85.910304, 38.516566 ], [ -85.910398, 38.516309 ], [ -85.910467, 38.515963 ], [ -85.910529, 38.515818 ], [ -85.9106, 38.515743 ], [ -85.910653, 38.515634 ], [ -85.910742, 38.515538 ], [ -85.910777, 38.515493 ], [ -85.910812, 38.515462 ], [ -85.910918, 38.515395 ], [ -85.910988, 38.51536 ], [ -85.911058, 38.515342 ], [ -85.911085, 38.515327 ], [ -85.911291, 38.515338 ], [ -85.911505, 38.515356 ], [ -85.911593, 38.515377 ], [ -85.911663, 38.515398 ], [ -85.911706, 38.515419 ], [ -85.912197, 38.515449 ], [ -85.912622, 38.515468 ], [ -85.91274, 38.515458 ], [ -85.912779, 38.515449 ], [ -85.912951, 38.515426 ], [ -85.913253, 38.515348 ], [ -85.913512, 38.515311 ], [ -85.913687, 38.515327 ], [ -85.913766, 38.515353 ], [ -85.9138, 38.515368 ], [ -85.913975, 38.51541 ], [ -85.914037, 38.515438 ], [ -85.914221, 38.515484 ], [ -85.914273, 38.515501 ], [ -85.914491, 38.515674 ], [ -85.914534, 38.515722 ], [ -85.914551, 38.515771 ], [ -85.914769, 38.515958 ], [ -85.914798, 38.516047 ], [ -85.914819, 38.516088 ], [ -85.914942, 38.516164 ], [ -85.915047, 38.516212 ], [ -85.915283, 38.516248 ], [ -85.915465, 38.516394 ], [ -85.915509, 38.516442 ], [ -85.915543, 38.516538 ], [ -85.915569, 38.516566 ], [ -85.915587, 38.516608 ], [ -85.915603, 38.516683 ], [ -85.915655, 38.5168 ], [ -85.915784, 38.517199 ], [ -85.915826, 38.517247 ], [ -85.915878, 38.517378 ], [ -85.915908, 38.517474 ], [ -85.915947, 38.517557 ], [ -85.915973, 38.517578 ], [ -85.915981, 38.517619 ], [ -85.916068, 38.517709 ], [ -85.916085, 38.517743 ], [ -85.916608, 38.518158 ], [ -85.916678, 38.518227 ], [ -85.916833, 38.518421 ], [ -85.917015, 38.518738 ], [ -85.917114, 38.518982 ], [ -85.917143, 38.519144 ], [ -85.917161, 38.519628 ], [ -85.917199, 38.519803 ], [ -85.917251, 38.51992 ], [ -85.917355, 38.520045 ], [ -85.917451, 38.520148 ], [ -85.917606, 38.520327 ], [ -85.917702, 38.520452 ], [ -85.917737, 38.520517 ], [ -85.917763, 38.520541 ], [ -85.917762, 38.520561 ], [ -85.917806, 38.52061 ], [ -85.917841, 38.520693 ], [ -85.917884, 38.520741 ], [ -85.917909, 38.520789 ], [ -85.917979, 38.520962 ], [ -85.918004, 38.521051 ], [ -85.918077, 38.52125 ], [ -85.918124, 38.521353 ], [ -85.91815, 38.521381 ], [ -85.918262, 38.521567 ], [ -85.918297, 38.521598 ], [ -85.918568, 38.521795 ], [ -85.918655, 38.521844 ], [ -85.918716, 38.521858 ], [ -85.918751, 38.521886 ], [ -85.918837, 38.521924 ], [ -85.919012, 38.521976 ], [ -85.919039, 38.521991 ], [ -85.919078, 38.522001 ], [ -85.919205, 38.522018 ], [ -85.919709, 38.522046 ], [ -85.919887, 38.522024 ], [ -85.920011, 38.521995 ], [ -85.920073, 38.521962 ], [ -85.920257, 38.521935 ], [ -85.920494, 38.521888 ], [ -85.920521, 38.521902 ], [ -85.920626, 38.521848 ], [ -85.920731, 38.521821 ], [ -85.92085, 38.521804 ], [ -85.921239, 38.521782 ], [ -85.921266, 38.521796 ], [ -85.921397, 38.5219 ], [ -85.921449, 38.521948 ], [ -85.921483, 38.52201 ], [ -85.921483, 38.522038 ], [ -85.921526, 38.522086 ], [ -85.921542, 38.522251 ], [ -85.921541, 38.522374 ], [ -85.921557, 38.522539 ], [ -85.921585, 38.52256 ], [ -85.921584, 38.52258 ], [ -85.921662, 38.522657 ], [ -85.921753, 38.522726 ], [ -85.921871, 38.522795 ], [ -85.921915, 38.522802 ], [ -85.921967, 38.52283 ], [ -85.922011, 38.522837 ], [ -85.922055, 38.522865 ], [ -85.922316, 38.522942 ], [ -85.922479, 38.52296 ], [ -85.922912, 38.522979 ], [ -85.923074, 38.522962 ], [ -85.923474, 38.522844 ], [ -85.923588, 38.522825 ], [ -85.923641, 38.522804 ], [ -85.92375, 38.522787 ], [ -85.923808, 38.522771 ], [ -85.924062, 38.522752 ], [ -85.924211, 38.522759 ], [ -85.924469, 38.522784 ], [ -85.924658, 38.522775 ], [ -85.924763, 38.522748 ], [ -85.924851, 38.5227 ], [ -85.925019, 38.522568 ], [ -85.925287, 38.522338 ], [ -85.925319, 38.522318 ], [ -85.925406, 38.522277 ], [ -85.925511, 38.522243 ], [ -85.925765, 38.52221 ], [ -85.92609, 38.522212 ], [ -85.926891, 38.522261 ], [ -85.927351, 38.52226 ], [ -85.927658, 38.522268 ], [ -85.927755, 38.522262 ], [ -85.92795, 38.522212 ], [ -85.928202, 38.522147 ], [ -85.928441, 38.522091 ], [ -85.928531, 38.522077 ], [ -85.928772, 38.52202 ], [ -85.929207, 38.521963 ], [ -85.929243, 38.521959 ], [ -85.929476, 38.517668 ], [ -85.929869, 38.510413 ], [ -85.929867, 38.510008 ], [ -85.928156, 38.505115 ], [ -85.92809, 38.504797 ], [ -85.927624, 38.50257 ], [ -85.929635, 38.502374 ], [ -85.93013, 38.502402 ], [ -85.930238, 38.502399 ], [ -85.930278, 38.502398 ], [ -85.930572, 38.502391 ], [ -85.931571, 38.502367 ], [ -85.931778, 38.502362 ], [ -85.931903, 38.502359 ], [ -85.931979, 38.502357 ], [ -85.932009, 38.502356 ], [ -85.932075, 38.502354 ], [ -85.932335, 38.502348 ], [ -85.932788, 38.502337 ], [ -85.933, 38.502332 ], [ -85.934679, 38.502291 ], [ -85.93467, 38.50219 ], [ -85.934648, 38.502063 ], [ -85.934611, 38.501911 ], [ -85.934577, 38.501724 ], [ -85.934562, 38.501605 ], [ -85.934578, 38.50145 ], [ -85.934682, 38.501038 ], [ -85.93485, 38.500215 ], [ -85.93486, 38.500048 ], [ -85.93484, 38.499839 ], [ -85.934777, 38.499511 ], [ -85.934743, 38.499247 ], [ -85.934683, 38.498668 ], [ -85.936338, 38.498707 ], [ -85.936641, 38.498992 ], [ -85.937134, 38.499191 ], [ -85.937282, 38.499208 ], [ -85.937422, 38.499241 ], [ -85.937604, 38.49929 ], [ -85.937918, 38.499318 ], [ -85.938009, 38.499318 ], [ -85.938114, 38.49929 ], [ -85.9382, 38.499239 ], [ -85.938254, 38.499208 ], [ -85.938303, 38.499164 ], [ -85.938366, 38.499087 ], [ -85.938498, 38.498955 ], [ -85.938533, 38.498939 ], [ -85.938701, 38.4989 ], [ -85.939302, 38.498845 ], [ -85.9394, 38.498867 ], [ -85.939512, 38.498966 ], [ -85.939617, 38.498994 ], [ -85.939715, 38.499005 ], [ -85.940071, 38.498906 ], [ -85.940113, 38.498889 ], [ -85.940176, 38.498873 ], [ -85.940533, 38.498719 ], [ -85.940651, 38.498642 ], [ -85.940798, 38.498582 ], [ -85.940931, 38.498472 ], [ -85.940973, 38.498455 ], [ -85.941071, 38.498395 ], [ -85.941099, 38.498395 ], [ -85.941155, 38.498367 ], [ -85.941253, 38.49834 ], [ -85.941343, 38.498329 ], [ -85.941455, 38.498307 ], [ -85.941497, 38.498302 ], [ -85.941525, 38.49829 ], [ -85.941637, 38.49828 ], [ -85.941749, 38.498258 ], [ -85.941959, 38.498225 ], [ -85.94221, 38.498164 ], [ -85.942245, 38.498142 ], [ -85.942392, 38.498082 ], [ -85.94249, 38.498049 ], [ -85.942539, 38.498021 ], [ -85.942602, 38.498005 ], [ -85.942776, 38.497922 ], [ -85.942888, 38.497879 ], [ -85.942911, 38.497877 ], [ -85.942965, 38.497857 ], [ -85.94328, 38.497708 ], [ -85.943336, 38.497675 ], [ -85.943706, 38.49739 ], [ -85.944125, 38.497038 ], [ -85.944391, 38.496873 ], [ -85.94481, 38.49678 ], [ -85.944929, 38.496763 ], [ -85.945237, 38.496681 ], [ -85.94546, 38.496637 ], [ -85.945719, 38.496566 ], [ -85.945761, 38.496544 ], [ -85.945866, 38.496522 ], [ -85.94602, 38.496472 ], [ -85.94609, 38.496456 ], [ -85.946166, 38.496417 ], [ -85.946264, 38.496384 ], [ -85.946362, 38.496362 ], [ -85.946453, 38.496291 ], [ -85.946614, 38.49628 ], [ -85.946656, 38.49628 ], [ -85.946733, 38.496291 ], [ -85.946775, 38.496313 ], [ -85.94683, 38.496329 ], [ -85.946907, 38.496368 ], [ -85.947012, 38.496401 ], [ -85.947068, 38.496425 ], [ -85.947152, 38.496455 ], [ -85.947265, 38.496472 ], [ -85.947405, 38.496483 ], [ -85.947447, 38.496466 ], [ -85.947509, 38.496428 ], [ -85.947558, 38.49639 ], [ -85.947593, 38.496357 ], [ -85.947635, 38.496175 ], [ -85.947677, 38.495846 ], [ -85.947719, 38.495763 ], [ -85.947733, 38.495697 ], [ -85.948194, 38.495373 ], [ -85.948278, 38.495335 ], [ -85.948418, 38.495252 ], [ -85.948593, 38.49517 ], [ -85.948698, 38.495115 ], [ -85.948747, 38.495099 ], [ -85.948782, 38.495077 ], [ -85.948837, 38.49506 ], [ -85.948893, 38.495033 ], [ -85.949201, 38.494956 ], [ -85.94925, 38.494923 ], [ -85.949362, 38.494873 ], [ -85.949425, 38.494851 ], [ -85.949592, 38.494736 ], [ -85.949774, 38.494588 ], [ -85.949893, 38.494445 ], [ -85.949901, 38.494427 ], [ -85.949928, 38.494395 ], [ -85.949977, 38.494077 ], [ -85.950005, 38.494055 ], [ -85.95004, 38.49395 ], [ -85.95006, 38.493917 ], [ -85.950214, 38.493742 ], [ -85.950445, 38.493577 ], [ -85.950487, 38.493555 ], [ -85.950627, 38.493467 ], [ -85.950724, 38.493445 ], [ -85.950857, 38.493373 ], [ -85.950962, 38.493357 ], [ -85.951109, 38.493357 ], [ -85.951235, 38.493346 ], [ -85.951284, 38.493313 ], [ -85.951312, 38.493313 ], [ -85.951584, 38.493181 ], [ -85.95171, 38.493088 ], [ -85.951738, 38.493088 ], [ -85.951822, 38.493033 ], [ -85.951948, 38.492939 ], [ -85.951983, 38.492917 ], [ -85.952031, 38.492906 ], [ -85.952136, 38.492835 ], [ -85.952185, 38.492819 ], [ -85.952255, 38.492802 ], [ -85.952346, 38.492758 ], [ -85.952528, 38.49272 ], [ -85.952556, 38.492709 ], [ -85.952891, 38.492478 ], [ -85.953415, 38.492142 ], [ -85.953506, 38.492109 ], [ -85.953569, 38.492076 ], [ -85.953646, 38.492021 ], [ -85.953779, 38.491949 ], [ -85.953911, 38.491834 ], [ -85.954058, 38.49173 ], [ -85.954121, 38.491719 ], [ -85.954156, 38.491697 ], [ -85.954191, 38.491691 ], [ -85.954568, 38.491532 ], [ -85.954855, 38.491389 ], [ -85.955023, 38.491301 ], [ -85.955127, 38.491274 ], [ -85.95547, 38.491241 ], [ -85.955611, 38.488415 ], [ -85.956738, 38.488382 ], [ -85.956705, 38.487224 ], [ -85.961491, 38.487054 ], [ -85.962203, 38.487048 ], [ -85.966762, 38.487012 ], [ -85.967053, 38.487024 ], [ -85.969016, 38.487106 ], [ -85.969339, 38.488804 ], [ -85.973828, 38.488732 ], [ -85.973819, 38.486805 ], [ -85.973783, 38.479447 ], [ -85.973836, 38.479297 ], [ -85.974542, 38.479544 ], [ -85.975114, 38.4798 ], [ -85.97543, 38.479975 ], [ -85.975764, 38.480196 ], [ -85.975941, 38.480315 ], [ -85.976294, 38.480569 ], [ -85.976654, 38.480875 ], [ -85.976923, 38.481158 ], [ -85.977184, 38.481476 ], [ -85.977392, 38.481752 ], [ -85.977458, 38.481868 ], [ -85.977853, 38.481815 ], [ -85.978893, 38.481677 ], [ -85.979542, 38.481737 ], [ -85.980161, 38.481659 ], [ -85.981808, 38.481023 ], [ -85.982204, 38.481693 ], [ -85.983185, 38.483352 ], [ -85.984586, 38.486924 ], [ -85.988587, 38.486889 ], [ -85.993277, 38.486848 ], [ -85.992989, 38.474432 ], [ -85.992982, 38.474037 ], [ -85.99298, 38.473964 ], [ -85.99394, 38.473948 ], [ -85.994011, 38.472285 ], [ -85.994024, 38.471991 ], [ -85.994044, 38.470266 ], [ -85.99402, 38.469624 ], [ -85.994001, 38.469392 ], [ -85.993984, 38.46765 ], [ -85.994064, 38.467652 ], [ -85.994431, 38.46767 ], [ -85.994573, 38.46767 ], [ -85.994625, 38.455684 ], [ -85.996354, 38.455678 ], [ -85.996354, 38.455412 ], [ -85.998876, 38.455429 ], [ -85.998861, 38.455971 ], [ -85.99959, 38.45599 ], [ -85.999632, 38.455004 ], [ -85.999315, 38.454995 ], [ -85.999342, 38.453111 ], [ -86.000052, 38.453097 ], [ -86.000576, 38.452968 ], [ -86.000831, 38.452375 ], [ -86.001649, 38.449972 ], [ -86.002661, 38.450091 ], [ -86.003937, 38.450103 ], [ -86.00394, 38.447614 ], [ -86.003947, 38.446716 ], [ -86.00393, 38.446282 ], [ -86.003922, 38.446091 ], [ -86.003924, 38.445201 ], [ -86.001931, 38.445222 ], [ -85.999274, 38.445251 ], [ -85.999342, 38.440261 ], [ -86.000182, 38.44026 ], [ -86.003993, 38.440257 ], [ -86.003993, 38.43998 ], [ -86.003987, 38.436801 ], [ -86.003853, 38.436567 ], [ -86.001402, 38.436567 ], [ -85.99888, 38.436568 ], [ -85.997549, 38.436568 ], [ -85.997247, 38.434904 ], [ -85.995769, 38.434914 ], [ -85.995729, 38.434652 ], [ -85.995607, 38.433477 ], [ -85.99558, 38.433349 ], [ -85.995485, 38.432897 ], [ -85.995474, 38.432845 ], [ -85.995327, 38.432338 ], [ -85.995184, 38.431845 ], [ -85.995086, 38.431434 ], [ -85.995002, 38.430979 ], [ -85.994928, 38.430789 ], [ -85.994901, 38.430721 ], [ -85.994845, 38.430578 ], [ -85.994659, 38.429977 ], [ -85.994633, 38.429686 ], [ -85.994629, 38.429643 ], [ -85.994625, 38.429595 ], [ -85.99461, 38.429434 ], [ -85.99461, 38.429417 ], [ -85.994152, 38.429272 ], [ -85.992519, 38.429248 ], [ -85.992517, 38.428368 ], [ -85.99252, 38.427806 ], [ -85.99251, 38.427211 ], [ -85.992373, 38.427211 ], [ -85.99232, 38.42652 ], [ -85.992297, 38.421945 ], [ -85.992197, 38.419301 ], [ -85.992239, 38.418284 ], [ -85.992239, 38.416435 ], [ -85.992044, 38.416433 ], [ -85.991851, 38.416431 ], [ -85.991475, 38.414656 ], [ -85.990082, 38.414656 ], [ -85.990086, 38.414347 ], [ -85.990115, 38.413472 ], [ -85.990119, 38.412777 ], [ -85.990094, 38.412596 ], [ -85.989773, 38.411795 ], [ -85.989591, 38.411368 ], [ -85.989384, 38.41094 ], [ -85.989369, 38.410902 ], [ -85.989361, 38.410883 ], [ -85.98942, 38.410882 ], [ -85.994534, 38.410921 ], [ -85.994581, 38.410921 ], [ -85.99463, 38.410921 ], [ -85.994629, 38.410865 ], [ -85.994622, 38.410451 ], [ -85.994634, 38.409992 ], [ -85.994634, 38.408748 ], [ -85.994647, 38.406846 ], [ -85.994639, 38.406689 ], [ -85.994649, 38.40654 ], [ -85.994647, 38.406419 ], [ -85.994638, 38.405747 ], [ -85.994641, 38.405099 ], [ -85.994646, 38.404131 ], [ -85.995578, 38.404143 ], [ -85.995587, 38.40489 ], [ -85.996056, 38.404896 ], [ -85.996058, 38.404675 ], [ -85.997011, 38.404688 ], [ -85.996991, 38.405542 ], [ -85.996989, 38.405619 ], [ -85.997165, 38.40562 ], [ -85.99714, 38.406129 ], [ -85.999289, 38.406159 ], [ -85.999286, 38.407286 ], [ -86.003716, 38.407371 ], [ -86.003842, 38.407373 ], [ -86.003856, 38.404615 ], [ -86.008265, 38.404634 ], [ -86.009177, 38.404638 ], [ -86.009178, 38.403609 ], [ -86.009093, 38.403609 ], [ -86.009102, 38.402995 ], [ -86.009117, 38.401953 ], [ -86.009467, 38.401953 ], [ -86.009609, 38.401959 ], [ -86.009631, 38.401959 ], [ -86.010679, 38.401968 ], [ -86.014281, 38.401948 ], [ -86.014318, 38.40001 ], [ -86.016322, 38.39999 ], [ -86.019233, 38.399961 ], [ -86.019149, 38.398355 ], [ -86.019086, 38.396913 ], [ -86.018973, 38.396352 ], [ -86.021215, 38.396312 ], [ -86.023025, 38.396284 ], [ -86.023515, 38.396276 ], [ -86.023522, 38.392617 ], [ -86.027676, 38.392583 ], [ -86.028312, 38.392578 ], [ -86.028301, 38.391384 ], [ -86.02843, 38.391298 ], [ -86.028416, 38.391087 ], [ -86.028303, 38.39102 ], [ -86.028296, 38.390641 ], [ -86.028299, 38.389997 ], [ -86.032911, 38.389933 ], [ -86.032909, 38.389627 ], [ -86.032913, 38.389371 ], [ -86.03292, 38.388518 ], [ -86.032922, 38.388279 ], [ -86.0331, 38.385317 ], [ -86.033104, 38.385195 ], [ -86.033204, 38.382223 ], [ -86.033199, 38.381542 ], [ -86.033189, 38.380293 ], [ -86.03318, 38.379059 ], [ -86.033146, 38.374597 ], [ -86.033161, 38.374495 ], [ -86.033144, 38.374321 ], [ -86.033137, 38.374265 ], [ -86.03234, 38.374287 ], [ -86.032376, 38.37014 ], [ -86.032369, 38.36956 ], [ -86.032345, 38.367421 ], [ -86.033169, 38.367434 ], [ -86.035377, 38.367448 ], [ -86.037178, 38.367482 ], [ -86.039088, 38.367505 ], [ -86.039789, 38.367518 ], [ -86.04038, 38.367508 ], [ -86.041286, 38.367522 ], [ -86.04144, 38.367536 ], [ -86.041775, 38.367538 ], [ -86.042195, 38.367529 ], [ -86.043338, 38.367552 ], [ -86.044939, 38.3676 ], [ -86.04545, 38.367608 ], [ -86.046599, 38.367605 ], [ -86.04732, 38.367618 ], [ -86.048061, 38.367639 ], [ -86.04891, 38.367647 ], [ -86.049238, 38.367664 ], [ -86.051514, 38.367696 ], [ -86.051622, 38.367703 ], [ -86.051722, 38.367738 ], [ -86.051967, 38.367839 ], [ -86.052292, 38.36795 ], [ -86.052382, 38.36798 ], [ -86.052605, 38.368069 ], [ -86.052742, 38.368122 ], [ -86.053233, 38.368315 ], [ -86.05352, 38.368444 ], [ -86.053578, 38.368456 ], [ -86.053671, 38.368418 ], [ -86.053823, 38.368346 ], [ -86.053979, 38.368266 ], [ -86.054028, 38.368242 ], [ -86.054266, 38.368109 ], [ -86.05472, 38.367964 ], [ -86.055342, 38.367828 ], [ -86.05551, 38.367805 ], [ -86.055487, 38.368497 ], [ -86.06052, 38.36852 ], [ -86.060524, 38.368166 ], [ -86.061152, 38.368168 ], [ -86.061195, 38.367746 ], [ -86.061675, 38.367742 ], [ -86.06188, 38.36774 ], [ -86.062429, 38.367754 ], [ -86.062497, 38.367753 ], [ -86.062703, 38.367751 ], [ -86.062703, 38.367399 ], [ -86.062703, 38.367304 ], [ -86.062969, 38.367306 ], [ -86.063424, 38.367309 ], [ -86.063425, 38.367146 ], [ -86.063427, 38.366936 ], [ -86.063582, 38.366936 ], [ -86.063551, 38.364927 ], [ -86.065424, 38.362545 ], [ -86.065432, 38.362038 ], [ -86.068647, 38.36207 ], [ -86.06868, 38.360322 ], [ -86.070274, 38.360336 ], [ -86.070325, 38.357411 ], [ -86.071902, 38.357422 ], [ -86.071911, 38.356659 ], [ -86.068786, 38.356646 ], [ -86.068787, 38.356597 ], [ -86.068802, 38.355993 ], [ -86.068809, 38.355721 ], [ -86.06883, 38.35523 ], [ -86.068836, 38.354343 ], [ -86.068856, 38.353759 ], [ -86.068882, 38.353015 ], [ -86.068886, 38.352743 ], [ -86.068901, 38.351929 ], [ -86.068904, 38.35182 ], [ -86.068908, 38.351658 ], [ -86.068919, 38.351254 ], [ -86.068936, 38.35082 ], [ -86.068926, 38.350641 ], [ -86.068936, 38.350462 ], [ -86.069001, 38.349337 ], [ -86.069044, 38.348391 ], [ -86.06908, 38.346877 ], [ -86.06911, 38.345682 ], [ -86.069179, 38.34292 ], [ -86.069195, 38.342321 ], [ -86.069192, 38.342279 ], [ -86.069203, 38.342217 ], [ -86.069234, 38.342156 ], [ -86.069283, 38.342103 ], [ -86.06935, 38.34206 ], [ -86.069426, 38.342033 ], [ -86.06951, 38.34202 ], [ -86.073226, 38.342032 ], [ -86.073274, 38.342027 ], [ -86.07332, 38.342017 ], [ -86.073364, 38.342002 ], [ -86.073405, 38.341981 ], [ -86.073454, 38.341943 ], [ -86.073492, 38.341897 ], [ -86.073515, 38.341849 ], [ -86.073524, 38.341795 ], [ -86.073504, 38.339544 ], [ -86.073512, 38.339402 ], [ -86.073541, 38.339258 ], [ -86.073581, 38.33914 ], [ -86.073741, 38.338777 ], [ -86.073772, 38.338687 ], [ -86.073818, 38.338507 ], [ -86.07384, 38.338324 ], [ -86.073865, 38.336027 ], [ -86.073875, 38.335069 ], [ -86.073892, 38.333627 ], [ -86.073873, 38.332364 ], [ -86.073877, 38.332227 ], [ -86.073879, 38.332196 ], [ -86.073889, 38.332079 ], [ -86.073919, 38.331855 ], [ -86.073924, 38.331646 ], [ -86.073916, 38.331529 ], [ -86.073899, 38.331411 ], [ -86.073864, 38.331247 ], [ -86.073823, 38.331056 ], [ -86.073764, 38.330673 ], [ -86.073837, 38.328033 ], [ -86.073578, 38.32808 ], [ -86.073102, 38.328207 ], [ -86.072909, 38.328261 ], [ -86.071126, 38.328771 ], [ -86.070907, 38.328819 ], [ -86.070621, 38.328872 ], [ -86.070494, 38.328878 ], [ -86.070201, 38.328863 ], [ -86.069441, 38.328766 ], [ -86.069321, 38.328749 ], [ -86.069394, 38.324736 ], [ -86.069412, 38.323734 ], [ -86.068388, 38.323728 ], [ -86.06483, 38.323706 ], [ -86.064831, 38.319462 ], [ -86.064832, 38.317491 ], [ -86.064102, 38.317488 ], [ -86.064069, 38.316364 ], [ -86.063517, 38.316366 ], [ -86.063392, 38.31614 ], [ -86.063424, 38.314865 ], [ -86.062709, 38.314861 ], [ -86.061785, 38.314856 ], [ -86.061812, 38.31278 ], [ -86.063665, 38.312772 ], [ -86.063207, 38.312392 ], [ -86.062596, 38.311818 ], [ -86.060335, 38.309697 ], [ -86.060281, 38.309647 ], [ -86.060195, 38.309567 ], [ -86.059779, 38.309177 ], [ -86.059719, 38.309119 ], [ -86.059482, 38.3089 ], [ -86.0591, 38.308542 ], [ -86.05901, 38.30846 ], [ -86.058852, 38.308316 ], [ -86.058836, 38.308301 ], [ -86.058789, 38.308259 ], [ -86.058774, 38.308245 ], [ -86.058613, 38.308098 ], [ -86.058539, 38.308035 ], [ -86.058126, 38.307689 ], [ -86.05779, 38.307464 ], [ -86.057529, 38.307289 ], [ -86.057453, 38.307032 ], [ -86.057438, 38.306783 ], [ -86.057425, 38.30655 ], [ -86.057437, 38.306312 ], [ -86.057467, 38.306103 ], [ -86.057534, 38.305814 ], [ -86.057696, 38.305265 ], [ -86.057844, 38.304769 ], [ -86.057964, 38.304365 ], [ -86.058019, 38.304185 ], [ -86.058178, 38.303668 ], [ -86.058377, 38.303122 ], [ -86.058506, 38.302813 ], [ -86.058658, 38.302476 ], [ -86.05889, 38.301969 ], [ -86.058901, 38.301944 ], [ -86.05891, 38.301922 ], [ -86.058149, 38.301495 ], [ -86.057029, 38.300943 ], [ -86.056612, 38.300769 ], [ -86.055342, 38.300238 ], [ -86.0547, 38.300046 ], [ -86.053948, 38.299892 ], [ -86.053547, 38.299897 ], [ -86.053405, 38.299899 ], [ -86.053134, 38.298664 ], [ -86.051947, 38.298665 ], [ -86.05175, 38.298133 ], [ -86.05105, 38.297866 ], [ -86.051068, 38.294428 ], [ -86.051076, 38.292823 ], [ -86.049354, 38.292816 ], [ -86.048999, 38.292814 ], [ -86.048999, 38.292482 ], [ -86.049005, 38.287329 ], [ -86.049793, 38.287332 ], [ -86.049928, 38.287332 ], [ -86.049897, 38.286989 ], [ -86.049905, 38.286871 ], [ -86.049937, 38.286767 ], [ -86.050515, 38.285509 ], [ -86.050555, 38.285444 ], [ -86.050614, 38.285381 ], [ -86.050695, 38.285328 ], [ -86.050764, 38.285299 ], [ -86.05085, 38.285277 ], [ -86.051007, 38.285267 ], [ -86.050999, 38.284564 ], [ -86.050998, 38.28452 ], [ -86.050996, 38.28439 ], [ -86.050996, 38.284347 ], [ -86.050995, 38.284143 ], [ -86.050993, 38.283533 ], [ -86.050993, 38.28333 ], [ -86.050994, 38.28322 ], [ -86.050997, 38.282892 ], [ -86.050999, 38.282783 ], [ -86.051201, 38.282792 ], [ -86.051227, 38.282794 ], [ -86.051409, 38.282815 ], [ -86.051554, 38.282844 ], [ -86.051907, 38.282888 ], [ -86.05192, 38.28289 ], [ -86.052131, 38.282938 ], [ -86.052189, 38.282952 ], [ -86.052327, 38.283036 ], [ -86.052536, 38.283149 ], [ -86.052576, 38.283171 ], [ -86.052842, 38.283295 ], [ -86.053053, 38.283367 ], [ -86.053829, 38.283619 ], [ -86.054247, 38.283755 ], [ -86.054267, 38.283761 ], [ -86.054661, 38.283881 ], [ -86.054838, 38.283942 ], [ -86.0551, 38.284061 ], [ -86.055203, 38.284114 ], [ -86.055384, 38.284228 ], [ -86.055549, 38.284358 ], [ -86.055838, 38.284633 ], [ -86.056162, 38.284941 ], [ -86.056354, 38.28514 ], [ -86.056665, 38.285496 ], [ -86.056854, 38.285686 ], [ -86.057001, 38.285785 ], [ -86.05732, 38.285964 ], [ -86.057483, 38.28604 ], [ -86.057866, 38.28623 ], [ -86.058171, 38.286367 ], [ -86.058835, 38.286715 ], [ -86.059072, 38.286823 ], [ -86.059158, 38.286854 ], [ -86.059252, 38.286879 ], [ -86.059326, 38.286906 ], [ -86.059325, 38.283744 ], [ -86.059319, 38.280238 ], [ -86.055407, 38.280189 ], [ -86.05539, 38.277284 ], [ -86.055387, 38.276865 ], [ -86.054358, 38.276862 ], [ -86.053835, 38.276861 ], [ -86.053836, 38.276943 ], [ -86.053386, 38.276941 ], [ -86.052691, 38.2765 ], [ -86.052677, 38.275622 ], [ -86.052671, 38.275213 ], [ -86.05243, 38.275208 ], [ -86.051132, 38.275184 ], [ -86.051132, 38.275253 ], [ -86.051137, 38.275698 ], [ -86.051145, 38.276406 ], [ -86.051143, 38.277935 ], [ -86.05112, 38.27894 ], [ -86.051111, 38.279348 ], [ -86.051091, 38.279705 ], [ -86.051066, 38.280019 ], [ -86.051049, 38.280114 ], [ -86.042715, 38.280184 ], [ -86.042733, 38.280242 ], [ -86.042778, 38.280417 ], [ -86.042822, 38.280639 ], [ -86.042857, 38.280886 ], [ -86.042874, 38.280952 ], [ -86.042898, 38.281014 ], [ -86.042954, 38.281114 ], [ -86.04303, 38.281207 ], [ -86.0431, 38.281273 ], [ -86.043278, 38.281411 ], [ -86.043374, 38.281477 ], [ -86.043452, 38.281552 ], [ -86.043509, 38.281626 ], [ -86.043567, 38.28173 ], [ -86.04361, 38.281783 ], [ -86.043536, 38.28182 ], [ -86.043425, 38.281904 ], [ -86.043322, 38.281968 ], [ -86.043214, 38.282023 ], [ -86.043103, 38.282067 ], [ -86.042977, 38.282106 ], [ -86.042847, 38.282134 ], [ -86.042731, 38.282149 ], [ -86.042541, 38.282163 ], [ -86.04241, 38.282181 ], [ -86.042342, 38.282184 ], [ -86.042277, 38.282188 ], [ -86.042143, 38.282183 ], [ -86.042005, 38.282167 ], [ -86.041837, 38.282129 ], [ -86.041425, 38.282005 ], [ -86.041105, 38.281909 ], [ -86.040907, 38.281867 ], [ -86.040705, 38.28184 ], [ -86.040504, 38.281829 ], [ -86.040337, 38.281832 ], [ -86.040171, 38.281845 ], [ -86.039646, 38.281919 ], [ -86.039534, 38.281935 ], [ -86.039412, 38.281946 ], [ -86.039289, 38.281951 ], [ -86.039166, 38.281949 ], [ -86.039046, 38.281942 ], [ -86.039026, 38.281941 ], [ -86.038864, 38.281944 ], [ -86.03869, 38.281961 ], [ -86.038516, 38.281992 ], [ -86.038333, 38.282012 ], [ -86.038147, 38.282016 ], [ -86.037966, 38.282005 ], [ -86.037784, 38.281977 ], [ -86.037675, 38.281953 ], [ -86.037571, 38.281924 ], [ -86.036531, 38.281589 ], [ -86.036414, 38.281559 ], [ -86.036295, 38.281534 ], [ -86.036171, 38.281514 ], [ -86.036001, 38.281497 ], [ -86.035428, 38.281463 ], [ -86.035268, 38.281449 ], [ -86.035051, 38.28142 ], [ -86.034791, 38.281371 ], [ -86.034454, 38.28133 ], [ -86.034182, 38.281305 ], [ -86.034028, 38.281283 ], [ -86.03387, 38.281268 ], [ -86.033727, 38.28126 ], [ -86.033584, 38.281259 ], [ -86.033204, 38.281241 ], [ -86.033068, 38.28124 ], [ -86.032908, 38.281227 ], [ -86.031614, 38.280968 ], [ -86.031471, 38.280926 ], [ -86.031335, 38.280871 ], [ -86.031207, 38.280806 ], [ -86.031099, 38.280737 ], [ -86.030997, 38.280659 ], [ -86.030928, 38.280596 ], [ -86.030583, 38.280237 ], [ -86.03038, 38.280058 ], [ -86.029501, 38.279402 ], [ -86.028812, 38.279907 ], [ -86.028636, 38.280035 ], [ -86.028595, 38.280066 ], [ -86.028485, 38.280141 ], [ -86.02835, 38.280253 ], [ -86.028231, 38.280377 ], [ -86.028158, 38.280473 ], [ -86.028131, 38.28051 ], [ -86.02805, 38.280651 ], [ -86.028046, 38.28066 ], [ -86.027833, 38.280616 ], [ -86.025178, 38.279615 ], [ -86.023524, 38.278898 ], [ -86.021066, 38.277834 ], [ -86.020073, 38.277311 ], [ -86.01949, 38.276832 ], [ -86.017973, 38.275325 ], [ -86.016952, 38.274504 ], [ -86.016252, 38.274117 ], [ -86.014909, 38.273866 ], [ -86.014326, 38.273867 ], [ -86.013537, 38.274029 ], [ -86.011898, 38.274855 ], [ -86.011222, 38.275566 ], [ -86.011073, 38.275691 ], [ -86.010431, 38.276233 ], [ -86.009653, 38.277013 ], [ -86.007597, 38.279079 ], [ -86.007456, 38.278934 ], [ -86.007401, 38.278894 ], [ -86.007329, 38.278865 ], [ -86.00725, 38.278852 ], [ -86.007039, 38.27885 ], [ -86.005653, 38.278838 ], [ -86.005608, 38.278835 ], [ -86.005568, 38.278827 ], [ -86.005527, 38.278812 ], [ -86.005492, 38.278793 ], [ -86.005462, 38.278769 ], [ -86.005419, 38.278713 ], [ -86.005402, 38.27865 ], [ -86.005405, 38.278464 ], [ -86.005417, 38.277826 ], [ -86.005419, 38.277681 ], [ -86.005427, 38.277284 ], [ -86.005431, 38.277247 ], [ -86.005447, 38.277104 ], [ -86.005466, 38.276984 ], [ -86.005506, 38.276869 ], [ -86.005579, 38.276694 ], [ -86.005602, 38.276609 ], [ -86.005608, 38.276541 ], [ -86.005599, 38.276349 ], [ -86.005573, 38.276116 ], [ -86.005535, 38.275929 ], [ -86.005478, 38.275744 ], [ -86.005469, 38.27572 ], [ -86.005365, 38.275472 ], [ -86.00533, 38.275404 ], [ -86.00529, 38.27534 ], [ -86.005241, 38.275278 ], [ -86.005185, 38.275218 ], [ -86.005124, 38.275163 ], [ -86.005057, 38.275112 ], [ -86.004987, 38.275067 ], [ -86.00491, 38.275025 ], [ -86.004832, 38.27499 ], [ -86.004747, 38.274959 ], [ -86.00466, 38.274934 ], [ -86.00457, 38.274914 ], [ -86.004481, 38.274901 ], [ -86.004388, 38.274894 ], [ -86.003788, 38.274878 ], [ -86.003747, 38.274873 ], [ -86.003695, 38.274858 ], [ -86.00365, 38.274833 ], [ -86.003614, 38.2748 ], [ -86.00359, 38.274761 ], [ -86.003578, 38.27471 ], [ -86.003566, 38.274035 ], [ -86.00358, 38.273444 ], [ -86.003561, 38.273155 ], [ -86.003544, 38.27305 ], [ -86.003494, 38.272975 ], [ -86.003427, 38.272932 ], [ -86.003294, 38.272893 ], [ -86.002844, 38.272881 ], [ -86.001672, 38.272902 ], [ -86.001679, 38.272814 ], [ -86.001632, 38.272745 ], [ -86.001591, 38.272662 ], [ -86.001637, 38.272625 ], [ -86.001719, 38.272482 ], [ -86.001755, 38.272334 ], [ -86.001772, 38.272136 ], [ -86.001766, 38.271992 ], [ -86.001822, 38.26928 ], [ -86.001823, 38.268871 ], [ -86.001823, 38.26808 ], [ -86.001825, 38.267649 ], [ -86.001827, 38.267396 ], [ -86.001827, 38.267251 ], [ -86.001826, 38.267039 ], [ -86.001824, 38.266402 ], [ -86.001823, 38.26619 ], [ -86.001814, 38.266081 ], [ -86.001809, 38.266039 ], [ -86.001773, 38.265586 ], [ -86.001762, 38.265436 ], [ -86.001757, 38.265247 ], [ -86.001743, 38.264683 ], [ -86.001739, 38.264494 ], [ -86.001741, 38.264437 ], [ -86.001739, 38.26436 ], [ -86.001743, 38.264269 ], [ -86.001746, 38.264212 ], [ -86.001752, 38.264011 ], [ -86.00177, 38.263411 ], [ -86.001776, 38.263212 ], [ -86.001783, 38.262839 ], [ -86.001805, 38.261723 ], [ -86.001813, 38.261352 ], [ -86.00205, 38.261244 ], [ -86.003753, 38.260419 ], [ -86.004292, 38.260164 ], [ -86.004688, 38.259978 ], [ -86.006236, 38.259225 ], [ -86.00713, 38.258766 ], [ -86.008147, 38.258261 ], [ -86.008347, 38.258168 ], [ -86.009621, 38.257575 ], [ -86.012038, 38.256593 ], [ -86.012404, 38.256461 ], [ -86.013957, 38.255955 ], [ -86.014108, 38.255919 ], [ -86.014262, 38.255896 ], [ -86.014281, 38.255895 ], [ -86.014525, 38.255881 ], [ -86.014658, 38.255888 ], [ -86.014762, 38.255906 ], [ -86.014936, 38.255957 ], [ -86.015123, 38.255999 ], [ -86.015306, 38.256028 ], [ -86.015557, 38.256053 ], [ -86.015624, 38.256052 ], [ -86.015692, 38.256043 ], [ -86.015756, 38.256028 ], [ -86.015818, 38.256005 ], [ -86.015875, 38.255976 ], [ -86.015926, 38.255941 ], [ -86.01597, 38.2559 ], [ -86.016014, 38.255846 ], [ -86.016334, 38.255162 ], [ -86.016367, 38.255111 ], [ -86.016409, 38.255061 ], [ -86.016455, 38.255016 ], [ -86.016509, 38.254973 ], [ -86.016617, 38.254909 ], [ -86.017461, 38.254553 ], [ -86.017872, 38.254355 ], [ -86.017956, 38.254308 ], [ -86.018036, 38.254253 ], [ -86.018108, 38.254195 ], [ -86.01836, 38.253947 ], [ -86.01859, 38.253692 ], [ -86.018682, 38.253602 ], [ -86.018817, 38.253497 ], [ -86.018968, 38.253403 ], [ -86.019063, 38.253338 ], [ -86.01915, 38.253268 ], [ -86.019343, 38.253093 ], [ -86.019458, 38.252998 ], [ -86.020682, 38.252067 ], [ -86.022218, 38.250861 ], [ -86.022357, 38.250769 ], [ -86.022502, 38.250687 ], [ -86.022659, 38.250614 ], [ -86.022822, 38.250551 ], [ -86.023363, 38.250329 ], [ -86.023913, 38.250115 ], [ -86.024172, 38.250023 ], [ -86.024436, 38.249937 ], [ -86.024704, 38.249857 ], [ -86.024975, 38.249784 ], [ -86.025128, 38.249738 ], [ -86.025944, 38.249492 ], [ -86.02608, 38.249438 ], [ -86.026179, 38.249386 ], [ -86.026232, 38.249355 ], [ -86.026319, 38.249287 ], [ -86.025952, 38.248566 ], [ -86.025916, 38.248482 ], [ -86.025886, 38.2484 ], [ -86.025853, 38.248258 ], [ -86.025838, 38.248113 ], [ -86.025843, 38.247971 ], [ -86.025868, 38.247827 ], [ -86.0259, 38.24774 ], [ -86.025918, 38.247648 ], [ -86.025921, 38.247554 ], [ -86.025908, 38.247463 ], [ -86.025879, 38.247373 ], [ -86.025836, 38.247286 ], [ -86.025779, 38.247205 ], [ -86.025709, 38.247131 ], [ -86.025343, 38.246822 ], [ -86.025041, 38.246548 ], [ -86.024702, 38.246285 ], [ -86.024551, 38.246159 ], [ -86.024387, 38.246012 ], [ -86.024233, 38.245858 ], [ -86.023511, 38.245119 ], [ -86.022642, 38.244168 ], [ -86.022472, 38.243957 ], [ -86.022381, 38.243861 ], [ -86.022314, 38.243802 ], [ -86.022244, 38.243749 ], [ -86.022089, 38.243656 ], [ -86.022004, 38.243614 ], [ -86.021919, 38.243579 ], [ -86.021738, 38.243523 ], [ -86.021638, 38.243501 ], [ -86.021536, 38.243485 ], [ -86.021428, 38.243475 ], [ -86.021325, 38.243471 ], [ -86.015229, 38.243509 ], [ -86.014719, 38.24349 ], [ -86.014604, 38.24348 ], [ -86.014606, 38.243387 ], [ -86.01463, 38.240389 ], [ -86.014641, 38.239905 ], [ -86.014637, 38.239848 ], [ -86.014626, 38.239795 ], [ -86.014606, 38.239743 ], [ -86.01458, 38.239693 ], [ -86.014544, 38.239644 ], [ -86.014505, 38.239603 ], [ -86.014293, 38.239408 ], [ -86.01412, 38.239225 ], [ -86.014078, 38.239152 ], [ -86.014051, 38.239073 ], [ -86.01404, 38.238991 ], [ -86.014045, 38.238909 ], [ -86.01406, 38.238849 ], [ -86.014083, 38.23879 ], [ -86.014236, 38.238515 ], [ -86.014256, 38.238447 ], [ -86.014262, 38.238374 ], [ -86.014257, 38.238324 ], [ -86.014245, 38.238276 ], [ -86.0141, 38.237882 ], [ -86.014074, 38.237779 ], [ -86.014065, 38.23769 ], [ -86.014062, 38.23718 ], [ -86.014075, 38.237065 ], [ -86.014081, 38.236951 ], [ -86.014075, 38.23676 ], [ -86.014084, 38.235736 ], [ -86.014097, 38.235451 ], [ -86.014111, 38.235283 ], [ -86.014115, 38.235117 ], [ -86.01409, 38.234225 ], [ -86.014101, 38.234147 ], [ -86.01413, 38.234072 ], [ -86.014168, 38.234011 ], [ -86.014218, 38.233956 ], [ -86.014278, 38.233908 ], [ -86.014346, 38.233868 ], [ -86.01504, 38.23362 ], [ -86.01513, 38.233576 ], [ -86.015215, 38.233521 ], [ -86.015289, 38.233458 ], [ -86.015353, 38.233387 ], [ -86.015643, 38.232893 ], [ -86.015702, 38.232803 ], [ -86.015749, 38.232714 ], [ -86.015808, 38.232564 ], [ -86.015843, 38.232409 ], [ -86.015852, 38.232315 ], [ -86.015876, 38.231799 ], [ -86.015872, 38.23172 ], [ -86.015861, 38.231644 ], [ -86.01584, 38.231566 ], [ -86.015796, 38.231457 ], [ -86.015701, 38.231306 ], [ -86.015649, 38.231203 ], [ -86.015608, 38.23109 ], [ -86.015581, 38.230973 ], [ -86.015557, 38.230757 ], [ -86.01556, 38.230359 ], [ -86.015582, 38.230151 ], [ -86.015602, 38.229817 ], [ -86.015608, 38.229364 ], [ -86.015601, 38.229321 ], [ -86.015585, 38.229277 ], [ -86.015559, 38.229236 ], [ -86.015526, 38.229199 ], [ -86.015479, 38.229163 ], [ -86.015428, 38.229136 ], [ -86.015368, 38.229116 ], [ -86.015305, 38.229105 ], [ -86.014532, 38.229103 ], [ -86.014481, 38.229099 ], [ -86.014431, 38.22909 ], [ -86.014387, 38.229076 ], [ -86.014305, 38.229032 ], [ -86.01427, 38.229003 ], [ -86.01424, 38.22897 ], [ -86.014219, 38.228937 ], [ -86.014202, 38.228899 ], [ -86.014193, 38.228862 ], [ -86.014244, 38.221179 ], [ -86.013864, 38.221251 ], [ -86.012725, 38.221468 ], [ -86.012346, 38.221541 ], [ -86.012057, 38.221596 ], [ -86.01119, 38.22176 ], [ -86.010902, 38.221816 ], [ -86.010846, 38.221557 ], [ -86.010837, 38.221532 ], [ -86.010763, 38.221321 ], [ -86.010656, 38.221067 ], [ -86.01056, 38.220779 ], [ -86.010567, 38.22071 ], [ -86.01058, 38.220604 ], [ -86.010611, 38.220532 ], [ -86.010636, 38.220511 ], [ -86.010669, 38.220468 ], [ -86.010672, 38.22045 ], [ -86.010644, 38.220429 ], [ -86.010528, 38.22044 ], [ -86.010445, 38.220457 ], [ -86.010193, 38.220595 ], [ -86.010107, 38.220643 ], [ -86.009872, 38.220767 ], [ -86.009664, 38.220868 ], [ -86.009603, 38.220906 ], [ -86.009559, 38.220913 ], [ -86.009508, 38.220947 ], [ -86.009342, 38.221003 ], [ -86.009064, 38.221079 ], [ -86.00899, 38.221089 ], [ -86.008959, 38.2211 ], [ -86.008733, 38.221117 ], [ -86.008682, 38.221121 ], [ -86.008629, 38.221121 ], [ -86.008586, 38.221101 ], [ -86.008316, 38.221026 ], [ -86.008225, 38.221016 ], [ -86.008202, 38.221013 ], [ -86.008168, 38.220992 ], [ -86.007985, 38.220931 ], [ -86.007845, 38.220897 ], [ -86.007793, 38.220863 ], [ -86.007767, 38.220863 ], [ -86.007679, 38.220816 ], [ -86.007636, 38.220808 ], [ -86.007593, 38.220788 ], [ -86.007261, 38.22061 ], [ -86.007109, 38.220508 ], [ -86.006925, 38.220392 ], [ -86.006545, 38.220118 ], [ -86.006082, 38.219722 ], [ -86.006083, 38.219701 ], [ -86.005833, 38.219506 ], [ -86.005794, 38.219476 ], [ -86.005712, 38.219421 ], [ -86.005227, 38.219141 ], [ -86.005113, 38.219065 ], [ -86.005044, 38.219025 ], [ -86.004564, 38.218704 ], [ -86.004297, 38.21852 ], [ -86.003647, 38.218034 ], [ -86.003242, 38.217767 ], [ -86.003133, 38.217713 ], [ -86.002879, 38.217604 ], [ -86.002591, 38.217461 ], [ -86.002456, 38.217372 ], [ -86.002426, 38.217358 ], [ -86.001832, 38.216913 ], [ -86.001649, 38.21677 ], [ -86.001631, 38.216736 ], [ -86.001535, 38.21664 ], [ -86.001456, 38.216575 ], [ -86.001335, 38.216462 ], [ -86.001103, 38.216284 ], [ -86.001037, 38.216251 ], [ -86.000959, 38.216202 ], [ -86.000923, 38.216196 ], [ -86.000819, 38.216165 ], [ -86.000741, 38.216127 ], [ -86.00068, 38.216103 ], [ -86.00048, 38.216053 ], [ -86.000454, 38.216053 ], [ -86.000428, 38.216033 ], [ -86.000331, 38.216012 ], [ -86.000297, 38.215992 ], [ -86.000235, 38.215978 ], [ -86.00014, 38.21593 ], [ -86.000079, 38.215917 ], [ -86.000043, 38.215896 ], [ -85.999968, 38.2159 ], [ -85.999672, 38.215777 ], [ -85.999352, 38.21553 ], [ -85.999045, 38.215206 ], [ -85.998639, 38.214949 ], [ -85.998411, 38.214805 ], [ -85.997798, 38.214448 ], [ -85.997381, 38.214338 ], [ -85.99729, 38.214267 ], [ -85.997137, 38.214003 ], [ -85.996928, 38.213877 ], [ -85.996712, 38.213773 ], [ -85.996531, 38.213707 ], [ -85.996175, 38.213636 ], [ -85.99598, 38.21357 ], [ -85.995855, 38.213466 ], [ -85.995757, 38.213328 ], [ -85.99566, 38.212896 ], [ -85.995611, 38.212675 ], [ -85.995499, 38.212537 ], [ -85.995353, 38.212417 ], [ -85.995193, 38.212351 ], [ -85.995005, 38.212323 ], [ -85.994817, 38.212263 ], [ -85.994538, 38.212087 ], [ -85.994461, 38.211956 ], [ -85.994315, 38.211758 ], [ -85.993472, 38.211165 ], [ -85.993448, 38.211156 ], [ -85.993179, 38.211066 ], [ -85.992831, 38.210973 ], [ -85.992538, 38.21081 ], [ -85.992034, 38.210932 ], [ -85.990525, 38.211302 ], [ -85.990023, 38.211426 ], [ -85.990081, 38.211398 ], [ -85.990201, 38.211332 ], [ -85.990407, 38.21122 ], [ -85.990544, 38.211107 ], [ -85.990678, 38.210966 ], [ -85.990764, 38.210834 ], [ -85.990782, 38.210794 ], [ -85.990815, 38.21072 ], [ -85.990851, 38.210593 ], [ -85.990882, 38.210435 ], [ -85.990901, 38.210256 ], [ -85.990901, 38.210131 ], [ -85.990879, 38.209941 ], [ -85.99082, 38.20974 ], [ -85.990701, 38.209399 ], [ -85.990694, 38.209301 ], [ -85.990705, 38.209235 ], [ -85.990743, 38.209173 ], [ -85.990823, 38.209068 ], [ -85.990844, 38.20904 ], [ -85.991015, 38.208901 ], [ -85.991401, 38.208549 ], [ -85.991426, 38.208517 ], [ -85.991589, 38.208315 ], [ -85.991799, 38.207983 ], [ -85.992006, 38.207585 ], [ -85.99253, 38.206442 ], [ -85.992639, 38.206146 ], [ -85.99268, 38.206088 ], [ -85.992816, 38.205997 ], [ -85.992942, 38.205926 ], [ -85.993156, 38.205821 ], [ -85.993721, 38.205563 ], [ -85.993806, 38.205496 ], [ -85.993872, 38.205411 ], [ -85.993898, 38.205349 ], [ -85.993905, 38.205299 ], [ -85.993893, 38.205232 ], [ -85.993867, 38.20515 ], [ -85.993755, 38.205005 ], [ -85.993651, 38.204906 ], [ -85.993529, 38.204822 ], [ -85.993318, 38.204707 ], [ -85.992969, 38.20453 ], [ -85.992791, 38.204434 ], [ -85.992724, 38.204378 ], [ -85.992698, 38.20432 ], [ -85.99269, 38.20425 ], [ -85.992704, 38.204115 ], [ -85.992701, 38.203296 ], [ -85.992679, 38.202292 ], [ -85.992668, 38.201762 ], [ -85.992681, 38.201473 ], [ -85.99267, 38.200651 ], [ -85.992681, 38.199664 ], [ -85.993201, 38.19966 ], [ -85.994213, 38.199655 ], [ -85.994762, 38.199659 ], [ -85.995283, 38.199663 ], [ -85.99529, 38.199434 ], [ -85.995269, 38.198709 ], [ -85.995274, 38.198376 ], [ -85.995279, 38.198331 ], [ -85.995276, 38.198286 ], [ -85.995278, 38.198157 ], [ -85.995252, 38.197288 ], [ -85.995261, 38.19694 ], [ -85.995269, 38.196143 ], [ -85.995271, 38.195238 ], [ -85.995255, 38.194265 ], [ -85.995256, 38.19322 ], [ -85.995227, 38.193108 ], [ -85.995217, 38.192984 ], [ -85.995206, 38.191928 ], [ -85.995191, 38.191761 ], [ -85.995176, 38.191482 ], [ -85.995173, 38.19091 ], [ -85.995157, 38.190401 ], [ -85.995167, 38.190117 ], [ -85.995198, 38.189563 ], [ -85.995206, 38.189288 ], [ -85.995188, 38.188505 ], [ -85.995173, 38.187153 ], [ -85.995151, 38.186284 ], [ -85.99516, 38.18576 ], [ -85.993323, 38.185757 ], [ -85.992728, 38.185743 ], [ -85.991395, 38.185735 ], [ -85.990487, 38.185709 ], [ -85.990076, 38.185714 ], [ -85.989207, 38.185709 ], [ -85.989041, 38.185705 ], [ -85.988801, 38.18569 ], [ -85.988375, 38.185691 ], [ -85.988179, 38.1857 ], [ -85.987652, 38.185697 ], [ -85.987236, 38.185687 ], [ -85.986705, 38.185688 ], [ -85.986562, 38.185693 ], [ -85.985893, 38.185677 ], [ -85.985676, 38.185673 ], [ -85.984395, 38.185692 ], [ -85.979903, 38.185761 ], [ -85.979446, 38.185768 ], [ -85.978406, 38.185784 ], [ -85.977877, 38.185792 ], [ -85.976292, 38.185819 ], [ -85.975764, 38.185829 ], [ -85.972304, 38.185984 ], [ -85.961927, 38.186453 ], [ -85.958469, 38.186609 ], [ -85.958128, 38.18662 ], [ -85.95802, 38.186623 ], [ -85.958017, 38.186742 ], [ -85.957024, 38.187049 ], [ -85.955465, 38.18801 ], [ -85.954157, 38.188763 ], [ -85.953377, 38.189159 ], [ -85.953168, 38.18929 ], [ -85.953036, 38.189422 ], [ -85.952973, 38.189532 ], [ -85.952792, 38.190093 ], [ -85.952479, 38.190483 ], [ -85.951714, 38.191169 ], [ -85.951296, 38.191829 ], [ -85.950635, 38.192741 ], [ -85.950322, 38.193109 ], [ -85.950226, 38.193254 ], [ -85.950058, 38.19351 ], [ -85.949849, 38.19373 ], [ -85.949278, 38.194043 ], [ -85.949139, 38.194482 ], [ -85.948854, 38.194905 ], [ -85.948686, 38.195114 ], [ -85.948443, 38.195191 ], [ -85.948255, 38.195339 ], [ -85.948178, 38.195466 ], [ -85.94797, 38.195674 ], [ -85.947789, 38.195834 ], [ -85.947538, 38.195971 ], [ -85.947329, 38.195927 ], [ -85.947273, 38.195927 ], [ -85.947148, 38.196224 ], [ -85.947079, 38.196345 ], [ -85.94696, 38.19646 ], [ -85.946661, 38.196674 ], [ -85.946264, 38.196933 ], [ -85.946146, 38.19702 ], [ -85.945951, 38.197218 ], [ -85.945784, 38.197306 ], [ -85.945631, 38.19741 ], [ -85.945512, 38.197509 ], [ -85.945178, 38.197718 ], [ -85.945039, 38.197795 ], [ -85.944795, 38.19791 ], [ -85.944754, 38.198015 ], [ -85.944385, 38.198202 ], [ -85.943821, 38.198559 ], [ -85.943424, 38.198724 ], [ -85.943208, 38.198839 ], [ -85.94302, 38.198971 ], [ -85.942916, 38.199075 ], [ -85.942185, 38.1998 ], [ -85.942129, 38.199888 ], [ -85.941934, 38.200037 ], [ -85.9416, 38.200223 ], [ -85.940841, 38.200575 ], [ -85.939818, 38.201108 ], [ -85.939226, 38.20158 ], [ -85.938892, 38.201932 ], [ -85.938433, 38.202344 ], [ -85.938043, 38.202564 ], [ -85.937869, 38.202761 ], [ -85.937521, 38.203338 ], [ -85.937382, 38.203624 ], [ -85.936692, 38.20442 ], [ -85.936449, 38.204536 ], [ -85.936024, 38.204657 ], [ -85.935634, 38.204832 ], [ -85.935342, 38.204865 ], [ -85.934931, 38.204926 ], [ -85.93475, 38.205019 ], [ -85.934652, 38.205014 ], [ -85.934534, 38.20497 ], [ -85.934339, 38.20497 ], [ -85.934137, 38.204986 ], [ -85.933337, 38.204937 ], [ -85.933156, 38.204997 ], [ -85.933016, 38.205189 ], [ -85.932793, 38.205354 ], [ -85.932661, 38.205557 ], [ -85.932527, 38.205897 ], [ -85.929585, 38.206285 ], [ -85.929515, 38.206324 ], [ -85.929394, 38.206363 ], [ -85.929198, 38.206415 ], [ -85.929072, 38.206459 ], [ -85.929012, 38.206486 ], [ -85.928902, 38.206548 ], [ -85.9288, 38.206623 ], [ -85.928642, 38.206753 ], [ -85.928527, 38.206833 ], [ -85.928338, 38.206944 ], [ -85.928135, 38.20705 ], [ -85.927888, 38.207196 ], [ -85.927833, 38.207236 ], [ -85.927735, 38.207317 ], [ -85.927648, 38.207411 ], [ -85.92757, 38.207513 ], [ -85.927501, 38.207625 ], [ -85.927439, 38.207742 ], [ -85.927333, 38.207993 ], [ -85.927277, 38.208178 ], [ -85.927264, 38.208241 ], [ -85.927142, 38.208249 ], [ -85.927008, 38.208265 ], [ -85.926788, 38.208317 ], [ -85.9267, 38.20833 ], [ -85.926409, 38.208323 ], [ -85.926088, 38.208329 ], [ -85.925957, 38.208337 ], [ -85.925573, 38.208387 ], [ -85.925383, 38.208417 ], [ -85.925182, 38.208433 ], [ -85.924972, 38.208445 ], [ -85.924646, 38.208442 ], [ -85.924426, 38.208449 ], [ -85.924316, 38.208448 ], [ -85.924092, 38.208432 ], [ -85.923869, 38.208408 ], [ -85.92376, 38.208402 ], [ -85.923646, 38.208383 ], [ -85.923542, 38.208346 ], [ -85.9233, 38.208326 ], [ -85.923184, 38.208307 ], [ -85.922821, 38.208263 ], [ -85.922466, 38.208233 ], [ -85.921874, 38.208205 ], [ -85.921643, 38.208185 ], [ -85.921531, 38.20817 ], [ -85.92142, 38.208147 ], [ -85.921211, 38.208095 ], [ -85.921108, 38.208058 ], [ -85.921008, 38.208017 ], [ -85.920908, 38.207984 ], [ -85.92082, 38.207934 ], [ -85.920625, 38.207837 ], [ -85.920569, 38.207774 ], [ -85.920347, 38.207618 ], [ -85.920261, 38.207582 ], [ -85.920185, 38.20754 ], [ -85.91994, 38.20743 ], [ -85.919857, 38.207411 ], [ -85.919671, 38.207387 ], [ -85.919576, 38.207386 ], [ -85.919292, 38.207397 ], [ -85.919198, 38.207396 ], [ -85.918549, 38.207422 ], [ -85.917912, 38.207425 ], [ -85.917694, 38.207441 ], [ -85.91726, 38.207513 ], [ -85.916936, 38.20761 ], [ -85.916714, 38.207698 ], [ -85.9166, 38.207737 ], [ -85.916372, 38.207825 ], [ -85.916045, 38.207962 ], [ -85.915937, 38.208001 ], [ -85.915725, 38.208058 ], [ -85.915635, 38.208093 ], [ -85.915548, 38.208119 ], [ -85.915443, 38.208141 ], [ -85.915352, 38.20814 ], [ -85.915264, 38.208121 ], [ -85.91518, 38.208098 ], [ -85.914931, 38.20801 ], [ -85.91484, 38.207987 ], [ -85.914645, 38.207958 ], [ -85.914426, 38.207947 ], [ -85.9142, 38.207945 ], [ -85.913931, 38.20796 ], [ -85.913729, 38.207999 ], [ -85.913639, 38.208007 ], [ -85.913532, 38.208033 ], [ -85.913429, 38.208064 ], [ -85.913329, 38.208099 ], [ -85.913138, 38.208178 ], [ -85.912965, 38.208267 ], [ -85.912892, 38.20832 ], [ -85.912827, 38.208383 ], [ -85.912779, 38.20845 ], [ -85.912723, 38.208539 ], [ -85.9127, 38.208598 ], [ -85.912621, 38.20875 ], [ -85.912572, 38.208826 ], [ -85.912518, 38.208898 ], [ -85.912389, 38.209018 ], [ -85.912316, 38.209072 ], [ -85.91224, 38.209121 ], [ -85.912067, 38.209214 ], [ -85.911983, 38.209272 ], [ -85.911892, 38.209311 ], [ -85.911786, 38.209342 ], [ -85.911604, 38.209381 ], [ -85.911518, 38.209384 ], [ -85.911323, 38.209369 ], [ -85.911188, 38.209345 ], [ -85.911046, 38.209326 ], [ -85.910897, 38.209311 ], [ -85.91074, 38.209332 ], [ -85.910663, 38.209349 ], [ -85.910529, 38.209389 ], [ -85.910398, 38.209455 ], [ -85.910321, 38.209508 ], [ -85.910261, 38.209585 ], [ -85.910219, 38.209629 ], [ -85.910122, 38.209782 ], [ -85.910056, 38.209943 ], [ -85.909991, 38.210159 ], [ -85.909967, 38.210312 ], [ -85.909975, 38.210353 ], [ -85.909994, 38.210411 ], [ -85.909997, 38.210461 ], [ -85.909974, 38.210528 ], [ -85.909929, 38.210591 ], [ -85.909789, 38.210648 ], [ -85.909725, 38.210657 ], [ -85.909661, 38.21066 ], [ -85.909521, 38.210682 ], [ -85.909385, 38.210712 ], [ -85.909333, 38.210729 ], [ -85.909276, 38.210756 ], [ -85.909181, 38.210827 ], [ -85.909139, 38.210867 ], [ -85.909072, 38.210988 ], [ -85.909052, 38.2112 ], [ -85.909062, 38.211358 ], [ -85.909058, 38.211556 ], [ -85.909043, 38.211673 ], [ -85.909028, 38.211722 ], [ -85.908991, 38.211767 ], [ -85.908936, 38.211794 ], [ -85.908784, 38.211806 ], [ -85.908552, 38.211781 ], [ -85.908327, 38.21177 ], [ -85.908218, 38.211783 ], [ -85.908167, 38.211796 ], [ -85.908088, 38.21184 ], [ -85.907987, 38.211911 ], [ -85.90794, 38.211956 ], [ -85.907864, 38.212063 ], [ -85.907834, 38.212117 ], [ -85.907617, 38.212633 ], [ -85.907581, 38.212754 ], [ -85.90758, 38.212813 ], [ -85.907608, 38.21293 ], [ -85.907631, 38.212989 ], [ -85.907649, 38.213061 ], [ -85.907656, 38.213143 ], [ -85.907674, 38.213197 ], [ -85.907674, 38.213269 ], [ -85.907683, 38.213337 ], [ -85.907684, 38.213404 ], [ -85.907704, 38.213468 ], [ -85.907738, 38.213531 ], [ -85.907777, 38.21359 ], [ -85.907921, 38.213835 ], [ -85.907981, 38.213961 ], [ -85.908049, 38.214156 ], [ -85.908051, 38.214223 ], [ -85.908046, 38.214304 ], [ -85.905574, 38.214576 ], [ -85.905571, 38.21075 ], [ -85.905571, 38.210683 ], [ -85.905353, 38.210699 ], [ -85.905353, 38.210558 ], [ -85.905568, 38.210553 ], [ -85.905544, 38.20963 ], [ -85.905485, 38.207301 ], [ -85.910309, 38.206956 ], [ -85.910254, 38.199119 ], [ -85.910251, 38.198748 ], [ -85.912876, 38.198723 ], [ -85.912879, 38.197877 ], [ -85.912881, 38.197127 ], [ -85.903445, 38.197012 ], [ -85.903362, 38.197155 ], [ -85.903281, 38.197294 ], [ -85.90321, 38.197406 ], [ -85.903129, 38.197496 ], [ -85.903064, 38.197513 ], [ -85.902975, 38.197521 ], [ -85.902669, 38.197442 ], [ -85.902427, 38.197354 ], [ -85.901944, 38.197187 ], [ -85.901746, 38.197136 ], [ -85.901667, 38.197122 ], [ -85.901454, 38.197142 ], [ -85.901363, 38.197164 ], [ -85.901267, 38.197195 ], [ -85.90104, 38.197246 ], [ -85.900698, 38.197356 ], [ -85.900603, 38.197405 ], [ -85.90052, 38.197462 ], [ -85.900352, 38.19761 ], [ -85.900156, 38.197756 ], [ -85.89985, 38.19797 ], [ -85.899528, 38.198215 ], [ -85.898856, 38.198686 ], [ -85.898771, 38.198757 ], [ -85.898686, 38.19882 ], [ -85.898609, 38.198891 ], [ -85.898156, 38.199256 ], [ -85.897993, 38.199372 ], [ -85.897904, 38.199416 ], [ -85.897559, 38.19962 ], [ -85.897368, 38.199708 ], [ -85.897259, 38.199739 ], [ -85.897142, 38.199765 ], [ -85.897018, 38.199786 ], [ -85.896992, 38.199786 ], [ -85.896885, 38.199794 ], [ -85.896271, 38.199806 ], [ -85.895618, 38.199814 ], [ -85.895282, 38.19981 ], [ -85.894612, 38.199818 ], [ -85.894446, 38.199816 ], [ -85.893957, 38.199821 ], [ -85.893794, 38.199819 ], [ -85.89332, 38.199828 ], [ -85.893017, 38.199825 ], [ -85.892721, 38.199827 ], [ -85.892298, 38.199823 ], [ -85.89204, 38.199825 ], [ -85.891604, 38.199816 ], [ -85.891441, 38.199819 ], [ -85.891109, 38.199816 ], [ -85.889727, 38.199826 ], [ -85.888864, 38.19984 ], [ -85.888364, 38.199835 ], [ -85.8882, 38.199838 ], [ -85.887618, 38.199833 ], [ -85.887594, 38.199833 ], [ -85.887469, 38.199845 ], [ -85.887325, 38.199844 ], [ -85.887188, 38.199838 ], [ -85.886921, 38.199844 ], [ -85.886467, 38.19984 ], [ -85.886203, 38.199824 ], [ -85.886133, 38.199814 ], [ -85.886027, 38.199791 ], [ -85.886045, 38.199764 ], [ -85.8867, 38.19895 ], [ -85.886922, 38.198682 ], [ -85.888771, 38.196374 ], [ -85.889405, 38.195605 ], [ -85.889822, 38.195082 ], [ -85.890029, 38.194813 ], [ -85.890449, 38.194295 ], [ -85.890595, 38.194134 ], [ -85.89079, 38.193861 ], [ -85.891063, 38.193516 ], [ -85.891749, 38.192676 ], [ -85.892016, 38.192336 ], [ -85.892197, 38.192085 ], [ -85.89241, 38.191731 ], [ -85.892499, 38.191538 ], [ -85.8927, 38.191152 ], [ -85.892807, 38.190978 ], [ -85.892985, 38.190718 ], [ -85.893183, 38.190459 ], [ -85.89362, 38.189936 ], [ -85.894025, 38.189412 ], [ -85.894169, 38.189247 ], [ -85.895184, 38.187986 ], [ -85.895814, 38.187194 ], [ -85.896992, 38.185659 ], [ -85.89718, 38.185404 ], [ -85.897298, 38.185257 ], [ -85.898005, 38.184317 ], [ -85.898129, 38.184145 ], [ -85.898808, 38.183279 ], [ -85.899664, 38.181989 ], [ -85.899741, 38.181874 ], [ -85.899794, 38.181794 ], [ -85.89978, 38.181714 ], [ -85.899724, 38.181303 ], [ -85.899635, 38.180643 ], [ -85.899613, 38.180416 ], [ -85.899675, 38.180324 ], [ -85.89982, 38.180116 ], [ -85.899906, 38.179978 ], [ -85.900095, 38.179645 ], [ -85.900324, 38.179268 ], [ -85.900639, 38.178803 ], [ -85.901023, 38.178148 ], [ -85.901098, 38.178063 ], [ -85.901402, 38.177563 ], [ -85.901568, 38.177281 ], [ -85.901785, 38.176933 ], [ -85.901848, 38.176853 ], [ -85.901963, 38.176665 ], [ -85.902066, 38.176464 ], [ -85.902152, 38.17633 ], [ -85.90229, 38.176154 ], [ -85.902456, 38.175851 ], [ -85.902582, 38.175657 ], [ -85.902771, 38.175401 ], [ -85.902811, 38.17534 ], [ -85.902874, 38.17521 ], [ -85.902949, 38.17506 ], [ -85.903338, 38.174429 ], [ -85.903447, 38.174217 ], [ -85.903584, 38.173928 ], [ -85.903676, 38.173594 ], [ -85.903802, 38.173265 ], [ -85.903865, 38.173147 ], [ -85.903945, 38.172968 ], [ -85.904272, 38.172375 ], [ -85.904404, 38.172065 ], [ -85.90453, 38.171783 ], [ -85.904627, 38.171552 ], [ -85.904696, 38.171417 ], [ -85.904788, 38.171142 ], [ -85.904873, 38.170946 ], [ -85.905069, 38.1706 ], [ -85.905172, 38.170339 ], [ -85.905286, 38.170008 ], [ -85.905309, 38.169891 ], [ -85.905349, 38.169804 ], [ -85.905384, 38.169754 ], [ -85.905435, 38.169701 ], [ -85.905521, 38.16953 ], [ -85.90559, 38.169327 ], [ -85.905848, 38.168702 ], [ -85.905899, 38.16851 ], [ -85.90618, 38.167906 ], [ -85.906209, 38.167773 ], [ -85.906266, 38.167601 ], [ -85.906335, 38.167351 ], [ -85.906403, 38.167145 ], [ -85.906489, 38.166929 ], [ -85.906524, 38.16679 ], [ -85.90665, 38.166504 ], [ -85.906804, 38.165978 ], [ -85.906879, 38.16566 ], [ -85.906912, 38.165583 ], [ -85.906966, 38.165365 ], [ -85.907057, 38.164804 ], [ -85.907108, 38.164393 ], [ -85.907131, 38.164128 ], [ -85.907148, 38.163957 ], [ -85.907217, 38.163688 ], [ -85.907303, 38.163418 ], [ -85.907389, 38.163118 ], [ -85.907469, 38.1628 ], [ -85.907486, 38.162502 ], [ -85.90763, 38.161734 ], [ -85.907692, 38.1614 ], [ -85.907704, 38.161156 ], [ -85.907773, 38.160721 ], [ -85.90783, 38.1605 ], [ -85.907893, 38.160152 ], [ -85.907899, 38.159801 ], [ -85.907962, 38.15937 ], [ -85.90799, 38.159281 ], [ -85.908019, 38.159174 ], [ -85.908025, 38.158946 ], [ -85.908053, 38.158691 ], [ -85.908139, 38.158386 ], [ -85.908162, 38.158264 ], [ -85.908174, 38.158111 ], [ -85.908168, 38.157928 ], [ -85.908139, 38.157544 ], [ -85.908151, 38.157218 ], [ -85.908162, 38.157038 ], [ -85.908151, 38.156799 ], [ -85.908116, 38.156659 ], [ -85.908105, 38.156566 ], [ -85.908093, 38.156438 ], [ -85.908111, 38.156186 ], [ -85.908122, 38.155687 ], [ -85.908145, 38.155368 ], [ -85.90822, 38.154939 ], [ -85.908248, 38.154653 ], [ -85.908271, 38.154128 ], [ -85.908288, 38.153891 ], [ -85.908283, 38.153763 ], [ -85.908265, 38.153644 ], [ -85.908237, 38.153555 ], [ -85.908237, 38.153153 ], [ -85.90834, 38.152523 ], [ -85.908426, 38.151703 ], [ -85.908437, 38.151347 ], [ -85.908506, 38.150444 ], [ -85.908523, 38.150077 ], [ -85.908552, 38.14984 ], [ -85.908615, 38.149515 ], [ -85.908649, 38.149407 ], [ -85.908672, 38.149266 ], [ -85.908672, 38.149011 ], [ -85.908661, 38.148856 ], [ -85.908706, 38.148203 ], [ -85.908706, 38.147916 ], [ -85.908706, 38.147851 ], [ -85.908729, 38.147075 ], [ -85.908764, 38.146844 ], [ -85.908798, 38.146648 ], [ -85.90881, 38.14644 ], [ -85.908856, 38.146067 ], [ -85.908878, 38.145798 ], [ -85.908884, 38.145281 ], [ -85.908907, 38.145027 ], [ -85.908959, 38.144267 ], [ -85.908976, 38.14364 ], [ -85.909022, 38.143364 ], [ -85.909067, 38.142688 ], [ -85.90909, 38.142559 ], [ -85.909096, 38.142341 ], [ -85.909079, 38.142193 ], [ -85.909044, 38.142015 ], [ -85.909033, 38.141707 ], [ -85.908987, 38.141412 ], [ -85.908976, 38.141191 ], [ -85.908993, 38.140914 ], [ -85.908993, 38.14074 ], [ -85.90901, 38.14061 ], [ -85.909016, 38.140476 ], [ -85.908998, 38.140355 ], [ -85.90897, 38.140221 ], [ -85.90893, 38.139828 ], [ -85.908901, 38.139397 ], [ -85.908913, 38.139193 ], [ -85.908907, 38.139051 ], [ -85.908873, 38.138621 ], [ -85.908855, 38.138519 ], [ -85.908867, 38.138293 ], [ -85.908832, 38.138048 ], [ -85.908792, 38.137845 ], [ -85.908741, 38.137652 ], [ -85.908718, 38.137591 ], [ -85.908632, 38.137482 ], [ -85.90862, 38.137445 ], [ -85.90862, 38.137349 ], [ -85.90866, 38.137219 ], [ -85.908678, 38.13714 ], [ -85.908615, 38.13693 ], [ -85.908586, 38.136784 ], [ -85.908603, 38.136701 ], [ -85.908569, 38.136144 ], [ -85.908517, 38.135924 ], [ -85.908517, 38.135764 ], [ -85.908535, 38.135395 ], [ -85.908523, 38.135149 ], [ -85.908529, 38.134797 ], [ -85.908454, 38.133846 ], [ -85.908448, 38.133668 ], [ -85.908357, 38.132987 ], [ -85.908345, 38.132485 ], [ -85.908345, 38.132358 ], [ -85.908322, 38.132197 ], [ -85.908254, 38.131562 ], [ -85.908231, 38.131129 ], [ -85.908173, 38.130692 ], [ -85.908151, 38.130188 ], [ -85.908088, 38.129592 ], [ -85.908007, 38.129183 ], [ -85.907973, 38.129049 ], [ -85.907916, 38.1287 ], [ -85.907829, 38.128355 ], [ -85.907732, 38.127351 ], [ -85.907726, 38.127254 ], [ -85.907658, 38.126827 ], [ -85.907641, 38.126648 ], [ -85.907543, 38.126255 ], [ -85.907543, 38.126145 ], [ -85.907532, 38.125909 ], [ -85.90752, 38.125782 ], [ -85.907514, 38.125736 ], [ -85.90744, 38.125252 ], [ -85.907411, 38.125099 ], [ -85.907411, 38.125068 ], [ -85.907342, 38.124584 ], [ -85.907365, 38.124574 ], [ -85.907274, 38.12393 ], [ -85.907108, 38.122761 ], [ -85.90701, 38.121876 ], [ -85.906936, 38.121272 ], [ -85.906913, 38.121294 ], [ -85.906913, 38.121118 ], [ -85.906638, 38.119399 ], [ -85.906513, 38.118798 ], [ -85.906495, 38.11874 ], [ -85.906456, 38.118523 ], [ -85.906116, 38.116887 ], [ -85.906099, 38.116806 ], [ -85.905715, 38.114393 ], [ -85.905578, 38.112784 ], [ -85.905463, 38.112103 ], [ -85.905445, 38.11195 ], [ -85.905309, 38.111105 ], [ -85.90505, 38.110187 ], [ -85.904694, 38.108516 ], [ -85.904388, 38.106216 ], [ -85.904262, 38.103398 ], [ -85.904277, 38.103005 ], [ -85.904409, 38.101988 ], [ -85.904409, 38.101324 ], [ -85.904392, 38.100945 ], [ -85.904294, 38.100186 ], [ -85.904254, 38.099209 ], [ -85.904276, 38.098798 ], [ -85.904363, 38.097155 ], [ -85.90441, 38.096617 ], [ -85.904811, 38.093255 ], [ -85.904911, 38.091334 ], [ -85.905052, 38.089957 ], [ -85.905285, 38.088936 ], [ -85.905307, 38.088837 ], [ -85.906402, 38.08629 ], [ -85.906973, 38.084853 ], [ -85.907479, 38.083514 ], [ -85.907554, 38.083291 ], [ -85.907674, 38.082932 ], [ -85.908141, 38.081918 ], [ -85.908182, 38.081814 ], [ -85.909025, 38.080308 ], [ -85.909973, 38.078045 ], [ -85.910423, 38.076922 ], [ -85.912006, 38.0734 ], [ -85.912983, 38.071426 ], [ -85.913089, 38.07132 ], [ -85.913129, 38.071347 ], [ -85.913169, 38.071446 ], [ -85.913244, 38.071776 ], [ -85.913284, 38.072177 ], [ -85.913263, 38.072535 ], [ -85.913267, 38.072645 ], [ -85.91326, 38.073011 ], [ -85.913289, 38.073067 ], [ -85.913398, 38.07305 ], [ -85.91353, 38.072825 ], [ -85.913868, 38.071854 ], [ -85.914289, 38.070285 ], [ -85.915142, 38.067638 ], [ -85.91575, 38.06513 ], [ -85.916276, 38.062958 ], [ -85.916279, 38.062813 ], [ -85.91632, 38.062531 ], [ -85.916377, 38.061542 ], [ -85.916343, 38.060619 ], [ -85.916432, 38.059658 ], [ -85.91644, 38.059569 ], [ -85.916509, 38.059165 ], [ -85.917053, 38.057125 ], [ -85.91718, 38.05613 ], [ -85.917187, 38.056081 ], [ -85.917523, 38.054219 ], [ -85.917649, 38.053527 ], [ -85.917787, 38.052505 ], [ -85.917924, 38.051379 ], [ -85.91794, 38.051141 ], [ -85.91801, 38.050761 ], [ -85.918131, 38.050225 ], [ -85.918366, 38.048769 ], [ -85.918475, 38.047322 ], [ -85.918483, 38.04726 ], [ -85.918795, 38.042559 ], [ -85.918912, 38.041195 ], [ -85.91906, 38.040261 ], [ -85.919472, 38.037964 ], [ -85.919529, 38.037654 ], [ -85.919569, 38.037287 ], [ -85.919655, 38.037018 ], [ -85.919689, 38.036881 ], [ -85.919723, 38.036674 ], [ -85.919769, 38.036463 ], [ -85.919798, 38.036217 ], [ -85.919804, 38.036063 ], [ -85.919819, 38.035956 ], [ -85.920652, 38.032306 ], [ -85.921275, 38.03032 ], [ -85.921853, 38.028761 ], [ -85.923428, 38.025247 ], [ -85.925654, 38.021784 ], [ -85.926883, 38.020223 ], [ -85.928365, 38.018547 ], [ -85.928538, 38.018393 ], [ -85.929057, 38.017863 ], [ -85.929515, 38.017485 ], [ -85.929962, 38.017039 ], [ -85.930409, 38.016672 ], [ -85.931119, 38.015985 ], [ -85.932345, 38.015009 ], [ -85.932364, 38.014992 ], [ -85.932396, 38.014969 ], [ -85.932407, 38.014959 ], [ -85.933514, 38.014078 ], [ -85.934609, 38.01326 ], [ -85.936236, 38.012084 ], [ -85.936883, 38.011601 ], [ -85.937932, 38.010865 ], [ -85.938783, 38.010285 ], [ -85.938883, 38.010217 ], [ -85.939525, 38.009804 ], [ -85.940447, 38.00903 ], [ -85.941392, 38.008057 ], [ -85.942143, 38.007344 ], [ -85.942216, 38.007267 ], [ -85.942699, 38.006816 ], [ -85.943054, 38.006602 ], [ -85.943759, 38.006256 ], [ -85.945787, 38.00547 ], [ -85.946509, 38.005228 ], [ -85.947104, 38.005072 ], [ -85.947128, 38.005065 ], [ -85.947391, 38.005008 ], [ -85.948217, 38.004904 ], [ -85.948938, 38.004882 ], [ -85.94975, 38.004838 ], [ -85.951156, 38.004755 ], [ -85.951792, 38.004761 ], [ -85.952359, 38.004739 ], [ -85.952852, 38.004744 ], [ -85.95378, 38.004673 ], [ -85.954445, 38.004645 ], [ -85.955132, 38.004557 ], [ -85.956227, 38.004343 ], [ -85.956765, 38.004211 ], [ -85.958438, 38.003848 ], [ -85.959344, 38.003705 ], [ -85.959762, 38.003655 ], [ -85.961458, 38.003337 ], [ -85.962925, 38.003139 ], [ -85.964506, 38.002974 ], [ -85.965526, 38.002929 ], [ -85.966385, 38.002918 ], [ -85.967262, 38.002863 ], [ -85.969583, 38.002753 ], [ -85.970562, 38.002659 ], [ -85.971038, 38.002637 ], [ -85.971874, 38.00256 ], [ -85.972579, 38.002537 ], [ -85.972934, 38.002537 ], [ -85.97329, 38.00257 ], [ -85.973937, 38.002669 ], [ -85.97435, 38.002757 ], [ -85.97702, 38.003355 ], [ -85.977415, 38.003382 ], [ -85.977467, 38.00337 ], [ -85.977879, 38.003304 ], [ -85.979784, 38.002952 ], [ -85.980211, 38.002821 ], [ -85.980796, 38.0027 ], [ -85.981219, 38.002623 ], [ -85.981718, 38.002579 ], [ -85.982829, 38.002375 ], [ -85.984342, 38.002177 ], [ -85.984646, 38.002105 ], [ -85.985098, 38.002042 ], [ -85.985404, 38.001981 ], [ -85.986285, 38.001813 ], [ -85.987167, 38.001648 ], [ -85.98813, 38.001494 ], [ -85.990272, 38.00112 ], [ -85.991865, 38.000893 ], [ -85.993873, 38.000636 ], [ -85.995899, 38.000376 ], [ -85.99697, 38.000138 ], [ -85.997177, 38.000075 ], [ -85.99728, 38.000028 ], [ -85.997589, 37.999981 ], [ -85.998769, 37.999783 ], [ -85.998971, 37.999754 ], [ -85.999963, 37.999612 ], [ -85.999978, 37.999578 ], [ -86.001545, 37.999373 ], [ -86.001829, 37.999336 ], [ -86.002568, 37.999243 ], [ -86.003485, 37.999211 ], [ -86.00466, 37.999069 ], [ -86.00525, 37.998965 ], [ -86.00638, 37.99883 ], [ -86.007318, 37.998719 ], [ -86.009467, 37.99839 ], [ -86.011266, 37.997995 ], [ -86.01416, 37.997414 ], [ -86.014664, 37.997337 ], [ -86.016297, 37.996986 ], [ -86.018424, 37.996474 ], [ -86.020726, 37.995993 ], [ -86.021339, 37.995856 ], [ -86.022061, 37.995587 ], [ -86.022359, 37.995516 ], [ -86.023115, 37.995253 ], [ -86.025894, 37.994309 ], [ -86.026547, 37.994023 ], [ -86.026891, 37.993826 ], [ -86.027957, 37.99332 ], [ -86.028748, 37.992892 ], [ -86.029401, 37.992491 ], [ -86.030358, 37.992057 ], [ -86.030619, 37.991908 ], [ -86.030701, 37.991859 ], [ -86.030852, 37.991769 ], [ -86.030902, 37.991739 ], [ -86.031704, 37.991063 ], [ -86.032249, 37.99036 ], [ -86.032816, 37.989432 ], [ -86.033108, 37.988871 ], [ -86.033354, 37.988454 ], [ -86.033744, 37.987602 ], [ -86.034311, 37.986135 ], [ -86.034798, 37.984795 ], [ -86.034999, 37.98429 ], [ -86.035348, 37.981251 ], [ -86.035285, 37.980719 ], [ -86.035153, 37.980103 ], [ -86.034856, 37.978214 ], [ -86.034758, 37.977373 ], [ -86.034466, 37.97607 ], [ -86.034288, 37.975422 ], [ -86.034053, 37.974213 ], [ -86.033933, 37.973104 ], [ -86.033727, 37.971769 ], [ -86.033652, 37.971428 ], [ -86.03352, 37.970142 ], [ -86.033549, 37.969246 ], [ -86.033618, 37.968944 ], [ -86.033681, 37.968439 ], [ -86.033806, 37.967754 ], [ -86.033823, 37.967604 ], [ -86.03391, 37.966785 ], [ -86.03411, 37.965401 ], [ -86.034163, 37.96524 ], [ -86.034575, 37.963989 ], [ -86.034752, 37.963676 ], [ -86.035056, 37.962901 ], [ -86.035371, 37.96239 ], [ -86.035428, 37.962319 ], [ -86.035577, 37.962226 ], [ -86.035812, 37.961967 ], [ -86.036179, 37.961445 ], [ -86.036534, 37.961001 ], [ -86.037904, 37.959704 ], [ -86.038499, 37.959232 ], [ -86.038734, 37.959078 ], [ -86.038906, 37.95899 ], [ -86.04027, 37.958469 ], [ -86.04078, 37.958309 ], [ -86.041364, 37.958194 ], [ -86.041977, 37.958134 ], [ -86.04255, 37.958123 ], [ -86.043782, 37.958206 ], [ -86.044653, 37.958392 ], [ -86.045478, 37.958563 ], [ -86.045988, 37.958695 ], [ -86.046109, 37.958711 ], [ -86.047088, 37.959014 ], [ -86.047564, 37.959206 ], [ -86.04875, 37.959689 ], [ -86.049363, 37.960014 ], [ -86.04981, 37.960322 ], [ -86.050137, 37.960536 ], [ -86.050515, 37.960849 ], [ -86.050859, 37.961069 ], [ -86.051105, 37.961255 ], [ -86.052961, 37.962942 ], [ -86.053867, 37.963822 ], [ -86.054669, 37.964525 ], [ -86.055541, 37.965395 ], [ -86.057997, 37.967671 ], [ -86.058846, 37.96859 ], [ -86.059339, 37.969124 ], [ -86.059488, 37.969311 ], [ -86.060032, 37.969882 ], [ -86.06049, 37.970421 ], [ -86.060834, 37.970767 ], [ -86.062026, 37.972143 ], [ -86.062799, 37.973036 ], [ -86.063745, 37.97425 ], [ -86.064484, 37.975299 ], [ -86.065235, 37.976673 ], [ -86.065601, 37.977172 ], [ -86.06634, 37.978458 ], [ -86.066879, 37.9797 ], [ -86.067171, 37.980277 ], [ -86.067337, 37.980557 ], [ -86.067432, 37.980739 ], [ -86.067541, 37.980948 ], [ -86.067899, 37.981634 ], [ -86.068678, 37.98265 ], [ -86.068953, 37.98293 ], [ -86.069652, 37.983507 ], [ -86.069956, 37.983853 ], [ -86.070151, 37.984089 ], [ -86.07042, 37.984551 ], [ -86.070815, 37.985447 ], [ -86.070982, 37.985903 ], [ -86.071737, 37.987442 ], [ -86.073016, 37.989852 ], [ -86.07334, 37.990465 ], [ -86.074706, 37.992873 ], [ -86.075389, 37.994396 ], [ -86.075663, 37.995105 ], [ -86.075989, 37.995731 ], [ -86.076322, 37.996159 ], [ -86.076386, 37.996235 ], [ -86.076629, 37.996566 ], [ -86.076849, 37.996777 ], [ -86.076918, 37.996857 ], [ -86.07725, 37.997176 ], [ -86.077307, 37.997324 ], [ -86.077279, 37.99739 ], [ -86.077198, 37.997418 ], [ -86.077059, 37.997395 ], [ -86.076779, 37.997252 ], [ -86.075105, 37.996017 ], [ -86.074293, 37.995471 ], [ -86.074238, 37.995434 ], [ -86.073926, 37.995247 ], [ -86.073892, 37.995259 ], [ -86.073789, 37.995286 ], [ -86.073783, 37.995374 ], [ -86.073858, 37.995511 ], [ -86.073982, 37.995638 ], [ -86.074133, 37.995792 ], [ -86.074316, 37.995857 ], [ -86.074551, 37.995902 ], [ -86.074717, 37.996159 ], [ -86.074947, 37.996308 ], [ -86.074981, 37.996352 ], [ -86.07501, 37.996456 ], [ -86.075176, 37.996605 ], [ -86.075302, 37.996709 ], [ -86.075445, 37.996923 ], [ -86.076052, 37.997473 ], [ -86.076396, 37.997819 ], [ -86.076734, 37.998154 ], [ -86.077095, 37.998451 ], [ -86.077227, 37.998637 ], [ -86.077594, 37.998934 ], [ -86.077892, 37.999231 ], [ -86.07839, 37.999593 ], [ -86.078602, 37.99984 ], [ -86.078887, 37.999998 ], [ -86.07902, 38.000071 ], [ -86.079026, 38.000103 ], [ -86.079164, 38.000343 ], [ -86.079438, 38.00058 ], [ -86.07945, 38.00059 ], [ -86.079656, 38.000725 ], [ -86.080138, 38.001152 ], [ -86.080293, 38.001256 ], [ -86.080367, 38.001297 ], [ -86.080493, 38.001345 ], [ -86.080677, 38.001394 ], [ -86.081003, 38.001516 ], [ -86.081163, 38.001584 ], [ -86.081267, 38.00162 ], [ -86.08137, 38.001669 ], [ -86.081467, 38.001732 ], [ -86.081467, 38.001742 ], [ -86.081645, 38.001837 ], [ -86.081725, 38.001922 ], [ -86.081817, 38.001982 ], [ -86.081874, 38.002014 ], [ -86.082052, 38.002075 ], [ -86.082189, 38.00216 ], [ -86.082292, 38.002233 ], [ -86.082418, 38.002307 ], [ -86.082607, 38.00243 ], [ -86.082894, 38.002635 ], [ -86.083186, 38.002833 ], [ -86.083249, 38.00289 ], [ -86.083329, 38.002956 ], [ -86.083524, 38.00307 ], [ -86.083684, 38.003176 ], [ -86.083799, 38.00323 ], [ -86.084183, 38.003477 ], [ -86.084361, 38.003603 ], [ -86.084492, 38.003685 ], [ -86.084624, 38.003752 ], [ -86.084842, 38.003884 ], [ -86.085134, 38.004092 ], [ -86.085478, 38.004322 ], [ -86.08581, 38.004553 ], [ -86.085868, 38.004581 ], [ -86.086022, 38.004688 ], [ -86.086177, 38.004781 ], [ -86.086309, 38.004873 ], [ -86.086345, 38.004901 ], [ -86.086556, 38.005066 ], [ -86.086578, 38.005083 ], [ -86.086771, 38.005207 ], [ -86.094602, 38.008809 ], [ -86.098964, 38.010561 ], [ -86.099939, 38.010953 ], [ -86.100009, 38.010974 ], [ -86.100284, 38.011074 ], [ -86.100588, 38.011171 ], [ -86.100811, 38.011225 ], [ -86.100914, 38.011275 ], [ -86.100994, 38.011306 ], [ -86.101149, 38.011347 ], [ -86.101206, 38.01137 ], [ -86.101344, 38.011446 ], [ -86.10143, 38.011472 ], [ -86.101653, 38.011527 ], [ -86.101923, 38.011657 ], [ -86.102106, 38.011713 ], [ -86.102358, 38.011812 ], [ -86.102427, 38.011843 ], [ -86.102507, 38.011871 ], [ -86.102598, 38.01189 ], [ -86.102811, 38.011973 ], [ -86.103091, 38.012098 ], [ -86.103235, 38.012154 ], [ -86.103395, 38.01218 ], [ -86.103544, 38.01223 ], [ -86.103653, 38.012302 ], [ -86.103727, 38.012334 ], [ -86.103848, 38.01236 ], [ -86.104002, 38.012419 ], [ -86.104518, 38.012568 ], [ -86.104713, 38.012655 ], [ -86.105039, 38.012775 ], [ -86.105246, 38.012816 ], [ -86.105292, 38.012825 ], [ -86.105521, 38.012909 ], [ -86.105595, 38.012929 ], [ -86.105688, 38.012975 ], [ -86.109372, 38.013843 ], [ -86.109423, 38.013841 ], [ -86.109503, 38.013844 ], [ -86.109761, 38.013908 ], [ -86.110276, 38.013986 ], [ -86.110552, 38.014047 ], [ -86.110821, 38.014072 ], [ -86.110878, 38.014083 ], [ -86.111285, 38.014202 ], [ -86.111617, 38.014277 ], [ -86.111967, 38.014371 ], [ -86.112087, 38.014383 ], [ -86.11227, 38.014383 ], [ -86.112351, 38.014392 ], [ -86.112735, 38.014511 ], [ -86.112975, 38.014575 ], [ -86.113584, 38.014694 ], [ -86.113709, 38.014725 ], [ -86.113822, 38.014763 ], [ -86.113852, 38.014773 ], [ -86.114047, 38.014809 ], [ -86.114339, 38.01488 ], [ -86.114442, 38.014908 ], [ -86.114505, 38.014919 ], [ -86.114648, 38.014925 ], [ -86.114774, 38.014942 ], [ -86.115307, 38.015087 ], [ -86.115468, 38.015147 ], [ -86.115628, 38.015168 ], [ -86.115754, 38.01518 ], [ -86.11592, 38.015213 ], [ -86.116184, 38.015282 ], [ -86.116419, 38.015351 ], [ -86.116539, 38.015367 ], [ -86.116631, 38.015372 ], [ -86.116642, 38.015382 ], [ -86.116711, 38.015385 ], [ -86.117083, 38.015369 ], [ -86.117138, 38.015371 ], [ -86.117523, 38.015441 ], [ -86.120415, 38.015893 ], [ -86.120521, 38.015901 ], [ -86.12075, 38.01591 ], [ -86.120985, 38.015951 ], [ -86.121106, 38.015958 ], [ -86.121358, 38.01595 ], [ -86.121467, 38.015969 ], [ -86.121501, 38.015969 ], [ -86.121564, 38.015987 ], [ -86.121828, 38.015996 ], [ -86.122005, 38.016029 ], [ -86.122131, 38.01604 ], [ -86.122401, 38.016086 ], [ -86.122514, 38.016102 ], [ -86.123507, 38.016157 ], [ -86.123793, 38.016144 ], [ -86.124206, 38.016141 ], [ -86.124641, 38.016124 ], [ -86.124819, 38.016134 ], [ -86.124946, 38.016174 ], [ -86.124966, 38.01618 ], [ -86.125082, 38.016181 ], [ -86.125147, 38.016197 ], [ -86.125329, 38.01624 ], [ -86.125518, 38.016196 ], [ -86.1283, 38.016192 ], [ -86.132637, 38.016094 ], [ -86.133328, 38.016074 ], [ -86.135529, 38.016009 ], [ -86.1361, 38.016035 ], [ -86.136244, 38.016039 ], [ -86.136502, 38.016016 ], [ -86.136822, 38.015999 ], [ -86.136989, 38.016004 ], [ -86.137132, 38.015997 ], [ -86.137275, 38.015976 ], [ -86.137612, 38.015914 ], [ -86.137819, 38.015911 ], [ -86.13959, 38.015779 ], [ -86.143492, 38.015314 ], [ -86.14446, 38.01521 ], [ -86.145262, 38.015084 ], [ -86.145898, 38.01504 ], [ -86.147675, 38.014843 ], [ -86.148929, 38.014657 ], [ -86.150224, 38.0143 ], [ -86.150568, 38.014135 ], [ -86.152121, 38.013235 ], [ -86.152396, 38.013097 ], [ -86.152566, 38.012983 ], [ -86.153631, 38.012551 ], [ -86.154478, 38.012328 ], [ -86.154495, 38.012323 ], [ -86.155427, 38.012131 ], [ -86.155954, 38.012016 ], [ -86.156911, 38.011714 ], [ -86.157266, 38.011596 ], [ -86.157307, 38.011582 ], [ -86.15764, 38.011494 ], [ -86.159029, 38.010963 ], [ -86.159102, 38.010954 ], [ -86.159335, 38.010879 ], [ -86.15961, 38.010847 ], [ -86.160429, 38.010831 ], [ -86.16067, 38.010781 ], [ -86.16103, 38.010591 ], [ -86.161624, 38.01044 ], [ -86.163186, 38.010064 ], [ -86.16422, 38.009968 ], [ -86.164703, 38.00993 ], [ -86.1666, 38.00987 ], [ -86.168147, 38.009843 ], [ -86.169376, 38.009728 ], [ -86.169773, 38.009689 ], [ -86.170319, 38.00964 ], [ -86.171029, 38.009651 ], [ -86.172181, 38.009794 ], [ -86.172977, 38.009827 ], [ -86.174799, 38.009931 ], [ -86.17572, 38.010053 ], [ -86.176128, 38.010139 ], [ -86.176157, 38.010146 ], [ -86.176977, 38.010377 ], [ -86.178178, 38.010561 ], [ -86.17893, 38.01081 ], [ -86.182794, 38.012641 ], [ -86.183784, 38.013212 ], [ -86.184122, 38.013437 ], [ -86.184202, 38.013509 ], [ -86.184574, 38.013761 ], [ -86.186305, 38.01447 ], [ -86.186727, 38.014622 ], [ -86.187, 38.01474 ], [ -86.187393, 38.014926 ], [ -86.188133, 38.015311 ], [ -86.18839, 38.015442 ], [ -86.188439, 38.015467 ], [ -86.189324, 38.01592 ], [ -86.18988, 38.016134 ], [ -86.190831, 38.01642 ], [ -86.193484, 38.017371 ], [ -86.193943, 38.017531 ], [ -86.19528, 38.018037 ], [ -86.196501, 38.018526 ], [ -86.197965, 38.019112 ], [ -86.199838, 38.019798 ], [ -86.201082, 38.020299 ], [ -86.201472, 38.020447 ], [ -86.202113, 38.020688 ], [ -86.202887, 38.021007 ], [ -86.20425, 38.021484 ], [ -86.204978, 38.021775 ], [ -86.205522, 38.021973 ], [ -86.206198, 38.02225 ], [ -86.206794, 38.022495 ], [ -86.207516, 38.022764 ], [ -86.208044, 38.022995 ], [ -86.209825, 38.02367 ], [ -86.21061, 38.024038 ], [ -86.21135, 38.024335 ], [ -86.214352, 38.025427 ], [ -86.215699, 38.026009 ], [ -86.2174, 38.026773 ], [ -86.218088, 38.02702 ], [ -86.219274, 38.027513 ], [ -86.220242, 38.027964 ], [ -86.220913, 38.028376 ], [ -86.221417, 38.028771 ], [ -86.221443, 38.028797 ], [ -86.221619, 38.029047 ], [ -86.22176, 38.029342 ], [ -86.222437, 38.030452 ], [ -86.222689, 38.030809 ], [ -86.223328, 38.031516 ], [ -86.224686, 38.032705 ], [ -86.225554, 38.033419 ], [ -86.225731, 38.033524 ], [ -86.2258, 38.033577 ], [ -86.226264, 38.033884 ], [ -86.227204, 38.034412 ], [ -86.227788, 38.034818 ], [ -86.22882, 38.035488 ], [ -86.22945, 38.035789 ], [ -86.229563, 38.035847 ], [ -86.230491, 38.036279 ], [ -86.230527, 38.036289 ], [ -86.230871, 38.03641 ], [ -86.231662, 38.036822 ], [ -86.231943, 38.036997 ], [ -86.232581, 38.037535 ], [ -86.233448, 38.03818 ], [ -86.233471, 38.038211 ], [ -86.233736, 38.038431 ], [ -86.233891, 38.038628 ], [ -86.233954, 38.038859 ], [ -86.233908, 38.039178 ], [ -86.233833, 38.039265 ], [ -86.233678, 38.039359 ], [ -86.233215, 38.039458 ], [ -86.233212, 38.039506 ], [ -86.233339, 38.039625 ], [ -86.234319, 38.040041 ], [ -86.236059, 38.040702 ], [ -86.236601, 38.040918 ], [ -86.238004, 38.04144 ], [ -86.238165, 38.041489 ], [ -86.239185, 38.041664 ], [ -86.239289, 38.041718 ], [ -86.239494, 38.041823 ], [ -86.240096, 38.042186 ], [ -86.240486, 38.04235 ], [ -86.243075, 38.043261 ], [ -86.243757, 38.043524 ], [ -86.244782, 38.043862 ], [ -86.245641, 38.044189 ], [ -86.24693, 38.044679 ], [ -86.247667, 38.045007 ], [ -86.248003, 38.045115 ], [ -86.248421, 38.045292 ], [ -86.248988, 38.045499 ], [ -86.249679, 38.045902 ], [ -86.25, 38.046045 ], [ -86.25006, 38.046003 ], [ -86.250684, 38.046379 ], [ -86.252846, 38.047533 ], [ -86.253247, 38.047747 ], [ -86.25586, 38.049224 ], [ -86.257104, 38.049908 ], [ -86.257946, 38.050361 ], [ -86.25818, 38.050487 ], [ -86.259256, 38.051215 ], [ -86.259983, 38.051675 ], [ -86.260213, 38.051876 ], [ -86.260528, 38.052074 ], [ -86.260826, 38.052294 ], [ -86.261136, 38.052426 ], [ -86.261364, 38.052548 ], [ -86.261389, 38.052564 ], [ -86.261795, 38.052926 ], [ -86.262087, 38.05308 ], [ -86.262241, 38.053212 ], [ -86.262551, 38.053443 ], [ -86.263462, 38.054084 ], [ -86.263691, 38.054245 ], [ -86.264333, 38.054624 ], [ -86.264602, 38.054768 ], [ -86.264745, 38.054878 ], [ -86.265565, 38.055691 ], [ -86.265931, 38.056026 ], [ -86.266241, 38.056268 ], [ -86.266539, 38.056449 ], [ -86.266961, 38.056682 ], [ -86.267203, 38.056798 ], [ -86.267367, 38.056906 ], [ -86.267805, 38.057148 ], [ -86.268046, 38.0574 ], [ -86.268831, 38.058362 ], [ -86.26922, 38.058873 ], [ -86.269633, 38.059346 ], [ -86.270249, 38.060205 ], [ -86.270315, 38.060296 ], [ -86.270722, 38.060912 ], [ -86.270999, 38.06129 ], [ -86.271197, 38.061561 ], [ -86.271478, 38.061989 ], [ -86.272773, 38.064824 ], [ -86.272831, 38.06499 ], [ -86.273002, 38.065471 ], [ -86.273266, 38.06622 ], [ -86.273718, 38.06789 ], [ -86.273907, 38.068451 ], [ -86.274079, 38.068808 ], [ -86.274939, 38.071231 ], [ -86.275013, 38.071411 ], [ -86.275581, 38.072814 ], [ -86.27581, 38.073588 ], [ -86.275861, 38.07388 ], [ -86.276096, 38.074231 ], [ -86.276125, 38.074275 ], [ -86.276171, 38.07483 ], [ -86.276257, 38.075099 ], [ -86.276434, 38.076006 ], [ -86.277007, 38.07794 ], [ -86.277265, 38.078835 ], [ -86.277494, 38.080022 ], [ -86.277504, 38.080312 ], [ -86.27763, 38.081672 ], [ -86.277901, 38.08343 ], [ -86.277902, 38.083439 ], [ -86.278096, 38.08422 ], [ -86.278491, 38.086022 ], [ -86.278554, 38.086418 ], [ -86.278572, 38.087181 ], [ -86.278537, 38.08778 ], [ -86.278594, 38.088313 ], [ -86.278669, 38.090011 ], [ -86.278709, 38.091071 ], [ -86.278789, 38.092346 ], [ -86.278829, 38.095615 ], [ -86.278812, 38.09684 ], [ -86.278744, 38.098521 ], [ -86.278916, 38.099658 ], [ -86.278928, 38.099698 ], [ -86.278952, 38.099779 ], [ -86.279022, 38.100012 ], [ -86.279133, 38.100384 ], [ -86.27915, 38.100603 ], [ -86.279135, 38.100753 ], [ -86.279116, 38.100938 ], [ -86.27888, 38.10158 ], [ -86.278767, 38.102005 ], [ -86.278594, 38.10236 ], [ -86.278331, 38.103075 ], [ -86.278188, 38.103597 ], [ -86.27801, 38.104591 ], [ -86.277945, 38.105017 ], [ -86.277919, 38.105185 ], [ -86.277603, 38.10635 ], [ -86.277265, 38.108118 ], [ -86.276985, 38.109327 ], [ -86.276882, 38.1097 ], [ -86.276698, 38.11014 ], [ -86.276051, 38.112013 ], [ -86.275759, 38.113002 ], [ -86.275581, 38.113425 ], [ -86.275438, 38.114051 ], [ -86.275312, 38.114216 ], [ -86.275214, 38.114447 ], [ -86.275048, 38.115095 ], [ -86.274532, 38.116111 ], [ -86.274481, 38.11632 ], [ -86.274205, 38.116669 ], [ -86.274005, 38.116919 ], [ -86.273742, 38.117298 ], [ -86.27365, 38.117506 ], [ -86.273696, 38.11788 ], [ -86.273759, 38.118117 ], [ -86.273782, 38.118446 ], [ -86.273707, 38.118918 ], [ -86.273581, 38.120006 ], [ -86.27349, 38.120292 ], [ -86.272613, 38.12189 ], [ -86.272527, 38.122286 ], [ -86.272344, 38.12278 ], [ -86.271949, 38.123659 ], [ -86.271851, 38.123851 ], [ -86.271513, 38.124642 ], [ -86.271503, 38.125011 ], [ -86.271502, 38.125064 ], [ -86.271496, 38.125077 ], [ -86.270997, 38.126687 ], [ -86.270671, 38.127944 ], [ -86.270626, 38.128075 ], [ -86.270482, 38.1285 ], [ -86.270464, 38.12851 ], [ -86.270442, 38.128523 ], [ -86.270436, 38.128545 ], [ -86.270442, 38.128676 ], [ -86.270396, 38.128897 ], [ -86.270353, 38.12938 ], [ -86.270241, 38.130653 ], [ -86.27023, 38.131894 ], [ -86.270256, 38.13225 ], [ -86.270676, 38.135284 ], [ -86.270605, 38.135779 ], [ -86.270987, 38.137006 ], [ -86.271164, 38.137482 ], [ -86.271801, 38.138872 ], [ -86.272847, 38.140835 ], [ -86.274042, 38.142439 ], [ -86.274418, 38.142925 ], [ -86.274745, 38.143309 ], [ -86.274899, 38.143502 ], [ -86.275054, 38.143675 ], [ -86.275163, 38.143805 ], [ -86.275358, 38.144097 ], [ -86.275576, 38.144352 ], [ -86.275679, 38.144484 ], [ -86.275982, 38.144812 ], [ -86.276131, 38.144947 ], [ -86.276355, 38.145199 ], [ -86.276378, 38.145413 ], [ -86.276412, 38.145449 ], [ -86.276446, 38.145461 ], [ -86.277053, 38.146033 ], [ -86.27777, 38.146708 ], [ -86.278784, 38.147862 ], [ -86.279375, 38.148577 ], [ -86.280423, 38.14977 ], [ -86.280608, 38.149983 ], [ -86.281728, 38.151382 ], [ -86.282325, 38.152138 ], [ -86.283185, 38.153264 ], [ -86.283477, 38.153687 ], [ -86.284365, 38.15472 ], [ -86.28472, 38.155166 ], [ -86.284811, 38.155246 ], [ -86.286359, 38.157199 ], [ -86.286501, 38.157343 ], [ -86.286921, 38.15783 ], [ -86.287096, 38.157949 ], [ -86.287421, 38.158169 ], [ -86.288347, 38.158856 ], [ -86.291402, 38.161501 ], [ -86.29282, 38.162479 ], [ -86.29316, 38.162485 ], [ -86.293367, 38.162491 ], [ -86.29343, 38.162494 ], [ -86.293699, 38.162677 ], [ -86.294014, 38.162895 ], [ -86.29422, 38.163013 ], [ -86.294278, 38.163061 ], [ -86.294593, 38.163385 ], [ -86.294707, 38.163474 ], [ -86.294954, 38.163588 ], [ -86.295057, 38.16364 ], [ -86.295069, 38.163702 ], [ -86.295074, 38.163721 ], [ -86.295085, 38.163754 ], [ -86.295378, 38.163886 ], [ -86.295716, 38.164073 ], [ -86.296455, 38.164446 ], [ -86.297194, 38.164798 ], [ -86.298609, 38.165469 ], [ -86.299165, 38.165699 ], [ -86.301045, 38.166579 ], [ -86.302557, 38.167238 ], [ -86.303216, 38.167496 ], [ -86.304362, 38.168002 ], [ -86.304872, 38.168194 ], [ -86.305852, 38.168601 ], [ -86.306051, 38.168672 ], [ -86.306346, 38.168796 ], [ -86.307532, 38.169215 ], [ -86.310574, 38.170291 ], [ -86.312235, 38.170919 ], [ -86.312957, 38.171155 ], [ -86.315186, 38.172133 ], [ -86.316114, 38.172562 ], [ -86.316653, 38.172732 ], [ -86.316939, 38.172837 ], [ -86.317558, 38.173133 ], [ -86.317827, 38.173298 ], [ -86.31883, 38.173792 ], [ -86.319044, 38.173949 ], [ -86.320977, 38.175479 ], [ -86.325997, 38.179058 ], [ -86.326424, 38.179395 ], [ -86.326473, 38.17944 ], [ -86.326972, 38.179961 ], [ -86.327596, 38.180357 ], [ -86.327969, 38.180617 ], [ -86.329041, 38.181464 ], [ -86.329304, 38.181686 ], [ -86.329436, 38.181752 ], [ -86.3296, 38.181805 ], [ -86.330366, 38.1821 ], [ -86.330398, 38.182114 ], [ -86.33061, 38.182246 ], [ -86.330937, 38.182345 ], [ -86.331074, 38.182356 ], [ -86.3312, 38.182394 ], [ -86.331343, 38.182511 ], [ -86.331415, 38.182545 ], [ -86.333479, 38.184373 ], [ -86.336501, 38.186743 ], [ -86.337031, 38.187213 ], [ -86.337411, 38.187602 ], [ -86.33764, 38.18787 ], [ -86.33787, 38.188068 ], [ -86.338299, 38.188381 ], [ -86.340081, 38.190013 ], [ -86.341308, 38.190935 ], [ -86.342293, 38.191627 ], [ -86.342443, 38.191733 ], [ -86.344322, 38.193061 ], [ -86.345181, 38.193527 ], [ -86.345932, 38.194099 ], [ -86.34655, 38.194571 ], [ -86.347186, 38.194966 ], [ -86.347401, 38.195112 ], [ -86.348098, 38.195472 ], [ -86.348553, 38.195685 ], [ -86.350038, 38.196272 ], [ -86.351722, 38.196881 ], [ -86.352756, 38.197332 ], [ -86.3533, 38.197508 ], [ -86.353564, 38.197574 ], [ -86.354979, 38.198073 ], [ -86.355529, 38.198292 ], [ -86.356153, 38.198496 ], [ -86.35715, 38.198726 ], [ -86.357717, 38.198807 ], [ -86.358013, 38.198813 ], [ -86.359772, 38.19884 ], [ -86.361706, 38.198698 ], [ -86.362157, 38.198623 ], [ -86.362668, 38.198575 ], [ -86.363453, 38.198476 ], [ -86.364124, 38.198355 ], [ -86.365831, 38.197887 ], [ -86.36656, 38.197603 ], [ -86.367172, 38.197365 ], [ -86.36841, 38.196851 ], [ -86.370952, 38.195575 ], [ -86.371026, 38.19553 ], [ -86.372065, 38.194956 ], [ -86.372271, 38.194824 ], [ -86.373033, 38.194241 ], [ -86.373182, 38.194098 ], [ -86.373243, 38.19397 ], [ -86.373818, 38.193333 ], [ -86.373946, 38.193198 ], [ -86.374471, 38.192674 ], [ -86.374918, 38.192229 ], [ -86.374996, 38.192164 ], [ -86.375016, 38.192147 ], [ -86.375142, 38.191921 ], [ -86.375302, 38.191734 ], [ -86.375707, 38.191125 ], [ -86.375738, 38.191078 ], [ -86.376013, 38.190663 ], [ -86.376712, 38.189394 ], [ -86.377101, 38.188559 ], [ -86.377256, 38.188302 ], [ -86.377525, 38.187521 ], [ -86.377611, 38.187225 ], [ -86.377709, 38.186385 ], [ -86.377726, 38.186316 ], [ -86.377737, 38.18619 ], [ -86.377812, 38.185826 ], [ -86.377886, 38.185552 ], [ -86.377898, 38.185475 ], [ -86.377898, 38.185362 ], [ -86.377989, 38.185002 ], [ -86.378001, 38.18492 ], [ -86.378041, 38.184559 ], [ -86.378121, 38.184393 ], [ -86.378161, 38.184287 ], [ -86.378196, 38.184096 ], [ -86.378201, 38.184034 ], [ -86.37827, 38.18376 ], [ -86.378339, 38.183315 ], [ -86.378356, 38.183068 ], [ -86.378367, 38.182872 ], [ -86.378385, 38.18262 ], [ -86.378396, 38.182519 ], [ -86.378402, 38.182106 ], [ -86.378402, 38.181913 ], [ -86.378471, 38.181599 ], [ -86.378476, 38.181434 ], [ -86.378465, 38.1812 ], [ -86.378453, 38.181043 ], [ -86.378413, 38.1809 ], [ -86.37839, 38.180522 ], [ -86.378493, 38.180221 ], [ -86.378476, 38.179979 ], [ -86.378327, 38.179078 ], [ -86.378299, 38.178572 ], [ -86.378367, 38.177743 ], [ -86.378201, 38.177578 ], [ -86.378178, 38.177373 ], [ -86.378184, 38.177119 ], [ -86.378144, 38.176601 ], [ -86.378104, 38.176145 ], [ -86.378087, 38.176064 ], [ -86.378052, 38.175649 ], [ -86.378029, 38.175504 ], [ -86.378012, 38.17525 ], [ -86.377978, 38.174985 ], [ -86.377926, 38.174445 ], [ -86.377903, 38.174318 ], [ -86.37784, 38.173809 ], [ -86.377955, 38.173419 ], [ -86.377915, 38.173172 ], [ -86.377462, 38.171726 ], [ -86.377061, 38.17055 ], [ -86.376728, 38.169743 ], [ -86.376511, 38.169397 ], [ -86.375663, 38.168297 ], [ -86.375004, 38.167493 ], [ -86.374949, 38.167562 ], [ -86.3747, 38.167166 ], [ -86.374657, 38.167104 ], [ -86.374533, 38.166925 ], [ -86.374391, 38.166721 ], [ -86.374173, 38.166463 ], [ -86.373337, 38.165666 ], [ -86.372331, 38.164606 ], [ -86.37119, 38.163789 ], [ -86.368986, 38.162686 ], [ -86.366722, 38.161794 ], [ -86.365342, 38.161367 ], [ -86.363139, 38.160861 ], [ -86.362513, 38.160749 ], [ -86.362192, 38.160746 ], [ -86.361889, 38.160743 ], [ -86.361453, 38.160727 ], [ -86.361126, 38.160673 ], [ -86.360869, 38.160627 ], [ -86.360576, 38.160589 ], [ -86.359734, 38.160444 ], [ -86.359619, 38.160428 ], [ -86.359047, 38.160365 ], [ -86.358772, 38.160321 ], [ -86.358187, 38.160247 ], [ -86.357442, 38.1601 ], [ -86.356841, 38.160015 ], [ -86.356628, 38.159976 ], [ -86.356056, 38.159912 ], [ -86.355878, 38.159879 ], [ -86.355729, 38.159866 ], [ -86.355443, 38.15983 ], [ -86.355242, 38.159795 ], [ -86.354755, 38.159746 ], [ -86.353523, 38.159631 ], [ -86.353208, 38.1596 ], [ -86.35307, 38.159595 ], [ -86.352262, 38.159518 ], [ -86.351913, 38.159497 ], [ -86.351386, 38.159475 ], [ -86.35075, 38.159412 ], [ -86.349988, 38.159415 ], [ -86.349833, 38.159412 ], [ -86.349014, 38.15937 ], [ -86.348573, 38.159363 ], [ -86.348378, 38.15935 ], [ -86.347879, 38.159295 ], [ -86.347249, 38.159261 ], [ -86.347043, 38.159264 ], [ -86.346384, 38.159203 ], [ -86.346189, 38.159192 ], [ -86.345364, 38.159123 ], [ -86.344653, 38.159076 ], [ -86.344573, 38.159071 ], [ -86.344258, 38.159024 ], [ -86.344012, 38.158996 ], [ -86.343169, 38.158866 ], [ -86.342665, 38.15877 ], [ -86.342459, 38.158742 ], [ -86.341806, 38.158614 ], [ -86.341468, 38.158533 ], [ -86.341369, 38.158513 ], [ -86.340843, 38.158409 ], [ -86.340654, 38.158376 ], [ -86.340402, 38.158316 ], [ -86.34007, 38.158262 ], [ -86.339141, 38.15809 ], [ -86.338265, 38.157902 ], [ -86.338076, 38.157857 ], [ -86.337715, 38.157748 ], [ -86.337354, 38.157658 ], [ -86.336815, 38.157539 ], [ -86.336626, 38.157472 ], [ -86.336064, 38.15735 ], [ -86.335171, 38.157116 ], [ -86.334987, 38.157073 ], [ -86.334861, 38.157034 ], [ -86.334718, 38.156974 ], [ -86.334615, 38.156953 ], [ -86.334454, 38.156943 ], [ -86.333589, 38.156727 ], [ -86.333389, 38.156684 ], [ -86.332919, 38.156559 ], [ -86.332632, 38.156465 ], [ -86.332541, 38.15646 ], [ -86.332403, 38.156442 ], [ -86.332134, 38.156346 ], [ -86.331974, 38.156297 ], [ -86.331876, 38.156277 ], [ -86.33171, 38.156261 ], [ -86.331406, 38.156221 ], [ -86.331274, 38.156182 ], [ -86.330994, 38.156077 ], [ -86.330736, 38.155969 ], [ -86.330524, 38.155891 ], [ -86.330409, 38.155844 ], [ -86.330192, 38.155781 ], [ -86.330031, 38.155727 ], [ -86.329447, 38.155463 ], [ -86.32928, 38.155397 ], [ -86.328954, 38.155181 ], [ -86.328835, 38.154964 ], [ -86.328022, 38.154784 ], [ -86.327751, 38.154728 ], [ -86.326908, 38.154447 ], [ -86.326174, 38.154134 ], [ -86.325874, 38.154029 ], [ -86.325097, 38.153327 ], [ -86.324685, 38.152869 ], [ -86.323933, 38.152374 ], [ -86.323708, 38.152092 ], [ -86.323631, 38.152014 ], [ -86.322892, 38.15119 ], [ -86.322582, 38.150602 ], [ -86.322365, 38.150251 ], [ -86.32186, 38.149102 ], [ -86.32154, 38.148344 ], [ -86.321293, 38.147581 ], [ -86.321261, 38.147376 ], [ -86.32124, 38.147311 ], [ -86.321191, 38.147005 ], [ -86.321194, 38.146965 ], [ -86.321133, 38.146586 ], [ -86.321299, 38.146251 ], [ -86.321444, 38.146067 ], [ -86.321597, 38.145763 ], [ -86.321714, 38.145169 ], [ -86.321926, 38.144098 ], [ -86.321959, 38.143404 ], [ -86.322245, 38.142315 ], [ -86.322844, 38.140859 ], [ -86.323417, 38.139672 ], [ -86.323502, 38.139424 ], [ -86.323619, 38.139191 ], [ -86.323723, 38.138938 ], [ -86.323889, 38.138312 ], [ -86.324144, 38.137904 ], [ -86.324353, 38.137675 ], [ -86.324645, 38.137202 ], [ -86.32512, 38.136339 ], [ -86.325504, 38.135883 ], [ -86.325551, 38.135809 ], [ -86.326239, 38.135004 ], [ -86.326708, 38.134378 ], [ -86.32724, 38.133779 ], [ -86.327578, 38.133428 ], [ -86.328425, 38.132675 ], [ -86.3294, 38.131818 ], [ -86.32979, 38.131427 ], [ -86.330547, 38.130878 ], [ -86.331843, 38.130095 ], [ -86.332099, 38.129929 ], [ -86.332169, 38.129898 ], [ -86.33234, 38.129795 ], [ -86.332817, 38.129566 ], [ -86.334139, 38.128993 ], [ -86.334488, 38.128877 ], [ -86.334769, 38.128756 ], [ -86.335222, 38.128591 ], [ -86.33615, 38.128343 ], [ -86.338058, 38.127986 ], [ -86.338671, 38.127882 ], [ -86.340556, 38.127737 ], [ -86.342256, 38.12767 ], [ -86.343455, 38.127556 ], [ -86.343662, 38.127523 ], [ -86.344309, 38.127479 ], [ -86.345438, 38.127517 ], [ -86.346022, 38.127572 ], [ -86.34671, 38.12766 ], [ -86.347392, 38.127654 ], [ -86.347904, 38.127665 ], [ -86.348239, 38.127654 ], [ -86.350416, 38.127936 ], [ -86.352398, 38.128407 ], [ -86.353751, 38.128577 ], [ -86.354578, 38.128763 ], [ -86.35523, 38.128959 ], [ -86.355431, 38.129003 ], [ -86.355815, 38.129041 ], [ -86.356605, 38.129194 ], [ -86.357522, 38.129345 ], [ -86.358636, 38.129419 ], [ -86.359965, 38.12934 ], [ -86.364583, 38.13005 ], [ -86.365792, 38.13016 ], [ -86.36799, 38.130195 ], [ -86.36961, 38.130397 ], [ -86.370891, 38.130413 ], [ -86.372025, 38.130257 ], [ -86.37332, 38.130358 ], [ -86.374454, 38.130509 ], [ -86.375083, 38.130638 ], [ -86.375953, 38.130539 ], [ -86.37687, 38.130193 ], [ -86.379571, 38.1294 ], [ -86.37965, 38.129371 ], [ -86.380097, 38.129254 ], [ -86.380613, 38.129078 ], [ -86.380768, 38.129018 ], [ -86.380964, 38.128895 ], [ -86.381031, 38.128853 ], [ -86.382819, 38.127831 ], [ -86.38318, 38.127585 ], [ -86.383982, 38.127091 ], [ -86.384538, 38.126711 ], [ -86.385374, 38.126113 ], [ -86.386021, 38.125586 ], [ -86.386692, 38.125066 ], [ -86.386749, 38.125049 ], [ -86.386808, 38.125012 ], [ -86.387293, 38.124703 ], [ -86.387322, 38.124432 ], [ -86.38746, 38.124318 ], [ -86.387655, 38.124098 ], [ -86.387815, 38.123865 ], [ -86.387855, 38.123799 ], [ -86.387907, 38.12373 ], [ -86.38805, 38.123578 ], [ -86.388205, 38.123351 ], [ -86.38825, 38.123342 ], [ -86.388273, 38.123331 ], [ -86.388319, 38.123319 ], [ -86.388514, 38.123061 ], [ -86.388915, 38.122644 ], [ -86.389191, 38.122382 ], [ -86.389316, 38.122292 ], [ -86.38935, 38.122103 ], [ -86.389442, 38.121732 ], [ -86.389568, 38.121562 ], [ -86.38966, 38.121402 ], [ -86.3897, 38.121288 ], [ -86.389734, 38.121186 ], [ -86.389757, 38.121125 ], [ -86.38986, 38.120987 ], [ -86.390015, 38.120781 ], [ -86.390187, 38.120494 ], [ -86.39029, 38.120323 ], [ -86.390376, 38.120142 ], [ -86.390428, 38.120038 ], [ -86.390559, 38.119868 ], [ -86.390577, 38.119837 ], [ -86.390582, 38.119789 ], [ -86.390576, 38.119754 ], [ -86.390582, 38.119672 ], [ -86.390611, 38.119555 ], [ -86.390731, 38.119377 ], [ -86.390892, 38.119273 ], [ -86.390983, 38.119229 ], [ -86.391029, 38.119168 ], [ -86.391052, 38.119123 ], [ -86.391058, 38.119059 ], [ -86.391058, 38.118957 ], [ -86.391069, 38.118874 ], [ -86.39115, 38.118725 ], [ -86.391218, 38.118494 ], [ -86.391247, 38.118426 ], [ -86.391298, 38.118234 ], [ -86.391333, 38.118011 ], [ -86.391597, 38.117956 ], [ -86.391631, 38.117947 ], [ -86.391791, 38.117519 ], [ -86.392112, 38.116244 ], [ -86.392355, 38.115351 ], [ -86.392552, 38.114665 ], [ -86.392933, 38.113725 ], [ -86.393358, 38.111816 ], [ -86.393595, 38.111069 ], [ -86.394396, 38.109645 ], [ -86.394851, 38.108918 ], [ -86.394937, 38.108806 ], [ -86.395025, 38.108707 ], [ -86.395361, 38.108329 ], [ -86.395581, 38.108041 ], [ -86.396463, 38.106891 ], [ -86.397492, 38.106042 ], [ -86.398673, 38.105331 ], [ -86.39886, 38.10526 ], [ -86.398999, 38.105182 ], [ -86.39948, 38.104957 ], [ -86.400695, 38.104578 ], [ -86.401446, 38.104408 ], [ -86.40166, 38.104383 ], [ -86.401879, 38.104329 ], [ -86.402673, 38.104445 ], [ -86.403618, 38.104636 ], [ -86.403686, 38.10465 ], [ -86.403967, 38.104766 ], [ -86.404568, 38.105178 ], [ -86.40513, 38.10564 ], [ -86.406033, 38.106576 ], [ -86.406504, 38.107072 ], [ -86.407164, 38.107821 ], [ -86.407542, 38.108217 ], [ -86.407622, 38.108317 ], [ -86.407875, 38.108609 ], [ -86.408138, 38.108795 ], [ -86.408154, 38.108808 ], [ -86.40818, 38.108836 ], [ -86.408207, 38.108875 ], [ -86.40823, 38.108928 ], [ -86.408253, 38.108991 ], [ -86.408327, 38.109113 ], [ -86.408866, 38.109645 ], [ -86.409032, 38.109789 ], [ -86.40933, 38.110064 ], [ -86.410132, 38.110876 ], [ -86.410327, 38.111052 ], [ -86.410436, 38.111164 ], [ -86.410631, 38.111317 ], [ -86.410774, 38.111393 ], [ -86.411248, 38.111795 ], [ -86.411708, 38.112186 ], [ -86.412304, 38.112718 ], [ -86.412309, 38.11282 ], [ -86.412504, 38.11295 ], [ -86.4131, 38.113336 ], [ -86.413329, 38.113542 ], [ -86.413427, 38.113603 ], [ -86.413524, 38.113645 ], [ -86.413673, 38.113726 ], [ -86.414057, 38.114044 ], [ -86.414326, 38.114232 ], [ -86.414813, 38.114621 ], [ -86.414995, 38.114819 ], [ -86.416558, 38.116079 ], [ -86.416598, 38.116114 ], [ -86.416968, 38.116372 ], [ -86.417059, 38.11646 ], [ -86.417088, 38.116543 ], [ -86.417062, 38.116636 ], [ -86.416993, 38.116741 ], [ -86.41718, 38.116779 ], [ -86.418159, 38.117004 ], [ -86.418366, 38.117092 ], [ -86.418767, 38.117339 ], [ -86.419443, 38.117845 ], [ -86.420537, 38.118757 ], [ -86.420572, 38.11876 ], [ -86.420881, 38.118927 ], [ -86.421019, 38.119039 ], [ -86.421162, 38.119181 ], [ -86.421506, 38.119411 ], [ -86.421626, 38.119525 ], [ -86.421649, 38.11956 ], [ -86.421654, 38.119624 ], [ -86.421649, 38.119639 ], [ -86.421666, 38.119667 ], [ -86.421706, 38.119695 ], [ -86.421861, 38.119746 ], [ -86.42205, 38.11984 ], [ -86.422623, 38.120364 ], [ -86.42272, 38.120436 ], [ -86.422795, 38.120485 ], [ -86.423098, 38.120744 ], [ -86.42327, 38.120919 ], [ -86.423517, 38.121136 ], [ -86.423591, 38.121183 ], [ -86.423798, 38.121298 ], [ -86.423923, 38.12138 ], [ -86.424319, 38.121728 ], [ -86.424531, 38.121845 ], [ -86.425127, 38.122204 ], [ -86.425471, 38.12243 ], [ -86.425591, 38.12252 ], [ -86.425729, 38.122592 ], [ -86.42598, 38.122753 ], [ -86.426101, 38.122836 ], [ -86.426193, 38.122923 ], [ -86.426514, 38.123152 ], [ -86.426599, 38.123218 ], [ -86.426949, 38.123447 ], [ -86.427264, 38.123634 ], [ -86.427356, 38.123707 ], [ -86.427465, 38.123756 ], [ -86.427631, 38.123844 ], [ -86.427762, 38.12395 ], [ -86.428095, 38.124164 ], [ -86.428421, 38.124302 ], [ -86.428536, 38.124368 ], [ -86.429046, 38.124628 ], [ -86.429252, 38.124751 ], [ -86.429739, 38.124992 ], [ -86.429917, 38.125062 ], [ -86.429951, 38.125118 ], [ -86.430152, 38.125222 ], [ -86.430238, 38.125278 ], [ -86.430318, 38.125287 ], [ -86.430581, 38.125355 ], [ -86.430702, 38.125402 ], [ -86.430965, 38.125479 ], [ -86.431, 38.125518 ], [ -86.431014, 38.125851 ], [ -86.431425, 38.126 ], [ -86.432344, 38.126336 ], [ -86.432738, 38.126429 ], [ -86.43485, 38.126728 ], [ -86.435034, 38.126733 ], [ -86.435274, 38.126735 ], [ -86.435406, 38.126762 ], [ -86.435692, 38.12679 ], [ -86.435836, 38.126809 ], [ -86.436002, 38.126847 ], [ -86.436128, 38.126884 ], [ -86.436208, 38.126907 ], [ -86.436552, 38.126928 ], [ -86.436861, 38.126963 ], [ -86.43697, 38.126961 ], [ -86.437102, 38.126969 ], [ -86.43744, 38.127045 ], [ -86.437549, 38.127055 ], [ -86.437606, 38.12705 ], [ -86.437692, 38.127053 ], [ -86.437956, 38.127103 ], [ -86.438323, 38.127124 ], [ -86.438603, 38.12715 ], [ -86.438947, 38.127215 ], [ -86.439102, 38.12725 ], [ -86.439256, 38.127272 ], [ -86.43964, 38.127365 ], [ -86.440134, 38.127456 ], [ -86.440739, 38.127517 ], [ -86.440821, 38.127518 ], [ -86.440895, 38.127519 ], [ -86.441102, 38.127524 ], [ -86.442792, 38.127689 ], [ -86.444195, 38.127711 ], [ -86.444549, 38.127702 ], [ -86.445548, 38.127673 ], [ -86.44686, 38.127563 ], [ -86.447381, 38.127529 ], [ -86.448991, 38.127321 ], [ -86.450258, 38.127068 ], [ -86.451415, 38.126766 ], [ -86.45222, 38.126491 ], [ -86.454, 38.125825 ], [ -86.455742, 38.125031 ], [ -86.455793, 38.124994 ], [ -86.457749, 38.123553 ], [ -86.45904, 38.122387 ], [ -86.459955, 38.121761 ], [ -86.460504, 38.121418 ], [ -86.460926, 38.121173 ], [ -86.461023, 38.121097 ], [ -86.461241, 38.120926 ], [ -86.461511, 38.120662 ], [ -86.461531, 38.120639 ], [ -86.461894, 38.120228 ], [ -86.463012, 38.118958 ], [ -86.463333, 38.118684 ], [ -86.463642, 38.11847 ], [ -86.46386, 38.118255 ], [ -86.464181, 38.117887 ], [ -86.46441, 38.117662 ], [ -86.464476, 38.117573 ], [ -86.46468, 38.117375 ], [ -86.465129, 38.116436 ], [ -86.465673, 38.115297 ], [ -86.466043, 38.11426 ], [ -86.466226, 38.113837 ], [ -86.466352, 38.113474 ], [ -86.466484, 38.11276 ], [ -86.466564, 38.112058 ], [ -86.466595, 38.110818 ], [ -86.466464, 38.109164 ], [ -86.465777, 38.10556 ], [ -86.465503, 38.104306 ], [ -86.464682, 38.102508 ], [ -86.464616, 38.102434 ], [ -86.464593, 38.102388 ], [ -86.464341, 38.102064 ], [ -86.464158, 38.101888 ], [ -86.463688, 38.101556 ], [ -86.463479, 38.101326 ], [ -86.463458, 38.101261 ], [ -86.463395, 38.10118 ], [ -86.463224, 38.100745 ], [ -86.463166, 38.100246 ], [ -86.463097, 38.099938 ], [ -86.463047, 38.099822 ], [ -86.462816, 38.099431 ], [ -86.46093, 38.097458 ], [ -86.458833, 38.096006 ], [ -86.458536, 38.095758 ], [ -86.457786, 38.095231 ], [ -86.457408, 38.095016 ], [ -86.457012, 38.094819 ], [ -86.455374, 38.094154 ], [ -86.454955, 38.093929 ], [ -86.454039, 38.093369 ], [ -86.453334, 38.093105 ], [ -86.452929, 38.093002 ], [ -86.452096, 38.092764 ], [ -86.451598, 38.092611 ], [ -86.450406, 38.09215 ], [ -86.449764, 38.091935 ], [ -86.449415, 38.091858 ], [ -86.449186, 38.091858 ], [ -86.448855, 38.091934 ], [ -86.448346, 38.091984 ], [ -86.447157, 38.091694 ], [ -86.44577, 38.091183 ], [ -86.44565, 38.091156 ], [ -86.445236, 38.09116 ], [ -86.445045, 38.091138 ], [ -86.442351, 38.090116 ], [ -86.442105, 38.090044 ], [ -86.441812, 38.090034 ], [ -86.441737, 38.090032 ], [ -86.441691, 38.090002 ], [ -86.441605, 38.089938 ], [ -86.441508, 38.089948 ], [ -86.44141, 38.089938 ], [ -86.441072, 38.089811 ], [ -86.440505, 38.089582 ], [ -86.440129, 38.089422 ], [ -86.438429, 38.088822 ], [ -86.435362, 38.087316 ], [ -86.434011, 38.086413 ], [ -86.433252, 38.085765 ], [ -86.432856, 38.085365 ], [ -86.43233, 38.084802 ], [ -86.431551, 38.083736 ], [ -86.431031, 38.082678 ], [ -86.430689, 38.081841 ], [ -86.430259, 38.080032 ], [ -86.430232, 38.079106 ], [ -86.430482, 38.076197 ], [ -86.430518, 38.075563 ], [ -86.430575, 38.075283 ], [ -86.43107, 38.07362 ], [ -86.431305, 38.072747 ], [ -86.431526, 38.071805 ], [ -86.431647, 38.07141 ], [ -86.431818, 38.07063 ], [ -86.4325, 38.068427 ], [ -86.432536, 38.068349 ], [ -86.432628, 38.068147 ], [ -86.432641, 38.068105 ], [ -86.433045, 38.06735 ], [ -86.433423, 38.066642 ], [ -86.433923, 38.065705 ], [ -86.434264, 38.065265 ], [ -86.434483, 38.064938 ], [ -86.435096, 38.064108 ], [ -86.435507, 38.063611 ], [ -86.435703, 38.063366 ], [ -86.436093, 38.062911 ], [ -86.436918, 38.06207 ], [ -86.43729, 38.061718 ], [ -86.438379, 38.060619 ], [ -86.43937, 38.059757 ], [ -86.441398, 38.058175 ], [ -86.442344, 38.057471 ], [ -86.443404, 38.056609 ], [ -86.444372, 38.055768 ], [ -86.446418, 38.054273 ], [ -86.447898, 38.053171 ], [ -86.449737, 38.052107 ], [ -86.451809, 38.051013 ], [ -86.453903, 38.050081 ], [ -86.456662, 38.049089 ], [ -86.456793, 38.049031 ], [ -86.458705, 38.048472 ], [ -86.458963, 38.0484 ], [ -86.459773, 38.048129 ], [ -86.460141, 38.048073 ], [ -86.462085, 38.047532 ], [ -86.462599, 38.047435 ], [ -86.463526, 38.047252 ], [ -86.463577, 38.04724 ], [ -86.46422, 38.047089 ], [ -86.465623, 38.046853 ], [ -86.466454, 38.046743 ], [ -86.466998, 38.046638 ], [ -86.470018, 38.046335 ], [ -86.470822, 38.046304 ], [ -86.47367, 38.046038 ], [ -86.473745, 38.046034 ], [ -86.476682, 38.045822 ], [ -86.478481, 38.04569 ], [ -86.478559, 38.045677 ], [ -86.478773, 38.045615 ], [ -86.479127, 38.045598 ], [ -86.479654, 38.045569 ], [ -86.479932, 38.045552 ], [ -86.480135, 38.04554 ], [ -86.48058, 38.045551 ], [ -86.480955, 38.045543 ], [ -86.481317, 38.045509 ], [ -86.481602, 38.045501 ], [ -86.481817, 38.045484 ], [ -86.481988, 38.045478 ], [ -86.4826, 38.045429 ], [ -86.484273, 38.045506 ], [ -86.485248, 38.045616 ], [ -86.485586, 38.045687 ], [ -86.486313, 38.045764 ], [ -86.490641, 38.045745 ], [ -86.490708, 38.045745 ], [ -86.490869, 38.045747 ], [ -86.49125, 38.045752 ], [ -86.491716, 38.045771 ], [ -86.492398, 38.045755 ], [ -86.4931, 38.045767 ], [ -86.493718, 38.045801 ], [ -86.494594, 38.045841 ], [ -86.495115, 38.045866 ], [ -86.49604, 38.045874 ], [ -86.496639, 38.045884 ], [ -86.497027, 38.045883 ], [ -86.498306, 38.04587 ], [ -86.498716, 38.045882 ], [ -86.499133, 38.045865 ], [ -86.499489, 38.045871 ], [ -86.499982, 38.04581 ], [ -86.501392, 38.045701 ], [ -86.502655, 38.045642 ], [ -86.504889, 38.045483 ], [ -86.507041, 38.045263 ], [ -86.507084, 38.045259 ], [ -86.507513, 38.04521 ], [ -86.50882, 38.045046 ], [ -86.509479, 38.044925 ], [ -86.509764, 38.044863 ], [ -86.510086, 38.044816 ], [ -86.513233, 38.044054 ], [ -86.514584, 38.043603 ], [ -86.515907, 38.043098 ], [ -86.51734, 38.042478 ], [ -86.519047, 38.041583 ], [ -86.52009, 38.04093 ], [ -86.520852, 38.040336 ], [ -86.521242, 38.040067 ], [ -86.521712, 38.039617 ], [ -86.52201, 38.039002 ], [ -86.522142, 38.038441 ], [ -86.522113, 38.037974 ], [ -86.522164, 38.037777 ], [ -86.522422, 38.037084 ], [ -86.52288, 38.035689 ], [ -86.523184, 38.03459 ], [ -86.523385, 38.033948 ], [ -86.523591, 38.033502 ], [ -86.523918, 38.032866 ], [ -86.524112, 38.032448 ], [ -86.524405, 38.031492 ], [ -86.524869, 38.029745 ], [ -86.524978, 38.029251 ], [ -86.525074, 38.028941 ], [ -86.525138, 38.028734 ], [ -86.525171, 38.028491 ], [ -86.525173, 38.028288 ], [ -86.525172, 38.028075 ], [ -86.525069, 38.026707 ], [ -86.525138, 38.023547 ], [ -86.525052, 38.022779 ], [ -86.524662, 38.020965 ], [ -86.524662, 38.020756 ], [ -86.524507, 38.019537 ], [ -86.524382, 38.018608 ], [ -86.52433, 38.018108 ], [ -86.524353, 38.01713 ], [ -86.524414, 38.016377 ], [ -86.524545, 38.014772 ], [ -86.524582, 38.014317 ], [ -86.524663, 38.013894 ], [ -86.524886, 38.012729 ], [ -86.525029, 38.01207 ], [ -86.525401, 38.01007 ], [ -86.525613, 38.008488 ], [ -86.525686, 38.007543 ], [ -86.525842, 38.006741 ], [ -86.525883, 38.006593 ], [ -86.52602, 38.004538 ], [ -86.525917, 38.001582 ], [ -86.525882, 38.001109 ], [ -86.525856, 38.000521 ], [ -86.525845, 37.999644 ], [ -86.525842, 37.999381 ], [ -86.525854, 37.998664 ], [ -86.525865, 37.996676 ], [ -86.525865, 37.996016 ], [ -86.525831, 37.995159 ], [ -86.525791, 37.992742 ], [ -86.525676, 37.99206 ], [ -86.525682, 37.991985 ], [ -86.525665, 37.991879 ], [ -86.525619, 37.991407 ], [ -86.525607, 37.99123 ], [ -86.525596, 37.99089 ], [ -86.525579, 37.990629 ], [ -86.525516, 37.99025 ], [ -86.525487, 37.990236 ], [ -86.525464, 37.990218 ], [ -86.525424, 37.990194 ], [ -86.525407, 37.99018 ], [ -86.525372, 37.989571 ], [ -86.525364, 37.989236 ], [ -86.524782, 37.9869 ], [ -86.524778, 37.986503 ], [ -86.525085, 37.985089 ], [ -86.52521, 37.984112 ], [ -86.525173, 37.9828 ], [ -86.52502, 37.98211 ], [ -86.524989, 37.981346 ], [ -86.525034, 37.978758 ], [ -86.52504, 37.978472 ], [ -86.525006, 37.977675 ], [ -86.524977, 37.975093 ], [ -86.52496, 37.974511 ], [ -86.524954, 37.973945 ], [ -86.525029, 37.972247 ], [ -86.52488, 37.972116 ], [ -86.524874, 37.971997 ], [ -86.524886, 37.971612 ], [ -86.52492, 37.971329 ], [ -86.524943, 37.971122 ], [ -86.524994, 37.970812 ], [ -86.525, 37.970704 ], [ -86.524949, 37.970148 ], [ -86.524897, 37.970034 ], [ -86.525109, 37.969978 ], [ -86.525102, 37.969037 ], [ -86.5251, 37.968863 ], [ -86.525104, 37.968701 ], [ -86.525126, 37.968 ], [ -86.524937, 37.966495 ], [ -86.52449, 37.964549 ], [ -86.524152, 37.963236 ], [ -86.523717, 37.961945 ], [ -86.522983, 37.960247 ], [ -86.52272, 37.959642 ], [ -86.522467, 37.958769 ], [ -86.522399, 37.958527 ], [ -86.521935, 37.957444 ], [ -86.521774, 37.957043 ], [ -86.521589, 37.956723 ], [ -86.521304, 37.956016 ], [ -86.521104, 37.9556 ], [ -86.520926, 37.955259 ], [ -86.52081, 37.955091 ], [ -86.520777, 37.955017 ], [ -86.520529, 37.954598 ], [ -86.520508, 37.954442 ], [ -86.520468, 37.954312 ], [ -86.520176, 37.953828 ], [ -86.519563, 37.952911 ], [ -86.519316, 37.95257 ], [ -86.518755, 37.951965 ], [ -86.518445, 37.951707 ], [ -86.518256, 37.951503 ], [ -86.517884, 37.951179 ], [ -86.517299, 37.950563 ], [ -86.51589, 37.949596 ], [ -86.515083, 37.949087 ], [ -86.514434, 37.948642 ], [ -86.513088, 37.947527 ], [ -86.512908, 37.947299 ], [ -86.512303, 37.946639 ], [ -86.511971, 37.946161 ], [ -86.511155, 37.945145 ], [ -86.51051, 37.944341 ], [ -86.510108, 37.943753 ], [ -86.509926, 37.943429 ], [ -86.509831, 37.943296 ], [ -86.509761, 37.943132 ], [ -86.509742, 37.943099 ], [ -86.509318, 37.942297 ], [ -86.509129, 37.941824 ], [ -86.508825, 37.941033 ], [ -86.508647, 37.94067 ], [ -86.508223, 37.939709 ], [ -86.507605, 37.938032 ], [ -86.507364, 37.937334 ], [ -86.507072, 37.936373 ], [ -86.507026, 37.935692 ], [ -86.50702, 37.934604 ], [ -86.507112, 37.933307 ], [ -86.507158, 37.933049 ], [ -86.507129, 37.932713 ], [ -86.506745, 37.931559 ], [ -86.506671, 37.931048 ], [ -86.506694, 37.930736 ], [ -86.506747, 37.930607 ], [ -86.506753, 37.930565 ], [ -86.506807, 37.930461 ], [ -86.506911, 37.930208 ], [ -86.507341, 37.929505 ], [ -86.507691, 37.929038 ], [ -86.50918, 37.927506 ], [ -86.509622, 37.927121 ], [ -86.510246, 37.92666 ], [ -86.512126, 37.925589 ], [ -86.512372, 37.925441 ], [ -86.512876, 37.925216 ], [ -86.513546, 37.924958 ], [ -86.514155, 37.924687 ], [ -86.516777, 37.923346 ], [ -86.517129, 37.923193 ], [ -86.517466, 37.923031 ], [ -86.519477, 37.922131 ], [ -86.519935, 37.921938 ], [ -86.520181, 37.921861 ], [ -86.52084, 37.921609 ], [ -86.522302, 37.92106 ], [ -86.522743, 37.920862 ], [ -86.52334, 37.92057 ], [ -86.523527, 37.920499 ], [ -86.524376, 37.9201 ], [ -86.526165, 37.919479 ], [ -86.526693, 37.919296 ], [ -86.526937, 37.919211 ], [ -86.526971, 37.919199 ], [ -86.527039, 37.919175 ], [ -86.52818, 37.918741 ], [ -86.531347, 37.917789 ], [ -86.531655, 37.917715 ], [ -86.533331, 37.91725 ], [ -86.533509, 37.917228 ], [ -86.533836, 37.917151 ], [ -86.534626, 37.917075 ], [ -86.535182, 37.917091 ], [ -86.535663, 37.917075 ], [ -86.536724, 37.916938 ], [ -86.537188, 37.916933 ], [ -86.537692, 37.916905 ], [ -86.540671, 37.916961 ], [ -86.541281, 37.917004 ], [ -86.541991, 37.917034 ], [ -86.544874, 37.917428 ], [ -86.54804, 37.917824 ], [ -86.548154, 37.91783 ], [ -86.549252, 37.918119 ], [ -86.54937, 37.918144 ], [ -86.5525, 37.919192 ], [ -86.553692, 37.919527 ], [ -86.554194, 37.919616 ], [ -86.555752, 37.919797 ], [ -86.55687, 37.920006 ], [ -86.558967, 37.920517 ], [ -86.561138, 37.921055 ], [ -86.563866, 37.921703 ], [ -86.56437, 37.921819 ], [ -86.56547, 37.922 ], [ -86.566037, 37.922121 ], [ -86.566364, 37.92217 ], [ -86.566673, 37.922236 ], [ -86.567017, 37.922236 ], [ -86.567676, 37.922154 ], [ -86.567769, 37.922159 ], [ -86.567815, 37.922151 ], [ -86.56858, 37.922203 ], [ -86.569418, 37.922203 ], [ -86.570398, 37.922016 ], [ -86.571188, 37.921939 ], [ -86.571617, 37.921926 ], [ -86.572569, 37.92197 ], [ -86.572853, 37.922007 ], [ -86.572901, 37.922011 ], [ -86.573595, 37.922065 ], [ -86.578322, 37.92273 ], [ -86.578734, 37.922856 ], [ -86.579204, 37.923109 ], [ -86.579416, 37.923175 ], [ -86.579766, 37.923196 ], [ -86.579875, 37.922435 ], [ -86.580058, 37.922451 ], [ -86.580283, 37.922453 ], [ -86.58043, 37.922454 ], [ -86.580682, 37.922468 ], [ -86.581588, 37.922469 ], [ -86.582012, 37.92245 ], [ -86.58255, 37.922399 ], [ -86.583255, 37.922372 ], [ -86.584344, 37.922231 ], [ -86.584957, 37.922148 ], [ -86.585089, 37.922182 ], [ -86.585398, 37.922206 ], [ -86.585553, 37.922498 ], [ -86.585988, 37.922454 ], [ -86.586481, 37.922267 ], [ -86.5882, 37.921409 ], [ -86.588687, 37.92109 ], [ -86.589781, 37.920156 ], [ -86.590062, 37.919892 ], [ -86.590658, 37.919436 ], [ -86.590985, 37.919233 ], [ -86.591707, 37.918628 ], [ -86.593384, 37.917086 ], [ -86.594205, 37.916331 ], [ -86.59444, 37.9161 ], [ -86.59468, 37.915896 ], [ -86.595747, 37.914821 ], [ -86.597226, 37.912922 ], [ -86.598443, 37.911002 ], [ -86.598502, 37.910873 ], [ -86.598983, 37.909236 ], [ -86.599069, 37.908844 ], [ -86.59962, 37.907418 ], [ -86.599871, 37.906306 ], [ -86.600126, 37.905171 ], [ -86.600173, 37.9044 ], [ -86.600022, 37.901779 ], [ -86.600009, 37.900214 ], [ -86.599825, 37.89912 ], [ -86.599574, 37.896212 ], [ -86.599467, 37.894961 ], [ -86.599239, 37.892946 ], [ -86.598584, 37.889622 ], [ -86.598194, 37.886714 ], [ -86.598098, 37.884738 ], [ -86.598261, 37.881971 ], [ -86.598325, 37.880348 ], [ -86.598577, 37.879246 ], [ -86.598858, 37.878018 ], [ -86.599226, 37.875084 ], [ -86.599242, 37.875071 ], [ -86.599258, 37.875055 ], [ -86.599316, 37.874882 ], [ -86.599304, 37.874767 ], [ -86.598565, 37.873536 ], [ -86.597998, 37.872718 ], [ -86.597712, 37.872228 ], [ -86.597603, 37.872034 ], [ -86.597368, 37.871029 ], [ -86.59731, 37.870317 ], [ -86.597477, 37.86891 ], [ -86.597605, 37.868408 ], [ -86.597857, 37.867728 ], [ -86.598194, 37.867163 ], [ -86.599442, 37.865272 ], [ -86.600044, 37.864497 ], [ -86.600829, 37.863546 ], [ -86.602834, 37.860936 ], [ -86.603126, 37.860518 ], [ -86.603845, 37.859436 ], [ -86.604501, 37.858446 ], [ -86.604851, 37.858072 ], [ -86.605017, 37.857951 ], [ -86.608655, 37.855703 ], [ -86.60932, 37.855307 ], [ -86.61187, 37.854207 ], [ -86.611887, 37.854176 ], [ -86.612106, 37.853777 ], [ -86.613235, 37.853378 ], [ -86.613682, 37.853198 ], [ -86.614315, 37.852879 ], [ -86.614768, 37.852648 ], [ -86.615235, 37.852437 ], [ -86.616887, 37.851554 ], [ -86.617663, 37.851239 ], [ -86.619877, 37.850079 ], [ -86.620243, 37.849834 ], [ -86.621241, 37.849328 ], [ -86.622418, 37.848648 ], [ -86.623375, 37.848188 ], [ -86.62406, 37.847816 ], [ -86.624714, 37.847458 ], [ -86.62579, 37.846963 ], [ -86.626212, 37.846769 ], [ -86.627925, 37.846059 ], [ -86.628268, 37.845894 ], [ -86.630157, 37.8451 ], [ -86.630853, 37.845038 ], [ -86.63201, 37.844566 ], [ -86.632486, 37.844358 ], [ -86.632531, 37.844343 ], [ -86.632884, 37.844191 ], [ -86.633468, 37.844057 ], [ -86.6338, 37.843979 ], [ -86.636099, 37.843238 ], [ -86.636703, 37.843091 ], [ -86.63768, 37.842826 ], [ -86.638279, 37.84269 ], [ -86.64037, 37.842383 ], [ -86.641287, 37.842268 ], [ -86.641917, 37.842169 ], [ -86.642357, 37.842144 ], [ -86.643252, 37.841961 ], [ -86.643503, 37.841909 ], [ -86.64355, 37.841906 ], [ -86.643578, 37.841901 ], [ -86.644942, 37.841785 ], [ -86.645482, 37.841751 ], [ -86.645968, 37.84172 ], [ -86.646551, 37.841696 ], [ -86.647021, 37.841654 ], [ -86.64724, 37.841611 ], [ -86.647584, 37.841511 ], [ -86.647979, 37.841446 ], [ -86.648541, 37.841424 ], [ -86.650351, 37.841463 ], [ -86.651961, 37.841601 ], [ -86.652248, 37.841656 ], [ -86.652941, 37.841892 ], [ -86.654568, 37.842288 ], [ -86.655233, 37.842481 ], [ -86.655285, 37.842506 ], [ -86.656063, 37.842875 ], [ -86.656077, 37.842882 ], [ -86.656613, 37.843161 ], [ -86.656661, 37.843189 ], [ -86.657492, 37.843674 ], [ -86.65755, 37.843713 ], [ -86.65789, 37.843945 ], [ -86.658104, 37.84409 ], [ -86.658453, 37.844454 ], [ -86.658693, 37.844749 ], [ -86.659472, 37.84572 ], [ -86.660272, 37.846764 ], [ -86.660952, 37.847855 ], [ -86.661037, 37.848087 ], [ -86.661312, 37.848663 ], [ -86.66153, 37.849373 ], [ -86.661582, 37.849587 ], [ -86.661787, 37.850241 ], [ -86.661883, 37.850712 ], [ -86.662012, 37.851355 ], [ -86.662048, 37.851533 ], [ -86.662241, 37.85285 ], [ -86.662211, 37.853483 ], [ -86.662361, 37.853959 ], [ -86.662408, 37.85494 ], [ -86.662418, 37.855145 ], [ -86.662449, 37.855798 ], [ -86.662453, 37.855968 ], [ -86.662458, 37.856172 ], [ -86.662462, 37.856322 ], [ -86.66247, 37.856658 ], [ -86.662481, 37.857084 ], [ -86.662427, 37.857293 ], [ -86.661762, 37.860252 ], [ -86.661578, 37.861219 ], [ -86.661398, 37.862165 ], [ -86.661188, 37.862789 ], [ -86.661023, 37.863241 ], [ -86.660827, 37.863776 ], [ -86.660653, 37.864247 ], [ -86.660567, 37.864428 ], [ -86.660559, 37.864446 ], [ -86.658639, 37.868492 ], [ -86.658241, 37.86977 ], [ -86.658181, 37.869964 ], [ -86.658117, 37.870026 ], [ -86.658098, 37.870086 ], [ -86.657605, 37.870608 ], [ -86.657464, 37.870751 ], [ -86.657355, 37.870953 ], [ -86.657237, 37.871171 ], [ -86.657111, 37.871405 ], [ -86.657054, 37.871511 ], [ -86.65696, 37.871685 ], [ -86.656937, 37.871725 ], [ -86.656914, 37.871764 ], [ -86.656884, 37.871814 ], [ -86.656844, 37.871883 ], [ -86.656753, 37.872039 ], [ -86.656534, 37.872412 ], [ -86.656497, 37.872475 ], [ -86.656492, 37.872484 ], [ -86.656045, 37.873155 ], [ -86.655955, 37.873289 ], [ -86.655227, 37.874739 ], [ -86.655055, 37.875053 ], [ -86.655032, 37.87506 ], [ -86.655009, 37.875285 ], [ -86.654975, 37.875527 ], [ -86.654815, 37.875861 ], [ -86.654797, 37.87595 ], [ -86.654649, 37.876015 ], [ -86.654597, 37.876032 ], [ -86.654505, 37.876158 ], [ -86.65348, 37.878059 ], [ -86.652248, 37.879976 ], [ -86.650764, 37.882454 ], [ -86.650271, 37.883267 ], [ -86.649834, 37.884043 ], [ -86.649807, 37.884091 ], [ -86.649658, 37.884327 ], [ -86.649526, 37.884596 ], [ -86.649245, 37.885052 ], [ -86.648701, 37.886019 ], [ -86.648541, 37.886311 ], [ -86.648344, 37.88687 ], [ -86.648269, 37.887051 ], [ -86.647997, 37.887713 ], [ -86.647965, 37.88779 ], [ -86.647881, 37.887994 ], [ -86.647621, 37.888448 ], [ -86.647438, 37.888765 ], [ -86.6472, 37.889182 ], [ -86.647115, 37.889485 ], [ -86.647009, 37.889855 ], [ -86.646941, 37.890081 ], [ -86.646778, 37.890623 ], [ -86.646668, 37.890791 ], [ -86.64654, 37.890988 ], [ -86.646202, 37.89151 ], [ -86.645951, 37.892084 ], [ -86.645801, 37.892429 ], [ -86.645529, 37.893053 ], [ -86.645434, 37.893272 ], [ -86.645348, 37.893469 ], [ -86.644719, 37.894991 ], [ -86.644501, 37.895683 ], [ -86.644257, 37.896517 ], [ -86.644126, 37.897649 ], [ -86.644035, 37.898479 ], [ -86.643939, 37.899474 ], [ -86.64394, 37.900523 ], [ -86.643968, 37.901243 ], [ -86.644008, 37.902397 ], [ -86.644082, 37.902588 ], [ -86.644436, 37.90366 ], [ -86.644501, 37.903902 ], [ -86.645028, 37.905007 ], [ -86.645166, 37.905485 ], [ -86.645424, 37.906096 ], [ -86.645435, 37.906123 ], [ -86.645486, 37.906386 ], [ -86.645532, 37.906694 ], [ -86.645647, 37.907035 ], [ -86.646266, 37.907919 ], [ -86.64672, 37.908339 ], [ -86.647127, 37.90875 ], [ -86.647351, 37.908923 ], [ -86.647853, 37.909387 ], [ -86.648351, 37.909744 ], [ -86.648879, 37.910085 ], [ -86.648965, 37.910138 ], [ -86.649313, 37.910348 ], [ -86.649509, 37.91048 ], [ -86.649921, 37.910657 ], [ -86.650426, 37.910861 ], [ -86.651549, 37.911102 ], [ -86.652534, 37.911224 ], [ -86.653737, 37.911559 ], [ -86.656748, 37.912199 ], [ -86.658046, 37.912478 ], [ -86.659255, 37.912698 ], [ -86.659851, 37.91289 ], [ -86.660115, 37.913 ], [ -86.660659, 37.913105 ], [ -86.661243, 37.913121 ], [ -86.661765, 37.913099 ], [ -86.662189, 37.913138 ], [ -86.662857, 37.913257 ], [ -86.664813, 37.913424 ], [ -86.665063, 37.913506 ], [ -86.665999, 37.913754 ], [ -86.666589, 37.913853 ], [ -86.667169, 37.913875 ], [ -86.668509, 37.914024 ], [ -86.669725, 37.914237 ], [ -86.669761, 37.914245 ], [ -86.669899, 37.914273 ], [ -86.670234, 37.914364 ], [ -86.671756, 37.914652 ], [ -86.672397, 37.914774 ], [ -86.673431, 37.914969 ], [ -86.674703, 37.915085 ], [ -86.676233, 37.915041 ], [ -86.677207, 37.915041 ], [ -86.678582, 37.915074 ], [ -86.679796, 37.915124 ], [ -86.680397, 37.915077 ], [ -86.680788, 37.915035 ], [ -86.681653, 37.914849 ], [ -86.682881, 37.914466 ], [ -86.683661, 37.914084 ], [ -86.683941, 37.913946 ], [ -86.685409, 37.913418 ], [ -86.685861, 37.913185 ], [ -86.68624, 37.912866 ], [ -86.6866, 37.912416 ], [ -86.688202, 37.910807 ], [ -86.68822, 37.910792 ], [ -86.689232, 37.909993 ], [ -86.689453, 37.90988 ], [ -86.689766, 37.909673 ], [ -86.691772, 37.90864 ], [ -86.692322, 37.908382 ], [ -86.693004, 37.908019 ], [ -86.693559, 37.907766 ], [ -86.694216, 37.907408 ], [ -86.695571, 37.9067 ], [ -86.696665, 37.906129 ], [ -86.697616, 37.90559 ], [ -86.698263, 37.905167 ], [ -86.700169, 37.903592 ], [ -86.703617, 37.901414 ], [ -86.70511, 37.900471 ], [ -86.711076, 37.8967 ], [ -86.711259, 37.896912 ], [ -86.711717, 37.896676 ], [ -86.711982, 37.896513 ], [ -86.712668, 37.896093 ], [ -86.713138, 37.895857 ], [ -86.713946, 37.895417 ], [ -86.714405, 37.895199 ], [ -86.715512, 37.894433 ], [ -86.716105, 37.894141 ], [ -86.716352, 37.894019 ], [ -86.716444, 37.893973 ], [ -86.716537, 37.893927 ], [ -86.716685, 37.893854 ], [ -86.716761, 37.893817 ], [ -86.716886, 37.893755 ], [ -86.716909, 37.893744 ], [ -86.717436, 37.893504 ], [ -86.718415, 37.893152 ], [ -86.719068, 37.892992 ], [ -86.72006, 37.892805 ], [ -86.720264, 37.892779 ], [ -86.720656, 37.892728 ], [ -86.721458, 37.892684 ], [ -86.722386, 37.8927 ], [ -86.723973, 37.892974 ], [ -86.724241, 37.893065 ], [ -86.724833, 37.893265 ], [ -86.725446, 37.893397 ], [ -86.726187, 37.893386 ], [ -86.727193, 37.893528 ], [ -86.72748, 37.893567 ], [ -86.727801, 37.893649 ], [ -86.728242, 37.893714 ], [ -86.728505, 37.893731 ], [ -86.730752, 37.89412 ], [ -86.731594, 37.894367 ], [ -86.732012, 37.894515 ], [ -86.732545, 37.894768 ], [ -86.733403, 37.895373 ], [ -86.733856, 37.895761 ], [ -86.734441, 37.896262 ], [ -86.735563, 37.897494 ], [ -86.735789, 37.897674 ], [ -86.736378, 37.89825 ], [ -86.736579, 37.898398 ], [ -86.737266, 37.899013 ], [ -86.737689, 37.899426 ], [ -86.738601, 37.900315 ], [ -86.740022, 37.901638 ], [ -86.741019, 37.902517 ], [ -86.741793, 37.90328 ], [ -86.742758, 37.90427 ], [ -86.743982, 37.905521 ], [ -86.744274, 37.905845 ], [ -86.744589, 37.906334 ], [ -86.745242, 37.907043 ], [ -86.745506, 37.907268 ], [ -86.745609, 37.907333 ], [ -86.745726, 37.907367 ], [ -86.745901, 37.907416 ], [ -86.74605, 37.907525 ], [ -86.746102, 37.90758 ], [ -86.746342, 37.908119 ], [ -86.746669, 37.908487 ], [ -86.749461, 37.911346 ], [ -86.749633, 37.911555 ], [ -86.750024, 37.912028 ], [ -86.750223, 37.912269 ], [ -86.750469, 37.912566 ], [ -86.750532, 37.912643 ], [ -86.750904, 37.913093 ], [ -86.751121, 37.913356 ], [ -86.75136, 37.913659 ], [ -86.752269, 37.914817 ], [ -86.752586, 37.915221 ], [ -86.752705, 37.915372 ], [ -86.752742, 37.915431 ], [ -86.753345, 37.916373 ], [ -86.753631, 37.91682 ], [ -86.753855, 37.91717 ], [ -86.754037, 37.917456 ], [ -86.754523, 37.918214 ], [ -86.754662, 37.918485 ], [ -86.754851, 37.918855 ], [ -86.755002, 37.919149 ], [ -86.75519, 37.919517 ], [ -86.755313, 37.919681 ], [ -86.75588, 37.920436 ], [ -86.755946, 37.920524 ], [ -86.756228, 37.921085 ], [ -86.756266, 37.92116 ], [ -86.756437, 37.921469 ], [ -86.756719, 37.921797 ], [ -86.756871, 37.921973 ], [ -86.756886, 37.921986 ], [ -86.75704, 37.922124 ], [ -86.757358, 37.922407 ], [ -86.757684, 37.922696 ], [ -86.757871, 37.922862 ], [ -86.75868, 37.923851 ], [ -86.759163, 37.924507 ], [ -86.759667, 37.925192 ], [ -86.760113, 37.925797 ], [ -86.760991, 37.926989 ], [ -86.761658, 37.927895 ], [ -86.762005, 37.928405 ], [ -86.762252, 37.928767 ], [ -86.762736, 37.929477 ], [ -86.763512, 37.930616 ], [ -86.764884, 37.932497 ], [ -86.765517, 37.93348 ], [ -86.765766, 37.933866 ], [ -86.76658, 37.935223 ], [ -86.766723, 37.935277 ], [ -86.766809, 37.935324 ], [ -86.766872, 37.935425 ], [ -86.766906, 37.935516 ], [ -86.766958, 37.935936 ], [ -86.767021, 37.935965 ], [ -86.768694, 37.938779 ], [ -86.769049, 37.939339 ], [ -86.769353, 37.939658 ], [ -86.770109, 37.940339 ], [ -86.770224, 37.940477 ], [ -86.770602, 37.941378 ], [ -86.770768, 37.941465 ], [ -86.770992, 37.941582 ], [ -86.771078, 37.941772 ], [ -86.771146, 37.941902 ], [ -86.77129, 37.942185 ], [ -86.77145, 37.942494 ], [ -86.771484, 37.942601 ], [ -86.771519, 37.942655 ], [ -86.771587, 37.942872 ], [ -86.771645, 37.942968 ], [ -86.771662, 37.943391 ], [ -86.771679, 37.943477 ], [ -86.772229, 37.944521 ], [ -86.772774, 37.945604 ], [ -86.77314, 37.946604 ], [ -86.773461, 37.947214 ], [ -86.773567, 37.947371 ], [ -86.773925, 37.947901 ], [ -86.774359, 37.948364 ], [ -86.774682, 37.948709 ], [ -86.775278, 37.949198 ], [ -86.775828, 37.949572 ], [ -86.776435, 37.950034 ], [ -86.77651, 37.950108 ], [ -86.777048, 37.950638 ], [ -86.777312, 37.950935 ], [ -86.777839, 37.951688 ], [ -86.778039, 37.952001 ], [ -86.778532, 37.952902 ], [ -86.779764, 37.955034 ], [ -86.779924, 37.955359 ], [ -86.779982, 37.955529 ], [ -86.779982, 37.956282 ], [ -86.77997, 37.956534 ], [ -86.77989, 37.956689 ], [ -86.779764, 37.956809 ], [ -86.779689, 37.956842 ], [ -86.779541, 37.956826 ], [ -86.779265, 37.956463 ], [ -86.779099, 37.956155 ], [ -86.778939, 37.955963 ], [ -86.778801, 37.955864 ], [ -86.77873, 37.955842 ], [ -86.778641, 37.955837 ], [ -86.778532, 37.955908 ], [ -86.778435, 37.956018 ], [ -86.778366, 37.956122 ], [ -86.778337, 37.95654 ], [ -86.778567, 37.957144 ], [ -86.778813, 37.957639 ], [ -86.778948, 37.957845 ], [ -86.779036, 37.957979 ], [ -86.779185, 37.958304 ], [ -86.779229, 37.958398 ], [ -86.779867, 37.95976 ], [ -86.780285, 37.960463 ], [ -86.780646, 37.960941 ], [ -86.781179, 37.961491 ], [ -86.781548, 37.961772 ], [ -86.78256, 37.962542 ], [ -86.783025, 37.963037 ], [ -86.783601, 37.963885 ], [ -86.78374, 37.964088 ], [ -86.78392, 37.964381 ], [ -86.784493, 37.965317 ], [ -86.784716, 37.965623 ], [ -86.784868, 37.965832 ], [ -86.785014, 37.966032 ], [ -86.785639, 37.966892 ], [ -86.786476, 37.967937 ], [ -86.786756, 37.968286 ], [ -86.787168, 37.968801 ], [ -86.78719, 37.96886 ], [ -86.787344, 37.96908 ], [ -86.787413, 37.96936 ], [ -86.787556, 37.970992 ], [ -86.788038, 37.973163 ], [ -86.788145, 37.973605 ], [ -86.788482, 37.974544 ], [ -86.788636, 37.974861 ], [ -86.788857, 37.975256 ], [ -86.789155, 37.975734 ], [ -86.789722, 37.977614 ], [ -86.790439, 37.979801 ], [ -86.791665, 37.98224 ], [ -86.792222, 37.983322 ], [ -86.793515, 37.985839 ], [ -86.793894, 37.986592 ], [ -86.793991, 37.987158 ], [ -86.794111, 37.987488 ], [ -86.794415, 37.987949 ], [ -86.794885, 37.988537 ], [ -86.795252, 37.988961 ], [ -86.795229, 37.989048 ], [ -86.795017, 37.989048 ], [ -86.794954, 37.989092 ], [ -86.794948, 37.989153 ], [ -86.794961, 37.989201 ], [ -86.794965, 37.989213 ], [ -86.795045, 37.989279 ], [ -86.797154, 37.990076 ], [ -86.799704, 37.991071 ], [ -86.802362, 37.992143 ], [ -86.803098, 37.992563 ], [ -86.805038, 37.993671 ], [ -86.805749, 37.994077 ], [ -86.807649, 37.995357 ], [ -86.807746, 37.995425 ], [ -86.807859, 37.995488 ], [ -86.808854, 37.996104 ], [ -86.809369, 37.996417 ], [ -86.810206, 37.996835 ], [ -86.811564, 37.997423 ], [ -86.812206, 37.997725 ], [ -86.813636, 37.998322 ], [ -86.814074, 37.998505 ], [ -86.814652, 37.998708 ], [ -86.814859, 37.99878 ], [ -86.816011, 37.999016 ], [ -86.816738, 37.999049 ], [ -86.818081, 37.999249 ], [ -86.818766, 37.999356 ], [ -86.819689, 37.999422 ], [ -86.820583, 37.9994 ], [ -86.82115, 37.999329 ], [ -86.822565, 37.99895 ], [ -86.823035, 37.998905 ], [ -86.823854, 37.998878 ], [ -86.824347, 37.998752 ], [ -86.824926, 37.998543 ], [ -86.827201, 37.997515 ], [ -86.827911, 37.997164 ], [ -86.829762, 37.996108 ], [ -86.830839, 37.995536 ], [ -86.831939, 37.995031 ], [ -86.832764, 37.994685 ], [ -86.838213, 37.992881 ], [ -86.838717, 37.992738 ], [ -86.839078, 37.992606 ], [ -86.840471, 37.992211 ], [ -86.840822, 37.992128 ], [ -86.843508, 37.991495 ], [ -86.844608, 37.991253 ], [ -86.84596, 37.990929 ], [ -86.846289, 37.99083 ], [ -86.848298, 37.99023 ], [ -86.850355, 37.989564 ], [ -86.852148, 37.98902 ], [ -86.853437, 37.988487 ], [ -86.854446, 37.988052 ], [ -86.856279, 37.987046 ], [ -86.857293, 37.98648 ], [ -86.857838, 37.986178 ], [ -86.859144, 37.985358 ], [ -86.859814, 37.985034 ], [ -86.860914, 37.984368 ], [ -86.86194, 37.983626 ], [ -86.863877, 37.981878 ], [ -86.865206, 37.980789 ], [ -86.865705, 37.980399 ], [ -86.866186, 37.97996 ], [ -86.867452, 37.978903 ], [ -86.867945, 37.978288 ], [ -86.867991, 37.978229 ], [ -86.868466, 37.977618 ], [ -86.868867, 37.977002 ], [ -86.869463, 37.976232 ], [ -86.869658, 37.976013 ], [ -86.869822, 37.975851 ], [ -86.86985, 37.975815 ], [ -86.870357, 37.975394 ], [ -86.870523, 37.975287 ], [ -86.871377, 37.974743 ], [ -86.871686, 37.974512 ], [ -86.871813, 37.974395 ], [ -86.871978, 37.974285 ], [ -86.873651, 37.972615 ], [ -86.874142, 37.972237 ], [ -86.874414, 37.971999 ], [ -86.87505, 37.971531 ], [ -86.87572, 37.970966 ], [ -86.876368, 37.970472 ], [ -86.8767, 37.970275 ], [ -86.877158, 37.970088 ], [ -86.87764, 37.969934 ], [ -86.878172, 37.969786 ], [ -86.878505, 37.969676 ], [ -86.878992, 37.96944 ], [ -86.879645, 37.969017 ], [ -86.879769, 37.968915 ], [ -86.881426, 37.967469 ], [ -86.882231, 37.966767 ], [ -86.882888, 37.966118 ], [ -86.883616, 37.965387 ], [ -86.884263, 37.964844 ], [ -86.884844, 37.964419 ], [ -86.885072, 37.964232 ], [ -86.885814, 37.963619 ], [ -86.885999, 37.963443 ], [ -86.88659, 37.962773 ], [ -86.887082, 37.962167 ], [ -86.88738, 37.961801 ], [ -86.888062, 37.960867 ], [ -86.889105, 37.959236 ], [ -86.889735, 37.958362 ], [ -86.890503, 37.95739 ], [ -86.89119, 37.956687 ], [ -86.891259, 37.956616 ], [ -86.891494, 37.956385 ], [ -86.892021, 37.955869 ], [ -86.892142, 37.955819 ], [ -86.892187, 37.955836 ], [ -86.892222, 37.955885 ], [ -86.892239, 37.956012 ], [ -86.892308, 37.956034 ], [ -86.892382, 37.956012 ], [ -86.892554, 37.955864 ], [ -86.894239, 37.954167 ], [ -86.895201, 37.953156 ], [ -86.895929, 37.952398 ], [ -86.896372, 37.952019 ], [ -86.896957, 37.95164 ], [ -86.897458, 37.951317 ], [ -86.898244, 37.950866 ], [ -86.898484, 37.950685 ], [ -86.899166, 37.949948 ], [ -86.899237, 37.94984 ], [ -86.899802, 37.948976 ], [ -86.900636, 37.947882 ], [ -86.900719, 37.947772 ], [ -86.901166, 37.947229 ], [ -86.901882, 37.946537 ], [ -86.901962, 37.94647 ], [ -86.901983, 37.946448 ], [ -86.902456, 37.946153 ], [ -86.903297, 37.945757 ], [ -86.903693, 37.945499 ], [ -86.904222, 37.945039 ], [ -86.90491, 37.944562 ], [ -86.905692, 37.944208 ], [ -86.906185, 37.943868 ], [ -86.907193, 37.943044 ], [ -86.90727, 37.942999 ], [ -86.907623, 37.942786 ], [ -86.907915, 37.942648 ], [ -86.908632, 37.942385 ], [ -86.909646, 37.94211 ], [ -86.910672, 37.941753 ], [ -86.911176, 37.941567 ], [ -86.911697, 37.941325 ], [ -86.912332, 37.940977 ], [ -86.912431, 37.940923 ], [ -86.912927, 37.940613 ], [ -86.913221, 37.940429 ], [ -86.913539, 37.940231 ], [ -86.913656, 37.940158 ], [ -86.913767, 37.940089 ], [ -86.913904, 37.940004 ], [ -86.914051, 37.939912 ], [ -86.914271, 37.939774 ], [ -86.915913, 37.938643 ], [ -86.916713, 37.938092 ], [ -86.917397, 37.93762 ], [ -86.917547, 37.937524 ], [ -86.918212, 37.937156 ], [ -86.918922, 37.936837 ], [ -86.920206, 37.936354 ], [ -86.920658, 37.936214 ], [ -86.921892, 37.93595 ], [ -86.922547, 37.93581 ], [ -86.924615, 37.935448 ], [ -86.926973, 37.93503 ], [ -86.927477, 37.934971 ], [ -86.927741, 37.934949 ], [ -86.928554, 37.934881 ], [ -86.928869, 37.934877 ], [ -86.929649, 37.934981 ], [ -86.930869, 37.935064 ], [ -86.931098, 37.935096 ], [ -86.931606, 37.935071 ], [ -86.931894, 37.935095 ], [ -86.932959, 37.93494 ], [ -86.934118, 37.93475 ], [ -86.935951, 37.934503 ], [ -86.936758, 37.93445 ], [ -86.93695, 37.934428 ], [ -86.937308, 37.934387 ], [ -86.937568, 37.934357 ], [ -86.93861, 37.934236 ], [ -86.939007, 37.93419 ], [ -86.940455, 37.933981 ], [ -86.94187, 37.933794 ], [ -86.94289, 37.933695 ], [ -86.944306, 37.933558 ], [ -86.944657, 37.933516 ], [ -86.945192, 37.933452 ], [ -86.946189, 37.933404 ], [ -86.94674, 37.933327 ], [ -86.948219, 37.933288 ], [ -86.948719, 37.933282 ], [ -86.949582, 37.933272 ], [ -86.953201, 37.933181 ], [ -86.953318, 37.933178 ], [ -86.956572, 37.933013 ], [ -86.9584, 37.932858 ], [ -86.959987, 37.932693 ], [ -86.961706, 37.932572 ], [ -86.96338, 37.932505 ], [ -86.96397, 37.932445 ], [ -86.964966, 37.932439 ], [ -86.965223, 37.932455 ], [ -86.966978, 37.932565 ], [ -86.967218, 37.932582 ], [ -86.967505, 37.932647 ], [ -86.967579, 37.932691 ], [ -86.967591, 37.932774 ], [ -86.967516, 37.932884 ], [ -86.966704, 37.933213 ], [ -86.966522, 37.933337 ], [ -86.966485, 37.933362 ], [ -86.966456, 37.9334 ], [ -86.966456, 37.933455 ], [ -86.966502, 37.933488 ], [ -86.966743, 37.933483 ], [ -86.966949, 37.933449 ], [ -86.967281, 37.933339 ], [ -86.967986, 37.933009 ], [ -86.968296, 37.932899 ], [ -86.968668, 37.932823 ], [ -86.969298, 37.932779 ], [ -86.969749, 37.932685 ], [ -86.969917, 37.932635 ], [ -86.970668, 37.932415 ], [ -86.971498, 37.932141 ], [ -86.972685, 37.931816 ], [ -86.97406, 37.931513 ], [ -86.975062, 37.931353 ], [ -86.975985, 37.931144 ], [ -86.97618, 37.931112 ], [ -86.977927, 37.930594 ], [ -86.978846, 37.930281 ], [ -86.979658, 37.930001 ], [ -86.980603, 37.929709 ], [ -86.981651, 37.929307 ], [ -86.983233, 37.928823 ], [ -86.984098, 37.928526 ], [ -86.985445, 37.928108 ], [ -86.987284, 37.927488 ], [ -86.988034, 37.927234 ], [ -86.988298, 37.927145 ], [ -86.9891, 37.92687 ], [ -86.990172, 37.926543 ], [ -86.990279, 37.926508 ], [ -86.991665, 37.926088 ], [ -86.992498, 37.925857 ], [ -86.99389, 37.925423 ], [ -86.99448, 37.925214 ], [ -86.999334, 37.923755 ], [ -86.999975, 37.923557 ], [ -86.999998, 37.923556 ], [ -87.001116, 37.923096 ], [ -87.002637, 37.922485 ], [ -87.003486, 37.922282 ], [ -87.007753, 37.920782 ], [ -87.009975, 37.919893 ], [ -87.011257, 37.919154 ], [ -87.012373, 37.918708 ], [ -87.012676, 37.918501 ], [ -87.013337, 37.918167 ], [ -87.01371, 37.917904 ], [ -87.014408, 37.917541 ], [ -87.016076, 37.916553 ], [ -87.018057, 37.915376 ], [ -87.018396, 37.915174 ], [ -87.019726, 37.914401 ], [ -87.021106, 37.913698 ], [ -87.021697, 37.913369 ], [ -87.022785, 37.912709 ], [ -87.023467, 37.912352 ], [ -87.024223, 37.911886 ], [ -87.025261, 37.911314 ], [ -87.025707, 37.911106 ], [ -87.028051, 37.909854 ], [ -87.029764, 37.908915 ], [ -87.030056, 37.908783 ], [ -87.032978, 37.907058 ], [ -87.033876, 37.906464 ], [ -87.033913, 37.906429 ], [ -87.034166, 37.906265 ], [ -87.035174, 37.905466 ], [ -87.036667, 37.904119 ], [ -87.036742, 37.904051 ], [ -87.037834, 37.903146 ], [ -87.038697, 37.902268 ], [ -87.038874, 37.902082 ], [ -87.039086, 37.90195 ], [ -87.039453, 37.901648 ], [ -87.039631, 37.901439 ], [ -87.039785, 37.90129 ], [ -87.039969, 37.901054 ], [ -87.040433, 37.900609 ], [ -87.040668, 37.900422 ], [ -87.040897, 37.90006 ], [ -87.041218, 37.899747 ], [ -87.041315, 37.899598 ], [ -87.041756, 37.899175 ], [ -87.042685, 37.898 ], [ -87.042967, 37.897686 ], [ -87.043303, 37.897312 ], [ -87.04347, 37.897049 ], [ -87.043725, 37.896535 ], [ -87.043836, 37.896308 ], [ -87.044163, 37.895857 ], [ -87.044816, 37.894884 ], [ -87.044936, 37.894566 ], [ -87.045074, 37.894401 ], [ -87.04512, 37.894368 ], [ -87.045261, 37.894109 ], [ -87.045323, 37.893864 ], [ -87.04536, 37.893764 ], [ -87.045492, 37.893555 ], [ -87.045532, 37.893307 ], [ -87.045807, 37.89278 ], [ -87.045824, 37.89274 ], [ -87.045878, 37.892646 ], [ -87.046034, 37.892001 ], [ -87.046128, 37.89178 ], [ -87.046163, 37.891572 ], [ -87.046163, 37.891417 ], [ -87.046357, 37.890583 ], [ -87.046386, 37.88984 ], [ -87.046306, 37.88917 ], [ -87.046212, 37.888613 ], [ -87.046059, 37.887709 ], [ -87.045899, 37.887137 ], [ -87.045845, 37.886886 ], [ -87.045773, 37.88655 ], [ -87.04544, 37.885929 ], [ -87.044936, 37.885357 ], [ -87.044575, 37.885044 ], [ -87.044472, 37.884912 ], [ -87.044398, 37.884675 ], [ -87.044352, 37.883923 ], [ -87.044083, 37.882874 ], [ -87.044042, 37.882417 ], [ -87.044002, 37.881709 ], [ -87.043916, 37.881423 ], [ -87.043785, 37.881011 ], [ -87.043578, 37.880044 ], [ -87.043406, 37.879044 ], [ -87.043235, 37.878467 ], [ -87.043051, 37.877956 ], [ -87.043005, 37.877164 ], [ -87.043051, 37.876593 ], [ -87.043056, 37.875542 ], [ -87.043057, 37.875384 ], [ -87.043068, 37.875106 ], [ -87.043074, 37.875048 ], [ -87.043074, 37.874637 ], [ -87.043063, 37.874406 ], [ -87.043017, 37.874302 ], [ -87.042908, 37.874132 ], [ -87.042885, 37.873862 ], [ -87.042931, 37.873461 ], [ -87.042999, 37.873202 ], [ -87.042978, 37.872874 ], [ -87.042936, 37.871571 ], [ -87.042862, 37.871439 ], [ -87.042811, 37.871148 ], [ -87.042856, 37.871022 ], [ -87.042959, 37.870873 ], [ -87.042987, 37.870775 ], [ -87.043003, 37.870583 ], [ -87.043043, 37.870298 ], [ -87.043057, 37.870055 ], [ -87.043051, 37.869653 ], [ -87.043131, 37.869379 ], [ -87.043131, 37.868928 ], [ -87.043131, 37.868857 ], [ -87.04324, 37.86861 ], [ -87.04324, 37.868368 ], [ -87.043332, 37.868192 ], [ -87.043389, 37.867747 ], [ -87.043486, 37.867494 ], [ -87.04363, 37.867258 ], [ -87.043618, 37.867027 ], [ -87.043802, 37.866417 ], [ -87.043916, 37.866236 ], [ -87.044123, 37.865533 ], [ -87.044151, 37.865335 ], [ -87.044312, 37.865088 ], [ -87.044512, 37.864555 ], [ -87.044764, 37.864082 ], [ -87.044776, 37.863895 ], [ -87.044873, 37.863698 ], [ -87.045017, 37.8635 ], [ -87.045122, 37.863238 ], [ -87.045992, 37.861758 ], [ -87.046449, 37.860506 ], [ -87.046569, 37.86028 ], [ -87.046649, 37.860044 ], [ -87.046769, 37.859846 ], [ -87.046827, 37.85978 ], [ -87.047285, 37.858863 ], [ -87.047428, 37.858456 ], [ -87.047641, 37.858176 ], [ -87.047887, 37.85755 ], [ -87.048025, 37.857088 ], [ -87.048139, 37.856901 ], [ -87.048208, 37.85655 ], [ -87.048213, 37.856472 ], [ -87.048603, 37.855693 ], [ -87.048746, 37.855143 ], [ -87.048907, 37.854901 ], [ -87.049233, 37.853995 ], [ -87.049439, 37.85322 ], [ -87.04966, 37.852541 ], [ -87.049726, 37.852336 ], [ -87.049904, 37.851292 ], [ -87.049984, 37.851159 ], [ -87.05007, 37.851099 ], [ -87.050121, 37.851012 ], [ -87.050248, 37.850149 ], [ -87.050328, 37.849951 ], [ -87.0505, 37.84961 ], [ -87.050511, 37.849341 ], [ -87.050563, 37.849247 ], [ -87.050717, 37.849099 ], [ -87.050799, 37.848962 ], [ -87.050849, 37.84888 ], [ -87.050952, 37.848523 ], [ -87.050992, 37.848165 ], [ -87.05106, 37.847804 ], [ -87.051555, 37.845614 ], [ -87.051932, 37.844358 ], [ -87.05223, 37.843512 ], [ -87.052402, 37.843105 ], [ -87.052493, 37.842709 ], [ -87.052728, 37.841924 ], [ -87.052797, 37.841594 ], [ -87.053233, 37.840066 ], [ -87.053393, 37.839506 ], [ -87.053433, 37.838725 ], [ -87.053525, 37.838226 ], [ -87.053582, 37.83788 ], [ -87.053651, 37.837445 ], [ -87.053685, 37.837319 ], [ -87.053737, 37.837248 ], [ -87.053765, 37.836962 ], [ -87.053954, 37.836478 ], [ -87.054121, 37.835825 ], [ -87.054166, 37.8356 ], [ -87.054166, 37.835264 ], [ -87.054171, 37.835235 ], [ -87.05439, 37.834583 ], [ -87.054528, 37.833858 ], [ -87.054722, 37.833176 ], [ -87.054728, 37.833045 ], [ -87.054854, 37.83282 ], [ -87.055678, 37.830553 ], [ -87.055828, 37.830138 ], [ -87.056144, 37.82907 ], [ -87.056664, 37.827531 ], [ -87.057393, 37.826276 ], [ -87.058172, 37.824835 ], [ -87.058745, 37.823458 ], [ -87.05958, 37.822203 ], [ -87.060261, 37.821173 ], [ -87.060685, 37.820185 ], [ -87.060866, 37.819594 ], [ -87.060233, 37.819173 ], [ -87.060556, 37.818154 ], [ -87.061274, 37.815983 ], [ -87.061776, 37.814915 ], [ -87.062069, 37.814177 ], [ -87.062389, 37.813469 ], [ -87.062676, 37.812794 ], [ -87.06296, 37.81213 ], [ -87.063113, 37.811749 ], [ -87.063249, 37.811481 ], [ -87.063969, 37.810588 ], [ -87.064121, 37.810398 ], [ -87.064311, 37.810098 ], [ -87.06447, 37.809819 ], [ -87.064639, 37.809486 ], [ -87.064988, 37.808769 ], [ -87.065043, 37.80857 ], [ -87.065122, 37.808385 ], [ -87.065159, 37.808093 ], [ -87.065219, 37.807954 ], [ -87.065414, 37.807614 ], [ -87.065613, 37.807338 ], [ -87.066193, 37.806742 ], [ -87.066256, 37.806439 ], [ -87.066439, 37.80606 ], [ -87.066674, 37.805731 ], [ -87.066863, 37.805538 ], [ -87.066995, 37.805319 ], [ -87.067377, 37.80479 ], [ -87.067453, 37.804687 ], [ -87.067574, 37.804456 ], [ -87.067677, 37.804318 ], [ -87.067844, 37.804093 ], [ -87.06888, 37.802703 ], [ -87.069069, 37.802435 ], [ -87.069675, 37.801513 ], [ -87.071533, 37.799818 ], [ -87.073986, 37.798158 ], [ -87.074255, 37.797946 ], [ -87.074318, 37.797895 ], [ -87.075042, 37.79733 ], [ -87.076008, 37.796254 ], [ -87.076989, 37.79543 ], [ -87.077535, 37.794971 ], [ -87.079044, 37.794098 ], [ -87.081244, 37.792931 ], [ -87.082932, 37.792015 ], [ -87.085115, 37.79052 ], [ -87.08731, 37.789047 ], [ -87.089279, 37.787862 ], [ -87.091069, 37.786964 ], [ -87.091131, 37.786943 ], [ -87.091518, 37.78676 ], [ -87.091976, 37.7866 ], [ -87.092276, 37.786507 ], [ -87.092985, 37.786287 ], [ -87.094283, 37.785865 ], [ -87.094778, 37.785704 ], [ -87.095804, 37.785385 ], [ -87.096057, 37.785298 ], [ -87.0965, 37.785146 ], [ -87.096686, 37.785082 ], [ -87.097013, 37.785 ], [ -87.097202, 37.784923 ], [ -87.098411, 37.784625 ], [ -87.099037, 37.78453 ], [ -87.099194, 37.784492 ], [ -87.102638, 37.783847 ], [ -87.104334, 37.783402 ], [ -87.10467, 37.783347 ], [ -87.105481, 37.783195 ], [ -87.105854, 37.783106 ], [ -87.105986, 37.783062 ], [ -87.107573, 37.782837 ], [ -87.108114, 37.782767 ], [ -87.108333, 37.782729 ], [ -87.109635, 37.782548 ], [ -87.110341, 37.782448 ], [ -87.11073, 37.782418 ], [ -87.110997, 37.782402 ], [ -87.112103, 37.782336 ], [ -87.113791, 37.782309 ], [ -87.116216, 37.782428 ], [ -87.116751, 37.782515 ], [ -87.117268, 37.782563 ], [ -87.118373, 37.782749 ], [ -87.119393, 37.782963 ], [ -87.120333, 37.783205 ], [ -87.120969, 37.783331 ], [ -87.122241, 37.783649 ], [ -87.122722, 37.783821 ], [ -87.123473, 37.78412 ], [ -87.1249, 37.784619 ], [ -87.125151, 37.784647 ], [ -87.125765, 37.784763 ], [ -87.126114, 37.784801 ], [ -87.126951, 37.785055 ], [ -87.127323, 37.78534 ], [ -87.127736, 37.78544 ], [ -87.127953, 37.785517 ], [ -87.128241, 37.785523 ], [ -87.128349, 37.785526 ], [ -87.128544, 37.785539 ], [ -87.128721, 37.78557 ], [ -87.128813, 37.785581 ], [ -87.128985, 37.78566 ], [ -87.129025, 37.785686 ], [ -87.129153, 37.785799 ], [ -87.129363, 37.785991 ], [ -87.129403, 37.786041 ], [ -87.129478, 37.786192 ], [ -87.129592, 37.786339 ], [ -87.129856, 37.786586 ], [ -87.13, 37.786718 ], [ -87.130068, 37.786779 ], [ -87.1304, 37.78722 ], [ -87.130503, 37.787354 ], [ -87.130658, 37.787567 ], [ -87.130795, 37.787718 ], [ -87.131082, 37.788192 ], [ -87.131328, 37.788534 ], [ -87.131357, 37.788731 ], [ -87.131384, 37.788844 ], [ -87.132285, 37.790063 ], [ -87.132652, 37.790475 ], [ -87.133007, 37.791063 ], [ -87.133259, 37.791437 ], [ -87.13346, 37.791877 ], [ -87.133941, 37.792718 ], [ -87.134061, 37.793081 ], [ -87.134079, 37.79341 ], [ -87.134119, 37.79352 ], [ -87.133998, 37.79386 ], [ -87.133993, 37.794256 ], [ -87.133867, 37.795141 ], [ -87.133895, 37.795355 ], [ -87.134016, 37.795564 ], [ -87.134084, 37.795817 ], [ -87.134233, 37.796141 ], [ -87.134508, 37.79652 ], [ -87.135047, 37.79752 ], [ -87.135568, 37.798883 ], [ -87.135557, 37.799366 ], [ -87.135528, 37.799631 ], [ -87.135408, 37.800136 ], [ -87.135391, 37.800284 ], [ -87.135431, 37.800707 ], [ -87.135425, 37.80112 ], [ -87.135437, 37.801988 ], [ -87.1355, 37.80251 ], [ -87.135729, 37.803318 ], [ -87.135855, 37.803895 ], [ -87.136107, 37.804636 ], [ -87.136342, 37.805433 ], [ -87.136576, 37.806077 ], [ -87.137027, 37.807314 ], [ -87.137396, 37.808368 ], [ -87.137677, 37.809066 ], [ -87.138399, 37.810489 ], [ -87.140204, 37.813847 ], [ -87.140338, 37.81409 ], [ -87.141115, 37.815518 ], [ -87.141573, 37.816062 ], [ -87.141861, 37.816464 ], [ -87.141952, 37.816589 ], [ -87.142238, 37.817084 ], [ -87.142427, 37.81737 ], [ -87.142553, 37.817518 ], [ -87.143166, 37.818035 ], [ -87.143899, 37.818734 ], [ -87.144266, 37.819085 ], [ -87.14433, 37.819168 ], [ -87.144427, 37.819293 ], [ -87.145131, 37.820909 ], [ -87.145332, 37.821212 ], [ -87.145475, 37.821503 ], [ -87.1463, 37.822712 ], [ -87.146673, 37.823267 ], [ -87.147154, 37.82386 ], [ -87.14808, 37.825051 ], [ -87.148481, 37.825566 ], [ -87.149187, 37.8265 ], [ -87.151103, 37.829224 ], [ -87.151715, 37.830082 ], [ -87.152001, 37.830395 ], [ -87.152483, 37.830944 ], [ -87.152755, 37.831319 ], [ -87.153155, 37.831763 ], [ -87.154254, 37.833573 ], [ -87.154689, 37.834186 ], [ -87.15548, 37.835055 ], [ -87.155881, 37.835374 ], [ -87.156421, 37.836013 ], [ -87.156448, 37.836045 ], [ -87.156494, 37.836094 ], [ -87.156499, 37.836132 ], [ -87.156501, 37.836141 ], [ -87.157323, 37.836778 ], [ -87.159381, 37.838008 ], [ -87.159602, 37.838194 ], [ -87.159662, 37.838232 ], [ -87.160023, 37.838523 ], [ -87.160436, 37.838826 ], [ -87.161096, 37.839359 ], [ -87.161704, 37.839764 ], [ -87.162406, 37.840085 ], [ -87.163447, 37.840648 ], [ -87.164254, 37.841085 ], [ -87.16463, 37.841266 ], [ -87.164791, 37.841318 ], [ -87.164934, 37.841365 ], [ -87.165266, 37.841497 ], [ -87.165887, 37.84167 ], [ -87.168991, 37.842129 ], [ -87.17036, 37.842197 ], [ -87.170457, 37.842207 ], [ -87.170887, 37.842152 ], [ -87.171586, 37.841976 ], [ -87.17232, 37.841713 ], [ -87.172339, 37.841707 ], [ -87.174651, 37.841091 ], [ -87.175836, 37.841017 ], [ -87.177, 37.841128 ], [ -87.179094, 37.841393 ], [ -87.182323, 37.841686 ], [ -87.182387, 37.841687 ], [ -87.183028, 37.84169 ], [ -87.183315, 37.841749 ], [ -87.184048, 37.841927 ], [ -87.18414, 37.84194 ], [ -87.184237, 37.841944 ], [ -87.184449, 37.841927 ], [ -87.184547, 37.841925 ], [ -87.184644, 37.841947 ], [ -87.18473, 37.841976 ], [ -87.185062, 37.841991 ], [ -87.185177, 37.841996 ], [ -87.185469, 37.842029 ], [ -87.185773, 37.84208 ], [ -87.186019, 37.842137 ], [ -87.186231, 37.842176 ], [ -87.186523, 37.842212 ], [ -87.186999, 37.842288 ], [ -87.187188, 37.842303 ], [ -87.187606, 37.842308 ], [ -87.187904, 37.84237 ], [ -87.188397, 37.842527 ], [ -87.188661, 37.842591 ], [ -87.188982, 37.842627 ], [ -87.189612, 37.842687 ], [ -87.19023, 37.842799 ], [ -87.190328, 37.842832 ], [ -87.190437, 37.842858 ], [ -87.190769, 37.842857 ], [ -87.191021, 37.842877 ], [ -87.191153, 37.842905 ], [ -87.191285, 37.842952 ], [ -87.191333, 37.842963 ], [ -87.192698, 37.843036 ], [ -87.193549, 37.843118 ], [ -87.195682, 37.843325 ], [ -87.197408, 37.843574 ], [ -87.199864, 37.843845 ], [ -87.202334, 37.844199 ], [ -87.202668, 37.844262 ], [ -87.202905, 37.8443 ], [ -87.202922, 37.844301 ], [ -87.203449, 37.844382 ], [ -87.204836, 37.844629 ], [ -87.20605, 37.844904 ], [ -87.206612, 37.84504 ], [ -87.208273, 37.845524 ], [ -87.208623, 37.845573 ], [ -87.209179, 37.845678 ], [ -87.209603, 37.84582 ], [ -87.209809, 37.845826 ], [ -87.21076, 37.846116 ], [ -87.211511, 37.846381 ], [ -87.212548, 37.846655 ], [ -87.213253, 37.846885 ], [ -87.213812, 37.847045 ], [ -87.215447, 37.847511 ], [ -87.218524, 37.848406 ], [ -87.219664, 37.848752 ], [ -87.22026, 37.848971 ], [ -87.220466, 37.849065 ], [ -87.221653, 37.849784 ], [ -87.222278, 37.85016 ], [ -87.222917, 37.850484 ], [ -87.223114, 37.850558 ], [ -87.223692, 37.850871 ], [ -87.224053, 37.851047 ], [ -87.224368, 37.851294 ], [ -87.22587, 37.852058 ], [ -87.226867, 37.852508 ], [ -87.227214, 37.852717 ], [ -87.227457, 37.85287 ], [ -87.228345, 37.853331 ], [ -87.22929, 37.853853 ], [ -87.229514, 37.854023 ], [ -87.229903, 37.854182 ], [ -87.229984, 37.854287 ], [ -87.230385, 37.854473 ], [ -87.230706, 37.854655 ], [ -87.231439, 37.855116 ], [ -87.231966, 37.855478 ], [ -87.232316, 37.855676 ], [ -87.233026, 37.856209 ], [ -87.233187, 37.856307 ], [ -87.233404, 37.856396 ], [ -87.233805, 37.856714 ], [ -87.234888, 37.857312 ], [ -87.235857, 37.857795 ], [ -87.23651, 37.85818 ], [ -87.236911, 37.858487 ], [ -87.237604, 37.858778 ], [ -87.238773, 37.859355 ], [ -87.239363, 37.859624 ], [ -87.239564, 37.859761 ], [ -87.240143, 37.860068 ], [ -87.241111, 37.860535 ], [ -87.241632, 37.860782 ], [ -87.241804, 37.86087 ], [ -87.243162, 37.861408 ], [ -87.243305, 37.861451 ], [ -87.243317, 37.861473 ], [ -87.244469, 37.862055 ], [ -87.24503, 37.862423 ], [ -87.24562, 37.862786 ], [ -87.247798, 37.864004 ], [ -87.248479, 37.864333 ], [ -87.249068, 37.864737 ], [ -87.249479, 37.864989 ], [ -87.251546, 37.865893 ], [ -87.252306, 37.866197 ], [ -87.253592, 37.866706 ], [ -87.254779, 37.86742 ], [ -87.2555, 37.867802 ], [ -87.256779, 37.868588 ], [ -87.258191, 37.869573 ], [ -87.259872, 37.870854 ], [ -87.260353, 37.87122 ], [ -87.265343, 37.875046 ], [ -87.266642, 37.87626 ], [ -87.267977, 37.877434 ], [ -87.268995, 37.878026 ], [ -87.270369, 37.878708 ], [ -87.271776, 37.879288 ], [ -87.273814, 37.880593 ], [ -87.274956, 37.881606 ], [ -87.279797, 37.885246 ], [ -87.280773, 37.885944 ], [ -87.281604, 37.886416 ], [ -87.282119, 37.886763 ], [ -87.283477, 37.887455 ], [ -87.28436, 37.887868 ], [ -87.284743, 37.888104 ], [ -87.286445, 37.889203 ], [ -87.28758, 37.890034 ], [ -87.288462, 37.890456 ], [ -87.289098, 37.890863 ], [ -87.289539, 37.891116 ], [ -87.290284, 37.89149 ], [ -87.290846, 37.891743 ], [ -87.292078, 37.892463 ], [ -87.292759, 37.892787 ], [ -87.293166, 37.893018 ], [ -87.294289, 37.893551 ], [ -87.294891, 37.893886 ], [ -87.297613, 37.895595 ], [ -87.298655, 37.896134 ], [ -87.299292, 37.896436 ], [ -87.300489, 37.89692 ], [ -87.301251, 37.897189 ], [ -87.30187, 37.897381 ], [ -87.302914, 37.897821 ], [ -87.302993, 37.897854 ], [ -87.30454, 37.89837 ], [ -87.305107, 37.898595 ], [ -87.306631, 37.899272 ], [ -87.307857, 37.89987 ], [ -87.308608, 37.900205 ], [ -87.309829, 37.900711 ], [ -87.310505, 37.901041 ], [ -87.311112, 37.901293 ], [ -87.311462, 37.901541 ], [ -87.311816, 37.901669 ], [ -87.314454, 37.903031 ], [ -87.315071, 37.903414 ], [ -87.316097, 37.903914 ], [ -87.316441, 37.904118 ], [ -87.316859, 37.904315 ], [ -87.317398, 37.904469 ], [ -87.317552, 37.904563 ], [ -87.317955, 37.904763 ], [ -87.318567, 37.905068 ], [ -87.318824, 37.905266 ], [ -87.319014, 37.905337 ], [ -87.319312, 37.905414 ], [ -87.319982, 37.905672 ], [ -87.321013, 37.905969 ], [ -87.322818, 37.906299 ], [ -87.324142, 37.90659 ], [ -87.325373, 37.906869 ], [ -87.32813, 37.907353 ], [ -87.329333, 37.90771 ], [ -87.330805, 37.907989 ], [ -87.332748, 37.908308 ], [ -87.333327, 37.908374 ], [ -87.333539, 37.908338 ], [ -87.333722, 37.908319 ], [ -87.33398, 37.908225 ], [ -87.33404, 37.90819 ], [ -87.334154, 37.908156 ], [ -87.334372, 37.908028 ], [ -87.334618, 37.907883 ], [ -87.335224, 37.907527 ], [ -87.336082, 37.907522 ], [ -87.336369, 37.907587 ], [ -87.33791, 37.908131 ], [ -87.338787, 37.908482 ], [ -87.339922, 37.908982 ], [ -87.34105, 37.909504 ], [ -87.342385, 37.910168 ], [ -87.343302, 37.910498 ], [ -87.344362, 37.910986 ], [ -87.345825, 37.911821 ], [ -87.346826, 37.912392 ], [ -87.34733, 37.912733 ], [ -87.347617, 37.912903 ], [ -87.34835, 37.913386 ], [ -87.349651, 37.914204 ], [ -87.350556, 37.914847 ], [ -87.351433, 37.915484 ], [ -87.35235, 37.91594 ], [ -87.352985, 37.916374 ], [ -87.353988, 37.917576 ], [ -87.354321, 37.917977 ], [ -87.355851, 37.919378 ], [ -87.356126, 37.919647 ], [ -87.35663, 37.920037 ], [ -87.356916, 37.920196 ], [ -87.357575, 37.920377 ], [ -87.357848, 37.920409 ], [ -87.357948, 37.92042 ], [ -87.358269, 37.920498 ], [ -87.359758, 37.920602 ], [ -87.359987, 37.920618 ], [ -87.361174, 37.920832 ], [ -87.361701, 37.920997 ], [ -87.362085, 37.921205 ], [ -87.362302, 37.921381 ], [ -87.363173, 37.921968 ], [ -87.364571, 37.923149 ], [ -87.366863, 37.92495 ], [ -87.367981, 37.926015 ], [ -87.368743, 37.926911 ], [ -87.368983, 37.927168 ], [ -87.370301, 37.928201 ], [ -87.370502, 37.928338 ], [ -87.37098, 37.928844 ], [ -87.371688, 37.931189 ], [ -87.373068, 37.931813 ], [ -87.3734, 37.931963 ], [ -87.373671, 37.932085 ], [ -87.374862, 37.932623 ], [ -87.375494, 37.932908 ], [ -87.375913, 37.933097 ], [ -87.37863, 37.934325 ], [ -87.386179, 37.937804 ], [ -87.386781, 37.937913 ], [ -87.387561, 37.938053 ], [ -87.388585, 37.938236 ], [ -87.39115, 37.938867 ], [ -87.394402, 37.939807 ], [ -87.395789, 37.940182 ], [ -87.396064, 37.940252 ], [ -87.396527, 37.940471 ], [ -87.39679, 37.940614 ], [ -87.396945, 37.940669 ], [ -87.397315, 37.94074 ], [ -87.397432, 37.940763 ], [ -87.397644, 37.940818 ], [ -87.397902, 37.940933 ], [ -87.398028, 37.94095 ], [ -87.398291, 37.940856 ], [ -87.398566, 37.940879 ], [ -87.398744, 37.940928 ], [ -87.398859, 37.941104 ], [ -87.398899, 37.941192 ], [ -87.398945, 37.94122 ], [ -87.399208, 37.941296 ], [ -87.400595, 37.941775 ], [ -87.400938, 37.94183 ], [ -87.402635, 37.942232 ], [ -87.403362, 37.942501 ], [ -87.403408, 37.942589 ], [ -87.40346, 37.942672 ], [ -87.403626, 37.942742 ], [ -87.404244, 37.942916 ], [ -87.405196, 37.943183 ], [ -87.405809, 37.943342 ], [ -87.406158, 37.943381 ], [ -87.408605, 37.943821 ], [ -87.409453, 37.94392 ], [ -87.409631, 37.943964 ], [ -87.410006, 37.944119 ], [ -87.410794, 37.944222 ], [ -87.410908, 37.944259 ], [ -87.411046, 37.944305 ], [ -87.411991, 37.944503 ], [ -87.412988, 37.944657 ], [ -87.414077, 37.944766 ], [ -87.414134, 37.944772 ], [ -87.414398, 37.944772 ], [ -87.414427, 37.944771 ], [ -87.415121, 37.944715 ], [ -87.417157, 37.94479 ], [ -87.419391, 37.944737 ], [ -87.420969, 37.944672 ], [ -87.422545, 37.944383 ], [ -87.423212, 37.944356 ], [ -87.423338, 37.944351 ], [ -87.424151, 37.944318 ], [ -87.425644, 37.944457 ], [ -87.425969, 37.944529 ], [ -87.427307, 37.944803 ], [ -87.427841, 37.94489 ], [ -87.42834, 37.944937 ], [ -87.428887, 37.944908 ], [ -87.42996, 37.944797 ], [ -87.43064, 37.944677 ], [ -87.43126, 37.944505 ], [ -87.431575, 37.944456 ], [ -87.43185, 37.944441 ], [ -87.434298, 37.944379 ], [ -87.434756, 37.944296 ], [ -87.436585, 37.944163 ], [ -87.437479, 37.944114 ], [ -87.437984, 37.944183 ], [ -87.438366, 37.944131 ], [ -87.4389, 37.944013 ], [ -87.439211, 37.943907 ], [ -87.439369, 37.943853 ], [ -87.442647, 37.94307 ], [ -87.44378, 37.942917 ], [ -87.44444, 37.942793 ], [ -87.447791, 37.942124 ], [ -87.449131, 37.941854 ], [ -87.450295, 37.941272 ], [ -87.451219, 37.940808 ], [ -87.451856, 37.940489 ], [ -87.455549, 37.938794 ], [ -87.459808, 37.936451 ], [ -87.462089, 37.935475 ], [ -87.465018, 37.933766 ], [ -87.467068, 37.932322 ], [ -87.467519, 37.931993 ], [ -87.467968, 37.931631 ], [ -87.468343, 37.931307 ], [ -87.468837, 37.930867 ], [ -87.469248, 37.930703 ], [ -87.469305, 37.930681 ], [ -87.469328, 37.930664 ], [ -87.469306, 37.930506 ], [ -87.469266, 37.930264 ], [ -87.469295, 37.930077 ], [ -87.469696, 37.92988 ], [ -87.469937, 37.929797 ], [ -87.470578, 37.929731 ], [ -87.47074, 37.929646 ], [ -87.470789, 37.929611 ], [ -87.472982, 37.928471 ], [ -87.474697, 37.9275 ], [ -87.476349, 37.926529 ], [ -87.478991, 37.924729 ], [ -87.480767, 37.923581 ], [ -87.48302, 37.92181 ], [ -87.484149, 37.920903 ], [ -87.48529, 37.919985 ], [ -87.487502, 37.918082 ], [ -87.489973, 37.916311 ], [ -87.491745, 37.915023 ], [ -87.495856, 37.91182 ], [ -87.497631, 37.910699 ], [ -87.497672, 37.910678 ], [ -87.49784, 37.910583 ], [ -87.498637, 37.910165 ], [ -87.499949, 37.90951 ], [ -87.500017, 37.909511 ], [ -87.500114, 37.909512 ], [ -87.500202, 37.909476 ], [ -87.500508, 37.909267 ], [ -87.501073, 37.908985 ], [ -87.502028, 37.908616 ], [ -87.503467, 37.907893 ], [ -87.505215, 37.907264 ], [ -87.506364, 37.907035 ], [ -87.506538, 37.906677 ], [ -87.506807, 37.906621 ], [ -87.507013, 37.906584 ], [ -87.507305, 37.906494 ], [ -87.508162, 37.906475 ], [ -87.508781, 37.906253 ], [ -87.50972, 37.906028 ], [ -87.510567, 37.906081 ], [ -87.510881, 37.906148 ], [ -87.511018, 37.906192 ], [ -87.511477, 37.906478 ], [ -87.511643, 37.906621 ], [ -87.511901, 37.90683 ], [ -87.511907, 37.906918 ], [ -87.511935, 37.906973 ], [ -87.511958, 37.906997 ], [ -87.512087, 37.907084 ], [ -87.512356, 37.907266 ], [ -87.514755, 37.908893 ], [ -87.514851, 37.908958 ], [ -87.517903, 37.911082 ], [ -87.521999, 37.913308 ], [ -87.525848, 37.914464 ], [ -87.527916, 37.915107 ], [ -87.530085, 37.915782 ], [ -87.531767, 37.916303 ], [ -87.534685, 37.917662 ], [ -87.535553, 37.918068 ], [ -87.536951, 37.91872 ], [ -87.539908, 37.919957 ], [ -87.545458, 37.922492 ], [ -87.545527, 37.922524 ], [ -87.546004, 37.922742 ], [ -87.546039, 37.922756 ], [ -87.546051, 37.922763 ], [ -87.548244, 37.923764 ], [ -87.548498, 37.92388 ], [ -87.548701, 37.923973 ], [ -87.549359, 37.924334 ], [ -87.553434, 37.926568 ], [ -87.556045, 37.928168 ], [ -87.560896, 37.932113 ], [ -87.561923, 37.933143 ], [ -87.56207, 37.933291 ], [ -87.564664, 37.935834 ], [ -87.567023, 37.938738 ], [ -87.569084, 37.94156 ], [ -87.569837, 37.942965 ], [ -87.5716, 37.946253 ], [ -87.572646, 37.948206 ], [ -87.572792, 37.948477 ], [ -87.573103, 37.949782 ], [ -87.573151, 37.949982 ], [ -87.57321, 37.950227 ], [ -87.573273, 37.950425 ], [ -87.573553, 37.951662 ], [ -87.573567, 37.951722 ], [ -87.573959, 37.951716 ], [ -87.574444, 37.951707 ], [ -87.575011, 37.9517 ], [ -87.575359, 37.951696 ], [ -87.576017, 37.951684 ], [ -87.577511, 37.951661 ], [ -87.576988, 37.952287 ], [ -87.576532, 37.952958 ], [ -87.576174, 37.953644 ], [ -87.57588, 37.954206 ], [ -87.575697, 37.954495 ], [ -87.575433, 37.954911 ], [ -87.575141, 37.955489 ], [ -87.574894, 37.956521 ], [ -87.574677, 37.957431 ], [ -87.574513, 37.958296 ], [ -87.574436, 37.958999 ], [ -87.574418, 37.959455 ], [ -87.574233, 37.961146 ], [ -87.57426, 37.961594 ], [ -87.574297, 37.961998 ], [ -87.574404, 37.963577 ], [ -87.574614, 37.964573 ], [ -87.575046, 37.965909 ], [ -87.575253, 37.966414 ], [ -87.575354, 37.966661 ], [ -87.57552, 37.966996 ], [ -87.576637, 37.968784 ], [ -87.576888, 37.969134 ], [ -87.577809, 37.970198 ], [ -87.57823, 37.97054 ], [ -87.579579, 37.971499 ], [ -87.580095, 37.971817 ], [ -87.581971, 37.973033 ], [ -87.582936, 37.973586 ], [ -87.584923, 37.974531 ], [ -87.586032, 37.974949 ], [ -87.587408, 37.975276 ], [ -87.587922, 37.975292 ], [ -87.588129, 37.975299 ], [ -87.588404, 37.975308 ], [ -87.589564, 37.975345 ], [ -87.591731, 37.97532 ], [ -87.59316, 37.97527 ], [ -87.594844, 37.975109 ], [ -87.595405, 37.974983 ], [ -87.596078, 37.97472 ], [ -87.596257, 37.974635 ], [ -87.597764, 37.973897 ], [ -87.59869, 37.973383 ], [ -87.600101, 37.972507 ], [ -87.600767, 37.971968 ], [ -87.601391, 37.971306 ], [ -87.601732, 37.970775 ], [ -87.602285, 37.969751 ], [ -87.603155, 37.96765 ], [ -87.603368, 37.966931 ], [ -87.603403, 37.966814 ], [ -87.603462, 37.965824 ], [ -87.603444, 37.964705 ], [ -87.603321, 37.962827 ], [ -87.60335, 37.961389 ], [ -87.603465, 37.959898 ], [ -87.603494, 37.959707 ], [ -87.603784, 37.957778 ], [ -87.603905, 37.956987 ], [ -87.60418, 37.956001 ], [ -87.604451, 37.955526 ], [ -87.60478, 37.954948 ], [ -87.604907, 37.954518 ], [ -87.604886, 37.953679 ], [ -87.604942, 37.952584 ], [ -87.605033, 37.952131 ], [ -87.60513, 37.951861 ], [ -87.605541, 37.951046 ], [ -87.605378, 37.950886 ], [ -87.605435, 37.950686 ], [ -87.605498, 37.950468 ], [ -87.605521, 37.950399 ], [ -87.60559, 37.950144 ], [ -87.605653, 37.949976 ], [ -87.605704, 37.949847 ], [ -87.605813, 37.949611 ], [ -87.605865, 37.949545 ], [ -87.606037, 37.949234 ], [ -87.606209, 37.949 ], [ -87.606272, 37.948885 ], [ -87.606444, 37.948621 ], [ -87.60657, 37.948464 ], [ -87.60677, 37.948232 ], [ -87.607011, 37.947943 ], [ -87.607217, 37.947669 ], [ -87.607297, 37.947596 ], [ -87.607452, 37.947421 ], [ -87.607692, 37.947203 ], [ -87.607905, 37.946974 ], [ -87.607973, 37.946892 ], [ -87.608048, 37.946819 ], [ -87.608145, 37.946692 ], [ -87.608403, 37.946445 ], [ -87.608535, 37.946312 ], [ -87.608626, 37.946229 ], [ -87.608718, 37.946133 ], [ -87.609108, 37.945794 ], [ -87.60932, 37.945622 ], [ -87.60952, 37.945489 ], [ -87.609652, 37.945397 ], [ -87.609836, 37.945242 ], [ -87.610002, 37.945077 ], [ -87.610185, 37.944874 ], [ -87.610271, 37.944802 ], [ -87.610374, 37.944726 ], [ -87.610483, 37.944671 ], [ -87.610523, 37.944637 ], [ -87.61058, 37.944559 ], [ -87.610616, 37.944538 ], [ -87.610643, 37.944522 ], [ -87.610758, 37.944464 ], [ -87.610838, 37.944403 ], [ -87.610953, 37.944287 ], [ -87.611016, 37.944236 ], [ -87.611405, 37.943956 ], [ -87.611577, 37.943808 ], [ -87.611909, 37.94356 ], [ -87.612188, 37.943328 ], [ -87.612591, 37.94302 ], [ -87.612694, 37.942953 ], [ -87.612975, 37.942736 ], [ -87.613302, 37.942504 ], [ -87.613428, 37.942413 ], [ -87.613617, 37.942303 ], [ -87.613863, 37.942128 ], [ -87.613984, 37.942049 ], [ -87.614522, 37.94165 ], [ -87.614648, 37.941561 ], [ -87.614797, 37.941472 ], [ -87.614952, 37.941353 ], [ -87.615456, 37.941012 ], [ -87.6158, 37.940763 ], [ -87.616041, 37.940615 ], [ -87.61615, 37.940537 ], [ -87.616304, 37.940443 ], [ -87.616717, 37.940246 ], [ -87.616832, 37.940173 ], [ -87.617038, 37.940008 ], [ -87.617427, 37.939713 ], [ -87.617783, 37.939446 ], [ -87.617949, 37.939314 ], [ -87.618229, 37.939124 ], [ -87.618379, 37.939026 ], [ -87.618539, 37.938884 ], [ -87.619049, 37.938517 ], [ -87.619164, 37.938423 ], [ -87.619347, 37.938301 ], [ -87.619513, 37.938177 ], [ -87.619582, 37.938134 ], [ -87.620097, 37.937741 ], [ -87.620206, 37.937641 ], [ -87.620561, 37.937376 ], [ -87.621134, 37.936954 ], [ -87.621329, 37.936787 ], [ -87.62145, 37.936716 ], [ -87.621719, 37.936695 ], [ -87.621839, 37.936676 ], [ -87.622349, 37.936302 ], [ -87.622429, 37.936203 ], [ -87.622372, 37.936181 ], [ -87.622329, 37.936189 ], [ -87.622218, 37.936209 ], [ -87.621558, 37.936484 ], [ -87.621226, 37.936643 ], [ -87.620137, 37.937297 ], [ -87.619221, 37.937666 ], [ -87.618247, 37.938056 ], [ -87.617805, 37.93826 ], [ -87.617565, 37.938331 ], [ -87.617515, 37.938333 ], [ -87.617404, 37.93827 ], [ -87.617392, 37.938126 ], [ -87.617431, 37.937819 ], [ -87.617615, 37.937062 ], [ -87.617771, 37.936047 ], [ -87.618133, 37.935112 ], [ -87.618734, 37.933928 ], [ -87.619001, 37.933589 ], [ -87.619322, 37.933181 ], [ -87.620149, 37.932366 ], [ -87.620628, 37.931876 ], [ -87.620868, 37.931425 ], [ -87.622278, 37.931138 ], [ -87.623521, 37.930747 ], [ -87.623842, 37.930606 ], [ -87.623971, 37.930549 ], [ -87.624597, 37.930278 ], [ -87.625274, 37.929621 ], [ -87.625896, 37.928829 ], [ -87.626411, 37.927928 ], [ -87.626849, 37.926754 ], [ -87.627118, 37.925706 ], [ -87.627269, 37.924838 ], [ -87.627297, 37.92389 ], [ -87.627239, 37.922257 ], [ -87.627257, 37.921825 ], [ -87.627317, 37.920402 ], [ -87.626554, 37.918533 ], [ -87.625592, 37.916028 ], [ -87.625553, 37.915961 ], [ -87.625368, 37.915517 ], [ -87.625019, 37.914903 ], [ -87.625015, 37.914939 ], [ -87.624681, 37.914522 ], [ -87.624555, 37.914318 ], [ -87.624434, 37.91416 ], [ -87.623965, 37.913459 ], [ -87.623442, 37.912875 ], [ -87.622445, 37.912115 ], [ -87.622048, 37.911743 ], [ -87.621787, 37.911397 ], [ -87.621736, 37.911193 ], [ -87.621753, 37.910963 ], [ -87.621879, 37.910331 ], [ -87.621971, 37.909666 ], [ -87.621948, 37.909528 ], [ -87.621839, 37.90932 ], [ -87.621704, 37.90912 ], [ -87.621506, 37.908825 ], [ -87.621398, 37.908606 ], [ -87.620584, 37.907639 ], [ -87.620366, 37.907365 ], [ -87.620097, 37.907145 ], [ -87.619824, 37.906846 ], [ -87.6195, 37.906569 ], [ -87.618933, 37.906128 ], [ -87.618153, 37.905522 ], [ -87.614329, 37.902968 ], [ -87.613059, 37.902164 ], [ -87.612479, 37.901817 ], [ -87.612321, 37.901748 ], [ -87.611284, 37.90115 ], [ -87.610975, 37.90099 ], [ -87.61024, 37.900514 ], [ -87.609949, 37.900326 ], [ -87.609663, 37.900194 ], [ -87.609072, 37.899986 ], [ -87.608265, 37.899656 ], [ -87.607862, 37.899443 ], [ -87.606918, 37.898997 ], [ -87.605841, 37.898327 ], [ -87.605279, 37.897998 ], [ -87.604391, 37.89741 ], [ -87.603835, 37.897009 ], [ -87.603532, 37.89685 ], [ -87.602798, 37.896427 ], [ -87.602351, 37.896202 ], [ -87.601985, 37.89595 ], [ -87.601887, 37.895867 ], [ -87.601646, 37.89573 ], [ -87.601165, 37.895313 ], [ -87.60069, 37.895011 ], [ -87.600145, 37.894687 ], [ -87.599607, 37.894308 ], [ -87.599108, 37.893994 ], [ -87.598919, 37.893797 ], [ -87.598484, 37.893539 ], [ -87.59802, 37.893165 ], [ -87.597252, 37.892726 ], [ -87.596513, 37.892364 ], [ -87.595888, 37.892001 ], [ -87.594839, 37.891177 ], [ -87.594284, 37.890782 ], [ -87.593757, 37.890442 ], [ -87.592943, 37.889837 ], [ -87.592697, 37.889623 ], [ -87.592038, 37.88886 ], [ -87.591993, 37.888725 ], [ -87.591934, 37.888716 ], [ -87.590789, 37.888016 ], [ -87.589159, 37.886339 ], [ -87.58903, 37.886244 ], [ -87.587141, 37.884858 ], [ -87.586708, 37.884262 ], [ -87.58499, 37.881179 ], [ -87.584254, 37.879459 ], [ -87.584126, 37.879118 ], [ -87.583992, 37.878759 ], [ -87.583737, 37.87808 ], [ -87.583914, 37.876567 ], [ -87.584005, 37.875783 ], [ -87.583916, 37.874999 ], [ -87.58391, 37.874936 ], [ -87.583807, 37.874055 ], [ -87.583925, 37.872485 ], [ -87.584579, 37.872485 ], [ -87.586304, 37.872493 ], [ -87.586392, 37.870542 ], [ -87.587531, 37.869462 ], [ -87.588036, 37.868984 ], [ -87.588085, 37.86748 ], [ -87.588932, 37.864646 ], [ -87.588994, 37.864436 ], [ -87.589202, 37.863745 ], [ -87.590255, 37.863453 ], [ -87.591115, 37.862134 ], [ -87.591432, 37.860754 ], [ -87.591457, 37.860369 ], [ -87.591197, 37.859658 ], [ -87.591183, 37.859643 ], [ -87.590267, 37.85859 ], [ -87.591589, 37.856993 ], [ -87.592104, 37.85637 ], [ -87.593366, 37.855043 ], [ -87.593996, 37.854378 ], [ -87.594254, 37.854081 ], [ -87.594741, 37.853389 ], [ -87.595131, 37.852664 ], [ -87.595371, 37.852084 ], [ -87.595572, 37.851773 ], [ -87.595841, 37.8514 ], [ -87.596065, 37.851026 ], [ -87.596368, 37.850427 ], [ -87.596735, 37.849515 ], [ -87.59693, 37.849064 ], [ -87.597094, 37.848731 ], [ -87.597101, 37.848713 ], [ -87.597159, 37.848598 ], [ -87.597415, 37.848221 ], [ -87.597532, 37.848047 ], [ -87.597841, 37.847652 ], [ -87.598122, 37.847372 ], [ -87.598557, 37.847009 ], [ -87.599113, 37.846673 ], [ -87.599188, 37.846622 ], [ -87.600385, 37.845794 ], [ -87.600654, 37.845596 ], [ -87.60078, 37.845481 ], [ -87.600832, 37.845372 ], [ -87.600918, 37.84509 ], [ -87.601348, 37.844556 ], [ -87.601445, 37.844428 ], [ -87.601767, 37.844347 ], [ -87.60216, 37.843852 ], [ -87.603261, 37.842469 ], [ -87.603721, 37.841908 ], [ -87.604216, 37.841304 ], [ -87.605278, 37.840151 ], [ -87.606553, 37.838696 ], [ -87.607164, 37.838176 ], [ -87.607711, 37.837714 ], [ -87.609269, 37.836816 ], [ -87.609886, 37.836331 ], [ -87.610114, 37.836055 ], [ -87.610502, 37.835489 ], [ -87.61051, 37.835481 ], [ -87.610584, 37.835356 ], [ -87.610997, 37.834933 ], [ -87.611352, 37.834631 ], [ -87.611747, 37.834246 ], [ -87.61224, 37.833773 ], [ -87.612446, 37.833608 ], [ -87.613254, 37.833091 ], [ -87.613879, 37.832674 ], [ -87.614452, 37.832448 ], [ -87.614669, 37.832333 ], [ -87.614944, 37.832126 ], [ -87.615093, 37.832014 ], [ -87.615345, 37.831882 ], [ -87.616256, 37.831574 ], [ -87.617259, 37.831184 ], [ -87.617597, 37.831095 ], [ -87.618812, 37.830979 ], [ -87.61915, 37.830886 ], [ -87.619516, 37.830721 ], [ -87.619838, 37.830556 ], [ -87.620577, 37.830264 ], [ -87.620989, 37.830143 ], [ -87.621442, 37.830038 ], [ -87.621894, 37.829978 ], [ -87.622977, 37.829724 ], [ -87.62347, 37.829598 ], [ -87.624481, 37.829424 ], [ -87.624571, 37.829394 ], [ -87.625012, 37.829229 ], [ -87.625665, 37.829016 ], [ -87.627275, 37.828671 ], [ -87.62873, 37.82844 ], [ -87.629177, 37.828391 ], [ -87.629928, 37.828271 ], [ -87.630191, 37.828243 ], [ -87.63073, 37.828128 ], [ -87.631062, 37.82804 ], [ -87.632787, 37.827777 ], [ -87.6336, 37.82764 ], [ -87.634208, 37.827509 ], [ -87.634402, 37.827483 ], [ -87.635268, 37.827366 ], [ -87.635703, 37.827251 ], [ -87.635995, 37.827224 ], [ -87.636516, 37.827141 ], [ -87.636833, 37.827091 ], [ -87.637245, 37.826972 ], [ -87.637383, 37.826947 ], [ -87.638116, 37.826829 ], [ -87.64031, 37.826528 ], [ -87.640711, 37.82644 ], [ -87.641525, 37.826396 ], [ -87.643089, 37.826276 ], [ -87.643754, 37.826243 ], [ -87.644161, 37.826189 ], [ -87.645026, 37.826216 ], [ -87.645879, 37.82614 ], [ -87.646177, 37.826134 ], [ -87.646962, 37.826119 ], [ -87.648945, 37.826168 ], [ -87.649117, 37.826157 ], [ -87.649352, 37.826108 ], [ -87.649678, 37.826136 ], [ -87.650406, 37.826141 ], [ -87.65181, 37.826049 ], [ -87.653099, 37.826038 ], [ -87.653838, 37.826087 ], [ -87.657374, 37.82644 ], [ -87.658462, 37.826616 ], [ -87.658972, 37.826704 ], [ -87.66092, 37.826908 ], [ -87.661631, 37.827029 ], [ -87.66245, 37.827095 ], [ -87.663573, 37.827155 ], [ -87.664948, 37.82732 ], [ -87.66661, 37.827398 ], [ -87.667641, 37.827563 ], [ -87.668347, 37.827719 ], [ -87.669214, 37.827787 ], [ -87.670344, 37.827962 ], [ -87.671343, 37.828412 ], [ -87.672428, 37.828889 ], [ -87.673763, 37.829623 ], [ -87.674699, 37.830915 ], [ -87.675996, 37.832196 ], [ -87.676767, 37.833078 ], [ -87.67772, 37.834157 ], [ -87.678184, 37.834872 ], [ -87.678941, 37.835965 ], [ -87.679256, 37.836344 ], [ -87.679347, 37.836432 ], [ -87.679411, 37.836525 ], [ -87.679548, 37.836943 ], [ -87.6796, 37.837185 ], [ -87.679627, 37.837738 ], [ -87.679652, 37.837934 ], [ -87.679686, 37.838177 ], [ -87.680597, 37.840025 ], [ -87.680646, 37.840208 ], [ -87.680863, 37.840953 ], [ -87.680934, 37.841657 ], [ -87.680841, 37.843157 ], [ -87.680871, 37.843688 ], [ -87.680999, 37.84455 ], [ -87.681309, 37.845232 ], [ -87.681783, 37.845975 ], [ -87.681955, 37.846305 ], [ -87.682052, 37.846536 ], [ -87.682098, 37.846783 ], [ -87.682127, 37.847305 ], [ -87.682085, 37.847599 ], [ -87.681871, 37.848568 ], [ -87.681478, 37.850487 ], [ -87.681382, 37.851201 ], [ -87.681602, 37.854243 ], [ -87.681736, 37.855407 ], [ -87.681684, 37.856273 ], [ -87.681375, 37.857025 ], [ -87.680815, 37.85797 ], [ -87.679967, 37.858989 ], [ -87.678669, 37.860173 ], [ -87.678297, 37.860601 ], [ -87.677793, 37.86118 ], [ -87.677483, 37.861831 ], [ -87.677141, 37.862829 ], [ -87.676767, 37.863872 ], [ -87.676329, 37.86464 ], [ -87.675642, 37.865544 ], [ -87.674679, 37.866695 ], [ -87.674552, 37.867397 ], [ -87.674501, 37.867556 ], [ -87.67442, 37.867694 ], [ -87.673859, 37.86843 ], [ -87.673498, 37.869117 ], [ -87.673127, 37.869618 ], [ -87.672805, 37.86999 ], [ -87.672484, 37.870501 ], [ -87.672266, 37.871045 ], [ -87.671957, 37.871348 ], [ -87.671836, 37.871501 ], [ -87.671704, 37.871732 ], [ -87.671555, 37.871902 ], [ -87.671429, 37.872172 ], [ -87.671143, 37.87249 ], [ -87.670954, 37.872815 ], [ -87.670169, 37.874237 ], [ -87.669877, 37.874841 ], [ -87.669699, 37.875039 ], [ -87.669665, 37.875074 ], [ -87.669292, 37.87533 ], [ -87.668937, 37.876083 ], [ -87.668828, 37.876368 ], [ -87.668359, 37.877319 ], [ -87.6679, 37.87805 ], [ -87.666817, 37.879851 ], [ -87.666714, 37.880038 ], [ -87.666475, 37.88072 ], [ -87.666431, 37.880851 ], [ -87.666403, 37.880943 ], [ -87.666267, 37.881368 ], [ -87.665986, 37.88201 ], [ -87.665746, 37.882774 ], [ -87.665138, 37.884378 ], [ -87.66507, 37.884653 ], [ -87.665052, 37.884692 ], [ -87.665024, 37.88512 ], [ -87.664858, 37.885576 ], [ -87.664777, 37.885802 ], [ -87.664577, 37.886219 ], [ -87.664473, 37.886503 ], [ -87.664382, 37.886736 ], [ -87.664153, 37.887093 ], [ -87.664055, 37.88734 ], [ -87.664033, 37.887477 ], [ -87.664101, 37.888076 ], [ -87.664182, 37.888318 ], [ -87.664331, 37.88907 ], [ -87.664376, 37.88973 ], [ -87.66464, 37.891048 ], [ -87.664829, 37.891719 ], [ -87.664852, 37.891796 ], [ -87.664972, 37.891884 ], [ -87.664995, 37.891994 ], [ -87.664978, 37.892153 ], [ -87.664944, 37.892241 ], [ -87.665259, 37.892851 ], [ -87.665373, 37.893241 ], [ -87.665373, 37.893351 ], [ -87.665517, 37.893576 ], [ -87.665706, 37.8939 ], [ -87.666267, 37.894642 ], [ -87.66664, 37.895263 ], [ -87.666697, 37.895461 ], [ -87.66684, 37.895763 ], [ -87.667677, 37.896593 ], [ -87.667792, 37.896758 ], [ -87.668204, 37.897021 ], [ -87.668571, 37.89734 ], [ -87.668645, 37.897456 ], [ -87.669086, 37.89784 ], [ -87.669327, 37.898159 ], [ -87.669436, 37.898197 ], [ -87.669992, 37.898549 ], [ -87.670502, 37.898983 ], [ -87.671476, 37.899598 ], [ -87.671625, 37.89967 ], [ -87.671762, 37.899802 ], [ -87.672152, 37.900022 ], [ -87.672352, 37.900187 ], [ -87.673928, 37.901159 ], [ -87.674415, 37.901396 ], [ -87.675011, 37.901643 ], [ -87.675785, 37.90188 ], [ -87.676541, 37.902039 ], [ -87.678077, 37.902616 ], [ -87.678982, 37.902896 ], [ -87.679131, 37.902951 ], [ -87.679406, 37.903006 ], [ -87.679956, 37.90322 ], [ -87.680357, 37.903253 ], [ -87.680798, 37.903374 ], [ -87.682443, 37.903616 ], [ -87.6834, 37.903599 ], [ -87.68405, 37.903628 ], [ -87.684167, 37.903633 ], [ -87.684204, 37.903637 ], [ -87.684414, 37.903665 ], [ -87.684488, 37.903649 ], [ -87.684632, 37.903528 ], [ -87.684653, 37.903521 ], [ -87.684975, 37.903413 ], [ -87.685084, 37.903336 ], [ -87.685686, 37.903204 ], [ -87.686476, 37.902995 ], [ -87.687049, 37.90305 ], [ -87.68713, 37.903039 ], [ -87.687686, 37.902825 ], [ -87.688178, 37.902698 ], [ -87.688344, 37.902577 ], [ -87.688723, 37.902473 ], [ -87.689101, 37.902259 ], [ -87.689296, 37.902116 ], [ -87.689407, 37.902066 ], [ -87.689989, 37.901833 ], [ -87.690224, 37.901638 ], [ -87.690499, 37.901479 ], [ -87.690802, 37.901325 ], [ -87.691158, 37.901121 ], [ -87.691438, 37.901 ], [ -87.691496, 37.900935 ], [ -87.691605, 37.900875 ], [ -87.691794, 37.900814 ], [ -87.692728, 37.900298 ], [ -87.693026, 37.900204 ], [ -87.694429, 37.89961 ], [ -87.694744, 37.899462 ], [ -87.695128, 37.899231 ], [ -87.695908, 37.898858 ], [ -87.69679, 37.898523 ], [ -87.697203, 37.898407 ], [ -87.697965, 37.898281 ], [ -87.699023, 37.897884 ], [ -87.699499, 37.897774 ], [ -87.699661, 37.897736 ], [ -87.700786, 37.89742 ], [ -87.700852, 37.897401 ], [ -87.701924, 37.897038 ], [ -87.70327, 37.89656 ], [ -87.703832, 37.896434 ], [ -87.703964, 37.896384 ], [ -87.704032, 37.896335 ], [ -87.704187, 37.896269 ], [ -87.705585, 37.895824 ], [ -87.705803, 37.895774 ], [ -87.706267, 37.895527 ], [ -87.706714, 37.895351 ], [ -87.707069, 37.895274 ], [ -87.707533, 37.895043 ], [ -87.707917, 37.8949 ], [ -87.708135, 37.894845 ], [ -87.708336, 37.894686 ], [ -87.709888, 37.894213 ], [ -87.710763, 37.893914 ], [ -87.711332, 37.893779 ], [ -87.711567, 37.893707 ], [ -87.712398, 37.893559 ], [ -87.712696, 37.89346 ], [ -87.713412, 37.893284 ], [ -87.714094, 37.893206 ], [ -87.714231, 37.893212 ], [ -87.715223, 37.893036 ], [ -87.715238, 37.893035 ], [ -87.715418, 37.89302 ], [ -87.715876, 37.892899 ], [ -87.716162, 37.892882 ], [ -87.716854, 37.892787 ], [ -87.718208, 37.892601 ], [ -87.718752, 37.892541 ], [ -87.719572, 37.892491 ], [ -87.720374, 37.892392 ], [ -87.722729, 37.892336 ], [ -87.723967, 37.892358 ], [ -87.724986, 37.892473 ], [ -87.725863, 37.89255 ], [ -87.727106, 37.892829 ], [ -87.727832, 37.892963 ], [ -87.728441, 37.893076 ], [ -87.730579, 37.893586 ], [ -87.731604, 37.893872 ], [ -87.731965, 37.893943 ], [ -87.733587, 37.89433 ], [ -87.73565, 37.894623 ], [ -87.737133, 37.894694 ], [ -87.737351, 37.894732 ], [ -87.738125, 37.894698 ], [ -87.738772, 37.894622 ], [ -87.739351, 37.894594 ], [ -87.739718, 37.8945 ], [ -87.741116, 37.894439 ], [ -87.742086, 37.89424 ], [ -87.742262, 37.894202 ], [ -87.742497, 37.894136 ], [ -87.742697, 37.894054 ], [ -87.742903, 37.893993 ], [ -87.743219, 37.893927 ], [ -87.743643, 37.893905 ], [ -87.7439, 37.893911 ], [ -87.744221, 37.893888 ], [ -87.745029, 37.893783 ], [ -87.746565, 37.89353 ], [ -87.748238, 37.893331 ], [ -87.749882, 37.893017 ], [ -87.75002, 37.892901 ], [ -87.750031, 37.892898 ], [ -87.753641, 37.892438 ], [ -87.754317, 37.892361 ], [ -87.75474, 37.892321 ], [ -87.755762, 37.892245 ], [ -87.755904, 37.892163 ], [ -87.755971, 37.892153 ], [ -87.756227, 37.892115 ], [ -87.756429, 37.892086 ], [ -87.756867, 37.892008 ], [ -87.757194, 37.891966 ], [ -87.757681, 37.891938 ], [ -87.757944, 37.891909 ], [ -87.758128, 37.891883 ], [ -87.758528, 37.891802 ], [ -87.758821, 37.891751 ], [ -87.759239, 37.891662 ], [ -87.759904, 37.891479 ], [ -87.760041, 37.89144 ], [ -87.760162, 37.891392 ], [ -87.760591, 37.891276 ], [ -87.760884, 37.891197 ], [ -87.760992, 37.891154 ], [ -87.761743, 37.890914 ], [ -87.761966, 37.890856 ], [ -87.762266, 37.890762 ], [ -87.762333, 37.890746 ], [ -87.762419, 37.890739 ], [ -87.762591, 37.890739 ], [ -87.763774, 37.890229 ], [ -87.764191, 37.89002 ], [ -87.766293, 37.888871 ], [ -87.768246, 37.887788 ], [ -87.76922, 37.887302 ], [ -87.76978, 37.887023 ], [ -87.770609, 37.886597 ], [ -87.771229, 37.886085 ], [ -87.771612, 37.885809 ], [ -87.774397, 37.883802 ], [ -87.777262, 37.881877 ], [ -87.779414, 37.880396 ], [ -87.780021, 37.879954 ], [ -87.781127, 37.879191 ], [ -87.782771, 37.878164 ], [ -87.783447, 37.877785 ], [ -87.784358, 37.877423 ], [ -87.78457, 37.877319 ], [ -87.786253, 37.87675 ], [ -87.786696, 37.876587 ], [ -87.786916, 37.876542 ], [ -87.787727, 37.876314 ], [ -87.789017, 37.876093 ], [ -87.789527, 37.875996 ], [ -87.790287, 37.875862 ], [ -87.791429, 37.875661 ], [ -87.79194, 37.875603 ], [ -87.792101, 37.875576 ], [ -87.794177, 37.875356 ], [ -87.796013, 37.875315 ], [ -87.79736, 37.875396 ], [ -87.799234, 37.87568 ], [ -87.800287, 37.875664 ], [ -87.801629, 37.875493 ], [ -87.804187, 37.875277 ], [ -87.804535, 37.87528 ], [ -87.807541, 37.875234 ], [ -87.808355, 37.875251 ], [ -87.808678, 37.875285 ], [ -87.809005, 37.875308 ], [ -87.810165, 37.875371 ], [ -87.810813, 37.875394 ], [ -87.812068, 37.875449 ], [ -87.812366, 37.875481 ], [ -87.812772, 37.875487 ], [ -87.813309, 37.875536 ], [ -87.815729, 37.875592 ], [ -87.815812, 37.87559 ], [ -87.817873, 37.875645 ], [ -87.819503, 37.875708 ], [ -87.820307, 37.87578 ], [ -87.820634, 37.875789 ], [ -87.821283, 37.875856 ], [ -87.821923, 37.875899 ], [ -87.82335, 37.876075 ], [ -87.824466, 37.876247 ], [ -87.825069, 37.876338 ], [ -87.825441, 37.876377 ], [ -87.826129, 37.87647 ], [ -87.828231, 37.876469 ], [ -87.829246, 37.876414 ], [ -87.829773, 37.876425 ], [ -87.830139, 37.876486 ], [ -87.830391, 37.876568 ], [ -87.830928, 37.876734 ], [ -87.832719, 37.877075 ], [ -87.833188, 37.877183 ], [ -87.833337, 37.877238 ], [ -87.833881, 37.877524 ], [ -87.83446, 37.877881 ], [ -87.836075, 37.878737 ], [ -87.836218, 37.87882 ], [ -87.836755, 37.8791 ], [ -87.83725, 37.87933 ], [ -87.837749, 37.879572 ], [ -87.838425, 37.879907 ], [ -87.83886, 37.880171 ], [ -87.839668, 37.88078 ], [ -87.840138, 37.88127 ], [ -87.840621, 37.881832 ], [ -87.841062, 37.882367 ], [ -87.841192, 37.882549 ], [ -87.841427, 37.883065 ], [ -87.841559, 37.88378 ], [ -87.844185, 37.885475 ], [ -87.844436, 37.885898 ], [ -87.844681, 37.886243 ], [ -87.84486, 37.886415 ], [ -87.846443, 37.887992 ], [ -87.846526, 37.890046 ], [ -87.846575, 37.891274 ], [ -87.846489, 37.893534 ], [ -87.847793, 37.894608 ], [ -87.850813, 37.896562 ], [ -87.853225, 37.898306 ], [ -87.853966, 37.898844 ], [ -87.854397, 37.899162 ], [ -87.854812, 37.899374 ], [ -87.855397, 37.899616 ], [ -87.856545, 37.900093 ], [ -87.856787, 37.900193 ], [ -87.857276, 37.900897 ], [ -87.857878, 37.901776 ], [ -87.858451, 37.902756 ], [ -87.859167, 37.904173 ], [ -87.859453, 37.904956 ], [ -87.859478, 37.90519 ], [ -87.859863, 37.905996 ], [ -87.859963, 37.906163 ], [ -87.860318, 37.906921 ], [ -87.860565, 37.907278 ], [ -87.860662, 37.907437 ], [ -87.860897, 37.90803 ], [ -87.861224, 37.908695 ], [ -87.861459, 37.908964 ], [ -87.861659, 37.909475 ], [ -87.861831, 37.909843 ], [ -87.862077, 37.90975 ], [ -87.862278, 37.910112 ], [ -87.862645, 37.910848 ], [ -87.862977, 37.911381 ], [ -87.863785, 37.912397 ], [ -87.864089, 37.912677 ], [ -87.864438, 37.913072 ], [ -87.865275, 37.914039 ], [ -87.866094, 37.915171 ], [ -87.866461, 37.915549 ], [ -87.866639, 37.915681 ], [ -87.867206, 37.916203 ], [ -87.867996, 37.916823 ], [ -87.868976, 37.917526 ], [ -87.869476, 37.917881 ], [ -87.869778, 37.918108 ], [ -87.870294, 37.91847 ], [ -87.871217, 37.91936 ], [ -87.871738, 37.91981 ], [ -87.87209, 37.920142 ], [ -87.872987, 37.92098 ], [ -87.873165, 37.921134 ], [ -87.873537, 37.921507 ], [ -87.873887, 37.921864 ], [ -87.874998, 37.922759 ], [ -87.875025, 37.922864 ], [ -87.87513, 37.922865 ], [ -87.876333, 37.923579 ], [ -87.876735, 37.923816 ], [ -87.877376, 37.924152 ], [ -87.877605, 37.924278 ], [ -87.878385, 37.924723 ], [ -87.879582, 37.925224 ], [ -87.882802, 37.926198 ], [ -87.883633, 37.926358 ], [ -87.885043, 37.926551 ], [ -87.885913, 37.926677 ], [ -87.887117, 37.926897 ], [ -87.887845, 37.927085 ], [ -87.888443, 37.927194 ], [ -87.88875, 37.92725 ], [ -87.889277, 37.927338 ], [ -87.891718, 37.927856 ], [ -87.892257, 37.927921 ], [ -87.893637, 37.928049 ], [ -87.894383, 37.928059 ], [ -87.895379, 37.928016 ], [ -87.896892, 37.927859 ], [ -87.898112, 37.927588 ], [ -87.899384, 37.927221 ], [ -87.900502, 37.926809 ], [ -87.901694, 37.926371 ], [ -87.902704, 37.926019 ], [ -87.903864, 37.925537 ], [ -87.904137, 37.925378 ], [ -87.904467, 37.925179 ], [ -87.904856, 37.924855 ], [ -87.905504, 37.924174 ], [ -87.905888, 37.923811 ], [ -87.90634, 37.923471 ], [ -87.906634, 37.923238 ], [ -87.906701, 37.923185 ], [ -87.90712, 37.922822 ], [ -87.907447, 37.922568 ], [ -87.908082, 37.922076 ], [ -87.908351, 37.921889 ], [ -87.908586, 37.921691 ], [ -87.908924, 37.921329 ], [ -87.909692, 37.920422 ], [ -87.910036, 37.920065 ], [ -87.910385, 37.919592 ], [ -87.910913, 37.919192 ], [ -87.911463, 37.918791 ], [ -87.911824, 37.918362 ], [ -87.912007, 37.917984 ], [ -87.91207, 37.917753 ], [ -87.912104, 37.917643 ], [ -87.912265, 37.917472 ], [ -87.912591, 37.917225 ], [ -87.913256, 37.916401 ], [ -87.913583, 37.916077 ], [ -87.913877, 37.915837 ], [ -87.914637, 37.915215 ], [ -87.915084, 37.914819 ], [ -87.915657, 37.914375 ], [ -87.916104, 37.913935 ], [ -87.916677, 37.913237 ], [ -87.917811, 37.911985 ], [ -87.919075, 37.910692 ], [ -87.920087, 37.909495 ], [ -87.92241, 37.907192 ], [ -87.922776, 37.906693 ], [ -87.923196, 37.90605 ], [ -87.923227, 37.906023 ], [ -87.923724, 37.905541 ], [ -87.923936, 37.905184 ], [ -87.924143, 37.904663 ], [ -87.924452, 37.904228 ], [ -87.925008, 37.903564 ], [ -87.925506, 37.903086 ], [ -87.925885, 37.902778 ], [ -87.92687, 37.901954 ], [ -87.92706, 37.901675 ], [ -87.927185, 37.901454 ], [ -87.927397, 37.901239 ], [ -87.927672, 37.901014 ], [ -87.927827, 37.900878 ], [ -87.928274, 37.900537 ], [ -87.929339, 37.899625 ], [ -87.930027, 37.899065 ], [ -87.931162, 37.898224 ], [ -87.931706, 37.89779 ], [ -87.932445, 37.897125 ], [ -87.933259, 37.896466 ], [ -87.933505, 37.896208 ], [ -87.933643, 37.895966 ], [ -87.933769, 37.895631 ], [ -87.9339, 37.895378 ], [ -87.934084, 37.895147 ], [ -87.9357, 37.893807 ], [ -87.936307, 37.893219 ], [ -87.9368, 37.892603 ], [ -87.937204, 37.892181 ], [ -87.93731, 37.892071 ], [ -87.938163, 37.89106 ], [ -87.938484, 37.890604 ], [ -87.938839, 37.889956 ], [ -87.939424, 37.888879 ], [ -87.94006, 37.887599 ], [ -87.940444, 37.886203 ], [ -87.940564, 37.885687 ], [ -87.940742, 37.8845 ], [ -87.940805, 37.88289 ], [ -87.940805, 37.882033 ], [ -87.94077, 37.881621 ], [ -87.94077, 37.881176 ], [ -87.940879, 37.880127 ], [ -87.940977, 37.879473 ], [ -87.940942, 37.878968 ], [ -87.940765, 37.87789 ], [ -87.940478, 37.876935 ], [ -87.940369, 37.876445 ], [ -87.939917, 37.875067 ], [ -87.940002, 37.875041 ], [ -87.939865, 37.87443 ], [ -87.939561, 37.873501 ], [ -87.939143, 37.87249 ], [ -87.938811, 37.87176 ], [ -87.937986, 37.870287 ], [ -87.93688, 37.868716 ], [ -87.935562, 37.867106 ], [ -87.935258, 37.866771 ], [ -87.934926, 37.866425 ], [ -87.93424, 37.865807 ], [ -87.933695, 37.865418 ], [ -87.933173, 37.86504 ], [ -87.932777, 37.864634 ], [ -87.93256, 37.864288 ], [ -87.932111, 37.863699 ], [ -87.93181, 37.863346 ], [ -87.93062, 37.862001 ], [ -87.930211, 37.861575 ], [ -87.929786, 37.861107 ], [ -87.928887, 37.860134 ], [ -87.927895, 37.85915 ], [ -87.927724, 37.858991 ], [ -87.927563, 37.858887 ], [ -87.927019, 37.858403 ], [ -87.925924, 37.857304 ], [ -87.925443, 37.856898 ], [ -87.924996, 37.856596 ], [ -87.924532, 37.856475 ], [ -87.924303, 37.856381 ], [ -87.922303, 37.854914 ], [ -87.922097, 37.854771 ], [ -87.921472, 37.854579 ], [ -87.921077, 37.854375 ], [ -87.920779, 37.854172 ], [ -87.920515, 37.853969 ], [ -87.919667, 37.853117 ], [ -87.919553, 37.853032 ], [ -87.919095, 37.852703 ], [ -87.91886, 37.852524 ], [ -87.91847, 37.852348 ], [ -87.917398, 37.851727 ], [ -87.916534, 37.851125 ], [ -87.916517, 37.851115 ], [ -87.915703, 37.850365 ], [ -87.915198, 37.849804 ], [ -87.914872, 37.849359 ], [ -87.914201, 37.848622 ], [ -87.913806, 37.848265 ], [ -87.913422, 37.847765 ], [ -87.913124, 37.847215 ], [ -87.912981, 37.84683 ], [ -87.912837, 37.846539 ], [ -87.912528, 37.846017 ], [ -87.912213, 37.8456 ], [ -87.911726, 37.845078 ], [ -87.911159, 37.844567 ], [ -87.910631, 37.844127 ], [ -87.910523, 37.843977 ], [ -87.910362, 37.843748 ], [ -87.91015, 37.843281 ], [ -87.909967, 37.843028 ], [ -87.909898, 37.842385 ], [ -87.909955, 37.84172 ], [ -87.910179, 37.840737 ], [ -87.910184, 37.840028 ], [ -87.909858, 37.839385 ], [ -87.90953, 37.839088 ], [ -87.909114, 37.838832 ], [ -87.908596, 37.838599 ], [ -87.908088, 37.838224 ], [ -87.907921, 37.838033 ], [ -87.907767, 37.837803 ], [ -87.907747, 37.837413 ], [ -87.907669, 37.836858 ], [ -87.907656, 37.834832 ], [ -87.907586, 37.834129 ], [ -87.907505, 37.833308 ], [ -87.907154, 37.831201 ], [ -87.906873, 37.830292 ], [ -87.906661, 37.829743 ], [ -87.906082, 37.827754 ], [ -87.906019, 37.827655 ], [ -87.905835, 37.827221 ], [ -87.90528, 37.826028 ], [ -87.905142, 37.825418 ], [ -87.905085, 37.824687 ], [ -87.90505, 37.823874 ], [ -87.905056, 37.823188 ], [ -87.90489, 37.822545 ], [ -87.904712, 37.8211 ], [ -87.904483, 37.820358 ], [ -87.904272, 37.81944 ], [ -87.904063, 37.818943 ], [ -87.903782, 37.817674 ], [ -87.903647, 37.816785 ], [ -87.903724, 37.81607 ], [ -87.903893, 37.815152 ], [ -87.904088, 37.814272 ], [ -87.904203, 37.813162 ], [ -87.9043, 37.812856 ], [ -87.90441, 37.81251 ], [ -87.904965, 37.811635 ], [ -87.905428, 37.810877 ], [ -87.906056, 37.809453 ], [ -87.906584, 37.808209 ], [ -87.906939, 37.807593 ], [ -87.907375, 37.807129 ], [ -87.907848, 37.80684 ], [ -87.909178, 37.806181 ], [ -87.911615, 37.804946 ], [ -87.913666, 37.80397 ], [ -87.915382, 37.80333 ], [ -87.918553, 37.802326 ], [ -87.919279, 37.802089 ], [ -87.920079, 37.801829 ], [ -87.921924, 37.801213 ], [ -87.923579, 37.800754 ], [ -87.927095, 37.799996 ], [ -87.928416, 37.799619 ], [ -87.929877, 37.798995 ], [ -87.930926, 37.798573 ], [ -87.931522, 37.798276 ], [ -87.93386, 37.796606 ], [ -87.934129, 37.796414 ], [ -87.934496, 37.796079 ], [ -87.934645, 37.795842 ], [ -87.934845, 37.795359 ], [ -87.934925, 37.794946 ], [ -87.934931, 37.794441 ], [ -87.934794, 37.793518 ], [ -87.934696, 37.793057 ], [ -87.934524, 37.792419 ], [ -87.93453, 37.792244 ], [ -87.934794, 37.79154 ], [ -87.934943, 37.791211 ], [ -87.935413, 37.790337 ], [ -87.935756, 37.789925 ], [ -87.936031, 37.789667 ], [ -87.937561, 37.788552 ], [ -87.938318, 37.788024 ], [ -87.938604, 37.787629 ], [ -87.938713, 37.787332 ], [ -87.93877, 37.787073 ], [ -87.938994, 37.786491 ], [ -87.939183, 37.785634 ], [ -87.939486, 37.784849 ], [ -87.939698, 37.784255 ], [ -87.940042, 37.783777 ], [ -87.940392, 37.783315 ], [ -87.940601, 37.782799 ], [ -87.940821, 37.782255 ], [ -87.940976, 37.782014 ], [ -87.941349, 37.781519 ], [ -87.941486, 37.781376 ], [ -87.941618, 37.781129 ], [ -87.942008, 37.780327 ], [ -87.94242, 37.779376 ], [ -87.943251, 37.777695 ], [ -87.943673, 37.776796 ], [ -87.943835, 37.776453 ], [ -87.944855, 37.77481 ], [ -87.94509, 37.774569 ], [ -87.945187, 37.774398 ], [ -87.945543, 37.773931 ], [ -87.945944, 37.77358 ], [ -87.946213, 37.77342 ], [ -87.947204, 37.773168 ], [ -87.947479, 37.773047 ], [ -87.947915, 37.772777 ], [ -87.948935, 37.7722 ], [ -87.949267, 37.772101 ], [ -87.950115, 37.771909 ], [ -87.950929, 37.771777 ], [ -87.95184, 37.771695 ], [ -87.952739, 37.771672 ], [ -87.953198, 37.771706 ], [ -87.953673, 37.771766 ], [ -87.955089, 37.772029 ], [ -87.958561, 37.772704 ], [ -87.959065, 37.772803 ], [ -87.959495, 37.772957 ], [ -87.959833, 37.773133 ], [ -87.959951, 37.773232 ], [ -87.959973, 37.773244 ], [ -87.96078, 37.774071 ], [ -87.961916, 37.775211 ], [ -87.96307, 37.776055 ], [ -87.963798, 37.776629 ], [ -87.965608, 37.778115 ], [ -87.966762, 37.779328 ], [ -87.967659, 37.7799 ], [ -87.968791, 37.780542 ], [ -87.96961, 37.781205 ], [ -87.970045, 37.781683 ], [ -87.970628, 37.782553 ], [ -87.97092, 37.783322 ], [ -87.971138, 37.78386 ], [ -87.971482, 37.784415 ], [ -87.972175, 37.784898 ], [ -87.972851, 37.785371 ], [ -87.972985, 37.785378 ], [ -87.991168, 37.794054 ], [ -88.00134, 37.798907 ], [ -88.004715, 37.800104 ], [ -88.00554, 37.800291 ], [ -88.006199, 37.800407 ], [ -88.007562, 37.800572 ], [ -88.008955, 37.800842 ], [ -88.009614, 37.801035 ], [ -88.010645, 37.801376 ], [ -88.01206, 37.801635 ], [ -88.013447, 37.801811 ], [ -88.014685, 37.801916 ], [ -88.015384, 37.80194 ], [ -88.015487, 37.801948 ], [ -88.015543, 37.801945 ], [ -88.016289, 37.801971 ], [ -88.018529, 37.801802 ], [ -88.019922, 37.801643 ], [ -88.021153, 37.801424 ], [ -88.023038, 37.800963 ], [ -88.024294, 37.800612 ], [ -88.024497, 37.800498 ], [ -88.02461, 37.800463 ], [ -88.02491, 37.800239 ], [ -88.025486, 37.80002 ], [ -88.025734, 37.800029 ], [ -88.025926, 37.799992 ], [ -88.026316, 37.799882 ], [ -88.027949, 37.799234 ], [ -88.02802, 37.799197 ], [ -88.028357, 37.800033 ], [ -88.02838, 37.800768 ], [ -88.028293, 37.801467 ], [ -88.028272, 37.801678 ], [ -88.028232, 37.802073 ], [ -88.02819, 37.802567 ], [ -88.028372, 37.80373 ], [ -88.028444, 37.804199 ], [ -88.028448, 37.804224 ], [ -88.02845, 37.804239 ], [ -88.028477, 37.804417 ], [ -88.028686, 37.80479 ], [ -88.028717, 37.804823 ], [ -88.029107, 37.805349 ], [ -88.029818, 37.806274 ], [ -88.030018, 37.806488 ], [ -88.030036, 37.806508 ], [ -88.03046, 37.806964 ], [ -88.030764, 37.807309 ], [ -88.030781, 37.807329 ], [ -88.031679, 37.80793 ], [ -88.031775, 37.808025 ], [ -88.0329, 37.80862 ], [ -88.03302, 37.80865 ], [ -88.033033, 37.808653 ], [ -88.033047, 37.808657 ], [ -88.033303, 37.808723 ], [ -88.033361, 37.808745 ], [ -88.035456, 37.80952 ], [ -88.037623, 37.809864 ], [ -88.038718, 37.809839 ], [ -88.039886, 37.809741 ], [ -88.042102, 37.809213 ], [ -88.045753, 37.808129 ], [ -88.048828, 37.806831 ], [ -88.050826, 37.805818 ], [ -88.05253, 37.804738 ], [ -88.054397, 37.803522 ], [ -88.057555, 37.802031 ], [ -88.059662, 37.801196 ], [ -88.062223, 37.800581 ], [ -88.064181, 37.800431 ], [ -88.066878, 37.800559 ], [ -88.068922, 37.800983 ], [ -88.07067, 37.801704 ], [ -88.076404, 37.804635 ], [ -88.077029, 37.804993 ], [ -88.077319, 37.805267 ], [ -88.077382, 37.805326 ], [ -88.078478, 37.806334 ], [ -88.079795, 37.807681 ], [ -88.081173, 37.808924 ], [ -88.083204, 37.810897 ], [ -88.084228, 37.812105 ], [ -88.085161, 37.813184 ], [ -88.085907, 37.813769 ], [ -88.086844, 37.814444 ], [ -88.08867, 37.815512 ], [ -88.090039, 37.816771 ], [ -88.090569, 37.817629 ], [ -88.091235, 37.819151 ], [ -88.091767, 37.820913 ], [ -88.091848, 37.822108 ], [ -88.091544, 37.823221 ], [ -88.090884, 37.824468 ], [ -88.090092, 37.825642 ], [ -88.088852, 37.827024 ], [ -88.087625, 37.828195 ], [ -88.085727, 37.829388 ], [ -88.083671, 37.830175 ], [ -88.081932, 37.830682 ], [ -88.080854, 37.830902 ], [ -88.079941, 37.830986 ], [ -88.079464, 37.830991 ], [ -88.077995, 37.830773 ], [ -88.076427, 37.830239 ], [ -88.074042, 37.82916 ], [ -88.070893, 37.827359 ], [ -88.067754, 37.825645 ], [ -88.063672, 37.823862 ], [ -88.061012, 37.823015 ], [ -88.060212, 37.822849 ], [ -88.058055, 37.822449 ], [ -88.055134, 37.822367 ], [ -88.051941, 37.822122 ], [ -88.04964, 37.821939 ], [ -88.047947, 37.821727 ], [ -88.043831, 37.821525 ], [ -88.041941, 37.821926 ], [ -88.036958, 37.823163 ], [ -88.033011, 37.824383 ], [ -88.031533, 37.825092 ], [ -88.030012, 37.826076 ], [ -88.028693, 37.827109 ], [ -88.027789, 37.828298 ], [ -88.027046, 37.829593 ], [ -88.026382, 37.831107 ], [ -88.025921, 37.832694 ], [ -88.026053, 37.833688 ], [ -88.02736, 37.837054 ], [ -88.028217, 37.838585 ], [ -88.029687, 37.839821 ], [ -88.031419, 37.841203 ], [ -88.033309, 37.841917 ], [ -88.036021, 37.842644 ], [ -88.03985, 37.843401 ], [ -88.043323, 37.844174 ], [ -88.046291, 37.844627 ], [ -88.049453, 37.845187 ], [ -88.053481, 37.846316 ], [ -88.055918, 37.847226 ], [ -88.057576, 37.84789 ], [ -88.059425, 37.848732 ], [ -88.061007, 37.84992 ], [ -88.062729, 37.851342 ], [ -88.064129, 37.85248 ], [ -88.065036, 37.853172 ], [ -88.066212, 37.854454 ], [ -88.067364, 37.856051 ], [ -88.068534, 37.858011 ], [ -88.069339, 37.859831 ], [ -88.070334, 37.862049 ], [ -88.071347, 37.864468 ], [ -88.072352, 37.866766 ], [ -88.07316, 37.868353 ], [ -88.073771, 37.869244 ], [ -88.074772, 37.870808 ], [ -88.076018, 37.873317 ], [ -88.076793, 37.875045 ], [ -88.078529, 37.879118 ], [ -88.084385, 37.885582 ], [ -88.089333, 37.888677 ], [ -88.091846, 37.890716 ], [ -88.092159, 37.890947 ], [ -88.093049, 37.891604 ], [ -88.093521, 37.891952 ], [ -88.094956, 37.893689 ], [ -88.097892, 37.901517 ], [ -88.09776, 37.904026 ], [ -88.095662, 37.905808 ], [ -88.092658, 37.906198 ], [ -88.086237, 37.905713 ], [ -88.08289, 37.903628 ], [ -88.080778, 37.901929 ], [ -88.079008, 37.900505 ], [ -88.071449, 37.895813 ], [ -88.067897, 37.894849 ], [ -88.062144, 37.893934 ] ], [ [ -86.892128, 38.873361 ], [ -86.892127, 38.872857 ], [ -86.89189, 38.871644 ], [ -86.891977, 38.871232 ], [ -86.892152, 38.871003 ], [ -86.893025, 38.87031 ], [ -86.894638, 38.869032 ], [ -86.894861, 38.86824 ], [ -86.894929, 38.868002 ], [ -86.895599, 38.867016 ], [ -86.897033, 38.86674 ], [ -86.897735, 38.866212 ], [ -86.897909, 38.865365 ], [ -86.897348, 38.863032 ], [ -86.895996, 38.860516 ], [ -86.894792, 38.858388 ], [ -86.894615, 38.857839 ], [ -86.894585, 38.857404 ], [ -86.894747, 38.856451 ], [ -86.894758, 38.856397 ], [ -86.894992, 38.855916 ], [ -86.895078, 38.855161 ], [ -86.895457, 38.854313 ], [ -86.895601, 38.853443 ], [ -86.89557, 38.852665 ], [ -86.89513, 38.852139 ], [ -86.894661, 38.851796 ], [ -86.893139, 38.851569 ], [ -86.891899, 38.851476 ], [ -86.891646, 38.851457 ], [ -86.890621, 38.851298 ], [ -86.889648, 38.850711 ], [ -86.889068, 38.850361 ], [ -86.88687, 38.848921 ], [ -86.886106, 38.84748 ], [ -86.885934, 38.847136 ], [ -86.885639, 38.846545 ], [ -86.885518, 38.846291 ], [ -86.884925, 38.845052 ], [ -86.884794, 38.844456 ], [ -86.884527, 38.844066 ], [ -86.884213, 38.843883 ], [ -86.882588, 38.843515 ], [ -86.882378, 38.843425 ], [ -86.882343, 38.84318 ], [ -86.882296, 38.842846 ], [ -86.882655, 38.842927 ], [ -86.882736, 38.842828 ], [ -86.88286, 38.842675 ], [ -86.883241, 38.842538 ], [ -86.883693, 38.842497 ], [ -86.884734, 38.842333 ], [ -86.88488, 38.84215 ], [ -86.884921, 38.842013 ], [ -86.885086, 38.841463 ], [ -86.885233, 38.83954 ], [ -86.884825, 38.83819 ], [ -86.883509, 38.83677 ], [ -86.883129, 38.836083 ], [ -86.883086, 38.835641 ], [ -86.883042, 38.83519 ], [ -86.882837, 38.83432 ], [ -86.88237, 38.833542 ], [ -86.882287, 38.833169 ], [ -86.882266, 38.833073 ], [ -86.882253, 38.833015 ], [ -86.882136, 38.832924 ], [ -86.881698, 38.831848 ], [ -86.881347, 38.831321 ], [ -86.880792, 38.830772 ], [ -86.880148, 38.83068 ], [ -86.879429, 38.829931 ], [ -86.878844, 38.829657 ], [ -86.878287, 38.82952 ], [ -86.877761, 38.829567 ], [ -86.878124, 38.829035 ], [ -86.878199, 38.828925 ], [ -86.879455, 38.827642 ], [ -86.881238, 38.826816 ], [ -86.880302, 38.826703 ], [ -86.879218, 38.826383 ], [ -86.878574, 38.826109 ], [ -86.877168, 38.825195 ], [ -86.876406, 38.824761 ], [ -86.875898, 38.824471 ], [ -86.876496, 38.823719 ], [ -86.877374, 38.82317 ], [ -86.877845, 38.822996 ], [ -86.878984, 38.822576 ], [ -86.878897, 38.822004 ], [ -86.879014, 38.821706 ], [ -86.882206, 38.817431 ], [ -86.882758, 38.816693 ], [ -86.882792, 38.816649 ], [ -86.884257, 38.814384 ], [ -86.884521, 38.813583 ], [ -86.884523, 38.810836 ], [ -86.884464, 38.807315 ], [ -86.884439, 38.805846 ], [ -86.884528, 38.804541 ], [ -86.884611, 38.800796 ], [ -86.884664, 38.798399 ], [ -86.884679, 38.797766 ], [ -86.884504, 38.797285 ], [ -86.884328, 38.797239 ], [ -86.882312, 38.795087 ], [ -86.881581, 38.794079 ], [ -86.881494, 38.793644 ], [ -86.882519, 38.792111 ], [ -86.882519, 38.791516 ], [ -86.882139, 38.791264 ], [ -86.880969, 38.791195 ], [ -86.880472, 38.791217 ], [ -86.878104, 38.790575 ], [ -86.877578, 38.790323 ], [ -86.87749, 38.790186 ], [ -86.877491, 38.789271 ], [ -86.877667, 38.788401 ], [ -86.877639, 38.787303 ], [ -86.877608, 38.787261 ], [ -86.877405, 38.786982 ], [ -86.87644, 38.786203 ], [ -86.876398, 38.78591 ], [ -86.876353, 38.785585 ], [ -86.876734, 38.784601 ], [ -86.876764, 38.784143 ], [ -86.876386, 38.782037 ], [ -86.876298, 38.781969 ], [ -86.876107, 38.78087 ], [ -86.875949, 38.779954 ], [ -86.875883, 38.779011 ], [ -86.875833, 38.778283 ], [ -86.875493, 38.777802 ], [ -86.875003, 38.776818 ], [ -86.873791, 38.775788 ], [ -86.871829, 38.774439 ], [ -86.871186, 38.773867 ], [ -86.870337, 38.772563 ], [ -86.869751, 38.771945 ], [ -86.869108, 38.771419 ], [ -86.868874, 38.771373 ], [ -86.868464, 38.770435 ], [ -86.867001, 38.769314 ], [ -86.866561, 38.767826 ], [ -86.866589, 38.766132 ], [ -86.86691, 38.764507 ], [ -86.866646, 38.763935 ], [ -86.866441, 38.763706 ], [ -86.866383, 38.763408 ], [ -86.866061, 38.76318 ], [ -86.864451, 38.76096 ], [ -86.864626, 38.759403 ], [ -86.865005, 38.758465 ], [ -86.865268, 38.758259 ], [ -86.865552, 38.758207 ], [ -86.866291, 38.758075 ], [ -86.866408, 38.758121 ], [ -86.869097, 38.757959 ], [ -86.869945, 38.757776 ], [ -86.873216, 38.754753 ], [ -86.874064, 38.754569 ], [ -86.874354, 38.752669 ], [ -86.874471, 38.752463 ], [ -86.875002, 38.752165 ], [ -86.877289, 38.751819 ], [ -86.877581, 38.750049 ], [ -86.877611, 38.749577 ], [ -86.877321, 38.74615 ], [ -86.877331, 38.746117 ], [ -86.872802, 38.746077 ], [ -86.872726, 38.746075 ], [ -86.872684, 38.746076 ], [ -86.870363, 38.746053 ], [ -86.868261, 38.746039 ], [ -86.868098, 38.746039 ], [ -86.868087, 38.746034 ], [ -86.868075, 38.746037 ], [ -86.860353, 38.745969 ], [ -86.849914, 38.745815 ], [ -86.848487, 38.745796 ], [ -86.837219, 38.745573 ], [ -86.836416, 38.745554 ], [ -86.834766, 38.745524 ], [ -86.826991, 38.745366 ], [ -86.817019, 38.745172 ], [ -86.811512, 38.745064 ], [ -86.80438, 38.744912 ], [ -86.80437, 38.746042 ], [ -86.801168, 38.746046 ], [ -86.799917, 38.746028 ], [ -86.799828, 38.746038 ], [ -86.799822, 38.746958 ], [ -86.799796, 38.746958 ], [ -86.795007, 38.746952 ], [ -86.794992, 38.747377 ], [ -86.794933, 38.747583 ], [ -86.794933, 38.748375 ], [ -86.794936, 38.748496 ], [ -86.794951, 38.748738 ], [ -86.795094, 38.750049 ], [ -86.795083, 38.752105 ], [ -86.795055, 38.757347 ], [ -86.795054, 38.757533 ], [ -86.795052, 38.757804 ], [ -86.795052, 38.757832 ], [ -86.795051, 38.757908 ], [ -86.795051, 38.757955 ], [ -86.795035, 38.761068 ], [ -86.795005, 38.767027 ], [ -86.794951, 38.777486 ], [ -86.79495, 38.777551 ], [ -86.794884, 38.787344 ], [ -86.792906, 38.788278 ], [ -86.792647, 38.788479 ], [ -86.792555, 38.788552 ], [ -86.792408, 38.788804 ], [ -86.792408, 38.78956 ], [ -86.792583, 38.790613 ], [ -86.792583, 38.790728 ], [ -86.792583, 38.791276 ], [ -86.792349, 38.792055 ], [ -86.791852, 38.793199 ], [ -86.791881, 38.793932 ], [ -86.792231, 38.795122 ], [ -86.792407, 38.795397 ], [ -86.792465, 38.796289 ], [ -86.791412, 38.797228 ], [ -86.791207, 38.797571 ], [ -86.791207, 38.798006 ], [ -86.791791, 38.800295 ], [ -86.792025, 38.800684 ], [ -86.792961, 38.801669 ], [ -86.793575, 38.802538 ], [ -86.793574, 38.803591 ], [ -86.793252, 38.804736 ], [ -86.792813, 38.805216 ], [ -86.79258, 38.805313 ], [ -86.791175, 38.805903 ], [ -86.790912, 38.806292 ], [ -86.790912, 38.806448 ], [ -86.786624, 38.806489 ], [ -86.785819, 38.806475 ], [ -86.785677, 38.806473 ], [ -86.785734, 38.806566 ], [ -86.785821, 38.80663 ], [ -86.786757, 38.807321 ], [ -86.788892, 38.809267 ], [ -86.789009, 38.809267 ], [ -86.785866, 38.811262 ], [ -86.785439, 38.811533 ], [ -86.785117, 38.81183 ], [ -86.784942, 38.812173 ], [ -86.784502, 38.814645 ], [ -86.784383, 38.816687 ], [ -86.783294, 38.816401 ], [ -86.781801, 38.815989 ], [ -86.780807, 38.815806 ], [ -86.778846, 38.81512 ], [ -86.77791, 38.814594 ], [ -86.776944, 38.813862 ], [ -86.776066, 38.812763 ], [ -86.775598, 38.811962 ], [ -86.774398, 38.810406 ], [ -86.77397, 38.810058 ], [ -86.77359, 38.810055 ], [ -86.766953, 38.809991 ], [ -86.75871, 38.809843 ], [ -86.752764, 38.809746 ], [ -86.752512, 38.815703 ], [ -86.752466, 38.816858 ], [ -86.752441, 38.820851 ], [ -86.750123, 38.820853 ], [ -86.750105, 38.824475 ], [ -86.748291, 38.824481 ], [ -86.748259, 38.824486 ], [ -86.748221, 38.824502 ], [ -86.748197, 38.824511 ], [ -86.74817, 38.824522 ], [ -86.748153, 38.82453 ], [ -86.748142, 38.824535 ], [ -86.7481, 38.824536 ], [ -86.74807, 38.824537 ], [ -86.748046, 38.824538 ], [ -86.747896, 38.824542 ], [ -86.747811, 38.824675 ], [ -86.747712, 38.824653 ], [ -86.747711, 38.824669 ], [ -86.747711, 38.824684 ], [ -86.74771, 38.824797 ], [ -86.747703, 38.824864 ], [ -86.747684, 38.825042 ], [ -86.747671, 38.825163 ], [ -86.747591, 38.825442 ], [ -86.747469, 38.825772 ], [ -86.747363, 38.825954 ], [ -86.747143, 38.82627 ], [ -86.746964, 38.826531 ], [ -86.746883, 38.826664 ], [ -86.746854, 38.826713 ], [ -86.746833, 38.826778 ], [ -86.746836, 38.826834 ], [ -86.746845, 38.826992 ], [ -86.746806, 38.82735 ], [ -86.746758, 38.827709 ], [ -86.746712, 38.827924 ], [ -86.746689, 38.827986 ], [ -86.746589, 38.828332 ], [ -86.7444, 38.828313 ], [ -86.744377, 38.828316 ], [ -86.744383, 38.831944 ], [ -86.73719, 38.831946 ], [ -86.737039, 38.831949 ], [ -86.732979, 38.83194 ], [ -86.732992, 38.835548 ], [ -86.732984, 38.835555 ], [ -86.729538, 38.835648 ], [ -86.729367, 38.842717 ], [ -86.734167, 38.842663 ], [ -86.734188, 38.842662 ], [ -86.733841, 38.848704 ], [ -86.733771, 38.850115 ], [ -86.733752, 38.850114 ], [ -86.729876, 38.850186 ], [ -86.729823, 38.850188 ], [ -86.728327, 38.850238 ], [ -86.72449, 38.847116 ], [ -86.724452, 38.84707 ], [ -86.724431, 38.847022 ], [ -86.724383, 38.846843 ], [ -86.724378, 38.84665 ], [ -86.724182, 38.846646 ], [ -86.724151, 38.846631 ], [ -86.724119, 38.846608 ], [ -86.724082, 38.846598 ], [ -86.724074, 38.846621 ], [ -86.724114, 38.846652 ], [ -86.724065, 38.846649 ], [ -86.720109, 38.84664 ], [ -86.720083, 38.848655 ], [ -86.720068, 38.848656 ], [ -86.718538, 38.848668 ], [ -86.718532, 38.848106 ], [ -86.717801, 38.848093 ], [ -86.717803, 38.848106 ], [ -86.717789, 38.852097 ], [ -86.717776, 38.852097 ], [ -86.71555, 38.852106 ], [ -86.715539, 38.852426 ], [ -86.715533, 38.853923 ], [ -86.700353, 38.854042 ], [ -86.700281, 38.854052 ], [ -86.700064, 38.854065 ], [ -86.698776, 38.854036 ], [ -86.698329, 38.853984 ], [ -86.698112, 38.853981 ], [ -86.697898, 38.854014 ], [ -86.697475, 38.854151 ], [ -86.697271, 38.854217 ], [ -86.697054, 38.854246 ], [ -86.696406, 38.854235 ], [ -86.696108, 38.85426 ], [ -86.695967, 38.854259 ], [ -86.69576, 38.854218 ], [ -86.695615, 38.854169 ], [ -86.694765, 38.85418 ], [ -86.692407, 38.85421 ], [ -86.691208, 38.854588 ], [ -86.691029, 38.854457 ], [ -86.691015, 38.854457 ], [ -86.690961, 38.854508 ], [ -86.690834, 38.85458 ], [ -86.690356, 38.854752 ], [ -86.690096, 38.854877 ], [ -86.689573, 38.855145 ], [ -86.688962, 38.855425 ], [ -86.688608, 38.85556 ], [ -86.688398, 38.855619 ], [ -86.687936, 38.855697 ], [ -86.687923, 38.855702 ], [ -86.687905, 38.857743 ], [ -86.683234, 38.857736 ], [ -86.683144, 38.857774 ], [ -86.683072, 38.857805 ], [ -86.683012, 38.857841 ], [ -86.682994, 38.857858 ], [ -86.683049, 38.860153 ], [ -86.683045, 38.860207 ], [ -86.683045, 38.860358 ], [ -86.683069, 38.860461 ], [ -86.683187, 38.861019 ], [ -86.683232, 38.861237 ], [ -86.683232, 38.862001 ], [ -86.683073, 38.874805 ], [ -86.683069, 38.874895 ], [ -86.683311, 38.875049 ], [ -86.684043, 38.875787 ], [ -86.68422, 38.875826 ], [ -86.684453, 38.875879 ], [ -86.685595, 38.875993 ], [ -86.686327, 38.875924 ], [ -86.687557, 38.875049 ], [ -86.689108, 38.874025 ], [ -86.690045, 38.873544 ], [ -86.691245, 38.873247 ], [ -86.691538, 38.872903 ], [ -86.695116, 38.872387 ], [ -86.695563, 38.872322 ], [ -86.695668, 38.872308 ], [ -86.697863, 38.87217 ], [ -86.699474, 38.872627 ], [ -86.700294, 38.873909 ], [ -86.70085, 38.874435 ], [ -86.701685, 38.874411 ], [ -86.70249, 38.874389 ], [ -86.7029, 38.874504 ], [ -86.703691, 38.875048 ], [ -86.705097, 38.876059 ], [ -86.705302, 38.876632 ], [ -86.705068, 38.877204 ], [ -86.704073, 38.877822 ], [ -86.703634, 38.878211 ], [ -86.703517, 38.87844 ], [ -86.703517, 38.879012 ], [ -86.704513, 38.880454 ], [ -86.704835, 38.88066 ], [ -86.706621, 38.880866 ], [ -86.707295, 38.881553 ], [ -86.707353, 38.881736 ], [ -86.707734, 38.881804 ], [ -86.710722, 38.883383 ], [ -86.711102, 38.883681 ], [ -86.711337, 38.885214 ], [ -86.71179, 38.886151 ], [ -86.711835, 38.886244 ], [ -86.711923, 38.886771 ], [ -86.712304, 38.887091 ], [ -86.713886, 38.887892 ], [ -86.713074, 38.888849 ], [ -86.712276, 38.889792 ], [ -86.712305, 38.890135 ], [ -86.71323, 38.892171 ], [ -86.714562, 38.895102 ], [ -86.714914, 38.895079 ], [ -86.715822, 38.89485 ], [ -86.716173, 38.894689 ], [ -86.716377, 38.894337 ], [ -86.716758, 38.893682 ], [ -86.71831, 38.892354 ], [ -86.718866, 38.892148 ], [ -86.719863, 38.892079 ], [ -86.720976, 38.892193 ], [ -86.721503, 38.892536 ], [ -86.722119, 38.892788 ], [ -86.722558, 38.892742 ], [ -86.723993, 38.892101 ], [ -86.724666, 38.892009 ], [ -86.727361, 38.892786 ], [ -86.72783, 38.893084 ], [ -86.728228, 38.893151 ], [ -86.728504, 38.893198 ], [ -86.728692, 38.893166 ], [ -86.730788, 38.892808 ], [ -86.730993, 38.892739 ], [ -86.732281, 38.891503 ], [ -86.732778, 38.890679 ], [ -86.733656, 38.88974 ], [ -86.733802, 38.889373 ], [ -86.733919, 38.889282 ], [ -86.734426, 38.889241 ], [ -86.735823, 38.889168 ], [ -86.73676, 38.888709 ], [ -86.737199, 38.888732 ], [ -86.737785, 38.889167 ], [ -86.739045, 38.889577 ], [ -86.741096, 38.890652 ], [ -86.741382, 38.890918 ], [ -86.74218, 38.891659 ], [ -86.742737, 38.891979 ], [ -86.743791, 38.892276 ], [ -86.744758, 38.892802 ], [ -86.74604, 38.893087 ], [ -86.747688, 38.893464 ], [ -86.751448, 38.895844 ], [ -86.753752, 38.895864 ], [ -86.755422, 38.896016 ], [ -86.756773, 38.896303 ], [ -86.757751, 38.89661 ], [ -86.758327, 38.896524 ], [ -86.759331, 38.896053 ], [ -86.759994, 38.896059 ], [ -86.762006, 38.896673 ], [ -86.762123, 38.896605 ], [ -86.76239, 38.896168 ], [ -86.762768, 38.895552 ], [ -86.763623, 38.894401 ], [ -86.763823, 38.894133 ], [ -86.764468, 38.89347 ], [ -86.765582, 38.8926 ], [ -86.766051, 38.892417 ], [ -86.766138, 38.892234 ], [ -86.766431, 38.892166 ], [ -86.766876, 38.891919 ], [ -86.76734, 38.891662 ], [ -86.767627, 38.891542 ], [ -86.768427, 38.891209 ], [ -86.768658, 38.891114 ], [ -86.769915, 38.890886 ], [ -86.770298, 38.890817 ], [ -86.771953, 38.890689 ], [ -86.772177, 38.890671 ], [ -86.773754, 38.890549 ], [ -86.774587, 38.890485 ], [ -86.776134, 38.890366 ], [ -86.776545, 38.890334 ], [ -86.778244, 38.890204 ], [ -86.77888, 38.890156 ], [ -86.780227, 38.889996 ], [ -86.780242, 38.889678 ], [ -86.780257, 38.889378 ], [ -86.780403, 38.889263 ], [ -86.781428, 38.889081 ], [ -86.781531, 38.889553 ], [ -86.78198, 38.88951 ], [ -86.78359, 38.889121 ], [ -86.784264, 38.888892 ], [ -86.785477, 38.888522 ], [ -86.785598, 38.888752 ], [ -86.786378, 38.888281 ], [ -86.786455, 38.888225 ], [ -86.788077, 38.887045 ], [ -86.789168, 38.886124 ], [ -86.790491, 38.885009 ], [ -86.791289, 38.884336 ], [ -86.791768, 38.883933 ], [ -86.792157, 38.883663 ], [ -86.793291, 38.88288 ], [ -86.793407, 38.882813 ], [ -86.794465, 38.882206 ], [ -86.794468, 38.88066 ], [ -86.794469, 38.880129 ], [ -86.795869, 38.879035 ], [ -86.796396, 38.878371 ], [ -86.796865, 38.877456 ], [ -86.796865, 38.87654 ], [ -86.796748, 38.876265 ], [ -86.795665, 38.875403 ], [ -86.795782, 38.875048 ], [ -86.796486, 38.874458 ], [ -86.797744, 38.873405 ], [ -86.79871, 38.872009 ], [ -86.800321, 38.870201 ], [ -86.800372, 38.869806 ], [ -86.800442, 38.869261 ], [ -86.800614, 38.867935 ], [ -86.801229, 38.866882 ], [ -86.80143, 38.866044 ], [ -86.801493, 38.865783 ], [ -86.801405, 38.865028 ], [ -86.800966, 38.863288 ], [ -86.800732, 38.860931 ], [ -86.801464, 38.859168 ], [ -86.801452, 38.859025 ], [ -86.801348, 38.857818 ], [ -86.801055, 38.857085 ], [ -86.801026, 38.855826 ], [ -86.801143, 38.854773 ], [ -86.801127, 38.854685 ], [ -86.800792, 38.852896 ], [ -86.800704, 38.852782 ], [ -86.800675, 38.852301 ], [ -86.800763, 38.852072 ], [ -86.800556, 38.851849 ], [ -86.799853, 38.851677 ], [ -86.799842, 38.851619 ], [ -86.799835, 38.85152 ], [ -86.799842, 38.851394 ], [ -86.799863, 38.851333 ], [ -86.799948, 38.851135 ], [ -86.799983, 38.851092 ], [ -86.800081, 38.850883 ], [ -86.800138, 38.850784 ], [ -86.800236, 38.850658 ], [ -86.800482, 38.850377 ], [ -86.800735, 38.850009 ], [ -86.800819, 38.8499 ], [ -86.800946, 38.849713 ], [ -86.800981, 38.849625 ], [ -86.801051, 38.849515 ], [ -86.801093, 38.84935 ], [ -86.801142, 38.849191 ], [ -86.801164, 38.84901 ], [ -86.801149, 38.848839 ], [ -86.801192, 38.848598 ], [ -86.801199, 38.848488 ], [ -86.801227, 38.848405 ], [ -86.801283, 38.848279 ], [ -86.801297, 38.84818 ], [ -86.801332, 38.848054 ], [ -86.801374, 38.847741 ], [ -86.801382, 38.847647 ], [ -86.801403, 38.847576 ], [ -86.801438, 38.847521 ], [ -86.801473, 38.847477 ], [ -86.801508, 38.847422 ], [ -86.801585, 38.847378 ], [ -86.801817, 38.847345 ], [ -86.801922, 38.847345 ], [ -86.802112, 38.847329 ], [ -86.802224, 38.847274 ], [ -86.802288, 38.84723 ], [ -86.80233, 38.84718 ], [ -86.802351, 38.847136 ], [ -86.802393, 38.84701 ], [ -86.8024, 38.846955 ], [ -86.8024, 38.846911 ], [ -86.802442, 38.84684 ], [ -86.80247, 38.846779 ], [ -86.80252, 38.84673 ], [ -86.802583, 38.846697 ], [ -86.802653, 38.84667 ], [ -86.802723, 38.846626 ], [ -86.802794, 38.846609 ], [ -86.802843, 38.846571 ], [ -86.802899, 38.846499 ], [ -86.802934, 38.846406 ], [ -86.803004, 38.846148 ], [ -86.803026, 38.84612 ], [ -86.803047, 38.846038 ], [ -86.803103, 38.84595 ], [ -86.80318, 38.845895 ], [ -86.803257, 38.845813 ], [ -86.80337, 38.845736 ], [ -86.803447, 38.84567 ], [ -86.80351, 38.845609 ], [ -86.803559, 38.845543 ], [ -86.803616, 38.845483 ], [ -86.803651, 38.845428 ], [ -86.803686, 38.845384 ], [ -86.803721, 38.845329 ], [ -86.803812, 38.845148 ], [ -86.803862, 38.845012 ], [ -86.805883, 38.844126 ], [ -86.806336, 38.843855 ], [ -86.807852, 38.842946 ], [ -86.80934, 38.842047 ], [ -86.81016, 38.841658 ], [ -86.813437, 38.84104 ], [ -86.815466, 38.840859 ], [ -86.816649, 38.840754 ], [ -86.817499, 38.840678 ], [ -86.818396, 38.840598 ], [ -86.818813, 38.840561 ], [ -86.820078, 38.840448 ], [ -86.820375, 38.840422 ], [ -86.821126, 38.840508 ], [ -86.82137, 38.840536 ], [ -86.822101, 38.840834 ], [ -86.823097, 38.841612 ], [ -86.824355, 38.842894 ], [ -86.825526, 38.843786 ], [ -86.826375, 38.844015 ], [ -86.829081, 38.844046 ], [ -86.830238, 38.84406 ], [ -86.830677, 38.843946 ], [ -86.835652, 38.840237 ], [ -86.835827, 38.839962 ], [ -86.836091, 38.839893 ], [ -86.83626, 38.839786 ], [ -86.836278, 38.840019 ], [ -86.835987, 38.84082 ], [ -86.836285, 38.84076 ], [ -86.836777, 38.84066 ], [ -86.837742, 38.839972 ], [ -86.837935, 38.839929 ], [ -86.837935, 38.840167 ], [ -86.837613, 38.842388 ], [ -86.837379, 38.842892 ], [ -86.834804, 38.844975 ], [ -86.83179, 38.847127 ], [ -86.831059, 38.847127 ], [ -86.83094, 38.847065 ], [ -86.829584, 38.847486 ], [ -86.828284, 38.847708 ], [ -86.828219, 38.84824 ], [ -86.828161, 38.84873 ], [ -86.827927, 38.849646 ], [ -86.827927, 38.849966 ], [ -86.828391, 38.849999 ], [ -86.833869, 38.8504 ], [ -86.836855, 38.85072 ], [ -86.837587, 38.850857 ], [ -86.837784, 38.851101 ], [ -86.837838, 38.851167 ], [ -86.83829, 38.851727 ], [ -86.838632, 38.851823 ], [ -86.837494, 38.852859 ], [ -86.835446, 38.854143 ], [ -86.83489, 38.854578 ], [ -86.833721, 38.855678 ], [ -86.832346, 38.856754 ], [ -86.831951, 38.856951 ], [ -86.831703, 38.857075 ], [ -86.830767, 38.857831 ], [ -86.830655, 38.857972 ], [ -86.83058, 38.858007 ], [ -86.830467, 38.858056 ], [ -86.830362, 38.858128 ], [ -86.830257, 38.858221 ], [ -86.830165, 38.858309 ], [ -86.830067, 38.858381 ], [ -86.829961, 38.858507 ], [ -86.829912, 38.858573 ], [ -86.829842, 38.858644 ], [ -86.829772, 38.858705 ], [ -86.829673, 38.858804 ], [ -86.829456, 38.858985 ], [ -86.829364, 38.859068 ], [ -86.82928, 38.859122 ], [ -86.829182, 38.859166 ], [ -86.829097, 38.859199 ], [ -86.828901, 38.859381 ], [ -86.828859, 38.859545 ], [ -86.828852, 38.859617 ], [ -86.828795, 38.859688 ], [ -86.828746, 38.85976 ], [ -86.828718, 38.859815 ], [ -86.828669, 38.85987 ], [ -86.828592, 38.859914 ], [ -86.828465, 38.859958 ], [ -86.828381, 38.859974 ], [ -86.828332, 38.860001 ], [ -86.828276, 38.86004 ], [ -86.828184, 38.860089 ], [ -86.82803, 38.860183 ], [ -86.827903, 38.860227 ], [ -86.827819, 38.860243 ], [ -86.82765, 38.860243 ], [ -86.827369, 38.860188 ], [ -86.827243, 38.860183 ], [ -86.827123, 38.860183 ], [ -86.827018, 38.860188 ], [ -86.826891, 38.860216 ], [ -86.826862, 38.860232 ], [ -86.8279, 38.860821 ], [ -86.828604, 38.86122 ], [ -86.828632, 38.861228 ], [ -86.830954, 38.862433 ], [ -86.831176, 38.862548 ], [ -86.832236, 38.863095 ], [ -86.837101, 38.864378 ], [ -86.837068, 38.864488 ], [ -86.836432, 38.865206 ], [ -86.837013, 38.865306 ], [ -86.837387, 38.865026 ], [ -86.837626, 38.864516 ], [ -86.840114, 38.865172 ], [ -86.840378, 38.865309 ], [ -86.839796, 38.868263 ], [ -86.840047, 38.868274 ], [ -86.840295, 38.868285 ], [ -86.840712, 38.868184 ], [ -86.840763, 38.868124 ], [ -86.840879, 38.867781 ], [ -86.841523, 38.867552 ], [ -86.842753, 38.867322 ], [ -86.843777, 38.867207 ], [ -86.844275, 38.867298 ], [ -86.844295, 38.867321 ], [ -86.84492, 38.86803 ], [ -86.845478, 38.869105 ], [ -86.845957, 38.869655 ], [ -86.845976, 38.869677 ], [ -86.846592, 38.870043 ], [ -86.847207, 38.870111 ], [ -86.847441, 38.870104 ], [ -86.848825, 38.870067 ], [ -86.848934, 38.870064 ], [ -86.849871, 38.869925 ], [ -86.850076, 38.869925 ], [ -86.850291, 38.86986 ], [ -86.850983, 38.86965 ], [ -86.851861, 38.869489 ], [ -86.85514, 38.869532 ], [ -86.856369, 38.869119 ], [ -86.857218, 38.868546 ], [ -86.857949, 38.867835 ], [ -86.858909, 38.867802 ], [ -86.858879, 38.868155 ], [ -86.858665, 38.868554 ], [ -86.858207, 38.869415 ], [ -86.858061, 38.870742 ], [ -86.857484, 38.871411 ], [ -86.85857, 38.872115 ], [ -86.859097, 38.872321 ], [ -86.859829, 38.872457 ], [ -86.863255, 38.872431 ], [ -86.864456, 38.87243 ], [ -86.866213, 38.872795 ], [ -86.866857, 38.872977 ], [ -86.868381, 38.873662 ], [ -86.869144, 38.8746 ], [ -86.869379, 38.875241 ], [ -86.86946, 38.876274 ], [ -86.869496, 38.876736 ], [ -86.869529, 38.877162 ], [ -86.869794, 38.878055 ], [ -86.872228, 38.880273 ], [ -86.873432, 38.881668 ], [ -86.873961, 38.88272 ], [ -86.874342, 38.883223 ], [ -86.87441, 38.883278 ], [ -86.874148, 38.883482 ], [ -86.874183, 38.883674 ], [ -86.874649, 38.884141 ], [ -86.875017, 38.884408 ], [ -86.875477, 38.884672 ], [ -86.875818, 38.884425 ], [ -86.875917, 38.884353 ], [ -86.875975, 38.884006 ], [ -86.876091, 38.88335 ], [ -86.876122, 38.882594 ], [ -86.87533, 38.880509 ], [ -86.875345, 38.879478 ], [ -86.876128, 38.878036 ], [ -86.876715, 38.877554 ], [ -86.877535, 38.877234 ], [ -86.877679, 38.877468 ], [ -86.878109, 38.877222 ], [ -86.87887, 38.876901 ], [ -86.880276, 38.876899 ], [ -86.880949, 38.876921 ], [ -86.881915, 38.876783 ], [ -86.882871, 38.876303 ], [ -86.883787, 38.875842 ], [ -86.884927, 38.87472 ], [ -86.885364, 38.873597 ], [ -86.8858, 38.87188 ], [ -86.886619, 38.871055 ], [ -86.887585, 38.870871 ], [ -86.888346, 38.87087 ], [ -86.888873, 38.871098 ], [ -86.889255, 38.871418 ], [ -86.88952, 38.872265 ], [ -86.889903, 38.873867 ], [ -86.889928, 38.873894 ], [ -86.89005, 38.874027 ], [ -86.890548, 38.874209 ], [ -86.891163, 38.874323 ], [ -86.891485, 38.874231 ], [ -86.891851, 38.873894 ], [ -86.891982, 38.873773 ], [ -86.892128, 38.873361 ] ], [ [ -86.746385, 40.881233 ], [ -86.74637, 40.88107 ], [ -86.746374, 40.880899 ], [ -86.74638, 40.88066 ], [ -86.746367, 40.880389 ], [ -86.74636, 40.88022 ], [ -86.746173, 40.88022 ], [ -86.74605, 40.88022 ], [ -86.745615, 40.880234 ], [ -86.74543, 40.88024 ], [ -86.74519, 40.88024 ], [ -86.745, 40.88025 ], [ -86.74474, 40.88025 ], [ -86.744437, 40.880266 ], [ -86.74438, 40.88027 ], [ -86.74419, 40.88029 ], [ -86.74419, 40.880446 ], [ -86.7442, 40.88059 ], [ -86.7442, 40.880914 ], [ -86.7442, 40.88096 ], [ -86.74421, 40.88107 ], [ -86.743993, 40.88107 ], [ -86.74381, 40.88107 ], [ -86.74337, 40.88105 ], [ -86.743346, 40.88105 ], [ -86.74313, 40.88105 ], [ -86.74313, 40.88112 ], [ -86.743135, 40.881216 ], [ -86.74315, 40.88147 ], [ -86.74315, 40.88169 ], [ -86.743151, 40.881714 ], [ -86.74316, 40.88188 ], [ -86.743152, 40.882044 ], [ -86.74315, 40.88209 ], [ -86.74317, 40.88221 ], [ -86.74318, 40.88243 ], [ -86.74318, 40.882535 ], [ -86.74318, 40.8827 ], [ -86.743039, 40.8827 ], [ -86.743, 40.8827 ], [ -86.74265, 40.88269 ], [ -86.742619, 40.882691 ], [ -86.74248, 40.8827 ], [ -86.742471, 40.882858 ], [ -86.74247, 40.88289 ], [ -86.742488, 40.883332 ], [ -86.74249, 40.88338 ], [ -86.74248, 40.88349 ], [ -86.742834, 40.883495 ], [ -86.74313, 40.8835 ], [ -86.74356, 40.88351 ], [ -86.743895, 40.883514 ], [ -86.74425, 40.88352 ], [ -86.744474, 40.88352 ], [ -86.7448, 40.88352 ], [ -86.74502, 40.88353 ], [ -86.745145, 40.88353 ], [ -86.74537, 40.88353 ], [ -86.74572, 40.88353 ], [ -86.74587, 40.8835 ], [ -86.746114, 40.883474 ], [ -86.746483, 40.883386 ], [ -86.746449, 40.883249 ], [ -86.74641, 40.88272 ], [ -86.74641, 40.882553 ], [ -86.74641, 40.88228 ], [ -86.746398, 40.882055 ], [ -86.74639, 40.88189 ], [ -86.7464, 40.88181 ], [ -86.7464, 40.88172 ], [ -86.74639, 40.88153 ], [ -86.74639, 40.88128 ], [ -86.746385, 40.881233 ] ], [ [ -86.085601, 39.344189 ], [ -86.085352, 39.340772 ], [ -86.084606, 39.330524 ], [ -86.084421, 39.327972 ], [ -86.084449, 39.327818 ], [ -86.084569, 39.327119 ], [ -86.084665, 39.326564 ], [ -86.084469, 39.324052 ], [ -86.084939, 39.324135 ], [ -86.085548, 39.324239 ], [ -86.0859, 39.324297 ], [ -86.086461, 39.324401 ], [ -86.086975, 39.324582 ], [ -86.087336, 39.324658 ], [ -86.087802, 39.324658 ], [ -86.088183, 39.32461 ], [ -86.08862, 39.324534 ], [ -86.089068, 39.324439 ], [ -86.089714, 39.324297 ], [ -86.090123, 39.324144 ], [ -86.090903, 39.323754 ], [ -86.091684, 39.323241 ], [ -86.09233, 39.323098 ], [ -86.092635, 39.323031 ], [ -86.093329, 39.322698 ], [ -86.093995, 39.322337 ], [ -86.094613, 39.321928 ], [ -86.094832, 39.321776 ], [ -86.095041, 39.321538 ], [ -86.095184, 39.321176 ], [ -86.095574, 39.320786 ], [ -86.095945, 39.320663 ], [ -86.096421, 39.320644 ], [ -86.09702, 39.320625 ], [ -86.097553, 39.320606 ], [ -86.097895, 39.320501 ], [ -86.098209, 39.320358 ], [ -86.099037, 39.320054 ], [ -86.099741, 39.319873 ], [ -86.100083, 39.319721 ], [ -86.100245, 39.319569 ], [ -86.10033, 39.319436 ], [ -86.100321, 39.31915 ], [ -86.10033, 39.318836 ], [ -86.100616, 39.317828 ], [ -86.100654, 39.317638 ], [ -86.100597, 39.317467 ], [ -86.09995, 39.316591 ], [ -86.099798, 39.316325 ], [ -86.099807, 39.315973 ], [ -86.099845, 39.315878 ], [ -86.099883, 39.315783 ], [ -86.100064, 39.315602 ], [ -86.100292, 39.315364 ], [ -86.100587, 39.315012 ], [ -86.100711, 39.314775 ], [ -86.100682, 39.314584 ], [ -86.100644, 39.314394 ], [ -86.100654, 39.314194 ], [ -86.100682, 39.313899 ], [ -86.100663, 39.313624 ], [ -86.100464, 39.313243 ], [ -86.100264, 39.313148 ], [ -86.099845, 39.313176 ], [ -86.09936, 39.31311 ], [ -86.098437, 39.312568 ], [ -86.0976, 39.311902 ], [ -86.097401, 39.311626 ], [ -86.097258, 39.311407 ], [ -86.096716, 39.310865 ], [ -86.096345, 39.310646 ], [ -86.095812, 39.310361 ], [ -86.095393, 39.310094 ], [ -86.095175, 39.309895 ], [ -86.095003, 39.309742 ], [ -86.094157, 39.309229 ], [ -86.093995, 39.309105 ], [ -86.093605, 39.30842 ], [ -86.093443, 39.308211 ], [ -86.093253, 39.308087 ], [ -86.093063, 39.308078 ], [ -86.092454, 39.308059 ], [ -86.091931, 39.307973 ], [ -86.091512, 39.307792 ], [ -86.091008, 39.307497 ], [ -86.090808, 39.307412 ], [ -86.090523, 39.307393 ], [ -86.089591, 39.307136 ], [ -86.088982, 39.306917 ], [ -86.08862, 39.30686 ], [ -86.087926, 39.306936 ], [ -86.086708, 39.307146 ], [ -86.085519, 39.307469 ], [ -86.084239, 39.307986 ], [ -86.08421, 39.306371 ], [ -86.084126, 39.301528 ], [ -86.084098, 39.299914 ], [ -86.084096, 39.299857 ], [ -86.084094, 39.299692 ], [ -86.084094, 39.299638 ], [ -86.083983, 39.293205 ], [ -86.083949, 39.291168 ], [ -86.083814, 39.28325 ], [ -86.083733, 39.278483 ], [ -86.083684, 39.275787 ], [ -86.08365, 39.273909 ], [ -86.083535, 39.267479 ], [ -86.083529, 39.267151 ], [ -86.08349, 39.26503 ], [ -86.083465, 39.263625 ], [ -86.083462, 39.263453 ], [ -86.083398, 39.25787 ], [ -86.083395, 39.257684 ], [ -86.083379, 39.256182 ], [ -86.083377, 39.25599 ], [ -86.082623, 39.255964 ], [ -86.082575, 39.254133 ], [ -86.082554, 39.253311 ], [ -86.08247, 39.25005 ], [ -86.082443, 39.24864 ], [ -86.082429, 39.247847 ], [ -86.08241, 39.246809 ], [ -86.082283, 39.246817 ], [ -86.080153, 39.247331 ], [ -86.079765, 39.247426 ], [ -86.079055, 39.247476 ], [ -86.076655, 39.246621 ], [ -86.074343, 39.245559 ], [ -86.073633, 39.245317 ], [ -86.07144, 39.24457 ], [ -86.071061, 39.244324 ], [ -86.070743, 39.244157 ], [ -86.069863, 39.243703 ], [ -86.069393, 39.243568 ], [ -86.068896, 39.243502 ], [ -86.068549, 39.243481 ], [ -86.067567, 39.243424 ], [ -86.066739, 39.243384 ], [ -86.065341, 39.243328 ], [ -86.064619, 39.243288 ], [ -86.064237, 39.243257 ], [ -86.063818, 39.243112 ], [ -86.063002, 39.242675 ], [ -86.062907, 39.242642 ], [ -86.062643, 39.242551 ], [ -86.062311, 39.242505 ], [ -86.060438, 39.242382 ], [ -86.059306, 39.242279 ], [ -86.058942, 39.242247 ], [ -86.056586, 39.242063 ], [ -86.05618, 39.24201 ], [ -86.056033, 39.241991 ], [ -86.055076, 39.241751 ], [ -86.054302, 39.241507 ], [ -86.053952, 39.241447 ], [ -86.053456, 39.241427 ], [ -86.052054, 39.24146 ], [ -86.051663, 39.241469 ], [ -86.049622, 39.241508 ], [ -86.047397, 39.241558 ], [ -86.046889, 39.241585 ], [ -86.046529, 39.241604 ], [ -86.046023, 39.241598 ], [ -86.045958, 39.241587 ], [ -86.045687, 39.241546 ], [ -86.04529, 39.241318 ], [ -86.045082, 39.241047 ], [ -86.044975, 39.240722 ], [ -86.044936, 39.240351 ], [ -86.044901, 39.239936 ], [ -86.044808, 39.239679 ], [ -86.044715, 39.239483 ], [ -86.044488, 39.239208 ], [ -86.04404, 39.238802 ], [ -86.043556, 39.238464 ], [ -86.043173, 39.238258 ], [ -86.042625, 39.238102 ], [ -86.042395, 39.238075 ], [ -86.042142, 39.238068 ], [ -86.040217, 39.238167 ], [ -86.039909, 39.238183 ], [ -86.03614, 39.238359 ], [ -86.034633, 39.238425 ], [ -86.034196, 39.238437 ], [ -86.030478, 39.238634 ], [ -86.029634, 39.238687 ], [ -86.029499, 39.238695 ], [ -86.026728, 39.238835 ], [ -86.026387, 39.238826 ], [ -86.026152, 39.238785 ], [ -86.026158, 39.23999 ], [ -86.026197, 39.241209 ], [ -86.02621, 39.24206 ], [ -86.026212, 39.243211 ], [ -86.026228, 39.244695 ], [ -86.026282, 39.245788 ], [ -86.026388, 39.247945 ], [ -86.026514, 39.251181 ], [ -86.026565, 39.252132 ], [ -86.026579, 39.253047 ], [ -86.026561, 39.254012 ], [ -86.026523, 39.254742 ], [ -86.026531, 39.255321 ], [ -86.026566, 39.25589 ], [ -86.026607, 39.256266 ], [ -86.026634, 39.256515 ], [ -86.026678, 39.257065 ], [ -86.02668, 39.257145 ], [ -86.026683, 39.257333 ], [ -86.026703, 39.258328 ], [ -86.026702, 39.258481 ], [ -86.026698, 39.259197 ], [ -86.026716, 39.260037 ], [ -86.026738, 39.260727 ], [ -86.02682, 39.26156 ], [ -86.026892, 39.262114 ], [ -86.026925, 39.262481 ], [ -86.026956, 39.262826 ], [ -86.026976, 39.263204 ], [ -86.026951, 39.263641 ], [ -86.02693, 39.263815 ], [ -86.026902, 39.264041 ], [ -86.026807, 39.264644 ], [ -86.026791, 39.264749 ], [ -86.026757, 39.265276 ], [ -86.026779, 39.266123 ], [ -86.026817, 39.267153 ], [ -86.026835, 39.267996 ], [ -86.025546, 39.268055 ], [ -86.024614, 39.268088 ], [ -86.023997, 39.268126 ], [ -86.023691, 39.268152 ], [ -86.023458, 39.268198 ], [ -86.023255, 39.268255 ], [ -86.023008, 39.268373 ], [ -86.022651, 39.268589 ], [ -86.022244, 39.268826 ], [ -86.020751, 39.269714 ], [ -86.020533, 39.269812 ], [ -86.02035, 39.269885 ], [ -86.019853, 39.270002 ], [ -86.018957, 39.270199 ], [ -86.018453, 39.270303 ], [ -86.017976, 39.270451 ], [ -86.017496, 39.270593 ], [ -86.016894, 39.270778 ], [ -86.016467, 39.270897 ], [ -86.016228, 39.270959 ], [ -86.016036, 39.27098 ], [ -86.015361, 39.271034 ], [ -86.015043, 39.271067 ], [ -86.014824, 39.271104 ], [ -86.014712, 39.271124 ], [ -86.01365, 39.271451 ], [ -86.013019, 39.271702 ], [ -86.012426, 39.271962 ], [ -86.011874, 39.272197 ], [ -86.01117, 39.27222 ], [ -86.010349, 39.272248 ], [ -86.00906, 39.272287 ], [ -86.008357, 39.272309 ], [ -86.008373, 39.272653 ], [ -86.00838, 39.272782 ], [ -86.008383, 39.273395 ], [ -86.008393, 39.273687 ], [ -86.0084, 39.273871 ], [ -86.008371, 39.273968 ], [ -86.008326, 39.274008 ], [ -86.008353, 39.274175 ], [ -86.008436, 39.274679 ], [ -86.008464, 39.274847 ], [ -86.008455, 39.27489 ], [ -86.008447, 39.275152 ], [ -86.008483, 39.275927 ], [ -86.008491, 39.27609 ], [ -86.008531, 39.276803 ], [ -86.008595, 39.278648 ], [ -86.008666, 39.279822 ], [ -86.008709, 39.280522 ], [ -86.008737, 39.281066 ], [ -86.00877, 39.281688 ], [ -86.008768, 39.282406 ], [ -86.008774, 39.283703 ], [ -86.008774, 39.283715 ], [ -86.008794, 39.284758 ], [ -86.008828, 39.28584 ], [ -86.008838, 39.286587 ], [ -86.008899, 39.288342 ], [ -86.008906, 39.288733 ], [ -86.008898, 39.289361 ], [ -86.008901, 39.289564 ], [ -86.008916, 39.29066 ], [ -86.008947, 39.291666 ], [ -86.008974, 39.292516 ], [ -86.008997, 39.293585 ], [ -86.009018, 39.294316 ], [ -86.009059, 39.295146 ], [ -86.009086, 39.295675 ], [ -86.009115, 39.296345 ], [ -86.009118, 39.297449 ], [ -86.009121, 39.297639 ], [ -86.009137, 39.298471 ], [ -86.009144, 39.298957 ], [ -86.009151, 39.299365 ], [ -86.009154, 39.300417 ], [ -86.009156, 39.300904 ], [ -86.009158, 39.301477 ], [ -86.009156, 39.302849 ], [ -86.009161, 39.303769 ], [ -86.009166, 39.304416 ], [ -86.009177, 39.305331 ], [ -86.00921, 39.307305 ], [ -86.009221, 39.308446 ], [ -86.009214, 39.310642 ], [ -86.009259, 39.312363 ], [ -86.009272, 39.312822 ], [ -86.009278, 39.313637 ], [ -86.009304, 39.314792 ], [ -86.009298, 39.315211 ], [ -86.009298, 39.315228 ], [ -86.0093, 39.315341 ], [ -86.009309, 39.315681 ], [ -86.009312, 39.315795 ], [ -86.009387, 39.31578 ], [ -86.009415, 39.315758 ], [ -86.009479, 39.315736 ], [ -86.009592, 39.315665 ], [ -86.009797, 39.3155 ], [ -86.009902, 39.315364 ], [ -86.00991, 39.315346 ], [ -86.009959, 39.315282 ], [ -86.00996, 39.315264 ], [ -86.009995, 39.315203 ], [ -86.010024, 39.315165 ], [ -86.010038, 39.315132 ], [ -86.010066, 39.315104 ], [ -86.010087, 39.315066 ], [ -86.01013, 39.315028 ], [ -86.01013, 39.315 ], [ -86.010185, 39.31493 ], [ -86.010186, 39.314912 ], [ -86.010236, 39.314863 ], [ -86.010257, 39.314791 ], [ -86.010335, 39.314687 ], [ -86.010363, 39.314627 ], [ -86.010406, 39.314577 ], [ -86.010441, 39.314517 ], [ -86.010618, 39.314281 ], [ -86.010723, 39.314156 ], [ -86.010731, 39.314138 ], [ -86.010972, 39.313847 ], [ -86.011128, 39.313704 ], [ -86.011206, 39.313649 ], [ -86.011276, 39.313606 ], [ -86.011319, 39.3136 ], [ -86.011361, 39.313573 ], [ -86.011404, 39.313562 ], [ -86.011439, 39.313545 ], [ -86.011488, 39.313534 ], [ -86.011524, 39.313518 ], [ -86.011679, 39.313479 ], [ -86.01175, 39.313452 ], [ -86.011849, 39.313435 ], [ -86.011913, 39.313419 ], [ -86.012097, 39.313397 ], [ -86.012447, 39.313383 ], [ -86.0125, 39.313381 ], [ -86.012846, 39.313436 ], [ -86.013115, 39.313507 ], [ -86.013178, 39.313518 ], [ -86.013221, 39.313546 ], [ -86.013263, 39.313551 ], [ -86.013298, 39.313573 ], [ -86.01339, 39.313601 ], [ -86.01356, 39.313639 ], [ -86.013602, 39.313672 ], [ -86.013786, 39.313689 ], [ -86.014267, 39.313706 ], [ -86.01438, 39.313706 ], [ -86.014642, 39.313695 ], [ -86.015016, 39.313651 ], [ -86.015137, 39.313629 ], [ -86.015214, 39.313585 ], [ -86.015257, 39.313618 ], [ -86.015299, 39.313629 ], [ -86.015462, 39.313651 ], [ -86.01549, 39.313668 ], [ -86.016176, 39.313706 ], [ -86.016225, 39.313717 ], [ -86.016607, 39.313756 ], [ -86.01665, 39.313772 ], [ -86.016685, 39.313773 ], [ -86.016784, 39.313795 ], [ -86.016904, 39.313806 ], [ -86.016947, 39.313828 ], [ -86.017081, 39.313855 ], [ -86.017109, 39.313877 ], [ -86.017173, 39.313888 ], [ -86.017229, 39.313916 ], [ -86.017357, 39.314009 ], [ -86.01742, 39.314009 ], [ -86.017448, 39.314014 ], [ -86.017625, 39.31413 ], [ -86.018049, 39.314454 ], [ -86.018127, 39.314526 ], [ -86.018169, 39.31458 ], [ -86.018176, 39.314608 ], [ -86.018205, 39.31463 ], [ -86.018205, 39.314652 ], [ -86.018268, 39.314718 ], [ -86.018296, 39.314767 ], [ -86.018388, 39.314872 ], [ -86.018494, 39.315086 ], [ -86.018536, 39.31513 ], [ -86.018593, 39.315223 ], [ -86.018692, 39.315317 ], [ -86.018791, 39.315438 ], [ -86.018812, 39.315476 ], [ -86.018854, 39.31552 ], [ -86.018918, 39.315679 ], [ -86.018953, 39.31602 ], [ -86.019674, 39.316586 ], [ -86.019695, 39.316613 ], [ -86.019737, 39.316696 ], [ -86.019801, 39.317003 ], [ -86.019822, 39.317031 ], [ -86.019829, 39.317058 ], [ -86.019921, 39.317141 ], [ -86.020055, 39.317207 ], [ -86.020147, 39.317229 ], [ -86.020183, 39.317251 ], [ -86.020239, 39.317262 ], [ -86.020296, 39.317289 ], [ -86.020331, 39.317295 ], [ -86.020366, 39.317317 ], [ -86.020416, 39.317322 ], [ -86.020444, 39.317344 ], [ -86.020508, 39.317355 ], [ -86.02055, 39.317372 ], [ -86.020762, 39.317487 ], [ -86.020953, 39.317613 ], [ -86.021349, 39.317916 ], [ -86.021603, 39.31813 ], [ -86.021759, 39.318251 ], [ -86.021822, 39.318322 ], [ -86.021935, 39.318427 ], [ -86.022063, 39.318537 ], [ -86.022183, 39.318608 ], [ -86.022232, 39.31863 ], [ -86.02226, 39.31863 ], [ -86.022373, 39.318658 ], [ -86.022458, 39.318724 ], [ -86.022487, 39.318762 ], [ -86.022543, 39.319026 ], [ -86.022606, 39.319152 ], [ -86.022649, 39.319212 ], [ -86.022811, 39.319311 ], [ -86.022861, 39.319328 ], [ -86.022981, 39.31941 ], [ -86.023016, 39.319443 ], [ -86.023038, 39.319553 ], [ -86.023066, 39.319586 ], [ -86.023101, 39.319674 ], [ -86.023165, 39.31974 ], [ -86.023285, 39.319811 ], [ -86.023349, 39.319828 ], [ -86.02344, 39.319872 ], [ -86.023532, 39.319943 ], [ -86.023681, 39.320015 ], [ -86.023921, 39.320075 ], [ -86.023963, 39.320103 ], [ -86.024119, 39.320229 ], [ -86.024204, 39.320306 ], [ -86.024204, 39.320328 ], [ -86.024232, 39.320355 ], [ -86.024246, 39.320405 ], [ -86.024267, 39.32052 ], [ -86.024303, 39.320625 ], [ -86.024331, 39.320658 ], [ -86.024345, 39.320707 ], [ -86.024366, 39.32074 ], [ -86.024409, 39.320773 ], [ -86.024501, 39.320828 ], [ -86.024557, 39.32085 ], [ -86.024713, 39.320833 ], [ -86.02479, 39.320806 ], [ -86.025038, 39.320669 ], [ -86.025186, 39.320658 ], [ -86.025257, 39.320674 ], [ -86.025497, 39.320845 ], [ -86.025604, 39.32085 ], [ -86.02571, 39.320839 ], [ -86.02578, 39.320801 ], [ -86.025879, 39.320845 ], [ -86.025929, 39.320856 ], [ -86.025964, 39.320872 ], [ -86.026021, 39.320889 ], [ -86.026077, 39.320916 ], [ -86.02612, 39.320927 ], [ -86.026155, 39.320949 ], [ -86.026261, 39.320988 ], [ -86.026346, 39.320977 ], [ -86.026403, 39.320927 ], [ -86.026396, 39.320763 ], [ -86.02641, 39.32068 ], [ -86.026473, 39.320625 ], [ -86.026615, 39.320625 ], [ -86.026777, 39.32073 ], [ -86.026827, 39.320752 ], [ -86.026905, 39.320757 ], [ -86.026928, 39.320753 ], [ -86.027025, 39.320741 ], [ -86.027053, 39.32073 ], [ -86.027152, 39.320719 ], [ -86.027209, 39.32073 ], [ -86.027322, 39.320818 ], [ -86.027336, 39.320851 ], [ -86.027315, 39.320895 ], [ -86.027244, 39.320982 ], [ -86.027145, 39.321065 ], [ -86.027088, 39.321092 ], [ -86.027032, 39.321109 ], [ -86.02694, 39.321103 ], [ -86.026869, 39.321059 ], [ -86.026834, 39.321032 ], [ -86.026742, 39.321043 ], [ -86.0266, 39.321158 ], [ -86.0266, 39.321191 ], [ -86.026622, 39.321295 ], [ -86.026904, 39.321537 ], [ -86.026918, 39.321642 ], [ -86.026911, 39.321686 ], [ -86.026784, 39.321817 ], [ -86.02677, 39.321878 ], [ -86.02677, 39.321933 ], [ -86.026791, 39.322042 ], [ -86.026812, 39.322075 ], [ -86.026939, 39.322152 ], [ -86.026996, 39.322174 ], [ -86.027165, 39.322301 ], [ -86.027165, 39.322339 ], [ -86.027137, 39.322394 ], [ -86.027095, 39.322433 ], [ -86.027059, 39.322477 ], [ -86.027038, 39.322581 ], [ -86.027038, 39.322603 ], [ -86.027066, 39.322625 ], [ -86.027151, 39.322674 ], [ -86.027222, 39.322685 ], [ -86.027752, 39.322663 ], [ -86.027802, 39.322691 ], [ -86.027844, 39.322691 ], [ -86.027922, 39.322707 ], [ -86.027957, 39.322729 ], [ -86.027993, 39.322735 ], [ -86.028014, 39.322757 ], [ -86.028084, 39.322779 ], [ -86.028226, 39.322773 ], [ -86.028252, 39.32277 ], [ -86.028339, 39.322762 ], [ -86.02848, 39.322724 ], [ -86.028678, 39.322697 ], [ -86.02882, 39.322719 ], [ -86.029159, 39.322955 ], [ -86.029251, 39.322988 ], [ -86.029272, 39.323004 ], [ -86.029336, 39.323015 ], [ -86.029499, 39.323065 ], [ -86.029562, 39.323103 ], [ -86.029626, 39.323153 ], [ -86.029746, 39.323246 ], [ -86.029781, 39.323296 ], [ -86.029986, 39.323433 ], [ -86.030106, 39.323455 ], [ -86.030149, 39.323483 ], [ -86.030368, 39.323532 ], [ -86.030446, 39.32356 ], [ -86.030538, 39.323609 ], [ -86.030566, 39.323609 ], [ -86.03062, 39.32364 ], [ -86.030644, 39.323642 ], [ -86.0307, 39.323675 ], [ -86.030736, 39.32368 ], [ -86.030934, 39.323768 ], [ -86.030969, 39.323779 ], [ -86.031011, 39.323785 ], [ -86.03104, 39.323807 ], [ -86.03111, 39.323818 ], [ -86.03116, 39.323851 ], [ -86.031216, 39.323878 ], [ -86.03145, 39.324035 ], [ -86.031676, 39.324186 ], [ -86.031824, 39.324246 ], [ -86.031846, 39.324252 ], [ -86.031902, 39.324279 ], [ -86.032213, 39.324351 ], [ -86.032284, 39.324395 ], [ -86.032404, 39.324488 ], [ -86.032531, 39.324615 ], [ -86.032581, 39.324779 ], [ -86.032545, 39.325043 ], [ -86.032574, 39.325148 ], [ -86.032616, 39.325197 ], [ -86.032644, 39.325296 ], [ -86.032658, 39.325378 ], [ -86.032644, 39.325406 ], [ -86.03251, 39.325532 ], [ -86.032481, 39.325757 ], [ -86.032411, 39.325812 ], [ -86.032347, 39.32585 ], [ -86.032198, 39.325883 ], [ -86.032177, 39.325905 ], [ -86.032149, 39.325905 ], [ -86.032099, 39.325938 ], [ -86.032043, 39.326004 ], [ -86.032064, 39.326235 ], [ -86.032092, 39.326345 ], [ -86.032134, 39.32657 ], [ -86.032113, 39.326691 ], [ -86.032078, 39.326762 ], [ -86.032049, 39.32679 ], [ -86.032042, 39.326866 ], [ -86.032063, 39.326976 ], [ -86.032085, 39.327037 ], [ -86.032134, 39.327081 ], [ -86.032297, 39.327262 ], [ -86.032304, 39.32729 ], [ -86.032565, 39.327526 ], [ -86.032579, 39.327559 ], [ -86.032721, 39.32768 ], [ -86.03282, 39.327806 ], [ -86.032869, 39.327905 ], [ -86.032897, 39.328004 ], [ -86.032904, 39.328064 ], [ -86.032883, 39.328328 ], [ -86.032904, 39.328438 ], [ -86.032954, 39.328482 ], [ -86.032982, 39.328531 ], [ -86.03313, 39.328635 ], [ -86.033204, 39.328693 ], [ -86.033364, 39.328817 ], [ -86.033533, 39.329262 ], [ -86.033583, 39.329311 ], [ -86.033618, 39.329361 ], [ -86.033858, 39.329575 ], [ -86.033929, 39.329663 ], [ -86.03395, 39.329707 ], [ -86.033993, 39.329745 ], [ -86.034063, 39.329828 ], [ -86.034092, 39.329877 ], [ -86.034134, 39.329926 ], [ -86.034183, 39.330003 ], [ -86.034353, 39.330174 ], [ -86.034424, 39.330262 ], [ -86.034441, 39.330301 ], [ -86.03496, 39.33029 ], [ -86.035521, 39.330279 ], [ -86.036197, 39.330269 ], [ -86.03652, 39.330268 ], [ -86.037041, 39.330268 ], [ -86.037486, 39.330255 ], [ -86.037684, 39.33024 ], [ -86.037828, 39.330211 ], [ -86.038508, 39.330233 ], [ -86.038498, 39.330083 ], [ -86.039588, 39.329908 ], [ -86.039744, 39.329876 ], [ -86.040701, 39.329715 ], [ -86.0408, 39.330108 ], [ -86.041228, 39.330221 ], [ -86.041615, 39.330313 ], [ -86.041993, 39.33043 ], [ -86.042966, 39.330727 ], [ -86.043395, 39.330872 ], [ -86.043759, 39.330982 ], [ -86.043902, 39.331006 ], [ -86.044022, 39.330988 ], [ -86.04427, 39.330923 ], [ -86.044512, 39.33144 ], [ -86.045435, 39.333493 ], [ -86.045826, 39.334378 ], [ -86.045845, 39.334423 ], [ -86.046139, 39.335106 ], [ -86.046306, 39.335467 ], [ -86.046443, 39.335712 ], [ -86.046504, 39.335829 ], [ -86.046531, 39.33588 ], [ -86.046582, 39.335962 ], [ -86.04673, 39.336097 ], [ -86.046772, 39.336113 ], [ -86.046896, 39.336161 ], [ -86.047008, 39.336286 ], [ -86.047312, 39.336481 ], [ -86.047566, 39.33658 ], [ -86.047732, 39.336613 ], [ -86.048032, 39.336675 ], [ -86.048939, 39.336823 ], [ -86.049953, 39.336994 ], [ -86.050606, 39.3371 ], [ -86.051566, 39.337257 ], [ -86.051675, 39.337279 ], [ -86.051856, 39.337317 ], [ -86.052004, 39.337343 ], [ -86.052114, 39.337363 ], [ -86.052487, 39.337401 ], [ -86.052825, 39.337453 ], [ -86.05298, 39.337478 ], [ -86.053538, 39.337576 ], [ -86.054095, 39.337667 ], [ -86.054528, 39.337744 ], [ -86.054759, 39.337772 ], [ -86.054892, 39.337772 ], [ -86.054949, 39.33776 ], [ -86.055035, 39.337743 ], [ -86.055245, 39.337474 ], [ -86.055268, 39.337384 ], [ -86.055258, 39.337316 ], [ -86.05517, 39.337224 ], [ -86.055138, 39.337105 ], [ -86.055118, 39.337027 ], [ -86.055122, 39.336938 ], [ -86.055157, 39.336745 ], [ -86.05518, 39.336625 ], [ -86.055446, 39.336683 ], [ -86.055613, 39.336731 ], [ -86.055831, 39.336822 ], [ -86.056326, 39.337045 ], [ -86.056564, 39.337129 ], [ -86.056821, 39.337184 ], [ -86.05702, 39.337198 ], [ -86.057051, 39.337197 ], [ -86.057391, 39.337189 ], [ -86.059085, 39.337147 ], [ -86.059868, 39.337118 ], [ -86.060813, 39.337089 ], [ -86.062961, 39.337035 ], [ -86.064249, 39.337004 ], [ -86.064932, 39.336991 ], [ -86.065208, 39.336985 ], [ -86.065483, 39.336981 ], [ -86.066038, 39.33695 ], [ -86.066315, 39.336935 ], [ -86.067069, 39.336929 ], [ -86.06751, 39.336919 ], [ -86.069276, 39.336881 ], [ -86.071097, 39.33683 ], [ -86.072293, 39.336798 ], [ -86.072788, 39.33678 ], [ -86.073304, 39.336763 ], [ -86.073529, 39.336751 ], [ -86.073753, 39.336692 ], [ -86.074183, 39.336408 ], [ -86.074554, 39.336136 ], [ -86.074585, 39.336189 ], [ -86.074681, 39.336348 ], [ -86.074787, 39.33636 ], [ -86.075031, 39.336315 ], [ -86.075244, 39.336271 ], [ -86.075293, 39.336262 ], [ -86.075616, 39.336227 ], [ -86.075969, 39.33621 ], [ -86.07631, 39.336207 ], [ -86.076882, 39.336192 ], [ -86.077429, 39.336178 ], [ -86.077641, 39.336502 ], [ -86.077658, 39.336528 ], [ -86.077726, 39.336691 ], [ -86.077762, 39.336852 ], [ -86.077781, 39.337069 ], [ -86.077799, 39.337641 ], [ -86.077809, 39.337923 ], [ -86.077811, 39.338029 ], [ -86.077961, 39.338019 ], [ -86.078187, 39.33803 ], [ -86.078222, 39.338046 ], [ -86.078251, 39.338046 ], [ -86.078711, 39.338359 ], [ -86.079463, 39.338905 ], [ -86.079482, 39.338919 ], [ -86.079524, 39.338936 ], [ -86.079736, 39.339035 ], [ -86.079779, 39.339035 ], [ -86.079871, 39.339095 ], [ -86.080189, 39.339337 ], [ -86.080281, 39.339424 ], [ -86.080309, 39.339457 ], [ -86.080465, 39.339562 ], [ -86.080522, 39.339584 ], [ -86.080543, 39.3396 ], [ -86.080614, 39.339611 ], [ -86.080649, 39.339633 ], [ -86.080741, 39.339666 ], [ -86.080995, 39.339864 ], [ -86.081116, 39.339974 ], [ -86.081179, 39.340116 ], [ -86.081222, 39.340281 ], [ -86.081293, 39.340441 ], [ -86.081321, 39.340468 ], [ -86.081342, 39.340517 ], [ -86.081399, 39.340622 ], [ -86.081427, 39.34071 ], [ -86.081441, 39.340798 ], [ -86.081427, 39.340852 ], [ -86.081335, 39.340918 ], [ -86.081307, 39.340918 ], [ -86.081222, 39.340984 ], [ -86.081123, 39.341078 ], [ -86.081123, 39.341149 ], [ -86.081158, 39.341325 ], [ -86.081208, 39.341402 ], [ -86.081321, 39.341462 ], [ -86.081448, 39.341512 ], [ -86.081597, 39.341545 ], [ -86.081644, 39.341565 ], [ -86.081668, 39.341566 ], [ -86.08176, 39.341616 ], [ -86.081816, 39.341632 ], [ -86.082085, 39.341836 ], [ -86.082205, 39.341945 ], [ -86.082248, 39.342 ], [ -86.082304, 39.342088 ], [ -86.082312, 39.342121 ], [ -86.082347, 39.342154 ], [ -86.082368, 39.342226 ], [ -86.082517, 39.342615 ], [ -86.082545, 39.342654 ], [ -86.082623, 39.342698 ], [ -86.082686, 39.342745 ], [ -86.0828, 39.34283 ], [ -86.082871, 39.342901 ], [ -86.082899, 39.342956 ], [ -86.082906, 39.342989 ], [ -86.082934, 39.343011 ], [ -86.082963, 39.343099 ], [ -86.083097, 39.343401 ], [ -86.083154, 39.343456 ], [ -86.083154, 39.343478 ], [ -86.083196, 39.343527 ], [ -86.083281, 39.343659 ], [ -86.083302, 39.343681 ], [ -86.083309, 39.343703 ], [ -86.08338, 39.343785 ], [ -86.083486, 39.343955 ], [ -86.083514, 39.343983 ], [ -86.083727, 39.344247 ], [ -86.083779, 39.344303 ], [ -86.084141, 39.344279 ], [ -86.085236, 39.344211 ], [ -86.085601, 39.344189 ] ], [ [ -86.052709, 38.261872 ], [ -86.052681, 38.261801 ], [ -86.052624, 38.261618 ], [ -86.052575, 38.261493 ], [ -86.052509, 38.261359 ], [ -86.052428, 38.261231 ], [ -86.052295, 38.261037 ], [ -86.051117, 38.259458 ], [ -86.051016, 38.259253 ], [ -86.050976, 38.259134 ], [ -86.050957, 38.258967 ], [ -86.050955, 38.258838 ], [ -86.050981, 38.258414 ], [ -86.051002, 38.258406 ], [ -86.051045, 38.258374 ], [ -86.051059, 38.258276 ], [ -86.051108, 38.257911 ], [ -86.051147, 38.257488 ], [ -86.051132, 38.255942 ], [ -86.051121, 38.253935 ], [ -86.051127, 38.253344 ], [ -86.051145, 38.251663 ], [ -86.050947, 38.251694 ], [ -86.050288, 38.251777 ], [ -86.048047, 38.25206 ], [ -86.046586, 38.252242 ], [ -86.042528, 38.252746 ], [ -86.041406, 38.252888 ], [ -86.039044, 38.253189 ], [ -86.034325, 38.253766 ], [ -86.034052, 38.253799 ], [ -86.032904, 38.253945 ], [ -86.032899, 38.254915 ], [ -86.032889, 38.256686 ], [ -86.03288, 38.258307 ], [ -86.037426, 38.258298 ], [ -86.037525, 38.258376 ], [ -86.037557, 38.264706 ], [ -86.041192, 38.264693 ], [ -86.041981, 38.2639 ], [ -86.041977, 38.262518 ], [ -86.042662, 38.262165 ], [ -86.042731, 38.26213 ], [ -86.043609, 38.260642 ], [ -86.043774, 38.26045 ], [ -86.045683, 38.261397 ], [ -86.045735, 38.264447 ], [ -86.045755, 38.265604 ], [ -86.04558, 38.265604 ], [ -86.045581, 38.266874 ], [ -86.048946, 38.266831 ], [ -86.049911, 38.266819 ], [ -86.049914, 38.26755 ], [ -86.049924, 38.270414 ], [ -86.050125, 38.270429 ], [ -86.050565, 38.270442 ], [ -86.051008, 38.270443 ], [ -86.051014, 38.270502 ], [ -86.051035, 38.270682 ], [ -86.051042, 38.270742 ], [ -86.051089, 38.270528 ], [ -86.051115, 38.269668 ], [ -86.051121, 38.26872 ], [ -86.051122, 38.268447 ], [ -86.051141, 38.265879 ], [ -86.051148, 38.264932 ], [ -86.051432, 38.265132 ], [ -86.05146, 38.265152 ], [ -86.051754, 38.265387 ], [ -86.051941, 38.265512 ], [ -86.052339, 38.265608 ], [ -86.052436, 38.265632 ], [ -86.052685, 38.265627 ], [ -86.052736, 38.265427 ], [ -86.052891, 38.264831 ], [ -86.052943, 38.264632 ], [ -86.053032, 38.264285 ], [ -86.053169, 38.26376 ], [ -86.053271, 38.263239 ], [ -86.053287, 38.263159 ], [ -86.053293, 38.263006 ], [ -86.053303, 38.262908 ], [ -86.053302, 38.262884 ], [ -86.053299, 38.262826 ], [ -86.053282, 38.26273 ], [ -86.053219, 38.262584 ], [ -86.053184, 38.262518 ], [ -86.053107, 38.262426 ], [ -86.053027, 38.262341 ], [ -86.05295, 38.26227 ], [ -86.052821, 38.26208 ], [ -86.052709, 38.261872 ] ], [ [ -85.614309, 38.985003 ], [ -85.614548, 38.984617 ], [ -85.614552, 38.984025 ], [ -85.614466, 38.983843 ], [ -85.613831, 38.983455 ], [ -85.613647, 38.983342 ], [ -85.612545, 38.982872 ], [ -85.611918, 38.982475 ], [ -85.611557, 38.982058 ], [ -85.611572, 38.981462 ], [ -85.611574, 38.981422 ], [ -85.611575, 38.98141 ], [ -85.611523, 38.981403 ], [ -85.610262, 38.981229 ], [ -85.609848, 38.98119 ], [ -85.608606, 38.981071 ], [ -85.608565, 38.981065 ], [ -85.608564, 38.981092 ], [ -85.608542, 38.981446 ], [ -85.607853, 38.981446 ], [ -85.607709, 38.981889 ], [ -85.607292, 38.982422 ], [ -85.606807, 38.982831 ], [ -85.6066, 38.983007 ], [ -85.604833, 38.983518 ], [ -85.604745, 38.983701 ], [ -85.604364, 38.983999 ], [ -85.604311, 38.984106 ], [ -85.604218, 38.984296 ], [ -85.604174, 38.984814 ], [ -85.604155, 38.985032 ], [ -85.60413, 38.985324 ], [ -85.604249, 38.985597 ], [ -85.604835, 38.985869 ], [ -85.606566, 38.985908 ], [ -85.607212, 38.986088 ], [ -85.607828, 38.986497 ], [ -85.608269, 38.987271 ], [ -85.608289, 38.987368 ], [ -85.608416, 38.987982 ], [ -85.608445, 38.988762 ], [ -85.608591, 38.989062 ], [ -85.609296, 38.989544 ], [ -85.610205, 38.989546 ], [ -85.610327, 38.989527 ], [ -85.611816, 38.989297 ], [ -85.612608, 38.989322 ], [ -85.614132, 38.989531 ], [ -85.614843, 38.989775 ], [ -85.614816, 38.989267 ], [ -85.614825, 38.989078 ], [ -85.61481, 38.988075 ], [ -85.61399, 38.987798 ], [ -85.613379, 38.987459 ], [ -85.613118, 38.987095 ], [ -85.613137, 38.986741 ], [ -85.613153, 38.986458 ], [ -85.613569, 38.985821 ], [ -85.614309, 38.985003 ] ], [ [ -85.333482, 39.309244 ], [ -85.333499, 39.309194 ], [ -85.333497, 39.309157 ], [ -85.333507, 39.3091 ], [ -85.333527, 39.30903 ], [ -85.333549, 39.308955 ], [ -85.333557, 39.308908 ], [ -85.333555, 39.308866 ], [ -85.333542, 39.308832 ], [ -85.333518, 39.308797 ], [ -85.333488, 39.308766 ], [ -85.333446, 39.30874 ], [ -85.333354, 39.308706 ], [ -85.333273, 39.308691 ], [ -85.332629, 39.308573 ], [ -85.332381, 39.308524 ], [ -85.332345, 39.308517 ], [ -85.332035, 39.308464 ], [ -85.331934, 39.308446 ], [ -85.331902, 39.30844 ], [ -85.331504, 39.308366 ], [ -85.331372, 39.308342 ], [ -85.330918, 39.308258 ], [ -85.330539, 39.308188 ], [ -85.32976, 39.308023 ], [ -85.32956, 39.307983 ], [ -85.329108, 39.307895 ], [ -85.328477, 39.307764 ], [ -85.327976, 39.30766 ], [ -85.326961, 39.30746 ], [ -85.326583, 39.30739 ], [ -85.326181, 39.307311 ], [ -85.32595, 39.307281 ], [ -85.325934, 39.307167 ], [ -85.325933, 39.307157 ], [ -85.325931, 39.307126 ], [ -85.325162, 39.306951 ], [ -85.325097, 39.307112 ], [ -85.323439, 39.306798 ], [ -85.323434, 39.306958 ], [ -85.323424, 39.307318 ], [ -85.323423, 39.307343 ], [ -85.323416, 39.307572 ], [ -85.323389, 39.308703 ], [ -85.323386, 39.308801 ], [ -85.322337, 39.30881 ], [ -85.322305, 39.309268 ], [ -85.322347, 39.309268 ], [ -85.323376, 39.309266 ], [ -85.323431, 39.309265 ], [ -85.323597, 39.309265 ], [ -85.323653, 39.309265 ], [ -85.323747, 39.309264 ], [ -85.324033, 39.309264 ], [ -85.324128, 39.309264 ], [ -85.324199, 39.309263 ], [ -85.324413, 39.309263 ], [ -85.324485, 39.309263 ], [ -85.324777, 39.309264 ], [ -85.325655, 39.30927 ], [ -85.32573, 39.309271 ], [ -85.325948, 39.309279 ], [ -85.326125, 39.309278 ], [ -85.326423, 39.309277 ], [ -85.326659, 39.30928 ], [ -85.326837, 39.309284 ], [ -85.326841, 39.309464 ], [ -85.326843, 39.309501 ], [ -85.326847, 39.310005 ], [ -85.326849, 39.310186 ], [ -85.327057, 39.310187 ], [ -85.327204, 39.310189 ], [ -85.327684, 39.310189 ], [ -85.327893, 39.31019 ], [ -85.328106, 39.310194 ], [ -85.328134, 39.310195 ], [ -85.328746, 39.310195 ], [ -85.32896, 39.310196 ], [ -85.329098, 39.310196 ], [ -85.329169, 39.310192 ], [ -85.329197, 39.310191 ], [ -85.32957, 39.310187 ], [ -85.329762, 39.310178 ], [ -85.329799, 39.310178 ], [ -85.33001, 39.310182 ], [ -85.330203, 39.310183 ], [ -85.330309, 39.310185 ], [ -85.330784, 39.310184 ], [ -85.330978, 39.310184 ], [ -85.331146, 39.310183 ], [ -85.331209, 39.310183 ], [ -85.331653, 39.310182 ], [ -85.331823, 39.310182 ], [ -85.331902, 39.31018 ], [ -85.332139, 39.310178 ], [ -85.332219, 39.310178 ], [ -85.332697, 39.310177 ], [ -85.333399, 39.310165 ], [ -85.333667, 39.310165 ], [ -85.335067, 39.310147 ], [ -85.335288, 39.31015 ], [ -85.335286, 39.31001 ], [ -85.335284, 39.309736 ], [ -85.335294, 39.309631 ], [ -85.335294, 39.309594 ], [ -85.335294, 39.309455 ], [ -85.335294, 39.309408 ], [ -85.335294, 39.309267 ], [ -85.335295, 39.309221 ], [ -85.335021, 39.309218 ], [ -85.334926, 39.309217 ], [ -85.3342, 39.309217 ], [ -85.333927, 39.309217 ], [ -85.333802, 39.30922 ], [ -85.333588, 39.309226 ], [ -85.333505, 39.30927 ], [ -85.333466, 39.309291 ], [ -85.333475, 39.309264 ], [ -85.333482, 39.309244 ] ] ], [ [ [ -86.486746, 38.019401 ], [ -86.486228, 38.019607 ], [ -86.485002, 38.020108 ], [ -86.48478, 38.020192 ], [ -86.483552, 38.020684 ], [ -86.483329, 38.020768 ], [ -86.482998, 38.020881 ], [ -86.482776, 38.020951 ], [ -86.482716, 38.020967 ], [ -86.482608, 38.020996 ], [ -86.482267, 38.021072 ], [ -86.482094, 38.0211 ], [ -86.481917, 38.021124 ], [ -86.481555, 38.021122 ], [ -86.481194, 38.021103 ], [ -86.481016, 38.021082 ], [ -86.480562, 38.020981 ], [ -86.480366, 38.020933 ], [ -86.479858, 38.0208 ], [ -86.479549, 38.020714 ], [ -86.479225, 38.02064 ], [ -86.478951, 38.020615 ], [ -86.478586, 38.020595 ], [ -86.478175, 38.020594 ], [ -86.477992, 38.020598 ], [ -86.477763, 38.020609 ], [ -86.477535, 38.020605 ], [ -86.476804, 38.020604 ], [ -86.47654, 38.020615 ], [ -86.476153, 38.020621 ], [ -86.475231, 38.020646 ], [ -86.474923, 38.020662 ], [ -86.474823, 38.020668 ], [ -86.474587, 38.02067 ], [ -86.474044, 38.020704 ], [ -86.473601, 38.020752 ], [ -86.473342, 38.020799 ], [ -86.472945, 38.02088 ], [ -86.472716, 38.020967 ], [ -86.472351, 38.021078 ], [ -86.471588, 38.021326 ], [ -86.471048, 38.021483 ], [ -86.470868, 38.02153 ], [ -86.470552, 38.021586 ], [ -86.469729, 38.021695 ], [ -86.469515, 38.021718 ], [ -86.469115, 38.021753 ], [ -86.468758, 38.021773 ], [ -86.468644, 38.021775 ], [ -86.468374, 38.02178 ], [ -86.468177, 38.021789 ], [ -86.467728, 38.021786 ], [ -86.467256, 38.021715 ], [ -86.467079, 38.02168 ], [ -86.46677, 38.021634 ], [ -86.466553, 38.021594 ], [ -86.466183, 38.021526 ], [ -86.466065, 38.021509 ], [ -86.465697, 38.021468 ], [ -86.465476, 38.021452 ], [ -86.465241, 38.021441 ], [ -86.465119, 38.021435 ], [ -86.463615, 38.021393 ], [ -86.462561, 38.02137 ], [ -86.462515, 38.021369 ], [ -86.462388, 38.021369 ], [ -86.462009, 38.021384 ], [ -86.461623, 38.02141 ], [ -86.460982, 38.021475 ], [ -86.4597, 38.021624 ], [ -86.458945, 38.021708 ], [ -86.458424, 38.021767 ], [ -86.458979, 38.022178 ], [ -86.459903, 38.02286 ], [ -86.460778, 38.023507 ], [ -86.461661, 38.02416 ], [ -86.46199, 38.024403 ], [ -86.462374, 38.024685 ], [ -86.462617, 38.024864 ], [ -86.462963, 38.025122 ], [ -86.463252, 38.025333 ], [ -86.463308, 38.025374 ], [ -86.463543, 38.02555 ], [ -86.463889, 38.025806 ], [ -86.464014, 38.025899 ], [ -86.464123, 38.02598 ], [ -86.464235, 38.026062 ], [ -86.464365, 38.026158 ], [ -86.464492, 38.026252 ], [ -86.464598, 38.02633 ], [ -86.464712, 38.026415 ], [ -86.46478, 38.026465 ], [ -86.464978, 38.026611 ], [ -86.465118, 38.026715 ], [ -86.465222, 38.026792 ], [ -86.465325, 38.026868 ], [ -86.465485, 38.026986 ], [ -86.465611, 38.027079 ], [ -86.465734, 38.02717 ], [ -86.465839, 38.027247 ], [ -86.465976, 38.027349 ], [ -86.466135, 38.027466 ], [ -86.466279, 38.027572 ], [ -86.466426, 38.027682 ], [ -86.466569, 38.027787 ], [ -86.4667, 38.027884 ], [ -86.466864, 38.028005 ], [ -86.466991, 38.028099 ], [ -86.46715, 38.028216 ], [ -86.467281, 38.028313 ], [ -86.467345, 38.028361 ], [ -86.467378, 38.028385 ], [ -86.468576, 38.029271 ], [ -86.468814, 38.029446 ], [ -86.468888, 38.029501 ], [ -86.468986, 38.029573 ], [ -86.469176, 38.029714 ], [ -86.469314, 38.029816 ], [ -86.469467, 38.029929 ], [ -86.469585, 38.030016 ], [ -86.469728, 38.030122 ], [ -86.469826, 38.030195 ], [ -86.469919, 38.030263 ], [ -86.469991, 38.030317 ], [ -86.470151, 38.030434 ], [ -86.470295, 38.030541 ], [ -86.470371, 38.030597 ], [ -86.471884, 38.031715 ], [ -86.473459, 38.03288 ], [ -86.474834, 38.033895 ], [ -86.47627, 38.034957 ], [ -86.477786, 38.036078 ], [ -86.477803, 38.03609 ], [ -86.478808, 38.036835 ], [ -86.478958, 38.036943 ], [ -86.479192, 38.037116 ], [ -86.480074, 38.037769 ], [ -86.480679, 38.038216 ], [ -86.48141, 38.038755 ], [ -86.480687, 38.038483 ], [ -86.480527, 38.038438 ], [ -86.480166, 38.038335 ], [ -86.47995, 38.038247 ], [ -86.479756, 38.038165 ], [ -86.479339, 38.037934 ], [ -86.479123, 38.037748 ], [ -86.478949, 38.03755 ], [ -86.478658, 38.037341 ], [ -86.47815, 38.037078 ], [ -86.477685, 38.036946 ], [ -86.477379, 38.036913 ], [ -86.477066, 38.036803 ], [ -86.476886, 38.03677 ], [ -86.476205, 38.036738 ], [ -86.474816, 38.036727 ], [ -86.474003, 38.036799 ], [ -86.473037, 38.036837 ], [ -86.471669, 38.036931 ], [ -86.471294, 38.037014 ], [ -86.470745, 38.037118 ], [ -86.46971, 38.037476 ], [ -86.467835, 38.038245 ], [ -86.466543, 38.038801 ], [ -86.465717, 38.039218 ], [ -86.464467, 38.039955 ], [ -86.464133, 38.040197 ], [ -86.463911, 38.040395 ], [ -86.463807, 38.040609 ], [ -86.463466, 38.040708 ], [ -86.462716, 38.040972 ], [ -86.462425, 38.041043 ], [ -86.461876, 38.041137 ], [ -86.461598, 38.041208 ], [ -86.460903, 38.041356 ], [ -86.459875, 38.041621 ], [ -86.459639, 38.041664 ], [ -86.459111, 38.041802 ], [ -86.458618, 38.04195 ], [ -86.458097, 38.042126 ], [ -86.457847, 38.042214 ], [ -86.45768, 38.042291 ], [ -86.457437, 38.042357 ], [ -86.457235, 38.042429 ], [ -86.457159, 38.042473 ], [ -86.456895, 38.04255 ], [ -86.456304, 38.042676 ], [ -86.455596, 38.042934 ], [ -86.455485, 38.042967 ], [ -86.455408, 38.043006 ], [ -86.455325, 38.043033 ], [ -86.455235, 38.043044 ], [ -86.455089, 38.043094 ], [ -86.454054, 38.043528 ], [ -86.452512, 38.044215 ], [ -86.452213, 38.044237 ], [ -86.452081, 38.044209 ], [ -86.452032, 38.04416 ], [ -86.452039, 38.044144 ], [ -86.452136, 38.044072 ], [ -86.452317, 38.044006 ], [ -86.452442, 38.043989 ], [ -86.452491, 38.043973 ], [ -86.452658, 38.04388 ], [ -86.452769, 38.043803 ], [ -86.45279, 38.043704 ], [ -86.452789, 38.043072 ], [ -86.452755, 38.043006 ], [ -86.45272, 38.042979 ], [ -86.452678, 38.042968 ], [ -86.45263, 38.042968 ], [ -86.452581, 38.042951 ], [ -86.452553, 38.042924 ], [ -86.452539, 38.042885 ], [ -86.452539, 38.042742 ], [ -86.45247, 38.042819 ], [ -86.452428, 38.042907 ], [ -86.452421, 38.042946 ], [ -86.452421, 38.042973 ], [ -86.452511, 38.043138 ], [ -86.452456, 38.043407 ], [ -86.452407, 38.043567 ], [ -86.452408, 38.043622 ], [ -86.452449, 38.04372 ], [ -86.452449, 38.043764 ], [ -86.452421, 38.043786 ], [ -86.452338, 38.043814 ], [ -86.452296, 38.043814 ], [ -86.452185, 38.043781 ], [ -86.452123, 38.043792 ], [ -86.452095, 38.043825 ], [ -86.452039, 38.043858 ], [ -86.451949, 38.04394 ], [ -86.451873, 38.043984 ], [ -86.451824, 38.043995 ], [ -86.451782, 38.044034 ], [ -86.451692, 38.044165 ], [ -86.451713, 38.044248 ], [ -86.451734, 38.044275 ], [ -86.451761, 38.044292 ], [ -86.452164, 38.044369 ], [ -86.452032, 38.044451 ], [ -86.45188, 38.044528 ], [ -86.451553, 38.044649 ], [ -86.451345, 38.044671 ], [ -86.451171, 38.044715 ], [ -86.450851, 38.044885 ], [ -86.449907, 38.045484 ], [ -86.449351, 38.045825 ], [ -86.448636, 38.046319 ], [ -86.448184, 38.04666 ], [ -86.447656, 38.047078 ], [ -86.446621, 38.04794 ], [ -86.446142, 38.048325 ], [ -86.445628, 38.048715 ], [ -86.445086, 38.04921 ], [ -86.444363, 38.049995 ], [ -86.443404, 38.050885 ], [ -86.443078, 38.051352 ], [ -86.442751, 38.051677 ], [ -86.442585, 38.051803 ], [ -86.442334, 38.052034 ], [ -86.442091, 38.052215 ], [ -86.441897, 38.052424 ], [ -86.441014, 38.0531 ], [ -86.440139, 38.053814 ], [ -86.439778, 38.054132 ], [ -86.438284, 38.055314 ], [ -86.438029, 38.055489 ], [ -86.437832, 38.055621 ], [ -86.437672, 38.055715 ], [ -86.437249, 38.056066 ], [ -86.437068, 38.056187 ], [ -86.436491, 38.056522 ], [ -86.435768, 38.056962 ], [ -86.435497, 38.057171 ], [ -86.434733, 38.057539 ], [ -86.43433, 38.057802 ], [ -86.43408, 38.057929 ], [ -86.433878, 38.058077 ], [ -86.433329, 38.058566 ], [ -86.433051, 38.05894 ], [ -86.432871, 38.059214 ], [ -86.432537, 38.059621 ], [ -86.432391, 38.059824 ], [ -86.432218, 38.060099 ], [ -86.431974, 38.060346 ], [ -86.431733, 38.060731 ], [ -86.431363, 38.061159 ], [ -86.431273, 38.061297 ], [ -86.431182, 38.061461 ], [ -86.43105, 38.061626 ], [ -86.43064, 38.062104 ], [ -86.430181, 38.062395 ], [ -86.42998, 38.062582 ], [ -86.429403, 38.063417 ], [ -86.429368, 38.063489 ], [ -86.42934, 38.063604 ], [ -86.429326, 38.063736 ], [ -86.429333, 38.063835 ], [ -86.429264, 38.064016 ], [ -86.429229, 38.064142 ], [ -86.429146, 38.064274 ], [ -86.428882, 38.064609 ], [ -86.428847, 38.06478 ], [ -86.428659, 38.065274 ], [ -86.42852, 38.065576 ], [ -86.428374, 38.065834 ], [ -86.427749, 38.065906 ], [ -86.427401, 38.065928 ], [ -86.42697, 38.0659 ], [ -86.426925, 38.065892 ], [ -86.426898, 38.066006 ], [ -86.427438, 38.066076 ], [ -86.428277, 38.065991 ], [ -86.4282, 38.066115 ], [ -86.428082, 38.066538 ], [ -86.428089, 38.066647 ], [ -86.428131, 38.066774 ], [ -86.428124, 38.066845 ], [ -86.428082, 38.066922 ], [ -86.42804, 38.06695 ], [ -86.427915, 38.066972 ], [ -86.42786, 38.066999 ], [ -86.427825, 38.067049 ], [ -86.427825, 38.067114 ], [ -86.427867, 38.067164 ], [ -86.427992, 38.067252 ], [ -86.428061, 38.067323 ], [ -86.428082, 38.067389 ], [ -86.428061, 38.067554 ], [ -86.428068, 38.067598 ], [ -86.428047, 38.067807 ], [ -86.427978, 38.068103 ], [ -86.427846, 38.068351 ], [ -86.427797, 38.068488 ], [ -86.427734, 38.06879 ], [ -86.427714, 38.069142 ], [ -86.427387, 38.070318 ], [ -86.427345, 38.070625 ], [ -86.427324, 38.070938 ], [ -86.427261, 38.071361 ], [ -86.427234, 38.071696 ], [ -86.427254, 38.071889 ], [ -86.427254, 38.071988 ], [ -86.427206, 38.072229 ], [ -86.427206, 38.072466 ], [ -86.427254, 38.072526 ], [ -86.427282, 38.072592 ], [ -86.427289, 38.07268 ], [ -86.427282, 38.0734 ], [ -86.427247, 38.073889 ], [ -86.427184, 38.074257 ], [ -86.427136, 38.074641 ], [ -86.427032, 38.075163 ], [ -86.427031, 38.075235 ], [ -86.426997, 38.075399 ], [ -86.426983, 38.075542 ], [ -86.426913, 38.075833 ], [ -86.426885, 38.07618 ], [ -86.426844, 38.076394 ], [ -86.426802, 38.076707 ], [ -86.426774, 38.077015 ], [ -86.42676, 38.077482 ], [ -86.426788, 38.077833 ], [ -86.426774, 38.078168 ], [ -86.426697, 38.078613 ], [ -86.426656, 38.079278 ], [ -86.426648, 38.079811 ], [ -86.426662, 38.080069 ], [ -86.426711, 38.080465 ], [ -86.426857, 38.080838 ], [ -86.426892, 38.081014 ], [ -86.426906, 38.08119 ], [ -86.426975, 38.081421 ], [ -86.427086, 38.081641 ], [ -86.427121, 38.08191 ], [ -86.427149, 38.082355 ], [ -86.427135, 38.082476 ], [ -86.427155, 38.082679 ], [ -86.427162, 38.082888 ], [ -86.427246, 38.083206 ], [ -86.42726, 38.083349 ], [ -86.427301, 38.083454 ], [ -86.427371, 38.083569 ], [ -86.427433, 38.083728 ], [ -86.42751, 38.084047 ], [ -86.427621, 38.084344 ], [ -86.427642, 38.084454 ], [ -86.427663, 38.084838 ], [ -86.427718, 38.085129 ], [ -86.427857, 38.085327 ], [ -86.428003, 38.08541 ], [ -86.428462, 38.085822 ], [ -86.428802, 38.086201 ], [ -86.429727, 38.087042 ], [ -86.430033, 38.087344 ], [ -86.430992, 38.088157 ], [ -86.431437, 38.08847 ], [ -86.431889, 38.088772 ], [ -86.433126, 38.089558 ], [ -86.434954, 38.090624 ], [ -86.43576, 38.091052 ], [ -86.436323, 38.091322 ], [ -86.437456, 38.091849 ], [ -86.438548, 38.0923 ], [ -86.438923, 38.092448 ], [ -86.439334, 38.092591 ], [ -86.440049, 38.092882 ], [ -86.441217, 38.093283 ], [ -86.442128, 38.093547 ], [ -86.443463, 38.093953 ], [ -86.444179, 38.094135 ], [ -86.44488, 38.0943 ], [ -86.445111, 38.094354 ], [ -86.447148, 38.094904 ], [ -86.448051, 38.095167 ], [ -86.448761, 38.095414 ], [ -86.450443, 38.09598 ], [ -86.450951, 38.096189 ], [ -86.451618, 38.096436 ], [ -86.453099, 38.097095 ], [ -86.454044, 38.097545 ], [ -86.455025, 38.098111 ], [ -86.455699, 38.098556 ], [ -86.457375, 38.099869 ], [ -86.457786, 38.100237 ], [ -86.458321, 38.100891 ], [ -86.459385, 38.102258 ], [ -86.459893, 38.102995 ], [ -86.460651, 38.104275 ], [ -86.461013, 38.104989 ], [ -86.461382, 38.105868 ], [ -86.461597, 38.10651 ], [ -86.461751, 38.106873 ], [ -86.461897, 38.107351 ], [ -86.462182, 38.108785 ], [ -86.462238, 38.109483 ], [ -86.462238, 38.110197 ], [ -86.462183, 38.111142 ], [ -86.462128, 38.111642 ], [ -86.462058, 38.112098 ], [ -86.46185, 38.112845 ], [ -86.461593, 38.113642 ], [ -86.461412, 38.114137 ], [ -86.461343, 38.114329 ], [ -86.460988, 38.114977 ], [ -86.460335, 38.115884 ], [ -86.459292, 38.117422 ], [ -86.459084, 38.117587 ], [ -86.458958, 38.117774 ], [ -86.458931, 38.117884 ], [ -86.458792, 38.11807 ], [ -86.458674, 38.118263 ], [ -86.458263, 38.118669 ], [ -86.457756, 38.119147 ], [ -86.457248, 38.119592 ], [ -86.45656, 38.120136 ], [ -86.455663, 38.120818 ], [ -86.454098, 38.121813 ], [ -86.453264, 38.12223 ], [ -86.451623, 38.122857 ], [ -86.45115, 38.123005 ], [ -86.450566, 38.123148 ], [ -86.449251, 38.123346 ], [ -86.448695, 38.123373 ], [ -86.448194, 38.123417 ], [ -86.447429, 38.123461 ], [ -86.446759, 38.12348 ], [ -86.446657, 38.123483 ], [ -86.445781, 38.123494 ], [ -86.444125, 38.123379 ], [ -86.443611, 38.123357 ], [ -86.441608, 38.123006 ], [ -86.440606, 38.12278 ], [ -86.439389, 38.122467 ], [ -86.438791, 38.122231 ], [ -86.437845, 38.121945 ], [ -86.436837, 38.121605 ], [ -86.436016, 38.121297 ], [ -86.4353, 38.120984 ], [ -86.43441, 38.12061 ], [ -86.433617, 38.120302 ], [ -86.432609, 38.119797 ], [ -86.4316, 38.119231 ], [ -86.429904, 38.118396 ], [ -86.428979, 38.117879 ], [ -86.426851, 38.116604 ], [ -86.426031, 38.116154 ], [ -86.425182, 38.115637 ], [ -86.424501, 38.115269 ], [ -86.423944, 38.114923 ], [ -86.423423, 38.114626 ], [ -86.422916, 38.11428 ], [ -86.42133, 38.113445 ], [ -86.420545, 38.11306 ], [ -86.419849, 38.112769 ], [ -86.418535, 38.112021 ], [ -86.418049, 38.111758 ], [ -86.417583, 38.111472 ], [ -86.417061, 38.111093 ], [ -86.416519, 38.110757 ], [ -86.416039, 38.1104 ], [ -86.415727, 38.110136 ], [ -86.415393, 38.109928 ], [ -86.415191, 38.109812 ], [ -86.414969, 38.10973 ], [ -86.414725, 38.109669 ], [ -86.414545, 38.109636 ], [ -86.414211, 38.109499 ], [ -86.414107, 38.109433 ], [ -86.413933, 38.109252 ], [ -86.413766, 38.109098 ], [ -86.413453, 38.108746 ], [ -86.413078, 38.108389 ], [ -86.41289, 38.108202 ], [ -86.412772, 38.108109 ], [ -86.412612, 38.10796 ], [ -86.412258, 38.107702 ], [ -86.411875, 38.107367 ], [ -86.4115, 38.107147 ], [ -86.410742, 38.106647 ], [ -86.410311, 38.106289 ], [ -86.410096, 38.106141 ], [ -86.409901, 38.106037 ], [ -86.409616, 38.10585 ], [ -86.409296, 38.105663 ], [ -86.40856, 38.104965 ], [ -86.408323, 38.104668 ], [ -86.408157, 38.104487 ], [ -86.408045, 38.104338 ], [ -86.407879, 38.104179 ], [ -86.407719, 38.104003 ], [ -86.407566, 38.103866 ], [ -86.407441, 38.103772 ], [ -86.407323, 38.103717 ], [ -86.407274, 38.103668 ], [ -86.407156, 38.103476 ], [ -86.406801, 38.103245 ], [ -86.406252, 38.102849 ], [ -86.405641, 38.102475 ], [ -86.405001, 38.102184 ], [ -86.404195, 38.101843 ], [ -86.403194, 38.101541 ], [ -86.402936, 38.10148 ], [ -86.402464, 38.101403 ], [ -86.40181, 38.101381 ], [ -86.400427, 38.10138 ], [ -86.399815, 38.101452 ], [ -86.399231, 38.101495 ], [ -86.398772, 38.101567 ], [ -86.398271, 38.101715 ], [ -86.398153, 38.101737 ], [ -86.398042, 38.101737 ], [ -86.397868, 38.101753 ], [ -86.39752, 38.10183 ], [ -86.397263, 38.101857 ], [ -86.397082, 38.101901 ], [ -86.396957, 38.101951 ], [ -86.396741, 38.102132 ], [ -86.396428, 38.102341 ], [ -86.396046, 38.102653 ], [ -86.3956, 38.103082 ], [ -86.394842, 38.103697 ], [ -86.394376, 38.104103 ], [ -86.392915, 38.105438 ], [ -86.3924, 38.105976 ], [ -86.392341, 38.106034 ], [ -86.391962, 38.106399 ], [ -86.391719, 38.106432 ], [ -86.39162, 38.106454 ], [ -86.391503, 38.106481 ], [ -86.391336, 38.106503 ], [ -86.391148, 38.106514 ], [ -86.39055, 38.106508 ], [ -86.390092, 38.106475 ], [ -86.389517, 38.106447 ], [ -86.389515, 38.106546 ], [ -86.389514, 38.106616 ], [ -86.389515, 38.106635 ], [ -86.389702, 38.106618 ], [ -86.389966, 38.106618 ], [ -86.390411, 38.106657 ], [ -86.390724, 38.106701 ], [ -86.391371, 38.106712 ], [ -86.391767, 38.106728 ], [ -86.391698, 38.106822 ], [ -86.391461, 38.107234 ], [ -86.390354, 38.109233 ], [ -86.390208, 38.109519 ], [ -86.390096, 38.109689 ], [ -86.39002, 38.109837 ], [ -86.389964, 38.10998 ], [ -86.389894, 38.11026 ], [ -86.389539, 38.110919 ], [ -86.389358, 38.111359 ], [ -86.389365, 38.111612 ], [ -86.389288, 38.111914 ], [ -86.388849, 38.11338 ], [ -86.388696, 38.113721 ], [ -86.388522, 38.114254 ], [ -86.388313, 38.115023 ], [ -86.388285, 38.115182 ], [ -86.388285, 38.115386 ], [ -86.388159, 38.115836 ], [ -86.387957, 38.116369 ], [ -86.387762, 38.116951 ], [ -86.387135, 38.118176 ], [ -86.386711, 38.118819 ], [ -86.386363, 38.119285 ], [ -86.385834, 38.119923 ], [ -86.385193, 38.120516 ], [ -86.384616, 38.121004 ], [ -86.383843, 38.121581 ], [ -86.382584, 38.122283 ], [ -86.37953, 38.123496 ], [ -86.378674, 38.123737 ], [ -86.378166, 38.123858 ], [ -86.37777, 38.123979 ], [ -86.377214, 38.124083 ], [ -86.376692, 38.124192 ], [ -86.376233, 38.124302 ], [ -86.375836, 38.124357 ], [ -86.375, 38.1245 ], [ -86.374995, 38.125001 ], [ -86.37044, 38.124998 ], [ -86.369946, 38.125075 ], [ -86.368854, 38.125147 ], [ -86.368458, 38.12523 ], [ -86.367971, 38.125252 ], [ -86.367561, 38.125302 ], [ -86.366858, 38.125423 ], [ -86.366531, 38.125511 ], [ -86.366232, 38.125484 ], [ -86.365926, 38.125478 ], [ -86.365578, 38.125517 ], [ -86.36505, 38.125616 ], [ -86.364855, 38.125633 ], [ -86.363958, 38.125639 ], [ -86.363673, 38.125716 ], [ -86.363506, 38.125732 ], [ -86.362741, 38.125848 ], [ -86.362386, 38.125837 ], [ -86.361719, 38.125799 ], [ -86.360624, 38.125805 ], [ -86.360203, 38.125783 ], [ -86.359166, 38.12569 ], [ -86.358255, 38.125597 ], [ -86.357421, 38.125542 ], [ -86.356572, 38.125471 ], [ -86.355598, 38.125334 ], [ -86.35525, 38.125318 ], [ -86.354868, 38.125329 ], [ -86.354492, 38.125285 ], [ -86.353776, 38.125247 ], [ -86.353247, 38.125198 ], [ -86.352517, 38.125165 ], [ -86.351724, 38.125116 ], [ -86.350799, 38.125122 ], [ -86.349408, 38.125073 ], [ -86.348468, 38.125 ], [ -86.347775, 38.125 ], [ -86.345519, 38.125 ], [ -86.34486, 38.125085 ], [ -86.342279, 38.125102 ], [ -86.34214, 38.125108 ], [ -86.341918, 38.125146 ], [ -86.341376, 38.125157 ], [ -86.341062, 38.125201 ], [ -86.340833, 38.125212 ], [ -86.340624, 38.125196 ], [ -86.340367, 38.125191 ], [ -86.339553, 38.125312 ], [ -86.338705, 38.125367 ], [ -86.338482, 38.1254 ], [ -86.338267, 38.125466 ], [ -86.338002, 38.125488 ], [ -86.337773, 38.125477 ], [ -86.337585, 38.125488 ], [ -86.337251, 38.125625 ], [ -86.3357, 38.125994 ], [ -86.335325, 38.126065 ], [ -86.335005, 38.126181 ], [ -86.334602, 38.126236 ], [ -86.33415, 38.12634 ], [ -86.333593, 38.126456 ], [ -86.332974, 38.126571 ], [ -86.332182, 38.126818 ], [ -86.331632, 38.127027 ], [ -86.330791, 38.127329 ], [ -86.330262, 38.1275 ], [ -86.329831, 38.127604 ], [ -86.32933, 38.127874 ], [ -86.328711, 38.128319 ], [ -86.327877, 38.128736 ], [ -86.327258, 38.129099 ], [ -86.326757, 38.12944 ], [ -86.326493, 38.129605 ], [ -86.326048, 38.129852 ], [ -86.325568, 38.130154 ], [ -86.325102, 38.130374 ], [ -86.324956, 38.130489 ], [ -86.32481, 38.130654 ], [ -86.324608, 38.130962 ], [ -86.32449, 38.131171 ], [ -86.324393, 38.131385 ], [ -86.323989, 38.131896 ], [ -86.323774, 38.13211 ], [ -86.323593, 38.132346 ], [ -86.323489, 38.132533 ], [ -86.32312, 38.132956 ], [ -86.322167, 38.134011 ], [ -86.32207, 38.134148 ], [ -86.322014, 38.13428 ], [ -86.321889, 38.134429 ], [ -86.321729, 38.134583 ], [ -86.321472, 38.134918 ], [ -86.321298, 38.135066 ], [ -86.321166, 38.13528 ], [ -86.321096, 38.135341 ], [ -86.320888, 38.135561 ], [ -86.320102, 38.136698 ], [ -86.319942, 38.136995 ], [ -86.319545, 38.13789 ], [ -86.318975, 38.138994 ], [ -86.318648, 38.139956 ], [ -86.318488, 38.140571 ], [ -86.318273, 38.14111 ], [ -86.318175, 38.141445 ], [ -86.318085, 38.141906 ], [ -86.318002, 38.142483 ], [ -86.317995, 38.142703 ], [ -86.317967, 38.142928 ], [ -86.317876, 38.143302 ], [ -86.317842, 38.143598 ], [ -86.317772, 38.143977 ], [ -86.317716, 38.144192 ], [ -86.317737, 38.144543 ], [ -86.317723, 38.144807 ], [ -86.317668, 38.144966 ], [ -86.317689, 38.145389 ], [ -86.317675, 38.145532 ], [ -86.317703, 38.145768 ], [ -86.317612, 38.146812 ], [ -86.317577, 38.147548 ], [ -86.317592, 38.148285 ], [ -86.317619, 38.148746 ], [ -86.317717, 38.149235 ], [ -86.317717, 38.14946 ], [ -86.317821, 38.149806 ], [ -86.317877, 38.150169 ], [ -86.317884, 38.1504 ], [ -86.317919, 38.150674 ], [ -86.318037, 38.151163 ], [ -86.318114, 38.151394 ], [ -86.318162, 38.15163 ], [ -86.318232, 38.151762 ], [ -86.318461, 38.152103 ], [ -86.318614, 38.152427 ], [ -86.319011, 38.15313 ], [ -86.319185, 38.153487 ], [ -86.319255, 38.153696 ], [ -86.319401, 38.153932 ], [ -86.319568, 38.154147 ], [ -86.31986, 38.1548 ], [ -86.320257, 38.155339 ], [ -86.320897, 38.155998 ], [ -86.321307, 38.156322 ], [ -86.32144, 38.156476 ], [ -86.321662, 38.156822 ], [ -86.321927, 38.157124 ], [ -86.322421, 38.157629 ], [ -86.322894, 38.158003 ], [ -86.323813, 38.158591 ], [ -86.324662, 38.158992 ], [ -86.325886, 38.159481 ], [ -86.326972, 38.159892 ], [ -86.328266, 38.160326 ], [ -86.328913, 38.160524 ], [ -86.329693, 38.160733 ], [ -86.331474, 38.161172 ], [ -86.331926, 38.161271 ], [ -86.333047, 38.161644 ], [ -86.333485, 38.16177 ], [ -86.334104, 38.16188 ], [ -86.335134, 38.161924 ], [ -86.336554, 38.162088 ], [ -86.337298, 38.162149 ], [ -86.338516, 38.162286 ], [ -86.338815, 38.162363 ], [ -86.339247, 38.162319 ], [ -86.340715, 38.162423 ], [ -86.341585, 38.162494 ], [ -86.342019, 38.162511 ], [ -86.342844, 38.162543 ], [ -86.344445, 38.162636 ], [ -86.345614, 38.162691 ], [ -86.346908, 38.162778 ], [ -86.348397, 38.162855 ], [ -86.349545, 38.162876 ], [ -86.350283, 38.162882 ], [ -86.351209, 38.162931 ], [ -86.352823, 38.16298 ], [ -86.353721, 38.163029 ], [ -86.355718, 38.163165 ], [ -86.356455, 38.163248 ], [ -86.357283, 38.163313 ], [ -86.359267, 38.163565 ], [ -86.360053, 38.163702 ], [ -86.362301, 38.164179 ], [ -86.363547, 38.164552 ], [ -86.364368, 38.164854 ], [ -86.365294, 38.165282 ], [ -86.365635, 38.16543 ], [ -86.366394, 38.165842 ], [ -86.366951, 38.166177 ], [ -86.367529, 38.166545 ], [ -86.36794, 38.166825 ], [ -86.368336, 38.16711 ], [ -86.369019, 38.167819 ], [ -86.36936, 38.168115 ], [ -86.369694, 38.168434 ], [ -86.370029, 38.168873 ], [ -86.370349, 38.169246 ], [ -86.371122, 38.170076 ], [ -86.371436, 38.170575 ], [ -86.371896, 38.171262 ], [ -86.372098, 38.171619 ], [ -86.372181, 38.171872 ], [ -86.372432, 38.172185 ], [ -86.372621, 38.172723 ], [ -86.372934, 38.173355 ], [ -86.373102, 38.173816 ], [ -86.373276, 38.174382 ], [ -86.373555, 38.175156 ], [ -86.373695, 38.175772 ], [ -86.373848, 38.17626 ], [ -86.374016, 38.177189 ], [ -86.374135, 38.177996 ], [ -86.374317, 38.178694 ], [ -86.374359, 38.179106 ], [ -86.374415, 38.18015 ], [ -86.374395, 38.180864 ], [ -86.374389, 38.182177 ], [ -86.374376, 38.182369 ], [ -86.374188, 38.183161 ], [ -86.374133, 38.1836 ], [ -86.374029, 38.184194 ], [ -86.373897, 38.184787 ], [ -86.373821, 38.185292 ], [ -86.37364, 38.185638 ], [ -86.373543, 38.185869 ], [ -86.373481, 38.186051 ], [ -86.373474, 38.186216 ], [ -86.37346, 38.186474 ], [ -86.373432, 38.186694 ], [ -86.373342, 38.187001 ], [ -86.37312, 38.187529 ], [ -86.372758, 38.188254 ], [ -86.372216, 38.189117 ], [ -86.371403, 38.190348 ], [ -86.371215, 38.190612 ], [ -86.370895, 38.190964 ], [ -86.369824, 38.191827 ], [ -86.369225, 38.192288 ], [ -86.367889, 38.192954 ], [ -86.367068, 38.193289 ], [ -86.366031, 38.193603 ], [ -86.363693, 38.194021 ], [ -86.362634, 38.194121 ], [ -86.361388, 38.194182 ], [ -86.360859, 38.194187 ], [ -86.360059, 38.194111 ], [ -86.359209, 38.193963 ], [ -86.358624, 38.193848 ], [ -86.357267, 38.193519 ], [ -86.356334, 38.19331 ], [ -86.355846, 38.193118 ], [ -86.354489, 38.192619 ], [ -86.352818, 38.192119 ], [ -86.352003, 38.19179 ], [ -86.350701, 38.191197 ], [ -86.349455, 38.190675 ], [ -86.348884, 38.190253 ], [ -86.347958, 38.18967 ], [ -86.347317, 38.189423 ], [ -86.346788, 38.189187 ], [ -86.34472, 38.188309 ], [ -86.34424, 38.18799 ], [ -86.343718, 38.187639 ], [ -86.343181, 38.187233 ], [ -86.34268, 38.186656 ], [ -86.341538, 38.185667 ], [ -86.340842, 38.185178 ], [ -86.340111, 38.184788 ], [ -86.339463, 38.184129 ], [ -86.338802, 38.183569 ], [ -86.338544, 38.183327 ], [ -86.338314, 38.182992 ], [ -86.337973, 38.182542 ], [ -86.3375, 38.182058 ], [ -86.337367, 38.181822 ], [ -86.337117, 38.181438 ], [ -86.336657, 38.180878 ], [ -86.335891, 38.180136 ], [ -86.335334, 38.179296 ], [ -86.33484, 38.178768 ], [ -86.33429, 38.17806 ], [ -86.334227, 38.1779 ], [ -86.334171, 38.177681 ], [ -86.333837, 38.17734 ], [ -86.333329, 38.176747 ], [ -86.332292, 38.175396 ], [ -86.331742, 38.174643 ], [ -86.331345, 38.173962 ], [ -86.330837, 38.173352 ], [ -86.330489, 38.173088 ], [ -86.330099, 38.172753 ], [ -86.329612, 38.172479 ], [ -86.32886, 38.172089 ], [ -86.328185, 38.171715 ], [ -86.327781, 38.171452 ], [ -86.327343, 38.171193 ], [ -86.326925, 38.170908 ], [ -86.326139, 38.170534 ], [ -86.325478, 38.170249 ], [ -86.324781, 38.169996 ], [ -86.324468, 38.169771 ], [ -86.324315, 38.169633 ], [ -86.324065, 38.169502 ], [ -86.323724, 38.169359 ], [ -86.323327, 38.169227 ], [ -86.322833, 38.168963 ], [ -86.322408, 38.168771 ], [ -86.322144, 38.168716 ], [ -86.321942, 38.16865 ], [ -86.321768, 38.168568 ], [ -86.321483, 38.168496 ], [ -86.321309, 38.168425 ], [ -86.320682, 38.168079 ], [ -86.320091, 38.167887 ], [ -86.319715, 38.167799 ], [ -86.319381, 38.167661 ], [ -86.319207, 38.167557 ], [ -86.318915, 38.167332 ], [ -86.318595, 38.167123 ], [ -86.318038, 38.166843 ], [ -86.317335, 38.16653 ], [ -86.316646, 38.166255 ], [ -86.316055, 38.166085 ], [ -86.315714, 38.165942 ], [ -86.314051, 38.165123 ], [ -86.313654, 38.164975 ], [ -86.312603, 38.164536 ], [ -86.311956, 38.16431 ], [ -86.311504, 38.16408 ], [ -86.310871, 38.163794 ], [ -86.310161, 38.163492 ], [ -86.309896, 38.163327 ], [ -86.308901, 38.16286 ], [ -86.308373, 38.162574 ], [ -86.307718, 38.162151 ], [ -86.307391, 38.161893 ], [ -86.307099, 38.16175 ], [ -86.306577, 38.161514 ], [ -86.30632, 38.161376 ], [ -86.306111, 38.161278 ], [ -86.30584, 38.161157 ], [ -86.305311, 38.160964 ], [ -86.305054, 38.160843 ], [ -86.304518, 38.160558 ], [ -86.30433, 38.160431 ], [ -86.304212, 38.160376 ], [ -86.303961, 38.160228 ], [ -86.303808, 38.160173 ], [ -86.303634, 38.160135 ], [ -86.303516, 38.160091 ], [ -86.303328, 38.159975 ], [ -86.30289, 38.1598 ], [ -86.302611, 38.159662 ], [ -86.302465, 38.159536 ], [ -86.302312, 38.159464 ], [ -86.302138, 38.15942 ], [ -86.301895, 38.159321 ], [ -86.300649, 38.158739 ], [ -86.300496, 38.158689 ], [ -86.300037, 38.158415 ], [ -86.299689, 38.158239 ], [ -86.299063, 38.157948 ], [ -86.298583, 38.157744 ], [ -86.297623, 38.15725 ], [ -86.297359, 38.157123 ], [ -86.297094, 38.15703 ], [ -86.296698, 38.156832 ], [ -86.296392, 38.156706 ], [ -86.296176, 38.156579 ], [ -86.296072, 38.156475 ], [ -86.295849, 38.156381 ], [ -86.295452, 38.156134 ], [ -86.294965, 38.155914 ], [ -86.294889, 38.15587 ], [ -86.294694, 38.155832 ], [ -86.294576, 38.155793 ], [ -86.293922, 38.15548 ], [ -86.293518, 38.155266 ], [ -86.293226, 38.155134 ], [ -86.29292, 38.154969 ], [ -86.292718, 38.154892 ], [ -86.292572, 38.154788 ], [ -86.292238, 38.154606 ], [ -86.291828, 38.154348 ], [ -86.291758, 38.15426 ], [ -86.291411, 38.154051 ], [ -86.291139, 38.153859 ], [ -86.291056, 38.153787 ], [ -86.29091, 38.1537 ], [ -86.290819, 38.153634 ], [ -86.29052, 38.153326 ], [ -86.290472, 38.153293 ], [ -86.290409, 38.153277 ], [ -86.290291, 38.153265 ], [ -86.290159, 38.153216 ], [ -86.290075, 38.153134 ], [ -86.290033, 38.153024 ], [ -86.28988, 38.152798 ], [ -86.289734, 38.152699 ], [ -86.289595, 38.152628 ], [ -86.28938, 38.152447 ], [ -86.289247, 38.152271 ], [ -86.289122, 38.152188 ], [ -86.288969, 38.152051 ], [ -86.28883, 38.151853 ], [ -86.288023, 38.15115 ], [ -86.28778, 38.150897 ], [ -86.287585, 38.15076 ], [ -86.287397, 38.150567 ], [ -86.287154, 38.150249 ], [ -86.287001, 38.150128 ], [ -86.286799, 38.149941 ], [ -86.286382, 38.149468 ], [ -86.285005, 38.148051 ], [ -86.28392, 38.147034 ], [ -86.283739, 38.146875 ], [ -86.28326, 38.146391 ], [ -86.282905, 38.146017 ], [ -86.282557, 38.145737 ], [ -86.282237, 38.145435 ], [ -86.281799, 38.145001 ], [ -86.280965, 38.144089 ], [ -86.280673, 38.143731 ], [ -86.280325, 38.14327 ], [ -86.279901, 38.142775 ], [ -86.279519, 38.142264 ], [ -86.278907, 38.141484 ], [ -86.278629, 38.141077 ], [ -86.27842, 38.140709 ], [ -86.277934, 38.139923 ], [ -86.277732, 38.139473 ], [ -86.277579, 38.139242 ], [ -86.277475, 38.138973 ], [ -86.277308, 38.138621 ], [ -86.27726, 38.13844 ], [ -86.277246, 38.138264 ], [ -86.277128, 38.138022 ], [ -86.276912, 38.137643 ], [ -86.276697, 38.137171 ], [ -86.276655, 38.136901 ], [ -86.276732, 38.136682 ], [ -86.276704, 38.136566 ], [ -86.276565, 38.136385 ], [ -86.276544, 38.136286 ], [ -86.276364, 38.135962 ], [ -86.276322, 38.135786 ], [ -86.276287, 38.135511 ], [ -86.27628, 38.135363 ], [ -86.276336, 38.135154 ], [ -86.276329, 38.135077 ], [ -86.276253, 38.134951 ], [ -86.276225, 38.134825 ], [ -86.276204, 38.134555 ], [ -86.276204, 38.134412 ], [ -86.276072, 38.134149 ], [ -86.276024, 38.133962 ], [ -86.276065, 38.133775 ], [ -86.276066, 38.133638 ], [ -86.276142, 38.13333 ], [ -86.276149, 38.133215 ], [ -86.275989, 38.132989 ], [ -86.275969, 38.132907 ], [ -86.275982, 38.13283 ], [ -86.276087, 38.132572 ], [ -86.276045, 38.13238 ], [ -86.276073, 38.13216 ], [ -86.276136, 38.131814 ], [ -86.276088, 38.131583 ], [ -86.276116, 38.131083 ], [ -86.276227, 38.129781 ], [ -86.27629, 38.12943 ], [ -86.276325, 38.129023 ], [ -86.27636, 38.128798 ], [ -86.276541, 38.128205 ], [ -86.276744, 38.127188 ], [ -86.276799, 38.127001 ], [ -86.276904, 38.12682 ], [ -86.277022, 38.12665 ], [ -86.277127, 38.126067 ], [ -86.277245, 38.12571 ], [ -86.277335, 38.125392 ], [ -86.277524, 38.124996 ], [ -86.277571, 38.124889 ], [ -86.277598, 38.124741 ], [ -86.277821, 38.123867 ], [ -86.277856, 38.123785 ], [ -86.277877, 38.123675 ], [ -86.277884, 38.123527 ], [ -86.277926, 38.123378 ], [ -86.278051, 38.123219 ], [ -86.278058, 38.123131 ], [ -86.278239, 38.122472 ], [ -86.278274, 38.122389 ], [ -86.278413, 38.122197 ], [ -86.278469, 38.122153 ], [ -86.278504, 38.122098 ], [ -86.278518, 38.122038 ], [ -86.278511, 38.121752 ], [ -86.278539, 38.12167 ], [ -86.278685, 38.121434 ], [ -86.278942, 38.121109 ], [ -86.279263, 38.120286 ], [ -86.279306, 38.120123 ], [ -86.279402, 38.119764 ], [ -86.279541, 38.119462 ], [ -86.279674, 38.118945 ], [ -86.279924, 38.118308 ], [ -86.279959, 38.118116 ], [ -86.279994, 38.118039 ], [ -86.280001, 38.117967 ], [ -86.279987, 38.117885 ], [ -86.279938, 38.117759 ], [ -86.279904, 38.117704 ], [ -86.279904, 38.117649 ], [ -86.279932, 38.117583 ], [ -86.280015, 38.117489 ], [ -86.280119, 38.117407 ], [ -86.280175, 38.117281 ], [ -86.280273, 38.11711 ], [ -86.280433, 38.116764 ], [ -86.280495, 38.116583 ], [ -86.280593, 38.116396 ], [ -86.280913, 38.115545 ], [ -86.281018, 38.115319 ], [ -86.281094, 38.115072 ], [ -86.281199, 38.114886 ], [ -86.281268, 38.114693 ], [ -86.281386, 38.114441 ], [ -86.281408, 38.114045 ], [ -86.281435, 38.11393 ], [ -86.281574, 38.113688 ], [ -86.281609, 38.113589 ], [ -86.281693, 38.113446 ], [ -86.281951, 38.112337 ], [ -86.281909, 38.112106 ], [ -86.281909, 38.111974 ], [ -86.281972, 38.111864 ], [ -86.282048, 38.111617 ], [ -86.282139, 38.111436 ], [ -86.28216, 38.111304 ], [ -86.282306, 38.111035 ], [ -86.28248, 38.110639 ], [ -86.282543, 38.110332 ], [ -86.282821, 38.109447 ], [ -86.282974, 38.108738 ], [ -86.2831, 38.108403 ], [ -86.283462, 38.106904 ], [ -86.283838, 38.105448 ], [ -86.284095, 38.104525 ], [ -86.284186, 38.10397 ], [ -86.284207, 38.103206 ], [ -86.284305, 38.102811 ], [ -86.28434, 38.102514 ], [ -86.284514, 38.101932 ], [ -86.28457, 38.101652 ], [ -86.284639, 38.101091 ], [ -86.284897, 38.099586 ], [ -86.284932, 38.099075 ], [ -86.285037, 38.098147 ], [ -86.285121, 38.096603 ], [ -86.285093, 38.096246 ], [ -86.285128, 38.09462 ], [ -86.285184, 38.094164 ], [ -86.285198, 38.093889 ], [ -86.28515, 38.093675 ], [ -86.28515, 38.093537 ], [ -86.285199, 38.093219 ], [ -86.285039, 38.091719 ], [ -86.284991, 38.09162 ], [ -86.284984, 38.091554 ], [ -86.284991, 38.091499 ], [ -86.285053, 38.091444 ], [ -86.285283, 38.091345 ], [ -86.285324, 38.091307 ], [ -86.28529, 38.091257 ], [ -86.285179, 38.091202 ], [ -86.284998, 38.091087 ], [ -86.284963, 38.091049 ], [ -86.284928, 38.090862 ], [ -86.284894, 38.090565 ], [ -86.284908, 38.090378 ], [ -86.28488, 38.089829 ], [ -86.284755, 38.088823 ], [ -86.284721, 38.088104 ], [ -86.284624, 38.087516 ], [ -86.284471, 38.086807 ], [ -86.284374, 38.086109 ], [ -86.284228, 38.085285 ], [ -86.284, 38.083763 ], [ -86.283771, 38.083219 ], [ -86.283694, 38.082912 ], [ -86.28368, 38.082741 ], [ -86.283604, 38.082599 ], [ -86.283597, 38.082483 ], [ -86.283604, 38.082357 ], [ -86.283417, 38.081505 ], [ -86.283292, 38.080873 ], [ -86.283049, 38.079824 ], [ -86.282917, 38.079302 ], [ -86.282779, 38.078445 ], [ -86.282536, 38.077385 ], [ -86.282286, 38.076544 ], [ -86.281953, 38.075917 ], [ -86.281633, 38.075428 ], [ -86.281578, 38.075291 ], [ -86.281203, 38.074176 ], [ -86.280953, 38.073566 ], [ -86.28087, 38.073104 ], [ -86.280793, 38.072225 ], [ -86.280669, 38.071802 ], [ -86.280474, 38.071247 ], [ -86.28003, 38.070214 ], [ -86.279579, 38.06884 ], [ -86.279461, 38.068698 ], [ -86.279329, 38.068615 ], [ -86.279197, 38.068472 ], [ -86.278746, 38.067643 ], [ -86.278579, 38.067362 ], [ -86.278565, 38.067302 ], [ -86.278572, 38.06722 ], [ -86.278621, 38.067126 ], [ -86.278669, 38.067077 ], [ -86.278746, 38.066961 ], [ -86.278663, 38.066857 ], [ -86.278517, 38.066786 ], [ -86.278399, 38.06667 ], [ -86.278135, 38.066351 ], [ -86.277961, 38.066071 ], [ -86.277885, 38.065862 ], [ -86.27735, 38.06489 ], [ -86.27702, 38.064228 ], [ -86.276843, 38.063873 ], [ -86.276469, 38.063164 ], [ -86.276281, 38.062741 ], [ -86.275885, 38.061945 ], [ -86.275101, 38.060725 ], [ -86.27442, 38.059604 ], [ -86.274038, 38.059005 ], [ -86.273615, 38.058367 ], [ -86.272761, 38.056719 ], [ -86.272456, 38.05607 ], [ -86.272151, 38.05546 ], [ -86.271345, 38.054153 ], [ -86.271297, 38.053971 ], [ -86.271255, 38.0539 ], [ -86.271186, 38.053834 ], [ -86.271033, 38.053741 ], [ -86.270804, 38.053482 ], [ -86.269818, 38.052059 ], [ -86.269603, 38.05185 ], [ -86.269297, 38.051619 ], [ -86.268971, 38.051416 ], [ -86.268728, 38.051196 ], [ -86.268117, 38.05069 ], [ -86.267137, 38.04997 ], [ -86.266651, 38.049569 ], [ -86.264922, 38.048327 ], [ -86.26429, 38.047991 ], [ -86.26386, 38.047777 ], [ -86.262867, 38.047309 ], [ -86.261998, 38.046809 ], [ -86.260617, 38.045951 ], [ -86.259998, 38.045649 ], [ -86.259484, 38.045445 ], [ -86.259255, 38.045374 ], [ -86.258408, 38.044917 ], [ -86.257894, 38.04461 ], [ -86.257422, 38.04445 ], [ -86.257158, 38.044334 ], [ -86.255901, 38.043729 ], [ -86.254616, 38.043147 ], [ -86.253859, 38.042866 ], [ -86.25363, 38.042773 ], [ -86.253622, 38.042762 ], [ -86.253526, 38.042635 ], [ -86.253443, 38.042465 ], [ -86.253408, 38.042294 ], [ -86.253249, 38.04197 ], [ -86.253103, 38.041767 ], [ -86.252603, 38.041223 ], [ -86.252298, 38.040937 ], [ -86.252159, 38.040843 ], [ -86.25202, 38.040783 ], [ -86.251902, 38.040788 ], [ -86.251506, 38.040371 ], [ -86.251298, 38.0402 ], [ -86.25084, 38.039672 ], [ -86.250556, 38.039392 ], [ -86.249997, 38.039019 ], [ -86.249691, 38.038591 ], [ -86.248572, 38.037476 ], [ -86.247689, 38.036779 ], [ -86.247043, 38.036323 ], [ -86.246227, 38.035997 ], [ -86.245806, 38.03583 ], [ -86.245125, 38.035621 ], [ -86.244659, 38.035511 ], [ -86.243485, 38.035111 ], [ -86.242811, 38.034957 ], [ -86.242506, 38.034859 ], [ -86.242443, 38.034699 ], [ -86.242436, 38.034051 ], [ -86.242422, 38.033892 ], [ -86.242324, 38.033815 ], [ -86.242067, 38.033892 ], [ -86.24181, 38.03409 ], [ -86.241429, 38.034365 ], [ -86.241088, 38.034425 ], [ -86.240803, 38.034414 ], [ -86.240595, 38.03436 ], [ -86.240477, 38.034283 ], [ -86.240407, 38.034189 ], [ -86.240393, 38.034013 ], [ -86.240317, 38.033525 ], [ -86.24015, 38.033327 ], [ -86.239907, 38.033173 ], [ -86.239733, 38.033129 ], [ -86.239344, 38.033151 ], [ -86.239066, 38.033201 ], [ -86.23849, 38.033366 ], [ -86.238316, 38.033355 ], [ -86.238073, 38.033262 ], [ -86.237934, 38.033141 ], [ -86.237837, 38.033037 ], [ -86.23776, 38.032811 ], [ -86.237607, 38.032614 ], [ -86.237364, 38.032438 ], [ -86.23726, 38.032411 ], [ -86.237058, 38.032438 ], [ -86.236961, 38.032521 ], [ -86.236454, 38.033076 ], [ -86.236232, 38.033471 ], [ -86.235968, 38.033603 ], [ -86.235663, 38.033669 ], [ -86.235482, 38.033609 ], [ -86.235253, 38.033477 ], [ -86.2351, 38.033203 ], [ -86.235037, 38.03273 ], [ -86.234787, 38.032236 ], [ -86.234745, 38.032038 ], [ -86.234863, 38.031906 ], [ -86.235092, 38.031813 ], [ -86.23562, 38.031785 ], [ -86.23612, 38.031697 ], [ -86.236682, 38.03151 ], [ -86.236877, 38.031361 ], [ -86.236946, 38.031273 ], [ -86.237016, 38.031158 ], [ -86.23705, 38.03096 ], [ -86.236932, 38.030807 ], [ -86.236849, 38.030741 ], [ -86.236724, 38.030697 ], [ -86.236522, 38.03068 ], [ -86.236217, 38.030691 ], [ -86.23546, 38.030862 ], [ -86.235064, 38.030868 ], [ -86.234918, 38.030829 ], [ -86.234751, 38.030714 ], [ -86.234716, 38.030555 ], [ -86.23473, 38.030406 ], [ -86.234813, 38.030209 ], [ -86.235077, 38.029945 ], [ -86.235716, 38.029505 ], [ -86.236091, 38.029346 ], [ -86.236979, 38.029136 ], [ -86.236931, 38.029066 ], [ -86.236779, 38.028898 ], [ -86.236671, 38.028841 ], [ -86.236541, 38.028802 ], [ -86.236415, 38.028753 ], [ -86.236174, 38.028647 ], [ -86.236061, 38.028588 ], [ -86.235959, 38.028517 ], [ -86.235861, 38.028437 ], [ -86.235787, 38.028367 ], [ -86.235673, 38.028254 ], [ -86.235588, 38.028155 ], [ -86.235522, 38.028048 ], [ -86.235468, 38.027942 ], [ -86.23543, 38.027833 ], [ -86.235405, 38.027722 ], [ -86.235393, 38.027612 ], [ -86.235396, 38.027502 ], [ -86.235417, 38.027392 ], [ -86.235437, 38.027258 ], [ -86.235501, 38.027128 ], [ -86.235878, 38.026796 ], [ -86.235997, 38.026714 ], [ -86.236118, 38.026635 ], [ -86.236245, 38.026571 ], [ -86.236494, 38.026449 ], [ -86.236615, 38.026394 ], [ -86.236741, 38.026335 ], [ -86.236874, 38.026271 ], [ -86.23701, 38.026201 ], [ -86.237151, 38.026127 ], [ -86.237287, 38.026051 ], [ -86.237423, 38.025971 ], [ -86.237556, 38.02589 ], [ -86.237685, 38.025806 ], [ -86.237809, 38.02572 ], [ -86.237929, 38.025633 ], [ -86.238047, 38.025544 ], [ -86.238165, 38.025453 ], [ -86.238279, 38.025359 ], [ -86.238513, 38.02516 ], [ -86.238755, 38.024959 ], [ -86.238873, 38.02486 ], [ -86.239106, 38.024668 ], [ -86.239445, 38.0244 ], [ -86.239556, 38.02431 ], [ -86.239903, 38.024037 ], [ -86.24038, 38.023655 ], [ -86.240495, 38.023559 ], [ -86.240628, 38.023459 ], [ -86.24075, 38.023364 ], [ -86.240867, 38.023271 ], [ -86.240972, 38.023184 ], [ -86.241092, 38.023094 ], [ -86.241198, 38.023012 ], [ -86.241281, 38.022938 ], [ -86.241411, 38.022855 ], [ -86.24153, 38.022774 ], [ -86.24195, 38.02248 ], [ -86.242044, 38.022411 ], [ -86.242137, 38.022344 ], [ -86.242309, 38.022214 ], [ -86.242395, 38.022155 ], [ -86.242474, 38.022072 ], [ -86.242627, 38.021936 ], [ -86.242716, 38.021879 ], [ -86.242862, 38.02177 ], [ -86.242924, 38.021721 ], [ -86.242975, 38.021687 ], [ -86.243016, 38.021653 ], [ -86.24305, 38.021627 ], [ -86.243076, 38.021605 ], [ -86.243107, 38.021574 ], [ -86.243138, 38.021541 ], [ -86.243505, 38.021684 ], [ -86.243645, 38.021735 ], [ -86.243783, 38.021784 ], [ -86.243925, 38.021831 ], [ -86.243997, 38.021854 ], [ -86.244067, 38.021877 ], [ -86.244355, 38.021962 ], [ -86.244796, 38.022081 ], [ -86.245237, 38.022195 ], [ -86.245529, 38.022268 ], [ -86.245664, 38.022303 ], [ -86.246806, 38.02259 ], [ -86.246944, 38.022624 ], [ -86.247767, 38.022832 ], [ -86.248181, 38.022935 ], [ -86.248457, 38.023005 ], [ -86.248735, 38.023073 ], [ -86.249576, 38.023288 ], [ -86.25, 38.023395 ], [ -86.250858, 38.023615 ], [ -86.251708, 38.023826 ], [ -86.252395, 38.02399 ], [ -86.252664, 38.024056 ], [ -86.252798, 38.024088 ], [ -86.253335, 38.024221 ], [ -86.253883, 38.024363 ], [ -86.254158, 38.024437 ], [ -86.254296, 38.024473 ], [ -86.254435, 38.024508 ], [ -86.254715, 38.024576 ], [ -86.254857, 38.024609 ], [ -86.255137, 38.024678 ], [ -86.255416, 38.024744 ], [ -86.255689, 38.024815 ], [ -86.255961, 38.024876 ], [ -86.256095, 38.024908 ], [ -86.256227, 38.024938 ], [ -86.256614, 38.025029 ], [ -86.256738, 38.025062 ], [ -86.256861, 38.025099 ], [ -86.256978, 38.025139 ], [ -86.257096, 38.025181 ], [ -86.25721, 38.025228 ], [ -86.257315, 38.025292 ], [ -86.257407, 38.025358 ], [ -86.257504, 38.025421 ], [ -86.257601, 38.025486 ], [ -86.257694, 38.025552 ], [ -86.2578, 38.025623 ], [ -86.257902, 38.025696 ], [ -86.258007, 38.025768 ], [ -86.258108, 38.025842 ], [ -86.258286, 38.026005 ], [ -86.258466, 38.026172 ], [ -86.258557, 38.026258 ], [ -86.258734, 38.026434 ], [ -86.258874, 38.026578 ], [ -86.25891, 38.026615 ], [ -86.259091, 38.026796 ], [ -86.25919, 38.026881 ], [ -86.25929, 38.026969 ], [ -86.25938, 38.027062 ], [ -86.259564, 38.027246 ], [ -86.259698, 38.027384 ], [ -86.259838, 38.027526 ], [ -86.260027, 38.027704 ], [ -86.260118, 38.027793 ], [ -86.260207, 38.027883 ], [ -86.260289, 38.027976 ], [ -86.260367, 38.02807 ], [ -86.260446, 38.028163 ], [ -86.26064, 38.028326 ], [ -86.260738, 38.028405 ], [ -86.260835, 38.028486 ], [ -86.261017, 38.028653 ], [ -86.261196, 38.02883 ], [ -86.261384, 38.029007 ], [ -86.261492, 38.029086 ], [ -86.261601, 38.029164 ], [ -86.262024, 38.029495 ], [ -86.262238, 38.029658 ], [ -86.262455, 38.029819 ], [ -86.26256, 38.029902 ], [ -86.262664, 38.029987 ], [ -86.262875, 38.030155 ], [ -86.262983, 38.030238 ], [ -86.263092, 38.030319 ], [ -86.263297, 38.030475 ], [ -86.263408, 38.030558 ], [ -86.263633, 38.03072 ], [ -86.263744, 38.030802 ], [ -86.263964, 38.030968 ], [ -86.264074, 38.031049 ], [ -86.264293, 38.031213 ], [ -86.264403, 38.031294 ], [ -86.265273, 38.031949 ], [ -86.26549, 38.03211 ], [ -86.266136, 38.032593 ], [ -86.266356, 38.032759 ], [ -86.266786, 38.03308 ], [ -86.266899, 38.033164 ], [ -86.267122, 38.033327 ], [ -86.267234, 38.03341 ], [ -86.267342, 38.033492 ], [ -86.267672, 38.033736 ], [ -86.268216, 38.034144 ], [ -86.268428, 38.034306 ], [ -86.268534, 38.034386 ], [ -86.268741, 38.034548 ], [ -86.268943, 38.034712 ], [ -86.26914, 38.034876 ], [ -86.269335, 38.03504 ], [ -86.269803, 38.03545 ], [ -86.270112, 38.035727 ], [ -86.270294, 38.035572 ], [ -86.270354, 38.035516 ], [ -86.270424, 38.035459 ], [ -86.2705, 38.035389 ], [ -86.270585, 38.035316 ], [ -86.270774, 38.03515 ], [ -86.270876, 38.035063 ], [ -86.270975, 38.034977 ], [ -86.271164, 38.034805 ], [ -86.271253, 38.034715 ], [ -86.271348, 38.034628 ], [ -86.271451, 38.034546 ], [ -86.271627, 38.034373 ], [ -86.271717, 38.034292 ], [ -86.272049, 38.033973 ], [ -86.272133, 38.033896 ], [ -86.272216, 38.033818 ], [ -86.2723, 38.033741 ], [ -86.272468, 38.033578 ], [ -86.272564, 38.033503 ], [ -86.272654, 38.033427 ], [ -86.272739, 38.033351 ], [ -86.272822, 38.033279 ], [ -86.272903, 38.033215 ], [ -86.272993, 38.033124 ], [ -86.273078, 38.033056 ], [ -86.273145, 38.032979 ], [ -86.273223, 38.032905 ], [ -86.273296, 38.03284 ], [ -86.273428, 38.032709 ], [ -86.273491, 38.032645 ], [ -86.273558, 38.03258 ], [ -86.273695, 38.032444 ], [ -86.273769, 38.032383 ], [ -86.273855, 38.032324 ], [ -86.27392, 38.032253 ], [ -86.273966, 38.032186 ], [ -86.274024, 38.032116 ], [ -86.274072, 38.032046 ], [ -86.274118, 38.031975 ], [ -86.274241, 38.031797 ], [ -86.274303, 38.031718 ], [ -86.274367, 38.031649 ], [ -86.274422, 38.031608 ], [ -86.27449, 38.031552 ], [ -86.274626, 38.031424 ], [ -86.274691, 38.031349 ], [ -86.274741, 38.031273 ], [ -86.274793, 38.031202 ], [ -86.274845, 38.031134 ], [ -86.274889, 38.031067 ], [ -86.274941, 38.031004 ], [ -86.275, 38.03094 ], [ -86.275061, 38.030877 ], [ -86.275119, 38.030815 ], [ -86.275177, 38.03075 ], [ -86.275219, 38.030676 ], [ -86.27529, 38.030616 ], [ -86.275334, 38.030547 ], [ -86.275446, 38.030432 ], [ -86.27549, 38.030381 ], [ -86.275543, 38.030331 ], [ -86.275603, 38.030283 ], [ -86.275659, 38.03023 ], [ -86.275717, 38.030179 ], [ -86.275775, 38.030126 ], [ -86.275829, 38.030073 ], [ -86.275875, 38.030019 ], [ -86.275918, 38.029973 ], [ -86.275957, 38.029903 ], [ -86.275992, 38.029863 ], [ -86.276038, 38.029803 ], [ -86.276092, 38.029761 ], [ -86.276133, 38.029714 ], [ -86.276178, 38.02967 ], [ -86.276225, 38.029621 ], [ -86.276274, 38.029588 ], [ -86.27632, 38.029552 ], [ -86.276331, 38.029541 ], [ -86.276415, 38.029468 ], [ -86.27647, 38.029423 ], [ -86.276523, 38.029372 ], [ -86.276594, 38.029323 ], [ -86.276679, 38.029282 ], [ -86.276768, 38.029249 ], [ -86.276866, 38.029229 ], [ -86.276956, 38.029215 ], [ -86.277128, 38.029198 ], [ -86.277211, 38.029204 ], [ -86.277303, 38.029198 ], [ -86.277484, 38.029198 ], [ -86.277576, 38.029206 ], [ -86.277687, 38.029194 ], [ -86.277778, 38.029165 ], [ -86.277886, 38.029137 ], [ -86.278007, 38.02905 ], [ -86.27808, 38.029003 ], [ -86.27814, 38.028955 ], [ -86.278223, 38.02891 ], [ -86.278289, 38.028857 ], [ -86.278348, 38.028807 ], [ -86.278416, 38.028762 ], [ -86.278496, 38.02872 ], [ -86.278553, 38.028667 ], [ -86.278697, 38.028541 ], [ -86.278803, 38.028446 ], [ -86.27889, 38.028345 ], [ -86.278945, 38.028254 ], [ -86.278979, 38.028191 ], [ -86.279026, 38.028123 ], [ -86.279065, 38.028073 ], [ -86.279109, 38.028026 ], [ -86.279148, 38.027995 ], [ -86.279163, 38.027979 ], [ -86.279168, 38.027965 ], [ -86.279186, 38.027928 ], [ -86.27925, 38.027703 ], [ -86.279275, 38.027635 ], [ -86.279319, 38.027542 ], [ -86.279361, 38.027495 ], [ -86.279404, 38.027437 ], [ -86.279458, 38.027373 ], [ -86.279518, 38.027309 ], [ -86.279644, 38.027184 ], [ -86.279744, 38.027057 ], [ -86.279797, 38.026993 ], [ -86.279846, 38.026927 ], [ -86.279908, 38.026867 ], [ -86.279959, 38.026808 ], [ -86.280054, 38.026702 ], [ -86.280092, 38.026654 ], [ -86.280164, 38.026574 ], [ -86.280188, 38.026537 ], [ -86.280219, 38.0265 ], [ -86.280238, 38.026451 ], [ -86.280272, 38.026403 ], [ -86.280314, 38.026358 ], [ -86.280364, 38.026323 ], [ -86.280201, 38.026232 ], [ -86.279993, 38.026028 ], [ -86.279852, 38.025833 ], [ -86.279694, 38.025534 ], [ -86.279508, 38.025126 ], [ -86.279277, 38.024704 ], [ -86.279089, 38.024397 ], [ -86.279009, 38.024283 ], [ -86.278946, 38.024156 ], [ -86.278881, 38.02392 ], [ -86.278778, 38.023424 ], [ -86.278788, 38.023237 ], [ -86.278818, 38.023105 ], [ -86.278857, 38.02293 ], [ -86.278955, 38.022726 ], [ -86.279059, 38.022567 ], [ -86.279088, 38.022476 ], [ -86.279078, 38.022241 ], [ -86.279047, 38.021616 ], [ -86.279016, 38.021094 ], [ -86.278978, 38.020836 ], [ -86.278901, 38.020653 ], [ -86.27876, 38.020335 ], [ -86.27865, 38.020137 ], [ -86.27858, 38.019983 ], [ -86.278534, 38.01987 ], [ -86.278488, 38.019703 ], [ -86.278488, 38.019598 ], [ -86.278494, 38.019544 ], [ -86.278526, 38.019395 ], [ -86.278809, 38.019199 ], [ -86.278882, 38.019163 ], [ -86.278627, 38.018861 ], [ -86.276167, 38.020194 ], [ -86.271863, 38.021401 ], [ -86.270517, 38.021779 ], [ -86.268843, 38.020775 ], [ -86.2659, 38.019009 ], [ -86.264523, 38.018183 ], [ -86.263859, 38.018759 ], [ -86.259888, 38.018767 ], [ -86.257829, 38.017275 ], [ -86.256108, 38.018771 ], [ -86.253966, 38.018767 ], [ -86.251521, 38.017166 ], [ -86.251324, 38.016715 ], [ -86.251462, 38.016594 ], [ -86.251596, 38.016472 ], [ -86.25216, 38.015967 ], [ -86.252303, 38.015841 ], [ -86.252318, 38.015827 ], [ -86.252444, 38.015715 ], [ -86.252579, 38.015589 ], [ -86.252715, 38.01546 ], [ -86.252125, 38.015063 ], [ -86.24948, 38.013282 ], [ -86.25044, 38.012276 ], [ -86.249124, 38.01136 ], [ -86.249356, 38.01121 ], [ -86.256066, 38.007066 ], [ -86.255723, 38.006635 ], [ -86.257639, 38.003702 ], [ -86.260271, 37.996265 ], [ -86.26142, 37.996356 ], [ -86.26169, 37.996377 ], [ -86.263625, 37.995807 ], [ -86.266026, 37.989522 ], [ -86.267272, 37.989642 ], [ -86.272653, 37.988426 ], [ -86.272618, 37.988307 ], [ -86.272585, 37.988184 ], [ -86.27255, 37.988059 ], [ -86.272516, 37.987933 ], [ -86.272487, 37.987805 ], [ -86.272451, 37.987675 ], [ -86.272414, 37.987546 ], [ -86.272375, 37.987416 ], [ -86.272339, 37.987286 ], [ -86.272302, 37.987175 ], [ -86.272262, 37.987033 ], [ -86.27223, 37.986904 ], [ -86.272197, 37.986778 ], [ -86.27214, 37.986573 ], [ -86.273001, 37.986605 ], [ -86.274496, 37.986336 ], [ -86.276261, 37.986624 ], [ -86.282843, 37.992247 ], [ -86.28315, 37.99214 ], [ -86.285267, 37.994291 ], [ -86.285971, 37.99377 ], [ -86.28837, 37.993407 ], [ -86.29109, 37.99105 ], [ -86.290478, 37.990494 ], [ -86.293538, 37.990454 ], [ -86.29333, 37.989745 ], [ -86.295929, 37.989362 ], [ -86.296042, 37.989868 ], [ -86.298654, 37.989629 ], [ -86.299164, 37.990795 ], [ -86.303275, 37.989792 ], [ -86.30353, 37.990347 ], [ -86.304528, 37.990319 ], [ -86.30551, 37.991378 ], [ -86.308432, 37.990118 ], [ -86.308368, 37.98935 ], [ -86.308643, 37.989383 ], [ -86.308748, 37.989397 ], [ -86.308853, 37.989409 ], [ -86.309069, 37.989436 ], [ -86.309165, 37.989448 ], [ -86.309371, 37.989475 ], [ -86.309888, 37.989539 ], [ -86.30999, 37.989551 ], [ -86.310192, 37.989578 ], [ -86.310499, 37.989614 ], [ -86.310688, 37.989635 ], [ -86.310888, 37.98965 ], [ -86.310979, 37.989659 ], [ -86.31107, 37.98967 ], [ -86.311258, 37.989687 ], [ -86.311437, 37.989707 ], [ -86.311533, 37.98971 ], [ -86.311724, 37.989723 ], [ -86.311812, 37.989734 ], [ -86.311909, 37.989735 ], [ -86.312007, 37.989735 ], [ -86.312286, 37.989751 ], [ -86.312377, 37.989757 ], [ -86.312553, 37.989776 ], [ -86.312638, 37.98979 ], [ -86.312724, 37.989807 ], [ -86.312779, 37.989821 ], [ -86.312789, 37.989794 ], [ -86.312798, 37.989758 ], [ -86.312803, 37.989726 ], [ -86.312808, 37.989686 ], [ -86.312816, 37.98964 ], [ -86.312843, 37.989522 ], [ -86.312862, 37.989447 ], [ -86.312888, 37.989375 ], [ -86.312936, 37.989251 ], [ -86.312986, 37.989113 ], [ -86.313005, 37.989064 ], [ -86.313061, 37.988911 ], [ -86.313122, 37.988749 ], [ -86.313249, 37.988404 ], [ -86.313319, 37.988221 ], [ -86.313417, 37.987971 ], [ -86.313526, 37.987713 ], [ -86.313652, 37.98745 ], [ -86.313721, 37.987316 ], [ -86.313793, 37.98718 ], [ -86.313868, 37.987044 ], [ -86.31395, 37.986907 ], [ -86.314029, 37.986768 ], [ -86.314108, 37.986624 ], [ -86.314271, 37.986338 ], [ -86.314378, 37.986144 ], [ -86.314454, 37.985997 ], [ -86.314526, 37.985848 ], [ -86.314571, 37.985748 ], [ -86.314597, 37.985687 ], [ -86.314645, 37.985564 ], [ -86.314695, 37.985442 ], [ -86.314719, 37.985377 ], [ -86.314783, 37.985178 ], [ -86.314823, 37.985045 ], [ -86.314841, 37.984978 ], [ -86.314875, 37.984844 ], [ -86.31493, 37.984644 ], [ -86.315037, 37.984243 ], [ -86.315107, 37.983965 ], [ -86.315119, 37.983912 ], [ -86.315195, 37.983597 ], [ -86.315247, 37.983388 ], [ -86.315289, 37.983232 ], [ -86.315349, 37.983021 ], [ -86.315381, 37.982916 ], [ -86.315448, 37.982703 ], [ -86.315521, 37.982491 ], [ -86.315579, 37.982332 ], [ -86.315659, 37.98212 ], [ -86.315721, 37.981963 ], [ -86.315743, 37.981912 ], [ -86.315786, 37.981808 ], [ -86.315853, 37.981653 ], [ -86.316096, 37.981083 ], [ -86.31619, 37.980858 ], [ -86.322469, 37.982806 ], [ -86.320182, 37.987738 ], [ -86.32408, 37.989179 ], [ -86.32632, 37.985159 ], [ -86.327946, 37.985208 ], [ -86.329036, 37.985602 ], [ -86.33252, 37.986862 ], [ -86.334541, 37.9876 ], [ -86.335639, 37.988045 ], [ -86.34058, 37.99005 ], [ -86.340379, 37.991536 ], [ -86.347875, 37.991891 ], [ -86.350132, 37.991997 ], [ -86.35487, 37.992808 ], [ -86.36714, 37.988369 ], [ -86.370189, 37.987266 ], [ -86.37237, 37.987574 ], [ -86.374468, 37.987871 ], [ -86.374329, 37.988019 ], [ -86.374287, 37.988134 ], [ -86.374301, 37.988365 ], [ -86.374371, 37.988689 ], [ -86.374441, 37.988849 ], [ -86.374677, 37.989074 ], [ -86.374816, 37.989315 ], [ -86.374816, 37.989381 ], [ -86.37467, 37.989546 ], [ -86.374608, 37.989678 ], [ -86.374427, 37.989794 ], [ -86.3744, 37.989881 ], [ -86.374414, 37.989969 ], [ -86.374497, 37.990068 ], [ -86.374511, 37.990162 ], [ -86.374407, 37.99048 ], [ -86.374241, 37.990854 ], [ -86.374311, 37.991096 ], [ -86.3742, 37.991239 ], [ -86.374144, 37.991793 ], [ -86.374082, 37.991903 ], [ -86.374145, 37.992063 ], [ -86.374131, 37.992211 ], [ -86.3742, 37.992348 ], [ -86.374923, 37.992853 ], [ -86.374999, 37.992881 ], [ -86.375128, 37.992836 ], [ -86.375509, 37.992842 ], [ -86.375732, 37.992803 ], [ -86.376176, 37.992622 ], [ -86.376739, 37.992277 ], [ -86.376975, 37.992172 ], [ -86.377259, 37.992156 ], [ -86.377842, 37.992173 ], [ -86.378252, 37.992151 ], [ -86.37846, 37.992173 ], [ -86.378537, 37.992261 ], [ -86.378675, 37.992519 ], [ -86.379175, 37.993113 ], [ -86.379272, 37.993311 ], [ -86.379313, 37.993613 ], [ -86.379215, 37.994217 ], [ -86.379132, 37.994437 ], [ -86.379007, 37.99469 ], [ -86.378798, 37.994964 ], [ -86.378756, 37.995151 ], [ -86.378617, 37.995299 ], [ -86.378548, 37.99536 ], [ -86.377819, 37.995799 ], [ -86.377645, 37.995958 ], [ -86.377513, 37.996128 ], [ -86.377374, 37.996249 ], [ -86.376429, 37.996815 ], [ -86.376221, 37.996891 ], [ -86.375478, 37.996924 ], [ -86.375284, 37.996907 ], [ -86.374996, 37.996837 ], [ -86.374801, 37.996738 ], [ -86.374482, 37.996782 ], [ -86.374086, 37.996716 ], [ -86.373502, 37.996293 ], [ -86.373239, 37.996206 ], [ -86.372898, 37.99614 ], [ -86.372551, 37.995849 ], [ -86.372363, 37.99575 ], [ -86.372176, 37.995706 ], [ -86.371746, 37.995635 ], [ -86.371537, 37.995575 ], [ -86.371259, 37.995405 ], [ -86.371009, 37.99535 ], [ -86.370898, 37.995333 ], [ -86.370829, 37.995355 ], [ -86.37078, 37.995438 ], [ -86.370794, 37.995668 ], [ -86.370767, 37.995806 ], [ -86.370559, 37.996234 ], [ -86.370476, 37.996383 ], [ -86.367307, 37.997207 ], [ -86.366465, 37.999737 ], [ -86.366777, 38.000718 ], [ -86.368581, 38.000975 ], [ -86.369216, 38.000913 ], [ -86.369634, 38.00096 ], [ -86.370167, 38.00102 ], [ -86.370842, 38.001097 ], [ -86.371836, 38.001195 ], [ -86.371938, 38.00125 ], [ -86.372475, 38.001538 ], [ -86.372947, 38.001989 ], [ -86.373713, 38.002876 ], [ -86.374675, 38.004086 ], [ -86.376392, 38.006246 ], [ -86.376968, 38.007675 ], [ -86.377031, 38.007797 ], [ -86.377091, 38.007969 ], [ -86.377108, 38.008296 ], [ -86.377138, 38.008449 ], [ -86.377146, 38.008762 ], [ -86.377118, 38.008895 ], [ -86.37716, 38.009136 ], [ -86.377087, 38.009588 ], [ -86.376996, 38.010082 ], [ -86.376863, 38.01015 ], [ -86.376833, 38.010162 ], [ -86.376792, 38.010177 ], [ -86.376731, 38.010193 ], [ -86.376679, 38.01021 ], [ -86.376602, 38.010218 ], [ -86.376527, 38.010236 ], [ -86.376437, 38.010241 ], [ -86.376333, 38.010249 ], [ -86.376223, 38.010263 ], [ -86.376111, 38.010291 ], [ -86.375996, 38.010322 ], [ -86.375894, 38.010356 ], [ -86.375784, 38.010395 ], [ -86.37568, 38.010437 ], [ -86.375581, 38.010484 ], [ -86.375486, 38.010536 ], [ -86.375297, 38.010655 ], [ -86.375202, 38.01072 ], [ -86.3751, 38.010799 ], [ -86.375, 38.010861 ], [ -86.374899, 38.010912 ], [ -86.374793, 38.010984 ], [ -86.374577, 38.011123 ], [ -86.374474, 38.011191 ], [ -86.374144, 38.011401 ], [ -86.373917, 38.011542 ], [ -86.373687, 38.011689 ], [ -86.373573, 38.011765 ], [ -86.373457, 38.011844 ], [ -86.373344, 38.011923 ], [ -86.373229, 38.012 ], [ -86.373115, 38.012079 ], [ -86.373, 38.012156 ], [ -86.372765, 38.012318 ], [ -86.372673, 38.012389 ], [ -86.372582, 38.012479 ], [ -86.372495, 38.012569 ], [ -86.372422, 38.012679 ], [ -86.372359, 38.012772 ], [ -86.372304, 38.012875 ], [ -86.372248, 38.012984 ], [ -86.372187, 38.013088 ], [ -86.37212, 38.013185 ], [ -86.372053, 38.013277 ], [ -86.37198, 38.013362 ], [ -86.371904, 38.013446 ], [ -86.37183, 38.013532 ], [ -86.371685, 38.013692 ], [ -86.371616, 38.01377 ], [ -86.371541, 38.013843 ], [ -86.371448, 38.013904 ], [ -86.371351, 38.013951 ], [ -86.371254, 38.013983 ], [ -86.37115, 38.013989 ], [ -86.37103, 38.014009 ], [ -86.370921, 38.014004 ], [ -86.370801, 38.014008 ], [ -86.370689, 38.014017 ], [ -86.370585, 38.014039 ], [ -86.370473, 38.014082 ], [ -86.370383, 38.01416 ], [ -86.370305, 38.014219 ], [ -86.37024, 38.014285 ], [ -86.370177, 38.014371 ], [ -86.370051, 38.014555 ], [ -86.369848, 38.014846 ], [ -86.369705, 38.015047 ], [ -86.369634, 38.015145 ], [ -86.369562, 38.015242 ], [ -86.369431, 38.015413 ], [ -86.369325, 38.015555 ], [ -86.369248, 38.015664 ], [ -86.369166, 38.015775 ], [ -86.368994, 38.015996 ], [ -86.3689, 38.016108 ], [ -86.368804, 38.016225 ], [ -86.368706, 38.016347 ], [ -86.368609, 38.016476 ], [ -86.368527, 38.016597 ], [ -86.368203, 38.017064 ], [ -86.368115, 38.017176 ], [ -86.368031, 38.017278 ], [ -86.367938, 38.017395 ], [ -86.367853, 38.017509 ], [ -86.367766, 38.017639 ], [ -86.367683, 38.017735 ], [ -86.367605, 38.017858 ], [ -86.367511, 38.017956 ], [ -86.367417, 38.018063 ], [ -86.367324, 38.018177 ], [ -86.367212, 38.018271 ], [ -86.367095, 38.018373 ], [ -86.366974, 38.018473 ], [ -86.366854, 38.018589 ], [ -86.366734, 38.01868 ], [ -86.366619, 38.018775 ], [ -86.366506, 38.018875 ], [ -86.366403, 38.01897 ], [ -86.366304, 38.019067 ], [ -86.366215, 38.019167 ], [ -86.366134, 38.019273 ], [ -86.366064, 38.019386 ], [ -86.366013, 38.019491 ], [ -86.366007, 38.019503 ], [ -86.365966, 38.019624 ], [ -86.365891, 38.019876 ], [ -86.365882, 38.020014 ], [ -86.365845, 38.020141 ], [ -86.365816, 38.020273 ], [ -86.365789, 38.020411 ], [ -86.365766, 38.020542 ], [ -86.36574, 38.020667 ], [ -86.365734, 38.020708 ], [ -86.367233, 38.021612 ], [ -86.369302, 38.020908 ], [ -86.369719, 38.020831 ], [ -86.370107, 38.02071 ], [ -86.370357, 38.020655 ], [ -86.370725, 38.0206 ], [ -86.37092, 38.020517 ], [ -86.371121, 38.020314 ], [ -86.37135, 38.02005 ], [ -86.371662, 38.019605 ], [ -86.371898, 38.018857 ], [ -86.372175, 38.0185 ], [ -86.37298, 38.017978 ], [ -86.373487, 38.017488 ], [ -86.373737, 38.017351 ], [ -86.375, 38.016883 ], [ -86.37531, 38.016674 ], [ -86.375782, 38.016449 ], [ -86.376039, 38.016235 ], [ -86.376422, 38.015982 ], [ -86.376755, 38.015807 ], [ -86.37713, 38.015708 ], [ -86.377186, 38.015658 ], [ -86.377227, 38.015488 ], [ -86.377512, 38.01523 ], [ -86.377707, 38.015098 ], [ -86.37795, 38.015027 ], [ -86.378061, 38.014967 ], [ -86.378284, 38.014802 ], [ -86.378436, 38.014753 ], [ -86.378589, 38.014742 ], [ -86.379242, 38.014802 ], [ -86.379568, 38.014764 ], [ -86.379798, 38.014709 ], [ -86.380508, 38.014244 ], [ -86.380562, 38.01421 ], [ -86.380673, 38.014111 ], [ -86.380701, 38.01399 ], [ -86.380819, 38.013913 ], [ -86.381618, 38.014089 ], [ -86.382069, 38.014111 ], [ -86.382548, 38.014167 ], [ -86.383096, 38.014277 ], [ -86.383471, 38.01442 ], [ -86.383798, 38.014651 ], [ -86.383971, 38.014728 ], [ -86.38461, 38.014887 ], [ -86.384818, 38.015058 ], [ -86.385061, 38.015376 ], [ -86.385172, 38.015475 ], [ -86.385325, 38.015547 ], [ -86.385234, 38.015635 ], [ -86.384901, 38.01592 ], [ -86.384706, 38.016277 ], [ -86.384491, 38.016398 ], [ -86.384338, 38.016448 ], [ -86.384095, 38.016491 ], [ -86.384039, 38.016579 ], [ -86.384095, 38.016783 ], [ -86.383956, 38.016903 ], [ -86.383879, 38.017145 ], [ -86.384427, 38.017975 ], [ -86.384427, 38.018079 ], [ -86.384184, 38.018217 ], [ -86.384184, 38.018277 ], [ -86.384357, 38.018409 ], [ -86.384323, 38.018519 ], [ -86.384329, 38.018656 ], [ -86.3846, 38.018986 ], [ -86.385842, 38.018427 ], [ -86.386039, 38.018616 ], [ -86.386182, 38.018764 ], [ -86.386274, 38.018862 ], [ -86.386407, 38.019012 ], [ -86.38645, 38.019063 ], [ -86.38652, 38.019152 ], [ -86.386531, 38.019165 ], [ -86.38657, 38.019217 ], [ -86.386647, 38.019327 ], [ -86.38675, 38.01948 ], [ -86.386781, 38.01953 ], [ -86.386812, 38.019584 ], [ -86.386841, 38.019639 ], [ -86.386868, 38.019694 ], [ -86.387054, 38.02009 ], [ -86.387183, 38.020371 ], [ -86.387238, 38.020481 ], [ -86.387317, 38.020645 ], [ -86.38739, 38.020807 ], [ -86.387479, 38.021023 ], [ -86.387539, 38.021182 ], [ -86.387557, 38.021235 ], [ -86.387587, 38.021342 ], [ -86.387608, 38.021448 ], [ -86.387617, 38.021501 ], [ -86.387621, 38.021554 ], [ -86.387626, 38.021713 ], [ -86.387626, 38.021767 ], [ -86.387624, 38.02182 ], [ -86.387618, 38.021872 ], [ -86.387599, 38.021978 ], [ -86.387587, 38.02203 ], [ -86.387561, 38.022134 ], [ -86.387545, 38.022185 ], [ -86.387507, 38.022288 ], [ -86.387486, 38.022339 ], [ -86.38744, 38.02244 ], [ -86.387367, 38.022582 ], [ -86.387255, 38.022789 ], [ -86.387192, 38.0229 ], [ -86.387164, 38.022951 ], [ -86.387088, 38.023103 ], [ -86.388124, 38.023978 ], [ -86.390944, 38.0226 ], [ -86.391974, 38.024061 ], [ -86.396866, 38.025837 ], [ -86.398221, 38.028021 ], [ -86.398506, 38.028046 ], [ -86.398936, 38.028035 ], [ -86.399068, 38.027991 ], [ -86.399367, 38.027843 ], [ -86.399895, 38.027672 ], [ -86.401027, 38.027481 ], [ -86.401937, 38.027019 ], [ -86.4025, 38.026695 ], [ -86.40375, 38.026372 ], [ -86.404049, 38.026333 ], [ -86.404327, 38.026328 ], [ -86.40482, 38.026438 ], [ -86.405077, 38.02646 ], [ -86.405952, 38.026438 ], [ -86.406049, 38.02646 ], [ -86.406445, 38.026636 ], [ -86.406681, 38.02668 ], [ -86.407119, 38.026691 ], [ -86.407438, 38.026796 ], [ -86.407626, 38.026779 ], [ -86.407973, 38.026576 ], [ -86.408244, 38.02651 ], [ -86.408487, 38.026499 ], [ -86.40914, 38.026582 ], [ -86.409293, 38.026582 ], [ -86.409432, 38.026516 ], [ -86.409564, 38.026379 ], [ -86.409682, 38.026412 ], [ -86.409765, 38.02645 ], [ -86.409835, 38.026538 ], [ -86.410071, 38.026758 ], [ -86.410376, 38.026879 ], [ -86.410626, 38.027373 ], [ -86.410668, 38.027725 ], [ -86.410647, 38.027851 ], [ -86.41057, 38.02795 ], [ -86.41057, 38.028098 ], [ -86.410674, 38.028241 ], [ -86.41082, 38.028412 ], [ -86.411404, 38.028763 ], [ -86.41189, 38.028945 ], [ -86.412674, 38.029181 ], [ -86.413376, 38.029352 ], [ -86.413654, 38.029374 ], [ -86.413952, 38.02933 ], [ -86.414175, 38.029335 ], [ -86.414814, 38.029396 ], [ -86.414939, 38.029346 ], [ -86.415071, 38.029264 ], [ -86.415418, 38.029011 ], [ -86.41562, 38.028682 ], [ -86.415766, 38.028523 ], [ -86.416064, 38.028413 ], [ -86.41662, 38.028352 ], [ -86.417051, 38.028358 ], [ -86.417308, 38.028418 ], [ -86.417342, 38.028638 ], [ -86.41746, 38.028962 ], [ -86.417724, 38.029435 ], [ -86.417911, 38.029803 ], [ -86.418293, 38.030281 ], [ -86.418592, 38.030534 ], [ -86.41896, 38.030732 ], [ -86.41921, 38.03082 ], [ -86.419634, 38.030847 ], [ -86.420071, 38.030941 ], [ -86.420981, 38.031194 ], [ -86.421488, 38.03143 ], [ -86.421912, 38.031793 ], [ -86.421947, 38.031793 ], [ -86.42212, 38.031666 ], [ -86.42221, 38.031584 ], [ -86.422287, 38.031408 ], [ -86.422329, 38.03126 ], [ -86.422308, 38.031172 ], [ -86.422301, 38.031001 ], [ -86.422329, 38.030567 ], [ -86.422308, 38.029947 ], [ -86.422315, 38.029776 ], [ -86.422412, 38.029485 ], [ -86.422711, 38.02893 ], [ -86.423239, 38.028134 ], [ -86.423413, 38.027837 ], [ -86.423837, 38.027353 ], [ -86.423969, 38.027139 ], [ -86.42408, 38.02687 ], [ -86.42408, 38.026716 ], [ -86.423983, 38.026381 ], [ -86.424018, 38.025964 ], [ -86.424261, 38.024727 ], [ -86.424407, 38.024354 ], [ -86.424442, 38.0242 ], [ -86.424442, 38.023964 ], [ -86.424303, 38.023436 ], [ -86.424074, 38.022975 ], [ -86.424067, 38.022557 ], [ -86.423998, 38.022222 ], [ -86.423789, 38.021695 ], [ -86.423706, 38.02159 ], [ -86.423574, 38.021508 ], [ -86.423248, 38.021447 ], [ -86.422574, 38.021194 ], [ -86.422039, 38.020947 ], [ -86.421671, 38.020689 ], [ -86.42138, 38.020623 ], [ -86.421004, 38.020293 ], [ -86.420838, 38.020063 ], [ -86.420609, 38.019837 ], [ -86.420227, 38.019552 ], [ -86.419942, 38.019288 ], [ -86.419401, 38.018672 ], [ -86.419144, 38.018491 ], [ -86.418526, 38.017628 ], [ -86.418415, 38.017518 ], [ -86.418082, 38.017343 ], [ -86.417963, 38.017238 ], [ -86.417832, 38.017062 ], [ -86.417797, 38.016974 ], [ -86.417755, 38.016579 ], [ -86.417575, 38.016414 ], [ -86.41754, 38.016244 ], [ -86.417471, 38.016189 ], [ -86.417249, 38.016117 ], [ -86.41712, 38.016031 ], [ -86.417264, 38.015986 ], [ -86.417405, 38.015945 ], [ -86.417679, 38.015873 ], [ -86.417819, 38.015842 ], [ -86.417955, 38.015818 ], [ -86.418091, 38.0158 ], [ -86.418226, 38.015787 ], [ -86.418362, 38.015777 ], [ -86.418492, 38.015754 ], [ -86.418625, 38.015737 ], [ -86.418758, 38.015718 ], [ -86.419157, 38.015648 ], [ -86.419301, 38.015618 ], [ -86.41945, 38.015588 ], [ -86.420539, 38.015376 ], [ -86.421154, 38.015262 ], [ -86.421904, 38.015125 ], [ -86.422007, 38.015108 ], [ -86.422103, 38.01509 ], [ -86.422194, 38.015066 ], [ -86.422275, 38.015028 ], [ -86.422346, 38.014977 ], [ -86.422395, 38.014909 ], [ -86.42243, 38.014826 ], [ -86.422444, 38.014733 ], [ -86.422445, 38.01463 ], [ -86.422437, 38.014522 ], [ -86.422341, 38.013709 ], [ -86.422326, 38.013594 ], [ -86.422272, 38.013161 ], [ -86.422249, 38.012967 ], [ -86.42224, 38.012877 ], [ -86.422233, 38.012792 ], [ -86.422233, 38.012711 ], [ -86.422242, 38.012635 ], [ -86.422267, 38.012559 ], [ -86.422309, 38.012488 ], [ -86.42237, 38.012421 ], [ -86.422449, 38.012363 ], [ -86.422542, 38.012315 ], [ -86.422647, 38.012278 ], [ -86.422758, 38.01225 ], [ -86.422873, 38.012224 ], [ -86.422983, 38.012198 ], [ -86.423098, 38.012173 ], [ -86.423197, 38.012146 ], [ -86.423298, 38.01212 ], [ -86.423413, 38.0121 ], [ -86.42369, 38.012031 ], [ -86.423858, 38.011987 ], [ -86.424007, 38.011946 ], [ -86.424072, 38.011929 ], [ -86.424127, 38.011912 ], [ -86.424173, 38.011901 ], [ -86.424225, 38.011885 ], [ -86.424239, 38.011882 ], [ -86.424253, 38.011877 ], [ -86.424269, 38.011874 ], [ -86.424322, 38.011861 ], [ -86.424367, 38.011854 ], [ -86.424416, 38.011845 ], [ -86.424291, 38.011732 ], [ -86.424247, 38.011691 ], [ -86.424135, 38.011589 ], [ -86.423982, 38.011444 ], [ -86.423831, 38.011297 ], [ -86.423538, 38.011003 ], [ -86.423397, 38.010856 ], [ -86.423121, 38.010561 ], [ -86.422987, 38.010413 ], [ -86.422856, 38.010265 ], [ -86.422729, 38.010117 ], [ -86.422686, 38.010064 ], [ -86.422607, 38.009968 ], [ -86.422489, 38.009818 ], [ -86.422375, 38.009667 ], [ -86.422264, 38.009517 ], [ -86.422046, 38.009216 ], [ -86.421941, 38.009065 ], [ -86.421837, 38.008913 ], [ -86.421736, 38.00876 ], [ -86.421638, 38.008607 ], [ -86.421541, 38.008453 ], [ -86.421348, 38.008141 ], [ -86.420867, 38.00735 ], [ -86.420675, 38.007031 ], [ -86.420581, 38.006871 ], [ -86.420487, 38.00672 ], [ -86.420387, 38.006557 ], [ -86.420289, 38.006401 ], [ -86.420192, 38.006251 ], [ -86.420091, 38.006116 ], [ -86.419999, 38.00594 ], [ -86.419807, 38.005617 ], [ -86.41961, 38.005291 ], [ -86.419512, 38.005126 ], [ -86.419212, 38.004632 ], [ -86.419113, 38.004466 ], [ -86.419012, 38.004299 ], [ -86.418912, 38.004127 ], [ -86.418809, 38.003962 ], [ -86.418705, 38.003791 ], [ -86.418605, 38.003624 ], [ -86.418504, 38.003462 ], [ -86.418389, 38.003288 ], [ -86.418284, 38.003115 ], [ -86.418239, 38.003036 ], [ -86.418717, 38.003239 ], [ -86.419377, 38.00363 ], [ -86.419974, 38.004053 ], [ -86.42039, 38.004487 ], [ -86.420501, 38.004575 ], [ -86.4208, 38.004729 ], [ -86.421126, 38.004965 ], [ -86.421348, 38.005047 ], [ -86.421791, 38.005328 ], [ -86.421841, 38.00536 ], [ -86.422174, 38.005619 ], [ -86.422362, 38.005701 ], [ -86.422827, 38.005839 ], [ -86.423327, 38.005971 ], [ -86.423799, 38.006042 ], [ -86.423917, 38.006075 ], [ -86.424257, 38.006124 ], [ -86.424702, 38.006245 ], [ -86.42491, 38.006262 ], [ -86.424986, 38.00624 ], [ -86.4255, 38.006213 ], [ -86.425604, 38.006229 ], [ -86.425938, 38.006388 ], [ -86.426181, 38.006432 ], [ -86.426493, 38.006449 ], [ -86.426882, 38.006432 ], [ -86.42741, 38.006311 ], [ -86.427826, 38.006158 ], [ -86.428083, 38.005965 ], [ -86.428215, 38.005784 ], [ -86.428465, 38.005641 ], [ -86.428813, 38.005378 ], [ -86.429465, 38.00496 ], [ -86.429569, 38.004911 ], [ -86.430055, 38.00474 ], [ -86.430875, 38.004279 ], [ -86.431201, 38.004153 ], [ -86.431708, 38.003993 ], [ -86.432111, 38.003949 ], [ -86.432729, 38.003851 ], [ -86.43293, 38.003752 ], [ -86.433062, 38.003708 ], [ -86.433361, 38.003697 ], [ -86.433736, 38.003659 ], [ -86.433881, 38.003625 ], [ -86.434065, 38.003762 ], [ -86.434394, 38.004007 ], [ -86.435628, 38.00492 ], [ -86.437155, 38.006048 ], [ -86.438573, 38.007096 ], [ -86.438789, 38.007256 ], [ -86.438842, 38.007295 ], [ -86.438893, 38.007333 ], [ -86.438945, 38.007371 ], [ -86.439, 38.007412 ], [ -86.439059, 38.007455 ], [ -86.439104, 38.007489 ], [ -86.439154, 38.007526 ], [ -86.439168, 38.007536 ], [ -86.439218, 38.007573 ], [ -86.439261, 38.007605 ], [ -86.439277, 38.007617 ], [ -86.439317, 38.007646 ], [ -86.439363, 38.00768 ], [ -86.439401, 38.007709 ], [ -86.439416, 38.007682 ], [ -86.439536, 38.007467 ], [ -86.43957, 38.007406 ], [ -86.439785, 38.00679 ], [ -86.439889, 38.006615 ], [ -86.439959, 38.006554 ], [ -86.440063, 38.006499 ], [ -86.440195, 38.006466 ], [ -86.440507, 38.006422 ], [ -86.44075, 38.006444 ], [ -86.441333, 38.006439 ], [ -86.441472, 38.006417 ], [ -86.441729, 38.006307 ], [ -86.442111, 38.005944 ], [ -86.442451, 38.005494 ], [ -86.44268, 38.005318 ], [ -86.442972, 38.005164 ], [ -86.443187, 38.005005 ], [ -86.443312, 38.004851 ], [ -86.443486, 38.004571 ], [ -86.443868, 38.00417 ], [ -86.444138, 38.00406 ], [ -86.444423, 38.004016 ], [ -86.445215, 38.004054 ], [ -86.445326, 38.004038 ], [ -86.445569, 38.003939 ], [ -86.445673, 38.00384 ], [ -86.445846, 38.003565 ], [ -86.44593, 38.002966 ], [ -86.445902, 38.002785 ], [ -86.44593, 38.00262 ], [ -86.445923, 38.002367 ], [ -86.445881, 38.002005 ], [ -86.44577, 38.001615 ], [ -86.445763, 38.00145 ], [ -86.445812, 38.001263 ], [ -86.445978, 38.001043 ], [ -86.446658, 38.000516 ], [ -86.446999, 38.0004 ], [ -86.447283, 38.000323 ], [ -86.447658, 38.000351 ], [ -86.448047, 38.000422 ], [ -86.448929, 38.000472 ], [ -86.449366, 38.000439 ], [ -86.449581, 38.000466 ], [ -86.449956, 38.000576 ], [ -86.450672, 38.000444 ], [ -86.451053, 38.000581 ], [ -86.451373, 38.00062 ], [ -86.451838, 38.00062 ], [ -86.452706, 38.000548 ], [ -86.453372, 38.000339 ], [ -86.45349, 38.000312 ], [ -86.453851, 38.000328 ], [ -86.454275, 38.000427 ], [ -86.455046, 38.00063 ], [ -86.455414, 38.000713 ], [ -86.455664, 38.000724 ], [ -86.45574, 38.000702 ], [ -86.455796, 38.000663 ], [ -86.45583, 38.00057 ], [ -86.45583, 38.000498 ], [ -86.455816, 38.000443 ], [ -86.455698, 38.000289 ], [ -86.455677, 38.000235 ], [ -86.455676, 38.0 ], [ -86.455912, 37.999775 ], [ -86.456127, 37.999467 ], [ -86.456322, 37.999055 ], [ -86.456689, 37.998555 ], [ -86.456988, 37.998308 ], [ -86.457043, 37.998281 ], [ -86.457141, 37.998253 ], [ -86.457411, 37.998231 ], [ -86.45812, 37.998226 ], [ -86.458363, 37.998209 ], [ -86.45846, 37.998176 ], [ -86.458585, 37.998061 ], [ -86.458599, 37.998 ], [ -86.458571, 37.997923 ], [ -86.458571, 37.997863 ], [ -86.458619, 37.997791 ], [ -86.458703, 37.997758 ], [ -86.460015, 37.997582 ], [ -86.460154, 37.997588 ], [ -86.460306, 37.99761 ], [ -86.460383, 37.997626 ], [ -86.460549, 37.997681 ], [ -86.460897, 37.997846 ], [ -86.461473, 37.998197 ], [ -86.462001, 37.998445 ], [ -86.462112, 37.998489 ], [ -86.462417, 37.998549 ], [ -86.462702, 37.998571 ], [ -86.46282, 37.998769 ], [ -86.462855, 37.998862 ], [ -86.462876, 37.998966 ], [ -86.462786, 37.999571 ], [ -86.462807, 37.999664 ], [ -86.462862, 37.999796 ], [ -86.463148, 38.00025 ], [ -86.4636, 38.000744 ], [ -86.464003, 38.001068 ], [ -86.464204, 38.001167 ], [ -86.464419, 38.001233 ], [ -86.464836, 38.00131 ], [ -86.465259, 38.001447 ], [ -86.465808, 38.001573 ], [ -86.466072, 38.00165 ], [ -86.466308, 38.001661 ], [ -86.46669, 38.001567 ], [ -86.466968, 38.001468 ], [ -86.467266, 38.001326 ], [ -86.467495, 38.001133 ], [ -86.467953, 38.000891 ], [ -86.468175, 38.00071 ], [ -86.468495, 38.00049 ], [ -86.469317, 37.999998 ], [ -86.469423, 37.999844 ], [ -86.469861, 37.999119 ], [ -86.470506, 37.998487 ], [ -86.4712, 37.997992 ], [ -86.471498, 37.997827 ], [ -86.471644, 37.997783 ], [ -86.471811, 37.997805 ], [ -86.472179, 37.997893 ], [ -86.472366, 37.997909 ], [ -86.472477, 37.997909 ], [ -86.472686, 37.997832 ], [ -86.472922, 37.997695 ], [ -86.473019, 37.997601 ], [ -86.473088, 37.997502 ], [ -86.473095, 37.99736 ], [ -86.473067, 37.997222 ], [ -86.473053, 37.997068 ], [ -86.473081, 37.996986 ], [ -86.473137, 37.996915 ], [ -86.473227, 37.996832 ], [ -86.473442, 37.996711 ], [ -86.473574, 37.996678 ], [ -86.474171, 37.996672 ], [ -86.474414, 37.996618 ], [ -86.475087, 37.996315 ], [ -86.475205, 37.996238 ], [ -86.475302, 37.996145 ], [ -86.475434, 37.995733 ], [ -86.475503, 37.995617 ], [ -86.475601, 37.995524 ], [ -86.475698, 37.995447 ], [ -86.47583, 37.995381 ], [ -86.476003, 37.995348 ], [ -86.476163, 37.995348 ], [ -86.477864, 37.995485 ], [ -86.478794, 37.995545 ], [ -86.478996, 37.995567 ], [ -86.479537, 37.995671 ], [ -86.479773, 37.995709 ], [ -86.480141, 37.995753 ], [ -86.480294, 37.995797 ], [ -86.480509, 37.995912 ], [ -86.480648, 37.995956 ], [ -86.480898, 37.995995 ], [ -86.481016, 37.995994 ], [ -86.481162, 37.995934 ], [ -86.481349, 37.995797 ], [ -86.481405, 37.995753 ], [ -86.481509, 37.995703 ], [ -86.481627, 37.995665 ], [ -86.481724, 37.995655 ], [ -86.481787, 37.995648 ], [ -86.481939, 37.995648 ], [ -86.482245, 37.99567 ], [ -86.482349, 37.995653 ], [ -86.483106, 37.995455 ], [ -86.483293, 37.995378 ], [ -86.483855, 37.995076 ], [ -86.484272, 37.994911 ], [ -86.484438, 37.99479 ], [ -86.484626, 37.995065 ], [ -86.484911, 37.995389 ], [ -86.48505, 37.995619 ], [ -86.485119, 37.995828 ], [ -86.485119, 37.995965 ], [ -86.485078, 37.996092 ], [ -86.484765, 37.996477 ], [ -86.484696, 37.996625 ], [ -86.484557, 37.996817 ], [ -86.484488, 37.99701 ], [ -86.48444, 37.997218 ], [ -86.484419, 37.997559 ], [ -86.484461, 37.997735 ], [ -86.484516, 37.997872 ], [ -86.484503, 37.997927 ], [ -86.484641, 37.99813 ], [ -86.484919, 37.998394 ], [ -86.484933, 37.998465 ], [ -86.484933, 37.998658 ], [ -86.48492, 37.998855 ], [ -86.484878, 37.999031 ], [ -86.484878, 37.999125 ], [ -86.484892, 37.99918 ], [ -86.484941, 37.999224 ], [ -86.485107, 37.999311 ], [ -86.485198, 37.999372 ], [ -86.485351, 37.999487 ], [ -86.485358, 37.999707 ], [ -86.485397, 37.999758 ], [ -86.485424, 37.999781 ], [ -86.48544, 37.999805 ], [ -86.485412, 37.999795 ], [ -86.485184, 37.999754 ], [ -86.48493, 37.999721 ], [ -86.484697, 37.999713 ], [ -86.483834, 37.99973 ], [ -86.483511, 37.999766 ], [ -86.483158, 37.999793 ], [ -86.483081, 37.999759 ], [ -86.482996, 37.999692 ], [ -86.482416, 37.999147 ], [ -86.482355, 37.999079 ], [ -86.482189, 37.998936 ], [ -86.481921, 37.998661 ], [ -86.481756, 37.998517 ], [ -86.480888, 37.997665 ], [ -86.480749, 37.997563 ], [ -86.480515, 37.99766 ], [ -86.480366, 37.99836 ], [ -86.479852, 37.999019 ], [ -86.479808, 37.999392 ], [ -86.480001, 38.000063 ], [ -86.478964, 38.000609 ], [ -86.478706, 38.001093 ], [ -86.478679, 38.001945 ], [ -86.479057, 38.002637 ], [ -86.479986, 38.003399 ], [ -86.480305, 38.003998 ], [ -86.480335, 38.004251 ], [ -86.480974, 38.005012 ], [ -86.482511, 38.005707 ], [ -86.484717, 38.007117 ], [ -86.485094, 38.007509 ], [ -86.485415, 38.008247 ], [ -86.486664, 38.009953 ], [ -86.486724, 38.010506 ], [ -86.486382, 38.012165 ], [ -86.486413, 38.01288 ], [ -86.487229, 38.014239 ], [ -86.488566, 38.015945 ], [ -86.488943, 38.016706 ], [ -86.489003, 38.017074 ], [ -86.48909, 38.017121 ], [ -86.489151, 38.018019 ], [ -86.489064, 38.018158 ], [ -86.488747, 38.018297 ], [ -86.488545, 38.018527 ], [ -86.488459, 38.018781 ], [ -86.488338, 38.018807 ], [ -86.488133, 38.018861 ], [ -86.487595, 38.019043 ], [ -86.487268, 38.019179 ], [ -86.487073, 38.01925 ], [ -86.486746, 38.019401 ] ] ], [ [ [ -86.268861, 40.948125 ], [ -86.268742, 40.948368 ], [ -86.268702, 40.948451 ], [ -86.268531, 40.948634 ], [ -86.268427, 40.948874 ], [ -86.268373, 40.948945 ], [ -86.268181, 40.949241 ], [ -86.267737, 40.949079 ], [ -86.267159, 40.948881 ], [ -86.267002, 40.948823 ], [ -86.266983, 40.948816 ], [ -86.265882, 40.950442 ], [ -86.264352, 40.949948 ], [ -86.264024, 40.950495 ], [ -86.263553, 40.950308 ], [ -86.261306, 40.949533 ], [ -86.261222, 40.949505 ], [ -86.261246, 40.949465 ], [ -86.261304, 40.949373 ], [ -86.258997, 40.948531 ], [ -86.259361, 40.948057 ], [ -86.259767, 40.947351 ], [ -86.259846, 40.947273 ], [ -86.25995, 40.947254 ], [ -86.26041, 40.946375 ], [ -86.262144, 40.943651 ], [ -86.262513, 40.943072 ], [ -86.262748, 40.942704 ], [ -86.262932, 40.942769 ], [ -86.2635, 40.942971 ], [ -86.263901, 40.943109 ], [ -86.263665, 40.943428 ], [ -86.263462, 40.943703 ], [ -86.263455, 40.943713 ], [ -86.263436, 40.943809 ], [ -86.263493, 40.943852 ], [ -86.263681, 40.943949 ], [ -86.264567, 40.944246 ], [ -86.264794, 40.943886 ], [ -86.265038, 40.943504 ], [ -86.265591, 40.943705 ], [ -86.265662, 40.943731 ], [ -86.265394, 40.944125 ], [ -86.265172, 40.944494 ], [ -86.265743, 40.944693 ], [ -86.265977, 40.944299 ], [ -86.266209, 40.943933 ], [ -86.268113, 40.944645 ], [ -86.26928, 40.945061 ], [ -86.26992, 40.945248 ], [ -86.270229, 40.945333 ], [ -86.27013, 40.94556 ], [ -86.269719, 40.946202 ], [ -86.2693, 40.946869 ], [ -86.269164, 40.94708 ], [ -86.269141, 40.947115 ], [ -86.268977, 40.947368 ], [ -86.268894, 40.947526 ], [ -86.268866, 40.94769 ], [ -86.268864, 40.947837 ], [ -86.268861, 40.948125 ] ] ], [ [ [ -85.972083, 41.156491 ], [ -85.971111, 41.15649 ], [ -85.971108, 41.156544 ], [ -85.971108, 41.156597 ], [ -85.971107, 41.156646 ], [ -85.971107, 41.156692 ], [ -85.971107, 41.156745 ], [ -85.971106, 41.156778 ], [ -85.971105, 41.156821 ], [ -85.971105, 41.156863 ], [ -85.971104, 41.156907 ], [ -85.971103, 41.156949 ], [ -85.971102, 41.156983 ], [ -85.970998, 41.156986 ], [ -85.966503, 41.157015 ], [ -85.96642, 41.157012 ], [ -85.966405, 41.156495 ], [ -85.966377, 41.155539 ], [ -85.966344, 41.154432 ], [ -85.966334, 41.154108 ], [ -85.966306, 41.153151 ], [ -85.966304, 41.153068 ], [ -85.96728, 41.153067 ], [ -85.96727, 41.152708 ], [ -85.968286, 41.152703 ], [ -85.968285, 41.152646 ], [ -85.968401, 41.152646 ], [ -85.968415, 41.152646 ], [ -85.968482, 41.152646 ], [ -85.969111, 41.152644 ], [ -85.97025, 41.152639 ], [ -85.970259, 41.153045 ], [ -85.970925, 41.153068 ], [ -85.97097, 41.153082 ], [ -85.971011, 41.153114 ], [ -85.971062, 41.153181 ], [ -85.971079, 41.153224 ], [ -85.971084, 41.153272 ], [ -85.971085, 41.153316 ], [ -85.971085, 41.15339 ], [ -85.971086, 41.153441 ], [ -85.971086, 41.153479 ], [ -85.971086, 41.153611 ], [ -85.971086, 41.153744 ], [ -85.971084, 41.153842 ], [ -85.971083, 41.153921 ], [ -85.971081, 41.154 ], [ -85.971079, 41.154123 ], [ -85.971077, 41.154191 ], [ -85.971079, 41.154371 ], [ -85.97108, 41.154401 ], [ -85.97108, 41.154434 ], [ -85.971081, 41.154476 ], [ -85.971081, 41.154514 ], [ -85.971082, 41.154549 ], [ -85.971084, 41.154663 ], [ -85.971086, 41.154743 ], [ -85.971087, 41.154815 ], [ -85.971089, 41.154872 ], [ -85.97109, 41.154906 ], [ -85.971093, 41.155043 ], [ -85.971095, 41.155153 ], [ -85.971099, 41.155283 ], [ -85.9711, 41.155358 ], [ -85.971104, 41.155516 ], [ -85.971108, 41.155722 ], [ -85.972083, 41.155986 ], [ -85.980285, 41.158209 ], [ -85.980609, 41.158291 ], [ -85.980508, 41.158377 ], [ -85.9804, 41.158414 ], [ -85.980264, 41.158411 ], [ -85.975962, 41.157237 ], [ -85.973702, 41.156616 ], [ -85.973457, 41.15656 ], [ -85.973286, 41.156526 ], [ -85.973057, 41.156497 ], [ -85.972897, 41.156492 ], [ -85.972083, 41.156491 ] ] ] ] } }
]
}
